clip	duration[ms]
common_voice_mvy_42377686.mp3	3960
common_voice_mvy_42394734.mp3	9720
common_voice_mvy_42024542.mp3	5220
common_voice_mvy_42357303.mp3	2808
common_voice_mvy_42061342.mp3	3420
common_voice_mvy_42093202.mp3	7128
common_voice_mvy_42546274.mp3	7308
common_voice_mvy_42363086.mp3	3888
common_voice_mvy_42364141.mp3	4968
common_voice_mvy_42386081.mp3	8748
common_voice_mvy_42397754.mp3	3276
common_voice_mvy_42042531.mp3	4608
common_voice_mvy_42389364.mp3	2916
common_voice_mvy_42067241.mp3	3348
common_voice_mvy_42084802.mp3	3528
common_voice_mvy_42383900.mp3	3348
common_voice_mvy_42393475.mp3	3240
common_voice_mvy_42387900.mp3	3600
common_voice_mvy_42394891.mp3	4788
common_voice_mvy_42348274.mp3	4068
common_voice_mvy_42085251.mp3	6696
common_voice_mvy_42369858.mp3	2700
common_voice_mvy_42080160.mp3	4428
common_voice_mvy_42055847.mp3	3708
common_voice_mvy_42182602.mp3	4176
common_voice_mvy_42079386.mp3	4428
common_voice_mvy_42410296.mp3	3888
common_voice_mvy_42350915.mp3	5400
common_voice_mvy_42012183.mp3	5436
common_voice_mvy_42063691.mp3	3888
common_voice_mvy_42346660.mp3	2880
common_voice_mvy_42364545.mp3	7236
common_voice_mvy_42369055.mp3	5508
common_voice_mvy_42356279.mp3	4608
common_voice_mvy_42360048.mp3	3528
common_voice_mvy_42376800.mp3	4860
common_voice_mvy_42348742.mp3	5436
common_voice_mvy_42368893.mp3	2736
common_voice_mvy_42378842.mp3	3420
common_voice_mvy_42520401.mp3	4968
common_voice_mvy_42080574.mp3	3780
common_voice_mvy_42011300.mp3	4788
common_voice_mvy_42012084.mp3	4248
common_voice_mvy_42063265.mp3	4536
common_voice_mvy_42077353.mp3	2808
common_voice_mvy_42367756.mp3	3636
common_voice_mvy_42397292.mp3	4608
common_voice_mvy_42547677.mp3	5580
common_voice_mvy_42064293.mp3	4356
common_voice_mvy_42514998.mp3	4356
common_voice_mvy_42348640.mp3	4500
common_voice_mvy_42052714.mp3	3816
common_voice_mvy_42079939.mp3	3276
common_voice_mvy_43579288.mp3	9216
common_voice_mvy_42386523.mp3	4320
common_voice_mvy_42360666.mp3	2736
common_voice_mvy_42383510.mp3	4176
common_voice_mvy_42007511.mp3	4968
common_voice_mvy_42021403.mp3	3816
common_voice_mvy_42380749.mp3	4608
common_voice_mvy_42382675.mp3	4356
common_voice_mvy_42370098.mp3	3960
common_voice_mvy_42551695.mp3	3780
common_voice_mvy_42391911.mp3	2700
common_voice_mvy_42007827.mp3	5652
common_voice_mvy_42350715.mp3	6156
common_voice_mvy_42055770.mp3	2808
common_voice_mvy_42552881.mp3	4068
common_voice_mvy_42361302.mp3	4248
common_voice_mvy_42347489.mp3	5508
common_voice_mvy_42011431.mp3	4788
common_voice_mvy_42363397.mp3	2916
common_voice_mvy_42011625.mp3	3888
common_voice_mvy_42362552.mp3	4536
common_voice_mvy_42078767.mp3	3060
common_voice_mvy_42366920.mp3	4536
common_voice_mvy_42080733.mp3	5400
common_voice_mvy_42706522.mp3	4536
common_voice_mvy_42402952.mp3	4140
common_voice_mvy_42373679.mp3	3600
common_voice_mvy_42053534.mp3	3456
common_voice_mvy_42556905.mp3	3456
common_voice_mvy_42093010.mp3	3420
common_voice_mvy_42077238.mp3	3996
common_voice_mvy_42375485.mp3	5076
common_voice_mvy_42060917.mp3	3348
common_voice_mvy_42008578.mp3	4176
common_voice_mvy_42370286.mp3	3816
common_voice_mvy_42414917.mp3	4680
common_voice_mvy_42706524.mp3	4968
common_voice_mvy_42011812.mp3	4896
common_voice_mvy_42264488.mp3	4608
common_voice_mvy_42370100.mp3	7308
common_voice_mvy_42363361.mp3	5400
common_voice_mvy_42394148.mp3	4140
common_voice_mvy_42393989.mp3	4896
common_voice_mvy_42369074.mp3	4428
common_voice_mvy_42093105.mp3	4248
common_voice_mvy_42387801.mp3	4896
common_voice_mvy_42060263.mp3	3888
common_voice_mvy_42080797.mp3	5076
common_voice_mvy_42374252.mp3	3636
common_voice_mvy_42076316.mp3	3240
common_voice_mvy_42077257.mp3	7020
common_voice_mvy_42398740.mp3	2916
common_voice_mvy_42370356.mp3	2520
common_voice_mvy_42063107.mp3	5976
common_voice_mvy_42395161.mp3	4176
common_voice_mvy_42379363.mp3	6408
common_voice_mvy_42024889.mp3	3420
common_voice_mvy_42012074.mp3	3996
common_voice_mvy_42357813.mp3	5688
common_voice_mvy_42545066.mp3	5616
common_voice_mvy_42076335.mp3	5076
common_voice_mvy_42363232.mp3	5040
common_voice_mvy_42350485.mp3	3600
common_voice_mvy_42362842.mp3	6120
common_voice_mvy_42363154.mp3	6336
common_voice_mvy_42066860.mp3	3528
common_voice_mvy_42478906.mp3	10548
common_voice_mvy_42063216.mp3	4608
common_voice_mvy_42361250.mp3	4068
common_voice_mvy_42064177.mp3	5508
common_voice_mvy_42346796.mp3	3816
common_voice_mvy_42351807.mp3	3528
common_voice_mvy_42365751.mp3	4788
common_voice_mvy_42403101.mp3	3348
common_voice_mvy_42362211.mp3	5760
common_voice_mvy_42093177.mp3	6588
common_voice_mvy_42360193.mp3	3456
common_voice_mvy_42375474.mp3	6120
common_voice_mvy_42369288.mp3	6156
common_voice_mvy_42089527.mp3	2916
common_voice_mvy_42390764.mp3	3276
common_voice_mvy_42347004.mp3	3168
common_voice_mvy_42376628.mp3	4788
common_voice_mvy_42079572.mp3	2880
common_voice_mvy_42067113.mp3	5976
common_voice_mvy_42363805.mp3	3780
common_voice_mvy_42363383.mp3	5796
common_voice_mvy_42384056.mp3	3420
common_voice_mvy_42021584.mp3	4320
common_voice_mvy_42393525.mp3	3708
common_voice_mvy_42363380.mp3	5220
common_voice_mvy_42368429.mp3	4680
common_voice_mvy_42396449.mp3	3276
common_voice_mvy_42007721.mp3	3636
common_voice_mvy_42024617.mp3	3348
common_voice_mvy_42383417.mp3	5688
common_voice_mvy_42080200.mp3	9000
common_voice_mvy_42546284.mp3	4068
common_voice_mvy_42388266.mp3	5148
common_voice_mvy_42374103.mp3	5148
common_voice_mvy_42389285.mp3	3060
common_voice_mvy_42351480.mp3	8640
common_voice_mvy_42361132.mp3	3960
common_voice_mvy_42393634.mp3	2808
common_voice_mvy_42363847.mp3	3636
common_voice_mvy_42349013.mp3	4716
common_voice_mvy_42413745.mp3	3960
common_voice_mvy_42367794.mp3	5040
common_voice_mvy_42360653.mp3	4896
common_voice_mvy_42060891.mp3	4320
common_voice_mvy_42363061.mp3	4428
common_voice_mvy_42180426.mp3	4320
common_voice_mvy_42368453.mp3	5940
common_voice_mvy_42020613.mp3	7200
common_voice_mvy_42013080.mp3	6156
common_voice_mvy_42007044.mp3	4788
common_voice_mvy_42042219.mp3	6228
common_voice_mvy_42042151.mp3	4140
common_voice_mvy_42021423.mp3	3708
common_voice_mvy_42060362.mp3	4428
common_voice_mvy_42376480.mp3	5328
common_voice_mvy_42379307.mp3	6336
common_voice_mvy_42373595.mp3	3060
common_voice_mvy_42552946.mp3	7560
common_voice_mvy_42079679.mp3	3600
common_voice_mvy_42363510.mp3	5688
common_voice_mvy_42379192.mp3	3636
common_voice_mvy_42080281.mp3	4680
common_voice_mvy_42351827.mp3	4428
common_voice_mvy_42393246.mp3	3780
common_voice_mvy_42079070.mp3	3888
common_voice_mvy_42379946.mp3	8136
common_voice_mvy_42373849.mp3	3996
common_voice_mvy_42053486.mp3	4356
common_voice_mvy_42021255.mp3	3960
common_voice_mvy_42053499.mp3	5436
common_voice_mvy_42079320.mp3	9360
common_voice_mvy_42437906.mp3	5400
common_voice_mvy_42072011.mp3	2628
common_voice_mvy_42397648.mp3	3600
common_voice_mvy_42556809.mp3	3888
common_voice_mvy_42390140.mp3	4500
common_voice_mvy_42369135.mp3	3780
common_voice_mvy_42556902.mp3	3816
common_voice_mvy_42384186.mp3	3960
common_voice_mvy_42370731.mp3	7200
common_voice_mvy_42383312.mp3	3528
common_voice_mvy_42373577.mp3	4140
common_voice_mvy_42365869.mp3	4968
common_voice_mvy_42021110.mp3	3456
common_voice_mvy_42413356.mp3	2988
common_voice_mvy_42066440.mp3	4536
common_voice_mvy_42369133.mp3	5796
common_voice_mvy_42414371.mp3	4176
common_voice_mvy_42064224.mp3	5940
common_voice_mvy_42063804.mp3	3420
common_voice_mvy_42076036.mp3	3960
common_voice_mvy_42060992.mp3	3636
common_voice_mvy_42079398.mp3	8640
common_voice_mvy_42080919.mp3	2700
common_voice_mvy_42369212.mp3	4788
common_voice_mvy_42363587.mp3	3456
common_voice_mvy_42180561.mp3	3708
common_voice_mvy_42514999.mp3	3276
common_voice_mvy_42053500.mp3	3960
common_voice_mvy_42124178.mp3	4608
common_voice_mvy_42065601.mp3	2880
common_voice_mvy_42389278.mp3	3528
common_voice_mvy_42364948.mp3	3816
common_voice_mvy_42385808.mp3	6120
common_voice_mvy_42063116.mp3	5760
common_voice_mvy_42414611.mp3	4428
common_voice_mvy_42012659.mp3	4716
common_voice_mvy_42392831.mp3	4320
common_voice_mvy_42377958.mp3	5508
common_voice_mvy_42077375.mp3	3096
common_voice_mvy_42397534.mp3	4968
common_voice_mvy_42021685.mp3	3600
common_voice_mvy_42007466.mp3	4968
common_voice_mvy_42063991.mp3	6696
common_voice_mvy_42374314.mp3	4896
common_voice_mvy_42075698.mp3	4572
common_voice_mvy_42055768.mp3	3420
common_voice_mvy_42011430.mp3	7380
common_voice_mvy_42368901.mp3	2916
common_voice_mvy_42385850.mp3	6048
common_voice_mvy_42075725.mp3	6516
common_voice_mvy_42063844.mp3	6840
common_voice_mvy_42380448.mp3	4536
common_voice_mvy_42412734.mp3	4176
common_voice_mvy_42080479.mp3	5148
common_voice_mvy_42011787.mp3	5220
common_voice_mvy_42364031.mp3	5400
common_voice_mvy_42080926.mp3	3060
common_voice_mvy_42385816.mp3	3888
common_voice_mvy_42066479.mp3	3780
common_voice_mvy_42010195.mp3	3636
common_voice_mvy_42383556.mp3	3960
common_voice_mvy_42389343.mp3	5076
common_voice_mvy_42362996.mp3	4428
common_voice_mvy_42056638.mp3	6516
common_voice_mvy_42478911.mp3	6948
common_voice_mvy_42383810.mp3	5076
common_voice_mvy_42124172.mp3	10260
common_voice_mvy_42093190.mp3	3708
common_voice_mvy_42365899.mp3	5580
common_voice_mvy_42060274.mp3	3600
common_voice_mvy_42007192.mp3	4140
common_voice_mvy_42078833.mp3	2808
common_voice_mvy_42413361.mp3	4320
common_voice_mvy_42346430.mp3	4428
common_voice_mvy_42061323.mp3	4068
common_voice_mvy_42392917.mp3	3168
common_voice_mvy_42375484.mp3	3708
common_voice_mvy_42347200.mp3	4608
common_voice_mvy_42370228.mp3	2988
common_voice_mvy_42396097.mp3	8028
common_voice_mvy_42380495.mp3	3060
common_voice_mvy_42361021.mp3	4356
common_voice_mvy_42010374.mp3	2736
common_voice_mvy_42079464.mp3	7380
common_voice_mvy_42024772.mp3	7740
common_voice_mvy_42086107.mp3	3420
common_voice_mvy_42078829.mp3	3024
common_voice_mvy_42369383.mp3	4536
common_voice_mvy_42389214.mp3	3600
common_voice_mvy_42375619.mp3	3096
common_voice_mvy_42395180.mp3	4068
common_voice_mvy_42063680.mp3	5976
common_voice_mvy_42395347.mp3	3420
common_voice_mvy_42021405.mp3	6336
common_voice_mvy_42403361.mp3	4500
common_voice_mvy_42376412.mp3	4608
common_voice_mvy_42552942.mp3	4860
common_voice_mvy_42052751.mp3	4716
common_voice_mvy_42366981.mp3	3240
common_voice_mvy_42552851.mp3	6480
common_voice_mvy_42362844.mp3	3600
common_voice_mvy_42604457.mp3	4608
common_voice_mvy_42363640.mp3	3096
common_voice_mvy_42350214.mp3	3996
common_voice_mvy_42060797.mp3	4716
common_voice_mvy_42396703.mp3	7020
common_voice_mvy_42393942.mp3	3240
common_voice_mvy_42547636.mp3	5256
common_voice_mvy_42392500.mp3	6660
common_voice_mvy_42072355.mp3	4788
common_voice_mvy_42348484.mp3	5148
common_voice_mvy_42385864.mp3	3996
common_voice_mvy_42062876.mp3	5328
common_voice_mvy_42348687.mp3	4320
common_voice_mvy_42055850.mp3	4968
common_voice_mvy_42384302.mp3	3420
common_voice_mvy_42604489.mp3	3276
common_voice_mvy_42350835.mp3	5436
common_voice_mvy_42081193.mp3	6696
common_voice_mvy_42065924.mp3	4536
common_voice_mvy_42370393.mp3	4608
common_voice_mvy_42370062.mp3	9540
common_voice_mvy_42093116.mp3	2916
common_voice_mvy_42078609.mp3	3096
common_voice_mvy_42079477.mp3	4788
common_voice_mvy_42080519.mp3	3600
common_voice_mvy_42369347.mp3	4320
common_voice_mvy_42395296.mp3	4896
common_voice_mvy_42395074.mp3	3528
common_voice_mvy_42413289.mp3	5616
common_voice_mvy_42052663.mp3	9180
common_voice_mvy_42352210.mp3	3240
common_voice_mvy_42350692.mp3	4356
common_voice_mvy_42374077.mp3	4176
common_voice_mvy_42385784.mp3	5796
common_voice_mvy_42360938.mp3	5400
common_voice_mvy_42124189.mp3	2916
common_voice_mvy_42056615.mp3	7920
common_voice_mvy_42011542.mp3	5328
common_voice_mvy_42395700.mp3	5256
common_voice_mvy_42081167.mp3	3960
common_voice_mvy_42061349.mp3	3456
common_voice_mvy_42391554.mp3	3600
common_voice_mvy_42346722.mp3	3528
common_voice_mvy_42064817.mp3	5688
common_voice_mvy_42385642.mp3	5580
common_voice_mvy_42007397.mp3	4140
common_voice_mvy_42042128.mp3	5148
common_voice_mvy_42366546.mp3	4320
common_voice_mvy_42064148.mp3	4068
common_voice_mvy_42361294.mp3	3780
common_voice_mvy_42048879.mp3	3816
common_voice_mvy_42079610.mp3	4356
common_voice_mvy_42397095.mp3	6300
common_voice_mvy_42024815.mp3	5400
common_voice_mvy_42604502.mp3	5436
common_voice_mvy_42076134.mp3	4428
common_voice_mvy_42395790.mp3	4176
common_voice_mvy_42373638.mp3	6480
common_voice_mvy_42064416.mp3	3996
common_voice_mvy_42348517.mp3	4068
common_voice_mvy_42357189.mp3	2880
common_voice_mvy_48992974.mp3	4716
common_voice_mvy_42079193.mp3	4716
common_voice_mvy_42362616.mp3	4500
common_voice_mvy_42363733.mp3	4608
common_voice_mvy_42348110.mp3	5148
common_voice_mvy_42367118.mp3	3420
common_voice_mvy_42011680.mp3	3708
common_voice_mvy_42369360.mp3	5580
common_voice_mvy_42060823.mp3	4176
common_voice_mvy_42395934.mp3	4860
common_voice_mvy_42546210.mp3	6336
common_voice_mvy_42067243.mp3	4356
common_voice_mvy_42377934.mp3	3060
common_voice_mvy_42374225.mp3	3636
common_voice_mvy_42413215.mp3	4068
common_voice_mvy_42546275.mp3	4716
common_voice_mvy_42079925.mp3	3276
common_voice_mvy_42396434.mp3	3348
common_voice_mvy_42451915.mp3	2736
common_voice_mvy_42386147.mp3	5940
common_voice_mvy_42415226.mp3	5508
common_voice_mvy_42056703.mp3	8028
common_voice_mvy_42067116.mp3	2628
common_voice_mvy_42012631.mp3	3960
common_voice_mvy_42007865.mp3	5040
common_voice_mvy_42370627.mp3	5076
common_voice_mvy_42375704.mp3	4356
common_voice_mvy_42373838.mp3	3636
common_voice_mvy_42390799.mp3	4860
common_voice_mvy_42736068.mp3	5868
common_voice_mvy_42010361.mp3	3420
common_voice_mvy_42398320.mp3	3600
common_voice_mvy_42020688.mp3	3780
common_voice_mvy_42393092.mp3	2736
common_voice_mvy_42386518.mp3	5688
common_voice_mvy_42012721.mp3	5760
common_voice_mvy_42390700.mp3	4788
common_voice_mvy_42011726.mp3	6048
common_voice_mvy_42392854.mp3	3096
common_voice_mvy_42180490.mp3	3816
common_voice_mvy_42080353.mp3	8136
common_voice_mvy_42080513.mp3	7668
common_voice_mvy_42043219.mp3	3456
common_voice_mvy_42010306.mp3	5616
common_voice_mvy_42381006.mp3	3780
common_voice_mvy_42079486.mp3	5688
common_voice_mvy_42392559.mp3	4896
common_voice_mvy_42078871.mp3	8028
common_voice_mvy_42395021.mp3	2808
common_voice_mvy_42063612.mp3	5976
common_voice_mvy_42390023.mp3	3528
common_voice_mvy_42075982.mp3	4320
common_voice_mvy_42414227.mp3	3528
common_voice_mvy_42346879.mp3	4860
common_voice_mvy_42391903.mp3	3060
common_voice_mvy_42085538.mp3	4680
common_voice_mvy_42357186.mp3	4500
common_voice_mvy_42391869.mp3	3276
common_voice_mvy_42064715.mp3	3816
common_voice_mvy_42380384.mp3	4536
common_voice_mvy_42007862.mp3	3780
common_voice_mvy_42393530.mp3	3276
common_voice_mvy_42370253.mp3	4428
common_voice_mvy_42011852.mp3	7956
common_voice_mvy_42351410.mp3	3096
common_voice_mvy_42080979.mp3	4860
common_voice_mvy_42074954.mp3	5616
common_voice_mvy_42063214.mp3	6156
common_voice_mvy_42377917.mp3	4140
common_voice_mvy_42060781.mp3	5148
common_voice_mvy_42060250.mp3	6336
common_voice_mvy_42367015.mp3	3276
common_voice_mvy_42360070.mp3	3960
common_voice_mvy_42370136.mp3	6948
common_voice_mvy_42363586.mp3	3276
common_voice_mvy_42397709.mp3	3096
common_voice_mvy_42397509.mp3	3348
common_voice_mvy_42363570.mp3	2988
common_voice_mvy_42429405.mp3	5616
common_voice_mvy_42383812.mp3	8280
common_voice_mvy_42363343.mp3	3996
common_voice_mvy_42043258.mp3	4644
common_voice_mvy_42393968.mp3	5796
common_voice_mvy_42368430.mp3	5220
common_voice_mvy_42080158.mp3	2340
common_voice_mvy_42080109.mp3	5868
common_voice_mvy_42053451.mp3	4356
common_voice_mvy_42361271.mp3	6480
common_voice_mvy_42075984.mp3	4428
common_voice_mvy_42397707.mp3	3816
common_voice_mvy_42368414.mp3	3888
common_voice_mvy_42547778.mp3	4356
common_voice_mvy_42180404.mp3	3960
common_voice_mvy_42079600.mp3	4788
common_voice_mvy_42007883.mp3	4608
common_voice_mvy_42075805.mp3	3096
common_voice_mvy_42376572.mp3	3276
common_voice_mvy_42414132.mp3	4608
common_voice_mvy_42380563.mp3	4140
common_voice_mvy_42412763.mp3	4500
common_voice_mvy_42052719.mp3	3780
common_voice_mvy_42395951.mp3	3888
common_voice_mvy_42385683.mp3	7848
common_voice_mvy_42056745.mp3	9216
common_voice_mvy_42556845.mp3	4356
common_voice_mvy_42545039.mp3	4716
common_voice_mvy_42367573.mp3	2808
common_voice_mvy_42067062.mp3	2700
common_voice_mvy_42011846.mp3	4356
common_voice_mvy_42380438.mp3	5400
common_voice_mvy_42396018.mp3	4320
common_voice_mvy_42008530.mp3	4608
common_voice_mvy_42370202.mp3	3096
common_voice_mvy_42412799.mp3	4140
common_voice_mvy_42387930.mp3	2628
common_voice_mvy_42397472.mp3	3960
common_voice_mvy_42352087.mp3	5220
common_voice_mvy_42392091.mp3	5508
common_voice_mvy_42478844.mp3	8568
common_voice_mvy_42021467.mp3	4356
common_voice_mvy_42383871.mp3	3636
common_voice_mvy_42056197.mp3	6048
common_voice_mvy_42081183.mp3	2988
common_voice_mvy_42021616.mp3	3420
common_voice_mvy_42345979.mp3	3276
common_voice_mvy_42394170.mp3	3888
common_voice_mvy_42394353.mp3	4536
common_voice_mvy_42397800.mp3	3060
common_voice_mvy_42384641.mp3	5796
common_voice_mvy_42081236.mp3	3708
common_voice_mvy_42373612.mp3	9648
common_voice_mvy_42368967.mp3	2916
common_voice_mvy_42012188.mp3	3528
common_voice_mvy_42361113.mp3	3996
common_voice_mvy_42348770.mp3	3600
common_voice_mvy_42398271.mp3	3456
common_voice_mvy_42365084.mp3	7020
common_voice_mvy_42351658.mp3	4356
common_voice_mvy_42080734.mp3	4320
common_voice_mvy_42080596.mp3	6588
common_voice_mvy_42403721.mp3	5940
common_voice_mvy_42352390.mp3	3600
common_voice_mvy_42364247.mp3	4320
common_voice_mvy_42414608.mp3	3600
common_voice_mvy_42067082.mp3	2808
common_voice_mvy_42086437.mp3	4896
common_voice_mvy_42008580.mp3	3816
common_voice_mvy_42357060.mp3	3276
common_voice_mvy_42398382.mp3	3636
common_voice_mvy_42360271.mp3	4536
common_voice_mvy_42079591.mp3	3276
common_voice_mvy_42264510.mp3	4896
common_voice_mvy_42370230.mp3	4176
common_voice_mvy_42043221.mp3	7776
common_voice_mvy_42363190.mp3	3096
common_voice_mvy_42055856.mp3	5256
common_voice_mvy_42360559.mp3	4068
common_voice_mvy_42362840.mp3	4860
common_voice_mvy_42021407.mp3	6408
common_voice_mvy_42080504.mp3	3924
common_voice_mvy_42011244.mp3	4140
common_voice_mvy_42376383.mp3	5400
common_voice_mvy_42085291.mp3	4320
common_voice_mvy_42556835.mp3	3888
common_voice_mvy_42392037.mp3	4788
common_voice_mvy_42352414.mp3	3996
common_voice_mvy_42064178.mp3	5688
common_voice_mvy_42397740.mp3	4788
common_voice_mvy_42368526.mp3	3456
common_voice_mvy_42360650.mp3	3960
common_voice_mvy_42397920.mp3	3528
common_voice_mvy_42008455.mp3	3348
common_voice_mvy_42388940.mp3	3780
common_voice_mvy_42020684.mp3	5868
common_voice_mvy_42363512.mp3	3240
common_voice_mvy_42368600.mp3	4608
common_voice_mvy_42376382.mp3	5580
common_voice_mvy_42368405.mp3	6156
common_voice_mvy_42365036.mp3	4140
common_voice_mvy_42387943.mp3	3348
common_voice_mvy_42390557.mp3	5868
common_voice_mvy_42380742.mp3	2880
common_voice_mvy_42043049.mp3	4248
common_voice_mvy_42072984.mp3	5976
common_voice_mvy_42072980.mp3	3348
common_voice_mvy_42384232.mp3	2736
common_voice_mvy_42064671.mp3	3420
common_voice_mvy_42533330.mp3	4896
common_voice_mvy_42060418.mp3	3708
common_voice_mvy_42393722.mp3	3060
common_voice_mvy_42396080.mp3	3528
common_voice_mvy_42413610.mp3	3636
common_voice_mvy_42385729.mp3	4176
common_voice_mvy_42352061.mp3	4428
common_voice_mvy_42369796.mp3	2988
common_voice_mvy_42079404.mp3	6588
common_voice_mvy_42079551.mp3	7848
common_voice_mvy_42369104.mp3	4860
common_voice_mvy_42361182.mp3	3816
common_voice_mvy_42474259.mp3	8748
common_voice_mvy_42390134.mp3	5328
common_voice_mvy_42387710.mp3	5580
common_voice_mvy_42361141.mp3	5616
common_voice_mvy_42014212.mp3	2880
common_voice_mvy_42375285.mp3	6516
common_voice_mvy_42088951.mp3	3456
common_voice_mvy_42556852.mp3	7380
common_voice_mvy_42352207.mp3	8316
common_voice_mvy_42351369.mp3	5220
common_voice_mvy_42370649.mp3	3816
common_voice_mvy_42349205.mp3	6300
common_voice_mvy_42376380.mp3	5580
common_voice_mvy_42370023.mp3	4068
common_voice_mvy_42413166.mp3	5508
common_voice_mvy_42390061.mp3	4500
common_voice_mvy_42377829.mp3	3348
common_voice_mvy_42384029.mp3	3276
common_voice_mvy_42021316.mp3	6480
common_voice_mvy_42043145.mp3	8280
common_voice_mvy_42369027.mp3	2988
common_voice_mvy_42389038.mp3	3456
common_voice_mvy_42365757.mp3	2880
common_voice_mvy_42405545.mp3	3816
common_voice_mvy_42378871.mp3	3888
common_voice_mvy_42379197.mp3	4680
common_voice_mvy_42347523.mp3	6336
common_voice_mvy_42067387.mp3	5760
common_voice_mvy_42367284.mp3	3780
common_voice_mvy_42364340.mp3	8028
common_voice_mvy_42403387.mp3	6336
common_voice_mvy_42085292.mp3	3780
common_voice_mvy_42089374.mp3	4176
common_voice_mvy_42064199.mp3	6696
common_voice_mvy_42413274.mp3	3420
common_voice_mvy_42063705.mp3	4716
common_voice_mvy_42024396.mp3	6048
common_voice_mvy_42363465.mp3	7848
common_voice_mvy_42397092.mp3	5436
common_voice_mvy_42060936.mp3	6768
common_voice_mvy_42363276.mp3	3600
common_voice_mvy_42363823.mp3	5040
common_voice_mvy_42546222.mp3	5040
common_voice_mvy_42474228.mp3	4140
common_voice_mvy_42364200.mp3	3060
common_voice_mvy_42077273.mp3	2988
common_voice_mvy_42079055.mp3	7452
common_voice_mvy_42375312.mp3	4680
common_voice_mvy_42360421.mp3	4248
common_voice_mvy_42042556.mp3	6768
common_voice_mvy_42361154.mp3	5616
common_voice_mvy_42403453.mp3	2880
common_voice_mvy_42042949.mp3	4068
common_voice_mvy_42007974.mp3	4500
common_voice_mvy_42052634.mp3	3636
common_voice_mvy_42180418.mp3	3636
common_voice_mvy_42387842.mp3	4500
common_voice_mvy_42080924.mp3	4608
common_voice_mvy_42080839.mp3	5256
common_voice_mvy_42396372.mp3	5328
common_voice_mvy_42379938.mp3	5220
common_voice_mvy_42124242.mp3	5220
common_voice_mvy_42556764.mp3	4788
common_voice_mvy_42362815.mp3	3600
common_voice_mvy_42397711.mp3	3636
common_voice_mvy_42021237.mp3	6768
common_voice_mvy_42360248.mp3	3060
common_voice_mvy_42008179.mp3	4032
common_voice_mvy_42086415.mp3	4968
common_voice_mvy_42386083.mp3	4320
common_voice_mvy_42413162.mp3	3708
common_voice_mvy_42056233.mp3	5508
common_voice_mvy_42414325.mp3	5436
common_voice_mvy_42060427.mp3	3708
common_voice_mvy_42012010.mp3	4248
common_voice_mvy_42376534.mp3	3780
common_voice_mvy_42346694.mp3	5400
common_voice_mvy_42380116.mp3	5076
common_voice_mvy_42079295.mp3	10548
common_voice_mvy_42052739.mp3	4680
common_voice_mvy_42393391.mp3	4968
common_voice_mvy_42395010.mp3	3780
common_voice_mvy_42568132.mp3	4788
common_voice_mvy_42384134.mp3	4500
common_voice_mvy_42021211.mp3	10116
common_voice_mvy_42395699.mp3	3348
common_voice_mvy_42084103.mp3	3456
common_voice_mvy_42478864.mp3	6156
common_voice_mvy_42061029.mp3	5328
common_voice_mvy_42080241.mp3	3312
common_voice_mvy_42361902.mp3	7596
common_voice_mvy_42078823.mp3	3708
common_voice_mvy_42413220.mp3	5508
common_voice_mvy_42369772.mp3	4248
common_voice_mvy_42076303.mp3	3924
common_voice_mvy_42370110.mp3	8568
common_voice_mvy_42060429.mp3	3816
common_voice_mvy_42370533.mp3	4680
common_voice_mvy_42065956.mp3	3600
common_voice_mvy_42364230.mp3	4896
common_voice_mvy_42397375.mp3	3276
common_voice_mvy_42345907.mp3	5436
common_voice_mvy_42086215.mp3	6588
common_voice_mvy_42364685.mp3	4320
common_voice_mvy_42361016.mp3	5256
common_voice_mvy_42351621.mp3	6588
common_voice_mvy_42073834.mp3	6660
common_voice_mvy_42363839.mp3	4068
common_voice_mvy_42403375.mp3	3996
common_voice_mvy_42384371.mp3	3276
common_voice_mvy_42347016.mp3	2988
common_voice_mvy_42348946.mp3	2916
common_voice_mvy_42078660.mp3	7128
common_voice_mvy_42412790.mp3	3816
common_voice_mvy_42376599.mp3	3276
common_voice_mvy_42084846.mp3	3816
common_voice_mvy_42357188.mp3	4860
common_voice_mvy_42389431.mp3	5616
common_voice_mvy_42086643.mp3	7308
common_voice_mvy_42496809.mp3	4068
common_voice_mvy_42078645.mp3	7560
common_voice_mvy_42007232.mp3	3960
common_voice_mvy_42362883.mp3	4536
common_voice_mvy_42061215.mp3	5760
common_voice_mvy_42369746.mp3	2916
common_voice_mvy_42560179.mp3	5256
common_voice_mvy_42376518.mp3	3420
common_voice_mvy_42008422.mp3	4896
common_voice_mvy_42067110.mp3	7380
common_voice_mvy_42367215.mp3	4968
common_voice_mvy_42052630.mp3	5796
common_voice_mvy_42021383.mp3	7740
common_voice_mvy_42351359.mp3	4176
common_voice_mvy_42380914.mp3	3996
common_voice_mvy_42414609.mp3	4788
common_voice_mvy_42346960.mp3	2916
common_voice_mvy_42368506.mp3	3456
common_voice_mvy_42364616.mp3	8028
common_voice_mvy_42074788.mp3	5796
common_voice_mvy_42097888.mp3	3420
common_voice_mvy_42061296.mp3	4428
common_voice_mvy_42363589.mp3	3816
common_voice_mvy_42060864.mp3	7056
common_voice_mvy_42550583.mp3	7848
common_voice_mvy_42412812.mp3	4068
common_voice_mvy_42395952.mp3	4140
common_voice_mvy_42081536.mp3	6156
common_voice_mvy_42360375.mp3	3528
common_voice_mvy_42394237.mp3	4176
common_voice_mvy_42403722.mp3	4428
common_voice_mvy_42361723.mp3	5076
common_voice_mvy_42349810.mp3	3240
common_voice_mvy_42362425.mp3	6300
common_voice_mvy_42021167.mp3	7596
common_voice_mvy_42350750.mp3	3636
common_voice_mvy_42553033.mp3	7020
common_voice_mvy_42363051.mp3	5076
common_voice_mvy_42055895.mp3	6336
common_voice_mvy_42076268.mp3	2160
common_voice_mvy_42052603.mp3	4608
common_voice_mvy_42008199.mp3	5220
common_voice_mvy_42390620.mp3	3348
common_voice_mvy_42008548.mp3	3600
common_voice_mvy_42042141.mp3	4896
common_voice_mvy_42073684.mp3	6660
common_voice_mvy_42350923.mp3	5472
common_voice_mvy_42053435.mp3	6876
common_voice_mvy_42372810.mp3	6660
common_voice_mvy_42062898.mp3	5400
common_voice_mvy_42075750.mp3	2736
common_voice_mvy_42415154.mp3	3708
common_voice_mvy_42076033.mp3	4860
common_voice_mvy_42376605.mp3	3636
common_voice_mvy_42551688.mp3	4608
common_voice_mvy_42074911.mp3	4356
common_voice_mvy_42396454.mp3	3600
common_voice_mvy_42024890.mp3	3276
common_voice_mvy_42393118.mp3	2916
common_voice_mvy_42376454.mp3	10188
common_voice_mvy_42348520.mp3	3528
common_voice_mvy_42264534.mp3	4968
common_voice_mvy_42373728.mp3	4968
common_voice_mvy_42073631.mp3	4608
common_voice_mvy_42393615.mp3	4896
common_voice_mvy_42093079.mp3	7308
common_voice_mvy_42350766.mp3	5328
common_voice_mvy_42007479.mp3	4500
common_voice_mvy_42021682.mp3	6480
common_voice_mvy_42515060.mp3	5580
common_voice_mvy_42052654.mp3	4680
common_voice_mvy_42042163.mp3	2700
common_voice_mvy_42389418.mp3	4680
common_voice_mvy_42024803.mp3	7308
common_voice_mvy_42395827.mp3	4968
common_voice_mvy_42379207.mp3	4140
common_voice_mvy_42395964.mp3	5400
common_voice_mvy_42532308.mp3	4428
common_voice_mvy_42011820.mp3	8028
common_voice_mvy_42079677.mp3	5040
common_voice_mvy_42403067.mp3	4356
common_voice_mvy_42363973.mp3	3276
common_voice_mvy_42080085.mp3	8316
common_voice_mvy_42374088.mp3	4536
common_voice_mvy_42389392.mp3	4680
common_voice_mvy_42008173.mp3	4140
common_voice_mvy_42079656.mp3	4896
common_voice_mvy_42387833.mp3	3240
common_voice_mvy_42367810.mp3	6516
common_voice_mvy_42382999.mp3	7380
common_voice_mvy_42021128.mp3	4320
common_voice_mvy_42395138.mp3	5436
common_voice_mvy_42575010.mp3	4428
common_voice_mvy_42195007.mp3	3096
common_voice_mvy_42088987.mp3	4248
common_voice_mvy_42363643.mp3	3888
common_voice_mvy_42086438.mp3	3960
common_voice_mvy_42387728.mp3	5616
common_voice_mvy_42414407.mp3	3348
common_voice_mvy_42414454.mp3	6336
common_voice_mvy_42360478.mp3	3708
common_voice_mvy_42361156.mp3	3240
common_voice_mvy_42067854.mp3	3060
common_voice_mvy_42075570.mp3	7308
common_voice_mvy_42008407.mp3	4176
common_voice_mvy_42370437.mp3	5220
common_voice_mvy_42072950.mp3	3816
common_voice_mvy_42348544.mp3	4716
common_voice_mvy_42351748.mp3	4140
common_voice_mvy_42063827.mp3	9288
common_voice_mvy_42079934.mp3	6156
common_voice_mvy_42063049.mp3	3420
common_voice_mvy_42515032.mp3	4140
common_voice_mvy_42008335.mp3	4176
common_voice_mvy_42350483.mp3	3528
common_voice_mvy_42072277.mp3	4248
common_voice_mvy_42056616.mp3	8748
common_voice_mvy_42391978.mp3	4140
common_voice_mvy_42079174.mp3	10656
common_voice_mvy_42395963.mp3	3816
common_voice_mvy_42064247.mp3	5796
common_voice_mvy_42072981.mp3	2880
common_voice_mvy_42079088.mp3	2448
common_voice_mvy_42706535.mp3	4140
common_voice_mvy_42042156.mp3	3348
common_voice_mvy_42012199.mp3	2448
common_voice_mvy_42013090.mp3	2988
common_voice_mvy_42093044.mp3	4356
common_voice_mvy_42546243.mp3	4428
common_voice_mvy_42397303.mp3	3996
common_voice_mvy_42396266.mp3	4176
common_voice_mvy_42421674.mp3	2916
common_voice_mvy_42532312.mp3	3528
common_voice_mvy_42073502.mp3	10116
common_voice_mvy_42362213.mp3	4140
common_voice_mvy_42020629.mp3	2736
common_voice_mvy_42396255.mp3	3708
common_voice_mvy_42358533.mp3	4248
common_voice_mvy_42076014.mp3	3240
common_voice_mvy_42428159.mp3	8028
common_voice_mvy_42368337.mp3	4320
common_voice_mvy_42387692.mp3	4536
common_voice_mvy_42361225.mp3	4968
common_voice_mvy_42552955.mp3	3600
common_voice_mvy_42364338.mp3	5436
common_voice_mvy_42375852.mp3	4896
common_voice_mvy_42389960.mp3	9180
common_voice_mvy_42348744.mp3	5076
common_voice_mvy_42363090.mp3	6336
common_voice_mvy_42392368.mp3	3060
common_voice_mvy_42380191.mp3	3060
common_voice_mvy_42365463.mp3	5760
common_voice_mvy_42007600.mp3	3960
common_voice_mvy_42065943.mp3	4320
common_voice_mvy_42348568.mp3	7308
common_voice_mvy_42367347.mp3	3528
common_voice_mvy_42011849.mp3	2736
common_voice_mvy_42360219.mp3	2808
common_voice_mvy_42072327.mp3	3240
common_voice_mvy_42064717.mp3	4428
common_voice_mvy_42431670.mp3	3780
common_voice_mvy_42089841.mp3	7740
common_voice_mvy_42064449.mp3	4716
common_voice_mvy_42365768.mp3	8496
common_voice_mvy_42376323.mp3	4248
common_voice_mvy_42428152.mp3	5796
common_voice_mvy_42392365.mp3	4068
common_voice_mvy_42077394.mp3	2520
common_voice_mvy_42055601.mp3	4680
common_voice_mvy_42085529.mp3	4716
common_voice_mvy_42383523.mp3	3528
common_voice_mvy_42024455.mp3	11268
common_voice_mvy_42376417.mp3	7488
common_voice_mvy_42370667.mp3	3636
common_voice_mvy_42364610.mp3	6228
common_voice_mvy_42349853.mp3	4176
common_voice_mvy_42055859.mp3	5220
common_voice_mvy_42021424.mp3	3708
common_voice_mvy_42370432.mp3	2736
common_voice_mvy_42367791.mp3	4176
common_voice_mvy_42055437.mp3	4248
common_voice_mvy_42360309.mp3	4248
common_voice_mvy_42075765.mp3	3528
common_voice_mvy_42368917.mp3	7956
common_voice_mvy_42065952.mp3	4716
common_voice_mvy_42380019.mp3	3888
common_voice_mvy_42079291.mp3	4536
common_voice_mvy_42052657.mp3	6768
common_voice_mvy_42346677.mp3	4428
common_voice_mvy_42007707.mp3	4860
common_voice_mvy_42053530.mp3	3708
common_voice_mvy_42346412.mp3	3816
common_voice_mvy_42007228.mp3	3780
common_voice_mvy_42347203.mp3	4140
common_voice_mvy_42385886.mp3	5688
common_voice_mvy_42351465.mp3	6660
common_voice_mvy_42011790.mp3	3960
common_voice_mvy_42396712.mp3	3888
common_voice_mvy_42363835.mp3	4356
common_voice_mvy_42008423.mp3	5400
common_voice_mvy_42373578.mp3	2628
common_voice_mvy_42363689.mp3	4428
common_voice_mvy_42011338.mp3	7056
common_voice_mvy_42376404.mp3	4320
common_voice_mvy_42077370.mp3	5616
common_voice_mvy_42052952.mp3	3600
common_voice_mvy_42096174.mp3	4716
common_voice_mvy_42079539.mp3	3384
common_voice_mvy_42021503.mp3	5976
common_voice_mvy_42348449.mp3	7488
common_voice_mvy_42056554.mp3	6588
common_voice_mvy_42394352.mp3	3816
common_voice_mvy_42396511.mp3	5508
common_voice_mvy_42467392.mp3	3708
common_voice_mvy_42404642.mp3	6408
common_voice_mvy_42375851.mp3	3600
common_voice_mvy_42391867.mp3	3456
common_voice_mvy_42350401.mp3	4068
common_voice_mvy_42397492.mp3	5040
common_voice_mvy_42361213.mp3	3780
common_voice_mvy_42361536.mp3	4140
common_voice_mvy_42421670.mp3	3960
common_voice_mvy_42363790.mp3	4716
common_voice_mvy_42357203.mp3	4500
common_voice_mvy_42377637.mp3	5688
common_voice_mvy_42533327.mp3	4536
common_voice_mvy_42389564.mp3	3636
common_voice_mvy_42063660.mp3	3240
common_voice_mvy_42360372.mp3	4320
common_voice_mvy_42365545.mp3	5976
common_voice_mvy_42546199.mp3	6120
common_voice_mvy_42011883.mp3	5940
common_voice_mvy_42382758.mp3	4680
common_voice_mvy_42182593.mp3	3960
common_voice_mvy_42405528.mp3	3600
common_voice_mvy_42060990.mp3	3276
common_voice_mvy_42066826.mp3	3780
common_voice_mvy_42079942.mp3	2556
common_voice_mvy_42078574.mp3	4248
common_voice_mvy_42063698.mp3	4680
common_voice_mvy_42388877.mp3	5868
common_voice_mvy_42397373.mp3	4680
common_voice_mvy_42381267.mp3	4176
common_voice_mvy_42387894.mp3	4536
common_voice_mvy_42382703.mp3	3816
common_voice_mvy_42055358.mp3	3420
common_voice_mvy_42356225.mp3	7020
common_voice_mvy_42021156.mp3	6300
common_voice_mvy_42075985.mp3	4356
common_voice_mvy_42397677.mp3	5436
common_voice_mvy_42043024.mp3	4464
common_voice_mvy_42396545.mp3	6948
common_voice_mvy_42373477.mp3	9036
common_voice_mvy_42093169.mp3	7236
common_voice_mvy_42386053.mp3	3780
common_voice_mvy_42438023.mp3	5868
common_voice_mvy_42394182.mp3	3348
common_voice_mvy_42370233.mp3	3528
common_voice_mvy_42380551.mp3	3060
common_voice_mvy_42387698.mp3	5076
common_voice_mvy_42349204.mp3	4140
common_voice_mvy_42360084.mp3	4068
common_voice_mvy_42021277.mp3	6948
common_voice_mvy_42345832.mp3	11088
common_voice_mvy_42395124.mp3	2916
common_voice_mvy_42380830.mp3	3780
common_voice_mvy_42010193.mp3	4356
common_voice_mvy_42006551.mp3	6156
common_voice_mvy_42008526.mp3	3276
common_voice_mvy_42395771.mp3	4608
common_voice_mvy_42348058.mp3	5940
common_voice_mvy_42021416.mp3	5436
common_voice_mvy_42379190.mp3	7596
common_voice_mvy_42347971.mp3	3780
common_voice_mvy_42552926.mp3	4140
common_voice_mvy_42079852.mp3	5256
common_voice_mvy_42391916.mp3	4032
common_voice_mvy_42370227.mp3	3960
common_voice_mvy_42494256.mp3	5976
common_voice_mvy_48985820.mp3	6336
common_voice_mvy_42390779.mp3	3996
common_voice_mvy_43085492.mp3	7128
common_voice_mvy_42076003.mp3	4968
common_voice_mvy_42079844.mp3	6408
common_voice_mvy_42364224.mp3	3816
common_voice_mvy_42346682.mp3	2700
common_voice_mvy_42393834.mp3	5400
common_voice_mvy_42392730.mp3	4788
common_voice_mvy_42383410.mp3	3600
common_voice_mvy_42078972.mp3	4068
common_voice_mvy_42376314.mp3	6336
common_voice_mvy_42007185.mp3	6156
common_voice_mvy_42011391.mp3	6120
common_voice_mvy_42092981.mp3	5076
common_voice_mvy_42396476.mp3	4500
common_voice_mvy_42006928.mp3	3780
common_voice_mvy_42532296.mp3	3708
common_voice_mvy_42348244.mp3	4536
common_voice_mvy_42379935.mp3	7560
common_voice_mvy_42363740.mp3	8676
common_voice_mvy_42073015.mp3	3240
common_voice_mvy_42546219.mp3	4788
common_voice_mvy_42063117.mp3	6516
common_voice_mvy_42360178.mp3	4068
common_voice_mvy_42059872.mp3	4860
common_voice_mvy_42380561.mp3	5400
common_voice_mvy_42067089.mp3	4356
common_voice_mvy_42370287.mp3	5328
common_voice_mvy_42067844.mp3	3780
common_voice_mvy_42067330.mp3	3816
common_voice_mvy_42075721.mp3	6048
common_voice_mvy_42346799.mp3	4500
common_voice_mvy_42369234.mp3	3420
common_voice_mvy_42089837.mp3	3060
common_voice_mvy_42055950.mp3	3888
common_voice_mvy_42365472.mp3	3816
common_voice_mvy_42363607.mp3	3888
common_voice_mvy_42403450.mp3	3456
common_voice_mvy_42011267.mp3	6300
common_voice_mvy_42020509.mp3	9216
common_voice_mvy_42396397.mp3	4968
common_voice_mvy_42380572.mp3	3096
common_voice_mvy_42363834.mp3	4176
common_voice_mvy_42011757.mp3	2628
common_voice_mvy_42056848.mp3	9108
common_voice_mvy_42370309.mp3	4500
common_voice_mvy_42011701.mp3	3708
common_voice_mvy_42384938.mp3	6300
common_voice_mvy_42379326.mp3	5220
common_voice_mvy_42394961.mp3	3060
common_voice_mvy_42361234.mp3	5256
common_voice_mvy_42547841.mp3	4428
common_voice_mvy_42008707.mp3	3456
common_voice_mvy_42367276.mp3	4140
common_voice_mvy_42395000.mp3	10548
common_voice_mvy_42062764.mp3	7956
common_voice_mvy_42367153.mp3	6408
common_voice_mvy_42011827.mp3	3060
common_voice_mvy_42350196.mp3	5040
common_voice_mvy_42415033.mp3	5616
common_voice_mvy_42370567.mp3	4176
common_voice_mvy_42373973.mp3	6768
common_voice_mvy_42042195.mp3	6768
common_voice_mvy_42351843.mp3	2916
common_voice_mvy_42352286.mp3	5508
common_voice_mvy_42387889.mp3	3816
common_voice_mvy_42350704.mp3	5148
common_voice_mvy_42414482.mp3	4500
common_voice_mvy_42021638.mp3	6696
common_voice_mvy_42394457.mp3	3960
common_voice_mvy_42370554.mp3	4356
common_voice_mvy_42347081.mp3	3096
common_voice_mvy_42351670.mp3	6156
common_voice_mvy_42350813.mp3	4788
common_voice_mvy_42360100.mp3	3636
common_voice_mvy_42077292.mp3	6696
common_voice_mvy_42024712.mp3	7308
common_voice_mvy_42397109.mp3	6300
common_voice_mvy_42391574.mp3	2988
common_voice_mvy_42383668.mp3	5436
common_voice_mvy_42405395.mp3	3996
common_voice_mvy_42376234.mp3	4068
common_voice_mvy_42364803.mp3	5328
common_voice_mvy_42360797.mp3	4716
common_voice_mvy_42055609.mp3	3600
common_voice_mvy_42391011.mp3	6876
common_voice_mvy_42089421.mp3	3060
common_voice_mvy_42397580.mp3	5688
common_voice_mvy_42362937.mp3	3420
common_voice_mvy_42394712.mp3	3348
common_voice_mvy_42397649.mp3	3816
common_voice_mvy_42052718.mp3	4716
common_voice_mvy_42052759.mp3	4608
common_voice_mvy_42014973.mp3	3348
common_voice_mvy_42547831.mp3	3960
common_voice_mvy_42373659.mp3	4356
common_voice_mvy_42061344.mp3	4356
common_voice_mvy_42368507.mp3	4716
common_voice_mvy_42392036.mp3	4140
common_voice_mvy_42011139.mp3	3780
common_voice_mvy_42363732.mp3	4860
common_voice_mvy_42356318.mp3	4428
common_voice_mvy_42368434.mp3	3888
common_voice_mvy_42415139.mp3	4536
common_voice_mvy_42079237.mp3	7236
common_voice_mvy_42545082.mp3	3816
common_voice_mvy_42079200.mp3	4788
common_voice_mvy_42351230.mp3	5796
common_voice_mvy_42347356.mp3	4680
common_voice_mvy_42010210.mp3	8028
common_voice_mvy_42380562.mp3	4356
common_voice_mvy_42360258.mp3	4356
common_voice_mvy_42062890.mp3	6588
common_voice_mvy_42415217.mp3	4860
common_voice_mvy_42063704.mp3	3996
common_voice_mvy_42396154.mp3	7668
common_voice_mvy_42376658.mp3	4428
common_voice_mvy_42374298.mp3	5436
common_voice_mvy_42396268.mp3	5760
common_voice_mvy_42387726.mp3	3168
common_voice_mvy_42398388.mp3	3780
common_voice_mvy_42012164.mp3	4248
common_voice_mvy_42403059.mp3	4536
common_voice_mvy_42394962.mp3	4320
common_voice_mvy_42394818.mp3	4896
common_voice_mvy_42012085.mp3	3708
common_voice_mvy_42079761.mp3	5148
common_voice_mvy_42586130.mp3	5328
common_voice_mvy_42392907.mp3	5220
common_voice_mvy_42365728.mp3	4860
common_voice_mvy_42043154.mp3	3600
common_voice_mvy_42346680.mp3	3168
common_voice_mvy_42042946.mp3	4716
common_voice_mvy_42547793.mp3	3708
common_voice_mvy_42085527.mp3	4860
common_voice_mvy_42349606.mp3	2880
common_voice_mvy_42347196.mp3	4356
common_voice_mvy_42414155.mp3	5148
common_voice_mvy_42395724.mp3	3276
common_voice_mvy_42394355.mp3	3636
common_voice_mvy_42011733.mp3	4536
common_voice_mvy_42010382.mp3	2988
common_voice_mvy_42092977.mp3	3780
common_voice_mvy_42467396.mp3	3816
common_voice_mvy_42364740.mp3	5256
common_voice_mvy_42363273.mp3	5076
common_voice_mvy_42008449.mp3	3096
common_voice_mvy_42374129.mp3	5976
common_voice_mvy_42362855.mp3	4068
common_voice_mvy_42347716.mp3	3708
common_voice_mvy_42375316.mp3	6120
common_voice_mvy_42385731.mp3	5688
common_voice_mvy_42021365.mp3	7776
common_voice_mvy_42063802.mp3	4140
common_voice_mvy_42053502.mp3	6768
common_voice_mvy_42085376.mp3	7380
common_voice_mvy_42021730.mp3	3420
common_voice_mvy_42080061.mp3	2916
common_voice_mvy_42350663.mp3	3096
common_voice_mvy_42380622.mp3	3348
common_voice_mvy_42363659.mp3	3420
common_voice_mvy_42064737.mp3	4968
common_voice_mvy_42006516.mp3	5616
common_voice_mvy_42081030.mp3	6840
common_voice_mvy_42006534.mp3	5796
common_voice_mvy_42370304.mp3	3168
common_voice_mvy_42010293.mp3	5040
common_voice_mvy_42079878.mp3	8280
common_voice_mvy_42347226.mp3	4428
common_voice_mvy_42395388.mp3	2700
common_voice_mvy_42393461.mp3	6156
common_voice_mvy_42079914.mp3	4968
common_voice_mvy_42494266.mp3	5940
common_voice_mvy_42390765.mp3	3816
common_voice_mvy_42067242.mp3	5400
common_voice_mvy_42119218.mp3	2340
common_voice_mvy_42374027.mp3	5148
common_voice_mvy_42360581.mp3	3348
common_voice_mvy_42393886.mp3	2880
common_voice_mvy_42374016.mp3	3600
common_voice_mvy_42573251.mp3	5148
common_voice_mvy_42350513.mp3	3996
common_voice_mvy_42414973.mp3	4176
common_voice_mvy_42403407.mp3	4356
common_voice_mvy_42065944.mp3	6840
common_voice_mvy_42451902.mp3	3348
common_voice_mvy_42011268.mp3	6228
common_voice_mvy_42357201.mp3	3780
common_voice_mvy_42053222.mp3	2628
common_voice_mvy_42386097.mp3	4068
common_voice_mvy_42024784.mp3	5328
common_voice_mvy_42394871.mp3	3816
common_voice_mvy_42515076.mp3	3420
common_voice_mvy_42403798.mp3	5076
common_voice_mvy_42363645.mp3	6048
common_voice_mvy_42043111.mp3	4932
common_voice_mvy_42384065.mp3	3960
common_voice_mvy_42379841.mp3	4068
common_voice_mvy_42078948.mp3	7848
common_voice_mvy_42075715.mp3	7308
common_voice_mvy_42387846.mp3	3168
common_voice_mvy_42056209.mp3	6120
common_voice_mvy_42363729.mp3	3456
common_voice_mvy_42389965.mp3	8568
common_voice_mvy_42347798.mp3	4176
common_voice_mvy_42008547.mp3	3780
common_voice_mvy_42060956.mp3	6228
common_voice_mvy_42011682.mp3	3996
common_voice_mvy_42375738.mp3	3960
common_voice_mvy_42348521.mp3	5328
common_voice_mvy_42011201.mp3	6588
common_voice_mvy_42042991.mp3	8136
common_voice_mvy_42079323.mp3	5400
common_voice_mvy_42264511.mp3	4068
common_voice_mvy_42556806.mp3	4680
common_voice_mvy_42413304.mp3	5436
common_voice_mvy_42370171.mp3	2988
common_voice_mvy_42078818.mp3	5580
common_voice_mvy_42363713.mp3	9000
common_voice_mvy_42363804.mp3	4500
common_voice_mvy_42412828.mp3	6156
common_voice_mvy_42346900.mp3	4896
common_voice_mvy_42077312.mp3	3528
common_voice_mvy_42395791.mp3	4968
common_voice_mvy_42012187.mp3	3816
common_voice_mvy_42373944.mp3	4356
common_voice_mvy_42079685.mp3	4356
common_voice_mvy_42008275.mp3	4068
common_voice_mvy_42374191.mp3	7740
common_voice_mvy_42092855.mp3	7020
common_voice_mvy_42347221.mp3	7668
common_voice_mvy_42547543.mp3	4140
common_voice_mvy_42011228.mp3	4248
common_voice_mvy_42007580.mp3	8460
common_voice_mvy_42079491.mp3	3420
common_voice_mvy_42390295.mp3	3168
common_voice_mvy_42374001.mp3	3168
common_voice_mvy_42011921.mp3	8136
common_voice_mvy_42367410.mp3	3960
common_voice_mvy_42556843.mp3	3240
common_voice_mvy_42547623.mp3	4680
common_voice_mvy_42364049.mp3	4176
common_voice_mvy_42366758.mp3	3708
common_voice_mvy_42396701.mp3	4896
common_voice_mvy_42007514.mp3	8820
common_voice_mvy_42007499.mp3	7560
common_voice_mvy_42050288.mp3	9108
common_voice_mvy_42395271.mp3	2988
common_voice_mvy_42380501.mp3	5616
common_voice_mvy_42395793.mp3	3888
common_voice_mvy_42024870.mp3	3888
common_voice_mvy_42550572.mp3	5616
common_voice_mvy_42063993.mp3	4500
common_voice_mvy_42377638.mp3	6768
common_voice_mvy_42405412.mp3	5400
common_voice_mvy_42357824.mp3	4536
common_voice_mvy_42348895.mp3	3888
common_voice_mvy_42384489.mp3	3816
common_voice_mvy_42381186.mp3	3528
common_voice_mvy_42080925.mp3	3420
common_voice_mvy_42079418.mp3	3708
common_voice_mvy_42396424.mp3	5508
common_voice_mvy_42547560.mp3	5616
common_voice_mvy_42383248.mp3	3888
common_voice_mvy_42055917.mp3	3600
common_voice_mvy_42075524.mp3	8388
common_voice_mvy_42080392.mp3	6156
common_voice_mvy_42391553.mp3	2700
common_voice_mvy_43579287.mp3	5256
common_voice_mvy_42367219.mp3	3168
common_voice_mvy_42080584.mp3	5688
common_voice_mvy_42021362.mp3	4140
common_voice_mvy_42369106.mp3	3276
common_voice_mvy_42346630.mp3	3636
common_voice_mvy_42346426.mp3	3816
common_voice_mvy_42396403.mp3	4680
common_voice_mvy_42056621.mp3	6048
common_voice_mvy_42363483.mp3	4788
common_voice_mvy_42736051.mp3	3996
common_voice_mvy_42063697.mp3	7488
common_voice_mvy_42007478.mp3	8460
common_voice_mvy_42350661.mp3	3420
common_voice_mvy_42052734.mp3	4356
common_voice_mvy_42366965.mp3	9000
common_voice_mvy_42394857.mp3	3168
common_voice_mvy_42390856.mp3	2556
common_voice_mvy_42011143.mp3	4320
common_voice_mvy_42415161.mp3	3096
common_voice_mvy_42053501.mp3	3888
common_voice_mvy_42396700.mp3	6156
common_voice_mvy_42496614.mp3	4068
common_voice_mvy_42545036.mp3	3600
common_voice_mvy_42383791.mp3	7056
common_voice_mvy_42414463.mp3	4356
common_voice_mvy_42024496.mp3	8496
common_voice_mvy_42351767.mp3	4968
common_voice_mvy_42080164.mp3	3636
common_voice_mvy_42366744.mp3	3600
common_voice_mvy_42065739.mp3	9036
common_voice_mvy_42363265.mp3	6120
common_voice_mvy_42360061.mp3	4500
common_voice_mvy_42391904.mp3	3348
common_voice_mvy_42385833.mp3	9468
common_voice_mvy_42055894.mp3	5940
common_voice_mvy_42373626.mp3	7848
common_voice_mvy_42066883.mp3	3060
common_voice_mvy_42079542.mp3	5688
common_voice_mvy_42363601.mp3	4716
common_voice_mvy_42349929.mp3	5148
common_voice_mvy_42398273.mp3	3780
common_voice_mvy_42391133.mp3	5436
common_voice_mvy_42380351.mp3	3240
common_voice_mvy_42547610.mp3	4068
common_voice_mvy_42043115.mp3	6120
common_voice_mvy_42379179.mp3	4320
common_voice_mvy_42012065.mp3	5400
common_voice_mvy_42081585.mp3	4356
common_voice_mvy_42421692.mp3	3600
common_voice_mvy_42403449.mp3	4428
common_voice_mvy_42366954.mp3	3456
common_voice_mvy_42043302.mp3	6768
common_voice_mvy_42397437.mp3	5328
common_voice_mvy_42042211.mp3	4536
common_voice_mvy_42376453.mp3	4536
common_voice_mvy_42042268.mp3	3816
common_voice_mvy_42043621.mp3	4176
common_voice_mvy_42075749.mp3	4716
common_voice_mvy_42392878.mp3	3276
common_voice_mvy_42546208.mp3	6228
common_voice_mvy_42393955.mp3	4860
common_voice_mvy_42350304.mp3	4788
common_voice_mvy_42363914.mp3	3816
common_voice_mvy_42364946.mp3	4608
common_voice_mvy_42347018.mp3	3780
common_voice_mvy_42370486.mp3	4968
common_voice_mvy_42055711.mp3	6876
common_voice_mvy_42413747.mp3	5256
common_voice_mvy_42012198.mp3	5076
common_voice_mvy_42397530.mp3	5616
common_voice_mvy_42515062.mp3	2916
common_voice_mvy_42363745.mp3	5220
common_voice_mvy_42380161.mp3	5976
common_voice_mvy_42021468.mp3	5076
common_voice_mvy_42350293.mp3	3708
common_voice_mvy_42346556.mp3	5076
common_voice_mvy_42080004.mp3	6336
common_voice_mvy_42085822.mp3	4428
common_voice_mvy_42395064.mp3	2808
common_voice_mvy_42080007.mp3	6660
common_voice_mvy_42080329.mp3	6660
common_voice_mvy_42389324.mp3	5256
common_voice_mvy_42364942.mp3	5220
common_voice_mvy_42053205.mp3	6408
common_voice_mvy_42373431.mp3	4356
common_voice_mvy_42080253.mp3	5472
common_voice_mvy_42061230.mp3	5292
common_voice_mvy_42052976.mp3	3816
common_voice_mvy_42348067.mp3	3420
common_voice_mvy_42008398.mp3	3348
common_voice_mvy_42391538.mp3	2700
common_voice_mvy_42363110.mp3	4140
common_voice_mvy_42078967.mp3	13176
common_voice_mvy_42348251.mp3	3060
common_voice_mvy_42363210.mp3	4680
common_voice_mvy_42397133.mp3	5580
common_voice_mvy_42066477.mp3	4500
common_voice_mvy_42736011.mp3	4788
common_voice_mvy_42075732.mp3	4464
common_voice_mvy_42180401.mp3	3168
common_voice_mvy_42368881.mp3	4716
common_voice_mvy_42063063.mp3	8136
common_voice_mvy_42363359.mp3	5580
common_voice_mvy_42389286.mp3	3600
common_voice_mvy_42370491.mp3	3600
common_voice_mvy_42361167.mp3	5148
common_voice_mvy_42382139.mp3	3960
common_voice_mvy_42393581.mp3	5148
common_voice_mvy_42073724.mp3	4140
common_voice_mvy_42379199.mp3	4968
common_voice_mvy_42515093.mp3	3420
common_voice_mvy_42550573.mp3	3996
common_voice_mvy_42348557.mp3	5580
common_voice_mvy_42363693.mp3	7200
common_voice_mvy_42376584.mp3	4140
common_voice_mvy_42366921.mp3	5940
common_voice_mvy_42385607.mp3	7956
common_voice_mvy_42454017.mp3	9000
common_voice_mvy_42515014.mp3	3240
common_voice_mvy_42394150.mp3	3636
common_voice_mvy_42346794.mp3	4788
common_voice_mvy_42403378.mp3	4428
common_voice_mvy_42396232.mp3	5220
common_voice_mvy_42515061.mp3	5040
common_voice_mvy_42474205.mp3	5256
common_voice_mvy_42394679.mp3	3996
common_voice_mvy_42376722.mp3	4896
common_voice_mvy_42387988.mp3	3456
common_voice_mvy_42063168.mp3	3636
common_voice_mvy_42011341.mp3	3816
common_voice_mvy_42380532.mp3	3960
common_voice_mvy_42011962.mp3	6228
common_voice_mvy_42124207.mp3	6156
common_voice_mvy_42394024.mp3	6516
common_voice_mvy_42595020.mp3	4968
common_voice_mvy_42382995.mp3	3528
common_voice_mvy_42394028.mp3	6228
common_voice_mvy_42375325.mp3	5796
common_voice_mvy_42079690.mp3	3096
common_voice_mvy_42060420.mp3	4716
common_voice_mvy_42008411.mp3	4068
common_voice_mvy_42074817.mp3	4608
common_voice_mvy_42386489.mp3	4356
common_voice_mvy_42360585.mp3	3888
common_voice_mvy_42348471.mp3	6300
common_voice_mvy_42382457.mp3	4716
common_voice_mvy_42394134.mp3	3420
common_voice_mvy_42520444.mp3	2700
common_voice_mvy_42413969.mp3	3456
common_voice_mvy_42557210.mp3	4968
common_voice_mvy_42064206.mp3	5436
common_voice_mvy_42077295.mp3	3168
common_voice_mvy_42412787.mp3	4140
common_voice_mvy_42397318.mp3	3240
common_voice_mvy_42374332.mp3	4140
common_voice_mvy_42403452.mp3	2916
common_voice_mvy_42012634.mp3	9216
common_voice_mvy_42076072.mp3	4680
common_voice_mvy_42478917.mp3	6228
common_voice_mvy_42006919.mp3	2556
common_voice_mvy_42413248.mp3	4140
common_voice_mvy_42363458.mp3	3276
common_voice_mvy_42397439.mp3	4968
common_voice_mvy_42376529.mp3	3780
common_voice_mvy_42380758.mp3	6876
common_voice_mvy_42396855.mp3	5580
common_voice_mvy_42065886.mp3	9756
common_voice_mvy_42373726.mp3	4140
common_voice_mvy_42084057.mp3	4608
common_voice_mvy_42372919.mp3	3528
common_voice_mvy_42393382.mp3	5040
common_voice_mvy_42383460.mp3	5760
common_voice_mvy_42389391.mp3	4356
common_voice_mvy_42053185.mp3	3528
common_voice_mvy_42364832.mp3	3276
common_voice_mvy_42367809.mp3	5436
common_voice_mvy_42393450.mp3	2700
common_voice_mvy_42013300.mp3	2916
common_voice_mvy_42350510.mp3	4788
common_voice_mvy_42382958.mp3	3600
common_voice_mvy_42012214.mp3	3636
common_voice_mvy_42363886.mp3	3420
common_voice_mvy_42384891.mp3	6696
common_voice_mvy_42410270.mp3	5796
common_voice_mvy_42008448.mp3	3816
common_voice_mvy_42064100.mp3	5076
common_voice_mvy_42363717.mp3	3888
common_voice_mvy_42006560.mp3	4248
common_voice_mvy_42364585.mp3	7308
common_voice_mvy_42077227.mp3	4176
common_voice_mvy_42011147.mp3	5148
common_voice_mvy_42429025.mp3	3780
common_voice_mvy_42096238.mp3	9288
common_voice_mvy_42413659.mp3	2376
common_voice_mvy_42380938.mp3	3960
common_voice_mvy_42080211.mp3	5220
common_voice_mvy_42375635.mp3	5148
common_voice_mvy_42363514.mp3	5796
common_voice_mvy_42007884.mp3	7056
common_voice_mvy_42364916.mp3	5688
common_voice_mvy_42364818.mp3	5076
common_voice_mvy_42362524.mp3	4176
common_voice_mvy_42067394.mp3	3528
common_voice_mvy_42383911.mp3	5436
common_voice_mvy_42361192.mp3	4716
common_voice_mvy_42011410.mp3	6948
common_voice_mvy_42052704.mp3	4140
common_voice_mvy_42078992.mp3	3708
common_voice_mvy_42042914.mp3	5400
common_voice_mvy_42547620.mp3	3780
common_voice_mvy_42360607.mp3	4860
common_voice_mvy_42008010.mp3	5688
common_voice_mvy_42389362.mp3	4716
common_voice_mvy_42376477.mp3	4140
common_voice_mvy_42008532.mp3	2556
common_voice_mvy_42063652.mp3	6300
common_voice_mvy_42008326.mp3	3996
common_voice_mvy_42079508.mp3	5688
common_voice_mvy_42532240.mp3	4500
common_voice_mvy_42391063.mp3	2628
common_voice_mvy_42078816.mp3	2304
common_voice_mvy_42055433.mp3	4896
common_voice_mvy_42405411.mp3	4248
common_voice_mvy_42075532.mp3	7776
common_voice_mvy_42384227.mp3	3600
common_voice_mvy_42364745.mp3	2916
common_voice_mvy_42393647.mp3	3420
common_voice_mvy_42368504.mp3	4068
common_voice_mvy_42008276.mp3	3096
common_voice_mvy_42020581.mp3	6120
common_voice_mvy_42007850.mp3	2736
common_voice_mvy_42389411.mp3	3816
common_voice_mvy_42395111.mp3	3276
common_voice_mvy_42348329.mp3	6876
common_voice_mvy_42414988.mp3	3816
common_voice_mvy_42366681.mp3	4356
common_voice_mvy_42393945.mp3	4680
common_voice_mvy_42092966.mp3	3960
common_voice_mvy_42081169.mp3	6048
common_voice_mvy_42391208.mp3	4140
common_voice_mvy_42081282.mp3	4860
common_voice_mvy_42397710.mp3	4320
common_voice_mvy_42384541.mp3	3960
common_voice_mvy_42383594.mp3	3456
common_voice_mvy_42365273.mp3	4896
common_voice_mvy_42347538.mp3	5148
common_voice_mvy_42079956.mp3	5976
common_voice_mvy_42074851.mp3	2880
common_voice_mvy_42387970.mp3	2628
common_voice_mvy_42086085.mp3	6876
common_voice_mvy_42367843.mp3	6516
common_voice_mvy_42396062.mp3	4068
common_voice_mvy_42380389.mp3	5976
common_voice_mvy_42393238.mp3	3816
common_voice_mvy_42395328.mp3	5760
common_voice_mvy_42368511.mp3	5328
common_voice_mvy_42080485.mp3	3276
common_voice_mvy_42474238.mp3	4608
common_voice_mvy_42556888.mp3	6228
common_voice_mvy_42363234.mp3	9000
common_voice_mvy_42084014.mp3	4536
common_voice_mvy_42347306.mp3	3888
common_voice_mvy_42043068.mp3	4536
common_voice_mvy_42089231.mp3	3276
common_voice_mvy_42346236.mp3	4176
common_voice_mvy_42008708.mp3	4500
common_voice_mvy_42394942.mp3	2808
common_voice_mvy_42053438.mp3	5400
common_voice_mvy_42363167.mp3	3888
common_voice_mvy_42397452.mp3	5040
common_voice_mvy_42494264.mp3	4536
common_voice_mvy_42397925.mp3	3240
common_voice_mvy_42381144.mp3	3456
common_voice_mvy_42390798.mp3	3996
common_voice_mvy_42080835.mp3	3996
common_voice_mvy_42380435.mp3	4248
common_voice_mvy_42008704.mp3	5688
common_voice_mvy_42350933.mp3	4248
common_voice_mvy_42079832.mp3	5976
common_voice_mvy_42391154.mp3	5436
common_voice_mvy_42130393.mp3	9576
common_voice_mvy_42394655.mp3	2988
common_voice_mvy_42378892.mp3	6696
common_voice_mvy_42547570.mp3	3816
common_voice_mvy_42347201.mp3	3420
common_voice_mvy_42080556.mp3	3276
common_voice_mvy_42079351.mp3	3456
common_voice_mvy_42365799.mp3	4608
common_voice_mvy_42063694.mp3	3528
common_voice_mvy_42396337.mp3	6480
common_voice_mvy_42011753.mp3	5688
common_voice_mvy_42064816.mp3	3996
common_voice_mvy_42383861.mp3	3780
common_voice_mvy_42060885.mp3	3240
common_voice_mvy_42392033.mp3	5436
common_voice_mvy_42007976.mp3	3456
common_voice_mvy_42363591.mp3	3960
common_voice_mvy_42351735.mp3	4176
common_voice_mvy_42520382.mp3	5400
common_voice_mvy_42379225.mp3	4896
common_voice_mvy_42064059.mp3	8460
common_voice_mvy_42023173.mp3	7668
common_voice_mvy_42350220.mp3	5868
common_voice_mvy_42557224.mp3	7668
common_voice_mvy_42520371.mp3	5400
common_voice_mvy_42006933.mp3	4068
common_voice_mvy_42085265.mp3	3636
common_voice_mvy_42053437.mp3	4140
common_voice_mvy_42360423.mp3	3168
common_voice_mvy_42363523.mp3	3996
common_voice_mvy_42370193.mp3	2340
common_voice_mvy_42394295.mp3	5976
common_voice_mvy_42494265.mp3	4608
common_voice_mvy_42008544.mp3	3456
common_voice_mvy_42361173.mp3	3888
common_voice_mvy_42053055.mp3	5040
common_voice_mvy_42072973.mp3	9936
common_voice_mvy_42363114.mp3	5040
common_voice_mvy_42081004.mp3	12276
common_voice_mvy_42361260.mp3	3780
common_voice_mvy_42384646.mp3	3240
common_voice_mvy_42007166.mp3	6480
common_voice_mvy_42062766.mp3	3240
common_voice_mvy_42075641.mp3	3960
common_voice_mvy_42370330.mp3	5688
common_voice_mvy_42357827.mp3	5940
common_voice_mvy_42395005.mp3	2916
common_voice_mvy_42394316.mp3	4788
common_voice_mvy_42375772.mp3	4500
common_voice_mvy_42180491.mp3	3096
common_voice_mvy_42351367.mp3	3996
common_voice_mvy_42012653.mp3	3960
common_voice_mvy_42414960.mp3	7560
common_voice_mvy_42393445.mp3	5076
common_voice_mvy_42024856.mp3	3888
common_voice_mvy_42060284.mp3	3780
common_voice_mvy_42075978.mp3	7236
common_voice_mvy_42362654.mp3	3888
common_voice_mvy_42351819.mp3	3348
common_voice_mvy_42376728.mp3	5076
common_voice_mvy_42180494.mp3	3636
common_voice_mvy_42350334.mp3	3096
common_voice_mvy_42380774.mp3	2700
common_voice_mvy_42370122.mp3	3960
common_voice_mvy_42064275.mp3	7920
common_voice_mvy_42042528.mp3	6480
common_voice_mvy_42370696.mp3	3096
common_voice_mvy_42080758.mp3	4896
common_voice_mvy_42560092.mp3	4680
common_voice_mvy_42393511.mp3	3348
common_voice_mvy_42369090.mp3	4140
common_voice_mvy_42362191.mp3	3888
common_voice_mvy_42389269.mp3	5328
common_voice_mvy_42080455.mp3	5400
common_voice_mvy_42363821.mp3	3708
common_voice_mvy_42060983.mp3	9720
common_voice_mvy_42092980.mp3	6660
common_voice_mvy_42478936.mp3	4716
common_voice_mvy_42081587.mp3	3636
common_voice_mvy_42052606.mp3	4860
common_voice_mvy_42393524.mp3	5040
common_voice_mvy_42387699.mp3	5076
common_voice_mvy_42363976.mp3	4608
common_voice_mvy_42361211.mp3	4500
common_voice_mvy_42370095.mp3	3780
common_voice_mvy_42363838.mp3	6516
common_voice_mvy_42042248.mp3	4608
common_voice_mvy_42369221.mp3	5868
common_voice_mvy_42352254.mp3	3600
common_voice_mvy_42042527.mp3	4500
common_voice_mvy_42380152.mp3	5580
common_voice_mvy_42421657.mp3	7236
common_voice_mvy_42390752.mp3	5796
common_voice_mvy_42351283.mp3	9360
common_voice_mvy_42389035.mp3	3780
common_voice_mvy_42052762.mp3	4428
common_voice_mvy_42395733.mp3	5580
common_voice_mvy_42368872.mp3	4176
common_voice_mvy_42351328.mp3	4680
common_voice_mvy_42410248.mp3	2700
common_voice_mvy_42363702.mp3	4536
common_voice_mvy_42370440.mp3	3888
common_voice_mvy_42370574.mp3	6156
common_voice_mvy_42397335.mp3	3276
common_voice_mvy_42367492.mp3	5076
common_voice_mvy_42008008.mp3	6660
common_voice_mvy_42478859.mp3	5400
common_voice_mvy_42076142.mp3	4968
common_voice_mvy_42363204.mp3	3060
common_voice_mvy_42383614.mp3	4068
common_voice_mvy_42380128.mp3	3708
common_voice_mvy_42055943.mp3	5508
common_voice_mvy_42389979.mp3	5256
common_voice_mvy_42008202.mp3	2988
common_voice_mvy_42008445.mp3	4860
common_voice_mvy_42042564.mp3	4176
common_voice_mvy_42478935.mp3	5508
common_voice_mvy_42093114.mp3	3708
common_voice_mvy_42396426.mp3	5688
common_voice_mvy_42397043.mp3	3276
common_voice_mvy_42066450.mp3	6156
common_voice_mvy_42375782.mp3	3780
common_voice_mvy_42021516.mp3	6408
common_voice_mvy_42362768.mp3	3996
common_voice_mvy_42368677.mp3	8280
common_voice_mvy_42375748.mp3	4176
common_voice_mvy_42393049.mp3	3060
common_voice_mvy_42006523.mp3	3708
common_voice_mvy_42079213.mp3	3564
common_voice_mvy_42547569.mp3	3600
common_voice_mvy_42077307.mp3	2556
common_voice_mvy_42346835.mp3	2988
common_voice_mvy_42012652.mp3	5940
common_voice_mvy_42363495.mp3	5508
common_voice_mvy_42348613.mp3	6840
common_voice_mvy_42124238.mp3	4608
common_voice_mvy_42392270.mp3	5436
common_voice_mvy_42369771.mp3	5580
common_voice_mvy_42080244.mp3	7560
common_voice_mvy_42079827.mp3	5796
common_voice_mvy_42074901.mp3	2988
common_voice_mvy_42078884.mp3	2556
common_voice_mvy_42376447.mp3	4248
common_voice_mvy_42547792.mp3	5148
common_voice_mvy_42395997.mp3	3816
common_voice_mvy_42375839.mp3	3636
common_voice_mvy_42397072.mp3	4860
common_voice_mvy_42363753.mp3	3060
common_voice_mvy_42024591.mp3	9288
common_voice_mvy_42010711.mp3	3780
common_voice_mvy_42386520.mp3	4176
common_voice_mvy_42351542.mp3	8100
common_voice_mvy_42520441.mp3	6480
common_voice_mvy_42351873.mp3	8460
common_voice_mvy_42414143.mp3	4428
common_voice_mvy_42351684.mp3	3168
common_voice_mvy_42395199.mp3	4716
common_voice_mvy_42451768.mp3	4608
common_voice_mvy_42393390.mp3	2988
common_voice_mvy_42020685.mp3	7596
common_voice_mvy_42055518.mp3	3420
common_voice_mvy_42347672.mp3	4860
common_voice_mvy_42011893.mp3	4248
common_voice_mvy_42381253.mp3	3708
common_voice_mvy_42063064.mp3	7596
common_voice_mvy_42363820.mp3	3600
common_voice_mvy_42042180.mp3	3888
common_voice_mvy_42024838.mp3	4320
common_voice_mvy_42604505.mp3	5076
common_voice_mvy_42736066.mp3	5400
common_voice_mvy_42373511.mp3	5868
common_voice_mvy_42348385.mp3	9828
common_voice_mvy_42395200.mp3	4716
common_voice_mvy_42347150.mp3	4788
common_voice_mvy_42374192.mp3	5148
common_voice_mvy_42064492.mp3	3096
common_voice_mvy_42055427.mp3	4896
common_voice_mvy_42438288.mp3	4860
common_voice_mvy_42012195.mp3	4248
common_voice_mvy_42454039.mp3	4680
common_voice_mvy_42055381.mp3	3816
common_voice_mvy_42056598.mp3	11448
common_voice_mvy_42078625.mp3	3096
common_voice_mvy_42079286.mp3	4248
common_voice_mvy_42380663.mp3	5508
common_voice_mvy_42366661.mp3	6048
common_voice_mvy_42011227.mp3	6156
common_voice_mvy_42367325.mp3	5220
common_voice_mvy_42357163.mp3	2988
common_voice_mvy_42060361.mp3	4896
common_voice_mvy_42052632.mp3	3060
common_voice_mvy_42380504.mp3	4500
common_voice_mvy_42347027.mp3	3348
common_voice_mvy_42180548.mp3	4428
common_voice_mvy_42370043.mp3	5076
common_voice_mvy_42397214.mp3	3240
common_voice_mvy_42403079.mp3	4140
common_voice_mvy_42361865.mp3	8676
common_voice_mvy_42347605.mp3	3456
common_voice_mvy_42345977.mp3	5220
common_voice_mvy_42547830.mp3	3600
common_voice_mvy_42393467.mp3	4788
common_voice_mvy_42394315.mp3	3096
common_voice_mvy_42072909.mp3	5688
common_voice_mvy_42357844.mp3	3780
common_voice_mvy_42350739.mp3	3096
common_voice_mvy_42397408.mp3	5040
common_voice_mvy_42346972.mp3	3600
common_voice_mvy_42042200.mp3	3456
common_voice_mvy_42042536.mp3	7236
common_voice_mvy_42350640.mp3	3636
common_voice_mvy_42387781.mp3	3096
common_voice_mvy_42363712.mp3	3888
common_voice_mvy_42389767.mp3	4680
common_voice_mvy_42591161.mp3	5976
common_voice_mvy_42396721.mp3	6048
common_voice_mvy_42023158.mp3	5400
common_voice_mvy_42021228.mp3	5940
common_voice_mvy_42367796.mp3	8676
common_voice_mvy_42379158.mp3	4248
common_voice_mvy_42080880.mp3	4176
common_voice_mvy_42387923.mp3	3348
common_voice_mvy_42706528.mp3	5868
common_voice_mvy_42085549.mp3	4680
common_voice_mvy_42413633.mp3	4716
common_voice_mvy_42383640.mp3	3456
common_voice_mvy_42413358.mp3	3636
common_voice_mvy_42394460.mp3	4716
common_voice_mvy_42077250.mp3	4608
common_voice_mvy_42380154.mp3	5688
common_voice_mvy_42060787.mp3	4860
common_voice_mvy_42084684.mp3	6480
common_voice_mvy_42369211.mp3	3780
common_voice_mvy_42348893.mp3	4356
common_voice_mvy_42377815.mp3	7956
common_voice_mvy_42413341.mp3	6768
common_voice_mvy_42347202.mp3	4680
common_voice_mvy_42403061.mp3	6516
common_voice_mvy_42079760.mp3	2988
common_voice_mvy_42093096.mp3	7236
common_voice_mvy_42364241.mp3	3996
common_voice_mvy_42392561.mp3	5940
common_voice_mvy_42363710.mp3	4860
common_voice_mvy_42396564.mp3	4896
common_voice_mvy_42021114.mp3	8136
common_voice_mvy_42053160.mp3	5688
common_voice_mvy_42052986.mp3	3636
common_voice_mvy_42361158.mp3	4896
common_voice_mvy_42080028.mp3	7056
common_voice_mvy_42369386.mp3	2988
common_voice_mvy_42415215.mp3	4428
common_voice_mvy_42396231.mp3	6156
common_voice_mvy_43136375.mp3	4788
common_voice_mvy_42077326.mp3	5256
common_voice_mvy_42403902.mp3	3348
common_voice_mvy_42006940.mp3	2628
common_voice_mvy_42052656.mp3	4320
common_voice_mvy_42397923.mp3	3096
common_voice_mvy_42396573.mp3	6120
common_voice_mvy_42055906.mp3	4860
common_voice_mvy_42385674.mp3	6228
common_voice_mvy_42377630.mp3	3060
common_voice_mvy_42351310.mp3	6660
common_voice_mvy_42078863.mp3	5076
common_voice_mvy_42376195.mp3	3888
common_voice_mvy_42395672.mp3	2808
common_voice_mvy_42363625.mp3	4788
common_voice_mvy_42369826.mp3	2916
common_voice_mvy_42361859.mp3	4176
common_voice_mvy_42180422.mp3	3348
common_voice_mvy_42352423.mp3	5040
common_voice_mvy_42092665.mp3	5148
common_voice_mvy_42378551.mp3	3528
common_voice_mvy_42357065.mp3	4248
common_voice_mvy_42367320.mp3	6120
common_voice_mvy_42067840.mp3	2700
common_voice_mvy_42079257.mp3	5508
common_voice_mvy_42380759.mp3	4500
common_voice_mvy_42369162.mp3	5940
common_voice_mvy_42384827.mp3	5616
common_voice_mvy_42379803.mp3	4356
common_voice_mvy_42020637.mp3	3600
common_voice_mvy_42396427.mp3	3420
common_voice_mvy_42079628.mp3	4608
common_voice_mvy_42575035.mp3	4716
common_voice_mvy_42384196.mp3	4356
common_voice_mvy_42380559.mp3	5868
common_voice_mvy_42369836.mp3	5436
common_voice_mvy_42396236.mp3	4788
common_voice_mvy_42080375.mp3	4248
common_voice_mvy_42085161.mp3	9756
common_voice_mvy_42073824.mp3	7380
common_voice_mvy_42392502.mp3	5796
common_voice_mvy_42013301.mp3	6048
common_voice_mvy_42380602.mp3	5436
common_voice_mvy_42376399.mp3	2340
common_voice_mvy_42383840.mp3	3096
common_voice_mvy_42006990.mp3	5616
common_voice_mvy_42382704.mp3	6660
common_voice_mvy_42362279.mp3	6336
common_voice_mvy_42081283.mp3	4176
common_voice_mvy_42391147.mp3	7776
common_voice_mvy_42348553.mp3	4140
common_voice_mvy_42397282.mp3	5328
common_voice_mvy_42079469.mp3	5328
common_voice_mvy_42552865.mp3	3960
common_voice_mvy_42079196.mp3	5976
common_voice_mvy_42096473.mp3	3708
common_voice_mvy_42382181.mp3	5328
common_voice_mvy_42385017.mp3	3816
common_voice_mvy_42007369.mp3	5256
common_voice_mvy_42124228.mp3	9936
common_voice_mvy_42533354.mp3	4968
common_voice_mvy_42397516.mp3	3420
common_voice_mvy_42011963.mp3	3708
common_voice_mvy_42093034.mp3	3636
common_voice_mvy_42394292.mp3	3240
common_voice_mvy_42370266.mp3	4608
common_voice_mvy_42383375.mp3	4140
common_voice_mvy_42403376.mp3	7920
common_voice_mvy_42394888.mp3	2808
common_voice_mvy_42394620.mp3	4680
common_voice_mvy_42007167.mp3	4176
common_voice_mvy_42060925.mp3	4176
common_voice_mvy_42363873.mp3	4140
common_voice_mvy_42438136.mp3	3348
common_voice_mvy_42397573.mp3	3600
common_voice_mvy_42381191.mp3	3888
common_voice_mvy_42277906.mp3	5148
common_voice_mvy_42060339.mp3	6300
common_voice_mvy_42020521.mp3	3960
common_voice_mvy_42515063.mp3	3780
common_voice_mvy_42011321.mp3	4536
common_voice_mvy_42397106.mp3	9828
common_voice_mvy_42348427.mp3	8820
common_voice_mvy_42060262.mp3	3780
common_voice_mvy_42007723.mp3	4140
common_voice_mvy_42363007.mp3	4068
common_voice_mvy_42073815.mp3	7200
common_voice_mvy_42362648.mp3	5976
common_voice_mvy_42364033.mp3	3636
common_voice_mvy_42370733.mp3	2988
common_voice_mvy_42373836.mp3	7056
common_voice_mvy_42007839.mp3	4500
common_voice_mvy_42520416.mp3	3888
common_voice_mvy_42363652.mp3	3888
common_voice_mvy_42467367.mp3	4176
common_voice_mvy_42383449.mp3	4716
common_voice_mvy_42378868.mp3	4248
common_voice_mvy_42079115.mp3	3528
common_voice_mvy_42378923.mp3	3888
common_voice_mvy_42011952.mp3	3456
common_voice_mvy_42393060.mp3	2916
common_voice_mvy_42042295.mp3	5040
common_voice_mvy_42396395.mp3	3348
common_voice_mvy_42384764.mp3	4608
common_voice_mvy_42011828.mp3	5580
common_voice_mvy_42361222.mp3	7128
common_voice_mvy_42367755.mp3	3960
common_voice_mvy_42067185.mp3	2628
common_voice_mvy_42556779.mp3	7848
common_voice_mvy_42367242.mp3	3888
common_voice_mvy_42474255.mp3	4680
common_voice_mvy_42066446.mp3	4536
common_voice_mvy_42010500.mp3	3528
common_voice_mvy_48992968.mp3	4860
common_voice_mvy_42073008.mp3	4500
common_voice_mvy_42363010.mp3	3096
common_voice_mvy_42367146.mp3	6876
common_voice_mvy_42393879.mp3	4968
common_voice_mvy_42073005.mp3	3708
common_voice_mvy_42042977.mp3	7128
common_voice_mvy_42363116.mp3	4356
common_voice_mvy_42376436.mp3	8676
common_voice_mvy_42080153.mp3	5760
common_voice_mvy_42380634.mp3	3960
common_voice_mvy_42347207.mp3	4176
common_voice_mvy_42380171.mp3	7308
common_voice_mvy_42360063.mp3	3816
common_voice_mvy_42397179.mp3	4968
common_voice_mvy_42373656.mp3	4356
common_voice_mvy_42089188.mp3	8748
common_voice_mvy_42042291.mp3	7236
common_voice_mvy_42392985.mp3	5796
common_voice_mvy_42080791.mp3	4248
common_voice_mvy_42078732.mp3	3780
common_voice_mvy_42363704.mp3	4608
common_voice_mvy_42373413.mp3	4248
common_voice_mvy_42413593.mp3	4680
common_voice_mvy_42394238.mp3	3060
common_voice_mvy_42395729.mp3	3456
common_voice_mvy_42375259.mp3	4536
common_voice_mvy_42052722.mp3	3708
common_voice_mvy_42394735.mp3	6228
common_voice_mvy_42496660.mp3	9540
common_voice_mvy_42081245.mp3	6408
common_voice_mvy_42376316.mp3	6048
common_voice_mvy_42352092.mp3	3420
common_voice_mvy_42368865.mp3	6480
common_voice_mvy_42012031.mp3	5328
common_voice_mvy_42380880.mp3	6048
common_voice_mvy_42089545.mp3	3888
common_voice_mvy_42546193.mp3	4320
common_voice_mvy_42360180.mp3	3636
common_voice_mvy_42363328.mp3	4176
common_voice_mvy_42092663.mp3	4140
common_voice_mvy_42384791.mp3	9468
common_voice_mvy_42014197.mp3	6120
common_voice_mvy_42356344.mp3	4536
common_voice_mvy_42367512.mp3	4896
common_voice_mvy_42382651.mp3	4500
common_voice_mvy_42373415.mp3	6048
common_voice_mvy_42357071.mp3	3168
common_voice_mvy_42078555.mp3	6696
common_voice_mvy_42064038.mp3	5148
common_voice_mvy_42063750.mp3	3096
common_voice_mvy_42079523.mp3	5256
common_voice_mvy_42010175.mp3	3168
common_voice_mvy_42367098.mp3	4896
common_voice_mvy_42007848.mp3	2700
common_voice_mvy_42364686.mp3	6408
common_voice_mvy_42390070.mp3	2916
common_voice_mvy_42382918.mp3	3780
common_voice_mvy_42064060.mp3	7560
common_voice_mvy_42067917.mp3	3960
common_voice_mvy_42376398.mp3	3096
common_voice_mvy_42011873.mp3	5976
common_voice_mvy_42478926.mp3	3708
common_voice_mvy_42547604.mp3	4320
common_voice_mvy_42021518.mp3	5400
common_voice_mvy_42381004.mp3	4320
common_voice_mvy_42361893.mp3	4176
common_voice_mvy_42533343.mp3	4356
common_voice_mvy_42061315.mp3	3528
common_voice_mvy_42063951.mp3	9108
common_voice_mvy_42387800.mp3	4428
common_voice_mvy_42348546.mp3	3276
common_voice_mvy_42394566.mp3	3096
common_voice_mvy_42373914.mp3	5940
common_voice_mvy_42395361.mp3	3528
common_voice_mvy_42397048.mp3	4968
common_voice_mvy_42361506.mp3	6660
common_voice_mvy_42084059.mp3	5940
common_voice_mvy_42089742.mp3	5796
common_voice_mvy_42412742.mp3	3420
common_voice_mvy_42380920.mp3	5616
common_voice_mvy_42361776.mp3	4536
common_voice_mvy_42395178.mp3	3960
common_voice_mvy_42008245.mp3	5400
common_voice_mvy_42080242.mp3	5976
common_voice_mvy_42011874.mp3	4608
common_voice_mvy_42077242.mp3	6156
common_voice_mvy_42042189.mp3	6948
common_voice_mvy_42370094.mp3	2628
common_voice_mvy_42075491.mp3	6048
common_voice_mvy_42089076.mp3	3240
common_voice_mvy_42387881.mp3	2808
common_voice_mvy_42438236.mp3	2736
common_voice_mvy_42042121.mp3	3960
common_voice_mvy_42074823.mp3	3276
common_voice_mvy_42383235.mp3	3528
common_voice_mvy_42360194.mp3	4140
common_voice_mvy_42081002.mp3	4320
common_voice_mvy_42395698.mp3	5256
common_voice_mvy_42370704.mp3	5256
common_voice_mvy_42365610.mp3	5940
common_voice_mvy_42368832.mp3	4536
common_voice_mvy_42568130.mp3	4968
common_voice_mvy_42350271.mp3	3780
common_voice_mvy_42356235.mp3	5796
common_voice_mvy_42013067.mp3	6228
common_voice_mvy_42393763.mp3	5868
common_voice_mvy_42358195.mp3	4428
common_voice_mvy_42373706.mp3	3996
common_voice_mvy_42064294.mp3	3888
common_voice_mvy_42379154.mp3	6588
common_voice_mvy_42392533.mp3	5580
common_voice_mvy_42369398.mp3	4608
common_voice_mvy_42089333.mp3	6660
common_voice_mvy_42079117.mp3	5868
common_voice_mvy_42010447.mp3	3780
common_voice_mvy_42350608.mp3	4680
common_voice_mvy_42351162.mp3	5868
common_voice_mvy_42397514.mp3	4428
common_voice_mvy_42053479.mp3	5688
common_voice_mvy_42078909.mp3	4788
common_voice_mvy_42347052.mp3	5148
common_voice_mvy_42060811.mp3	4500
common_voice_mvy_42414235.mp3	3240
common_voice_mvy_42370369.mp3	5400
common_voice_mvy_42062778.mp3	9576
common_voice_mvy_42363452.mp3	5076
common_voice_mvy_42384372.mp3	3528
common_voice_mvy_42363999.mp3	4068
common_voice_mvy_42365617.mp3	4320
common_voice_mvy_42376544.mp3	2916
common_voice_mvy_42078908.mp3	6660
common_voice_mvy_42351360.mp3	3456
common_voice_mvy_42007584.mp3	4140
common_voice_mvy_42391974.mp3	3708
common_voice_mvy_42079740.mp3	3816
common_voice_mvy_42396437.mp3	3456
common_voice_mvy_42451769.mp3	4068
common_voice_mvy_42515089.mp3	3996
common_voice_mvy_42396516.mp3	5148
common_voice_mvy_42363860.mp3	5868
common_voice_mvy_42011640.mp3	6660
common_voice_mvy_42360646.mp3	6480
common_voice_mvy_42012141.mp3	4968
common_voice_mvy_42365095.mp3	3888
common_voice_mvy_42351415.mp3	7416
common_voice_mvy_42089119.mp3	3240
common_voice_mvy_42381142.mp3	4356
common_voice_mvy_42061042.mp3	2916
common_voice_mvy_42079322.mp3	7056
common_voice_mvy_42080798.mp3	6840
common_voice_mvy_42380940.mp3	4680
common_voice_mvy_42393159.mp3	3456
common_voice_mvy_42380760.mp3	6588
common_voice_mvy_42385100.mp3	7920
common_voice_mvy_42361903.mp3	4068
common_voice_mvy_42374237.mp3	5580
common_voice_mvy_42393690.mp3	3636
common_voice_mvy_42520423.mp3	3276
common_voice_mvy_42073703.mp3	6768
common_voice_mvy_42065742.mp3	4320
common_voice_mvy_42085564.mp3	3420
common_voice_mvy_42124674.mp3	6120
common_voice_mvy_42008429.mp3	2808
common_voice_mvy_42405466.mp3	3708
common_voice_mvy_42397502.mp3	2916
common_voice_mvy_42380901.mp3	3996
common_voice_mvy_42380157.mp3	6768
common_voice_mvy_42396059.mp3	3528
common_voice_mvy_42347711.mp3	5400
common_voice_mvy_42074819.mp3	4608
common_voice_mvy_42086278.mp3	3276
common_voice_mvy_42366984.mp3	5040
common_voice_mvy_42080317.mp3	3168
common_voice_mvy_42389973.mp3	3420
common_voice_mvy_42356857.mp3	3456
common_voice_mvy_42360073.mp3	5508
common_voice_mvy_42060769.mp3	3996
common_voice_mvy_42065646.mp3	3096
common_voice_mvy_43579290.mp3	4896
common_voice_mvy_42402953.mp3	4068
common_voice_mvy_42395029.mp3	5148
common_voice_mvy_42011323.mp3	6048
common_voice_mvy_42386114.mp3	4860
common_voice_mvy_42393205.mp3	4428
common_voice_mvy_42080499.mp3	3636
common_voice_mvy_42370439.mp3	2916
common_voice_mvy_42389992.mp3	7020
common_voice_mvy_42064269.mp3	9036
common_voice_mvy_42387864.mp3	3168
common_voice_mvy_42351549.mp3	4428
common_voice_mvy_42079712.mp3	2880
common_voice_mvy_42360569.mp3	3708
common_voice_mvy_42089190.mp3	4716
common_voice_mvy_42362602.mp3	4356
common_voice_mvy_42348552.mp3	4248
common_voice_mvy_42024855.mp3	5400
common_voice_mvy_42080348.mp3	6516
common_voice_mvy_42008090.mp3	3600
common_voice_mvy_42060973.mp3	8028
common_voice_mvy_42494238.mp3	5328
common_voice_mvy_42391220.mp3	4788
common_voice_mvy_42358476.mp3	5040
common_voice_mvy_42007907.mp3	7200
common_voice_mvy_42357004.mp3	3708
common_voice_mvy_42021169.mp3	4356
common_voice_mvy_42376594.mp3	7056
common_voice_mvy_42060258.mp3	4716
common_voice_mvy_42397814.mp3	3096
common_voice_mvy_42367639.mp3	6048
common_voice_mvy_42363701.mp3	3996
common_voice_mvy_42023176.mp3	3168
common_voice_mvy_42395090.mp3	3636
common_voice_mvy_42392879.mp3	3600
common_voice_mvy_42393649.mp3	3096
common_voice_mvy_42382740.mp3	4248
common_voice_mvy_42383643.mp3	5616
common_voice_mvy_42393007.mp3	2988
common_voice_mvy_42023163.mp3	6948
common_voice_mvy_42080500.mp3	4428
common_voice_mvy_42053125.mp3	3960
common_voice_mvy_42079830.mp3	3348
common_voice_mvy_42374233.mp3	6660
common_voice_mvy_42547661.mp3	3456
common_voice_mvy_42556879.mp3	7560
common_voice_mvy_42550612.mp3	4608
common_voice_mvy_42438249.mp3	3708
common_voice_mvy_42551686.mp3	3960
common_voice_mvy_42585985.mp3	7416
common_voice_mvy_42367363.mp3	4176
common_voice_mvy_42392269.mp3	8100
common_voice_mvy_42382283.mp3	5256
common_voice_mvy_42397076.mp3	4608
common_voice_mvy_42180503.mp3	2880
common_voice_mvy_42086653.mp3	5688
common_voice_mvy_42180428.mp3	3240
common_voice_mvy_42055738.mp3	6516
common_voice_mvy_42022396.mp3	4248
common_voice_mvy_42064063.mp3	3456
common_voice_mvy_42413645.mp3	5868
common_voice_mvy_42043248.mp3	3600
common_voice_mvy_42552939.mp3	5940
common_voice_mvy_42380261.mp3	6300
common_voice_mvy_42405490.mp3	3996
common_voice_mvy_42060044.mp3	8100
common_voice_mvy_42378688.mp3	5580
common_voice_mvy_42389363.mp3	6120
common_voice_mvy_42072885.mp3	7200
common_voice_mvy_42061246.mp3	7272
common_voice_mvy_42390294.mp3	2628
common_voice_mvy_42081217.mp3	5976
common_voice_mvy_42374203.mp3	4788
common_voice_mvy_42390479.mp3	4896
common_voice_mvy_42350782.mp3	3816
common_voice_mvy_42075529.mp3	5508
common_voice_mvy_42375300.mp3	5040
common_voice_mvy_42064257.mp3	6120
common_voice_mvy_42384734.mp3	4536
common_voice_mvy_42363038.mp3	4680
common_voice_mvy_42394732.mp3	4068
common_voice_mvy_42010381.mp3	4968
common_voice_mvy_42053449.mp3	4428
common_voice_mvy_42060295.mp3	7956
common_voice_mvy_42405529.mp3	3096
common_voice_mvy_42130425.mp3	3636
common_voice_mvy_42367403.mp3	3420
common_voice_mvy_42392829.mp3	3780
common_voice_mvy_42053712.mp3	2556
common_voice_mvy_42384461.mp3	3240
common_voice_mvy_42418721.mp3	4536
common_voice_mvy_42361491.mp3	6516
common_voice_mvy_42012143.mp3	5616
common_voice_mvy_42351402.mp3	3276
common_voice_mvy_42389404.mp3	4608
common_voice_mvy_42007782.mp3	8100
common_voice_mvy_42356267.mp3	5220
common_voice_mvy_42393388.mp3	3060
common_voice_mvy_42404613.mp3	3096
common_voice_mvy_42429038.mp3	3780
common_voice_mvy_42389050.mp3	4500
common_voice_mvy_42062557.mp3	6768
common_voice_mvy_42376448.mp3	2880
common_voice_mvy_42380800.mp3	10080
common_voice_mvy_42021258.mp3	6156
common_voice_mvy_42387718.mp3	4608
common_voice_mvy_42390757.mp3	3456
common_voice_mvy_42064750.mp3	3636
common_voice_mvy_42375997.mp3	3240
common_voice_mvy_42376601.mp3	6840
common_voice_mvy_42062875.mp3	5328
common_voice_mvy_42363425.mp3	3816
common_voice_mvy_42393102.mp3	5688
common_voice_mvy_42374267.mp3	3348
common_voice_mvy_42096198.mp3	5868
common_voice_mvy_42376567.mp3	4716
common_voice_mvy_42369765.mp3	3708
common_voice_mvy_42080420.mp3	4320
common_voice_mvy_42381270.mp3	4248
common_voice_mvy_42366747.mp3	4392
common_voice_mvy_42392835.mp3	4788
common_voice_mvy_42356275.mp3	4248
common_voice_mvy_42363650.mp3	5436
common_voice_mvy_42124210.mp3	5040
common_voice_mvy_42363254.mp3	3888
common_voice_mvy_42072986.mp3	8100
common_voice_mvy_42360401.mp3	4500
common_voice_mvy_42360467.mp3	3636
common_voice_mvy_42369737.mp3	4320
common_voice_mvy_42383898.mp3	4680
common_voice_mvy_42396572.mp3	3276
common_voice_mvy_42364328.mp3	5796
common_voice_mvy_42451813.mp3	3456
common_voice_mvy_42093215.mp3	5076
common_voice_mvy_42064116.mp3	3996
common_voice_mvy_42350402.mp3	3096
common_voice_mvy_42360608.mp3	3060
common_voice_mvy_42011779.mp3	4356
common_voice_mvy_42093046.mp3	4248
common_voice_mvy_42383378.mp3	5796
common_voice_mvy_42547522.mp3	4536
common_voice_mvy_42384437.mp3	4716
common_voice_mvy_42376490.mp3	3636
common_voice_mvy_42055839.mp3	3780
common_voice_mvy_42346443.mp3	3420
common_voice_mvy_42067160.mp3	5148
common_voice_mvy_42074810.mp3	6336
common_voice_mvy_42382248.mp3	3528
common_voice_mvy_42042971.mp3	8028
common_voice_mvy_42413339.mp3	3708
common_voice_mvy_42347175.mp3	6660
common_voice_mvy_42007251.mp3	3600
common_voice_mvy_42397837.mp3	6480
common_voice_mvy_42024877.mp3	3888
common_voice_mvy_42360384.mp3	3996
common_voice_mvy_42061228.mp3	7560
common_voice_mvy_42556914.mp3	5220
common_voice_mvy_42349243.mp3	2916
common_voice_mvy_42063215.mp3	5868
common_voice_mvy_42389536.mp3	3600
common_voice_mvy_42007739.mp3	4068
common_voice_mvy_42124206.mp3	3780
common_voice_mvy_42362868.mp3	5616
common_voice_mvy_42350329.mp3	3528
common_voice_mvy_42073727.mp3	5400
common_voice_mvy_42008162.mp3	5436
common_voice_mvy_42376603.mp3	3600
common_voice_mvy_42008400.mp3	3996
common_voice_mvy_42393784.mp3	2556
common_voice_mvy_42077357.mp3	2556
common_voice_mvy_42073849.mp3	4680
common_voice_mvy_42010310.mp3	2988
common_voice_mvy_42380007.mp3	3168
common_voice_mvy_42370484.mp3	5760
common_voice_mvy_42043619.mp3	6876
common_voice_mvy_42349607.mp3	4140
common_voice_mvy_42060749.mp3	4788
common_voice_mvy_42363205.mp3	3528
common_voice_mvy_42012013.mp3	3960
common_voice_mvy_42413259.mp3	4968
common_voice_mvy_42532224.mp3	3600
common_voice_mvy_42367656.mp3	3240
common_voice_mvy_42405462.mp3	3528
common_voice_mvy_42520427.mp3	2628
common_voice_mvy_42372918.mp3	4248
common_voice_mvy_42080518.mp3	5328
common_voice_mvy_42080477.mp3	5868
common_voice_mvy_42413804.mp3	3600
common_voice_mvy_42007582.mp3	5184
common_voice_mvy_42079192.mp3	3996
common_voice_mvy_42393234.mp3	3168
common_voice_mvy_42011269.mp3	3636
common_voice_mvy_42124268.mp3	4068
common_voice_mvy_42360252.mp3	3600
common_voice_mvy_42367279.mp3	4140
common_voice_mvy_42365748.mp3	6840
common_voice_mvy_42066837.mp3	3960
common_voice_mvy_42024555.mp3	4140
common_voice_mvy_42560121.mp3	6876
common_voice_mvy_42078548.mp3	11808
common_voice_mvy_42346853.mp3	3708
common_voice_mvy_42374279.mp3	8820
common_voice_mvy_42347492.mp3	5040
common_voice_mvy_42081234.mp3	4248
common_voice_mvy_42348466.mp3	5616
common_voice_mvy_42088948.mp3	4176
common_voice_mvy_42347391.mp3	4320
common_voice_mvy_42382286.mp3	4680
common_voice_mvy_42055767.mp3	2808
common_voice_mvy_42533398.mp3	8568
common_voice_mvy_42383724.mp3	7380
common_voice_mvy_42397761.mp3	4176
common_voice_mvy_42393446.mp3	4896
common_voice_mvy_42347569.mp3	3096
common_voice_mvy_42395122.mp3	3240
common_voice_mvy_42376510.mp3	4500
common_voice_mvy_42348530.mp3	5328
common_voice_mvy_42364197.mp3	4068
common_voice_mvy_42387895.mp3	3600
common_voice_mvy_42347232.mp3	7956
common_voice_mvy_42383216.mp3	5688
common_voice_mvy_42376770.mp3	4140
common_voice_mvy_42008564.mp3	4356
common_voice_mvy_42011833.mp3	3096
common_voice_mvy_42088984.mp3	4140
common_voice_mvy_42367197.mp3	5040
common_voice_mvy_42021091.mp3	6228
common_voice_mvy_42591087.mp3	5328
common_voice_mvy_42007980.mp3	4068
common_voice_mvy_42072013.mp3	2916
common_voice_mvy_42373399.mp3	5508
common_voice_mvy_42078690.mp3	6120
common_voice_mvy_42374274.mp3	3960
common_voice_mvy_42075588.mp3	9720
common_voice_mvy_42367258.mp3	3528
common_voice_mvy_42011810.mp3	5868
common_voice_mvy_42391932.mp3	3564
common_voice_mvy_42706536.mp3	4176
common_voice_mvy_42387947.mp3	4536
common_voice_mvy_42042877.mp3	3636
common_voice_mvy_42413213.mp3	4176
common_voice_mvy_42368815.mp3	3816
common_voice_mvy_42393457.mp3	3960
common_voice_mvy_42080457.mp3	5148
common_voice_mvy_42378870.mp3	4680
common_voice_mvy_42557276.mp3	4356
common_voice_mvy_42363302.mp3	3888
common_voice_mvy_42093199.mp3	7956
common_voice_mvy_42351459.mp3	4500
common_voice_mvy_42370081.mp3	5256
common_voice_mvy_42363448.mp3	4356
common_voice_mvy_42515095.mp3	5616
common_voice_mvy_42084106.mp3	6408
common_voice_mvy_42084823.mp3	3420
common_voice_mvy_42015087.mp3	5940
common_voice_mvy_42079643.mp3	3708
common_voice_mvy_42008689.mp3	2628
common_voice_mvy_42404597.mp3	5076
common_voice_mvy_42389030.mp3	3780
common_voice_mvy_42042120.mp3	2988
common_voice_mvy_42008421.mp3	2916
common_voice_mvy_42369993.mp3	2520
common_voice_mvy_42092841.mp3	6120
common_voice_mvy_42438122.mp3	2880
common_voice_mvy_42008182.mp3	3528
common_voice_mvy_42393711.mp3	4320
common_voice_mvy_42366952.mp3	7596
common_voice_mvy_42373349.mp3	3780
common_voice_mvy_42382169.mp3	5760
common_voice_mvy_42079612.mp3	11736
common_voice_mvy_42363345.mp3	4356
common_voice_mvy_42413746.mp3	3996
common_voice_mvy_42063649.mp3	8568
common_voice_mvy_42079442.mp3	7956
common_voice_mvy_42363327.mp3	5256
common_voice_mvy_42496612.mp3	6660
common_voice_mvy_42349094.mp3	14616
common_voice_mvy_42066478.mp3	5328
common_voice_mvy_42007174.mp3	6696
common_voice_mvy_42063218.mp3	3240
common_voice_mvy_42348944.mp3	4428
common_voice_mvy_42079899.mp3	6048
common_voice_mvy_42406559.mp3	5508
common_voice_mvy_42369279.mp3	4500
common_voice_mvy_42405452.mp3	3780
common_voice_mvy_42079606.mp3	4248
common_voice_mvy_42357181.mp3	3168
common_voice_mvy_42467390.mp3	5868
common_voice_mvy_42451833.mp3	5760
common_voice_mvy_42383416.mp3	7056
common_voice_mvy_42042255.mp3	4248
common_voice_mvy_42380506.mp3	3708
common_voice_mvy_42011979.mp3	4860
common_voice_mvy_42363501.mp3	4356
common_voice_mvy_42391640.mp3	4860
common_voice_mvy_42080999.mp3	5760
common_voice_mvy_42124334.mp3	7200
common_voice_mvy_42076070.mp3	3456
common_voice_mvy_42060365.mp3	5220
common_voice_mvy_42079283.mp3	4680
common_voice_mvy_42053567.mp3	3168
common_voice_mvy_42403406.mp3	3168
common_voice_mvy_42552971.mp3	5256
common_voice_mvy_42363399.mp3	5256
common_voice_mvy_42356362.mp3	3960
common_voice_mvy_42370138.mp3	5796
common_voice_mvy_42356270.mp3	7848
common_voice_mvy_42557269.mp3	3348
common_voice_mvy_42547510.mp3	2736
common_voice_mvy_42053512.mp3	5220
common_voice_mvy_42076307.mp3	2916
common_voice_mvy_42706523.mp3	5940
common_voice_mvy_42412760.mp3	4248
common_voice_mvy_42365781.mp3	7380
common_voice_mvy_42397501.mp3	3960
common_voice_mvy_42093173.mp3	5868
common_voice_mvy_42392031.mp3	3600
common_voice_mvy_42081561.mp3	5796
common_voice_mvy_42348554.mp3	5868
common_voice_mvy_42376467.mp3	5508
common_voice_mvy_42080690.mp3	5148
common_voice_mvy_42390742.mp3	3996
common_voice_mvy_42011390.mp3	3996
common_voice_mvy_42011784.mp3	3456
common_voice_mvy_42360066.mp3	6228
common_voice_mvy_42368436.mp3	3168
common_voice_mvy_42546299.mp3	7308
common_voice_mvy_42365900.mp3	4176
common_voice_mvy_42387880.mp3	4176
common_voice_mvy_42012006.mp3	5220
common_voice_mvy_42021238.mp3	5796
common_voice_mvy_42391901.mp3	5292
common_voice_mvy_42389967.mp3	4140
common_voice_mvy_42061350.mp3	3816
common_voice_mvy_42414409.mp3	3708
common_voice_mvy_42405518.mp3	3528
common_voice_mvy_42369194.mp3	4068
common_voice_mvy_42369749.mp3	3276
common_voice_mvy_42360251.mp3	5796
common_voice_mvy_42010440.mp3	8100
common_voice_mvy_42061229.mp3	6480
common_voice_mvy_42007891.mp3	6408
common_voice_mvy_42377802.mp3	5148
common_voice_mvy_42008089.mp3	4896
common_voice_mvy_42547685.mp3	4320
common_voice_mvy_42391044.mp3	6588
common_voice_mvy_42361313.mp3	4680
common_voice_mvy_42380541.mp3	4140
common_voice_mvy_42073840.mp3	3348
common_voice_mvy_42515084.mp3	4680
common_voice_mvy_42055455.mp3	3240
common_voice_mvy_42429026.mp3	3996
common_voice_mvy_42413314.mp3	4068
common_voice_mvy_42089695.mp3	9396
common_voice_mvy_42397132.mp3	3168
common_voice_mvy_42124240.mp3	3600
common_voice_mvy_42392002.mp3	4248
common_voice_mvy_42393423.mp3	8100
common_voice_mvy_42515114.mp3	2880
common_voice_mvy_42079615.mp3	4320
common_voice_mvy_42346008.mp3	5256
common_voice_mvy_42380836.mp3	4896
common_voice_mvy_42011203.mp3	7020
common_voice_mvy_42080325.mp3	2988
common_voice_mvy_42360443.mp3	3600
common_voice_mvy_42391938.mp3	3168
common_voice_mvy_42089295.mp3	4176
common_voice_mvy_42363987.mp3	6300
common_voice_mvy_42390041.mp3	4680
common_voice_mvy_42072296.mp3	4176
common_voice_mvy_42351612.mp3	5508
common_voice_mvy_42384160.mp3	2880
common_voice_mvy_42053429.mp3	4176
common_voice_mvy_42350217.mp3	3960
common_voice_mvy_42367330.mp3	4896
common_voice_mvy_42008446.mp3	3168
common_voice_mvy_42015048.mp3	8028
common_voice_mvy_42380555.mp3	4356
common_voice_mvy_42349805.mp3	3348
common_voice_mvy_42012657.mp3	3888
common_voice_mvy_42052691.mp3	3960
common_voice_mvy_42067378.mp3	5076
common_voice_mvy_42363180.mp3	3600
common_voice_mvy_42547527.mp3	3348
common_voice_mvy_42370160.mp3	2988
common_voice_mvy_42397579.mp3	3528
common_voice_mvy_42124171.mp3	9756
common_voice_mvy_42364892.mp3	4068
common_voice_mvy_42060985.mp3	3096
common_voice_mvy_42067052.mp3	5040
common_voice_mvy_42060988.mp3	8460
common_voice_mvy_42180429.mp3	3456
common_voice_mvy_42387938.mp3	5256
common_voice_mvy_42078864.mp3	3384
common_voice_mvy_42392916.mp3	3528
common_voice_mvy_42080920.mp3	5148
common_voice_mvy_42348255.mp3	6156
common_voice_mvy_42383706.mp3	4788
common_voice_mvy_42075807.mp3	2880
common_voice_mvy_42357781.mp3	3960
common_voice_mvy_42379224.mp3	4356
common_voice_mvy_42361892.mp3	3240
common_voice_mvy_42056688.mp3	4140
common_voice_mvy_42350458.mp3	6480
common_voice_mvy_42076030.mp3	2376
common_voice_mvy_42367391.mp3	4140
common_voice_mvy_42346522.mp3	3888
common_voice_mvy_42413683.mp3	3708
common_voice_mvy_42079711.mp3	4860
common_voice_mvy_42384344.mp3	4140
common_voice_mvy_42042110.mp3	4716
common_voice_mvy_42350428.mp3	4608
common_voice_mvy_42021669.mp3	3060
common_voice_mvy_42084860.mp3	4356
common_voice_mvy_42055425.mp3	4716
common_voice_mvy_42075695.mp3	4716
common_voice_mvy_42066879.mp3	4500
common_voice_mvy_42349934.mp3	4248
common_voice_mvy_42363214.mp3	3168
common_voice_mvy_42080059.mp3	5580
common_voice_mvy_42053463.mp3	6120
common_voice_mvy_42008546.mp3	5760
common_voice_mvy_42370284.mp3	6120
common_voice_mvy_42547847.mp3	3600
common_voice_mvy_42182552.mp3	3708
common_voice_mvy_42556870.mp3	4428
common_voice_mvy_42381130.mp3	4428
common_voice_mvy_42387879.mp3	3600
common_voice_mvy_42124371.mp3	5508
common_voice_mvy_42515087.mp3	4500
common_voice_mvy_42393509.mp3	2988
common_voice_mvy_42063004.mp3	5256
common_voice_mvy_42089882.mp3	6408
common_voice_mvy_42386103.mp3	5148
common_voice_mvy_42380720.mp3	3960
common_voice_mvy_42393516.mp3	4680
common_voice_mvy_42080539.mp3	4428
common_voice_mvy_42357300.mp3	3816
common_voice_mvy_42398341.mp3	4248
common_voice_mvy_42124356.mp3	4248
common_voice_mvy_42393723.mp3	3276
common_voice_mvy_42008193.mp3	4068
common_voice_mvy_42077258.mp3	4356
common_voice_mvy_42351276.mp3	5508
common_voice_mvy_42573249.mp3	3636
common_voice_mvy_42377899.mp3	3708
common_voice_mvy_42077626.mp3	2628
common_voice_mvy_42375869.mp3	4068
common_voice_mvy_42370279.mp3	3528
common_voice_mvy_42376411.mp3	4968
common_voice_mvy_42350973.mp3	9648
common_voice_mvy_42380542.mp3	3960
common_voice_mvy_42392367.mp3	3816
common_voice_mvy_42380192.mp3	3060
common_voice_mvy_42384492.mp3	3276
common_voice_mvy_42393536.mp3	3240
common_voice_mvy_42364231.mp3	2988
common_voice_mvy_42362193.mp3	5220
common_voice_mvy_42347555.mp3	3996
common_voice_mvy_42079981.mp3	2988
common_voice_mvy_42366740.mp3	3744
common_voice_mvy_42064336.mp3	5760
common_voice_mvy_42011248.mp3	7416
common_voice_mvy_42414451.mp3	6336
common_voice_mvy_42394807.mp3	3168
common_voice_mvy_42546211.mp3	5976
common_voice_mvy_42397688.mp3	2700
common_voice_mvy_42346953.mp3	3276
common_voice_mvy_42084734.mp3	5040
common_voice_mvy_42381128.mp3	4356
common_voice_mvy_42387917.mp3	3276
common_voice_mvy_42383568.mp3	3168
common_voice_mvy_42072949.mp3	4860
common_voice_mvy_42380153.mp3	5940
common_voice_mvy_42475979.mp3	3240
common_voice_mvy_42394713.mp3	4896
common_voice_mvy_42380867.mp3	5508
common_voice_mvy_42380550.mp3	5328
common_voice_mvy_42347649.mp3	6408
common_voice_mvy_42007129.mp3	5076
common_voice_mvy_42393938.mp3	5040
common_voice_mvy_42130518.mp3	4320
common_voice_mvy_42397593.mp3	4788
common_voice_mvy_42391975.mp3	3960
common_voice_mvy_42349767.mp3	3348
common_voice_mvy_42369420.mp3	4860
common_voice_mvy_42348467.mp3	6156
common_voice_mvy_42024771.mp3	3708
common_voice_mvy_42096496.mp3	6300
common_voice_mvy_42064503.mp3	3528
common_voice_mvy_42076336.mp3	3708
common_voice_mvy_42007254.mp3	3528
common_voice_mvy_42055614.mp3	5220
common_voice_mvy_42549260.mp3	5508
common_voice_mvy_42356992.mp3	5616
common_voice_mvy_42391883.mp3	3312
common_voice_mvy_42007604.mp3	3420
common_voice_mvy_42080731.mp3	8856
common_voice_mvy_42365492.mp3	4176
common_voice_mvy_42060906.mp3	4068
common_voice_mvy_42072922.mp3	5508
common_voice_mvy_42395154.mp3	3600
common_voice_mvy_42131004.mp3	3708
common_voice_mvy_42363059.mp3	3276
common_voice_mvy_42079255.mp3	4608
common_voice_mvy_42064223.mp3	12528
common_voice_mvy_42403086.mp3	4356
common_voice_mvy_42363382.mp3	7128
common_voice_mvy_42478899.mp3	4608
common_voice_mvy_42351622.mp3	5436
common_voice_mvy_42350972.mp3	4896
common_voice_mvy_42077705.mp3	7128
common_voice_mvy_42379986.mp3	4320
common_voice_mvy_42385865.mp3	3780
common_voice_mvy_42062798.mp3	8100
common_voice_mvy_42079108.mp3	11988
common_voice_mvy_42350460.mp3	4608
common_voice_mvy_42351275.mp3	5040
common_voice_mvy_42361235.mp3	7056
common_voice_mvy_42376608.mp3	3276
common_voice_mvy_42364169.mp3	5256
common_voice_mvy_42391973.mp3	5220
common_voice_mvy_42356293.mp3	4896
common_voice_mvy_42383598.mp3	3168
common_voice_mvy_42389048.mp3	3168
common_voice_mvy_42124257.mp3	6156
common_voice_mvy_42072021.mp3	4500
common_voice_mvy_42379310.mp3	4428
common_voice_mvy_42363087.mp3	3888
common_voice_mvy_42369825.mp3	3708
common_voice_mvy_42079316.mp3	5508
common_voice_mvy_42081244.mp3	6516
common_voice_mvy_42350213.mp3	4788
common_voice_mvy_42414248.mp3	3276
common_voice_mvy_42080012.mp3	4356
common_voice_mvy_42367115.mp3	4356
common_voice_mvy_42007712.mp3	5436
common_voice_mvy_42363077.mp3	2736
common_voice_mvy_42053541.mp3	4896
common_voice_mvy_42350752.mp3	3780
common_voice_mvy_42080515.mp3	3600
common_voice_mvy_42379070.mp3	3168
common_voice_mvy_42376472.mp3	2448
common_voice_mvy_42393359.mp3	5688
common_voice_mvy_42390855.mp3	3096
common_voice_mvy_42363594.mp3	3888
common_voice_mvy_42079422.mp3	2664
common_voice_mvy_42348055.mp3	6408
common_voice_mvy_42393990.mp3	3420
common_voice_mvy_42520378.mp3	4896
common_voice_mvy_42374133.mp3	2880
common_voice_mvy_42363818.mp3	7056
common_voice_mvy_42052720.mp3	4140
common_voice_mvy_42385705.mp3	7200
common_voice_mvy_42374324.mp3	3456
common_voice_mvy_42374063.mp3	3636
common_voice_mvy_42392134.mp3	3780
common_voice_mvy_42379245.mp3	3420
common_voice_mvy_42364245.mp3	4428
common_voice_mvy_42063942.mp3	8028
common_voice_mvy_42053478.mp3	4140
common_voice_mvy_42076241.mp3	2916
common_voice_mvy_42008511.mp3	3780
common_voice_mvy_42055670.mp3	5220
common_voice_mvy_42080582.mp3	4176
common_voice_mvy_42062746.mp3	8388
common_voice_mvy_42089535.mp3	5076
common_voice_mvy_42074798.mp3	3636
common_voice_mvy_42348663.mp3	4140
common_voice_mvy_42008505.mp3	3888
common_voice_mvy_42385003.mp3	3960
common_voice_mvy_42380560.mp3	5256
common_voice_mvy_42396444.mp3	4356
common_voice_mvy_42346043.mp3	2340
common_voice_mvy_42547582.mp3	4320
common_voice_mvy_42367637.mp3	3636
common_voice_mvy_42364356.mp3	5256
common_voice_mvy_42395732.mp3	3420
common_voice_mvy_42396597.mp3	3528
common_voice_mvy_42557796.mp3	5256
common_voice_mvy_42349955.mp3	5400
common_voice_mvy_42074888.mp3	3780
common_voice_mvy_42011266.mp3	6876
common_voice_mvy_42575078.mp3	3780
common_voice_mvy_42383870.mp3	3636
common_voice_mvy_42075793.mp3	2736
common_voice_mvy_42397529.mp3	3276
common_voice_mvy_42042153.mp3	5040
common_voice_mvy_42264545.mp3	5868
common_voice_mvy_42397505.mp3	5220
common_voice_mvy_42385913.mp3	5076
common_voice_mvy_42360616.mp3	2520
common_voice_mvy_42391919.mp3	3492
common_voice_mvy_42429039.mp3	4140
common_voice_mvy_42361089.mp3	4716
common_voice_mvy_42396112.mp3	6480
common_voice_mvy_42055815.mp3	3780
common_voice_mvy_42052744.mp3	2808
common_voice_mvy_42396101.mp3	4428
common_voice_mvy_42008565.mp3	5940
common_voice_mvy_42413277.mp3	3168
common_voice_mvy_42064164.mp3	5868
common_voice_mvy_42080371.mp3	5724
common_voice_mvy_42379365.mp3	5220
common_voice_mvy_42395284.mp3	3276
common_voice_mvy_42395139.mp3	5328
common_voice_mvy_42351788.mp3	8460
common_voice_mvy_42389093.mp3	3996
common_voice_mvy_42575071.mp3	3996
common_voice_mvy_42350935.mp3	3240
common_voice_mvy_42397278.mp3	6840
common_voice_mvy_42370705.mp3	3060
common_voice_mvy_42410298.mp3	4248
common_voice_mvy_42392961.mp3	3528
common_voice_mvy_42053043.mp3	7056
common_voice_mvy_42367211.mp3	3276
common_voice_mvy_42347193.mp3	8676
common_voice_mvy_42080330.mp3	8460
common_voice_mvy_42079549.mp3	4860
common_voice_mvy_42093043.mp3	3528
common_voice_mvy_42413357.mp3	4896
common_voice_mvy_42387997.mp3	4176
common_voice_mvy_42345859.mp3	5868
common_voice_mvy_42384135.mp3	2988
common_voice_mvy_42360622.mp3	3456
common_voice_mvy_42383209.mp3	5076
common_voice_mvy_42074692.mp3	3924
common_voice_mvy_42055825.mp3	3996
common_voice_mvy_42346042.mp3	3420
common_voice_mvy_42391918.mp3	7488
common_voice_mvy_42348313.mp3	4428
common_voice_mvy_42431672.mp3	3528
common_voice_mvy_42364586.mp3	4248
common_voice_mvy_42364980.mp3	4680
common_voice_mvy_42379180.mp3	4860
common_voice_mvy_42367085.mp3	4680
common_voice_mvy_42060285.mp3	4680
common_voice_mvy_42396471.mp3	4716
common_voice_mvy_42568152.mp3	3996
common_voice_mvy_42547663.mp3	8208
common_voice_mvy_42391584.mp3	4680
common_voice_mvy_42052978.mp3	7380
common_voice_mvy_42396100.mp3	4320
common_voice_mvy_42080621.mp3	5760
common_voice_mvy_42383467.mp3	4716
common_voice_mvy_42362990.mp3	4680
common_voice_mvy_42052963.mp3	3960
common_voice_mvy_42085826.mp3	4428
common_voice_mvy_42403799.mp3	4860
common_voice_mvy_42387995.mp3	3996
common_voice_mvy_42064099.mp3	7380
common_voice_mvy_42360132.mp3	4320
common_voice_mvy_42347235.mp3	4968
common_voice_mvy_42496693.mp3	7920
common_voice_mvy_42093181.mp3	7236
common_voice_mvy_42376506.mp3	2736
common_voice_mvy_42567274.mp3	4176
common_voice_mvy_42007881.mp3	6120
common_voice_mvy_42362270.mp3	5076
common_voice_mvy_42021259.mp3	6156
common_voice_mvy_42413743.mp3	3996
common_voice_mvy_42023129.mp3	4320
common_voice_mvy_42080917.mp3	2916
common_voice_mvy_42396341.mp3	3996
common_voice_mvy_42080350.mp3	3528
common_voice_mvy_42375822.mp3	3060
common_voice_mvy_42093176.mp3	5220
common_voice_mvy_42387729.mp3	9900
common_voice_mvy_42361858.mp3	3168
common_voice_mvy_42055613.mp3	3780
common_voice_mvy_42345950.mp3	4176
common_voice_mvy_42437948.mp3	5868
common_voice_mvy_42364274.mp3	4680
common_voice_mvy_42362803.mp3	5508
common_voice_mvy_42084001.mp3	5508
common_voice_mvy_42080394.mp3	6336
common_voice_mvy_42383723.mp3	2808
common_voice_mvy_42348464.mp3	4860
common_voice_mvy_42093136.mp3	4860
common_voice_mvy_42376574.mp3	3276
common_voice_mvy_42006564.mp3	5760
common_voice_mvy_42396095.mp3	8136
common_voice_mvy_42415147.mp3	3636
common_voice_mvy_42374100.mp3	4428
common_voice_mvy_42350708.mp3	3780
common_voice_mvy_42006548.mp3	3780
common_voice_mvy_42052738.mp3	4500
common_voice_mvy_42706526.mp3	2556
common_voice_mvy_42362323.mp3	5148
common_voice_mvy_42008098.mp3	6876
common_voice_mvy_42397659.mp3	3096
common_voice_mvy_42077338.mp3	4140
common_voice_mvy_42393378.mp3	5256
common_voice_mvy_42079955.mp3	3528
common_voice_mvy_42363211.mp3	2520
common_voice_mvy_42073749.mp3	3456
common_voice_mvy_42078644.mp3	4788
common_voice_mvy_42376768.mp3	4680
common_voice_mvy_42357692.mp3	5076
common_voice_mvy_42362550.mp3	3780
common_voice_mvy_42180403.mp3	4536
common_voice_mvy_42396542.mp3	4068
common_voice_mvy_42362276.mp3	4716
common_voice_mvy_42011594.mp3	4356
common_voice_mvy_42369409.mp3	2880
common_voice_mvy_42547834.mp3	5040
common_voice_mvy_42385861.mp3	10728
common_voice_mvy_42366828.mp3	3708
common_voice_mvy_42061347.mp3	3420
common_voice_mvy_42396505.mp3	4248
common_voice_mvy_42550610.mp3	7308
common_voice_mvy_42379838.mp3	6768
common_voice_mvy_42348306.mp3	4356
common_voice_mvy_42361291.mp3	5328
common_voice_mvy_42080006.mp3	4356
common_voice_mvy_42008357.mp3	5688
common_voice_mvy_42011683.mp3	5688
common_voice_mvy_42368943.mp3	4068
common_voice_mvy_42379911.mp3	4608
common_voice_mvy_42079384.mp3	7920
common_voice_mvy_42055916.mp3	3636
common_voice_mvy_42009942.mp3	5760
common_voice_mvy_42375734.mp3	2556
common_voice_mvy_42413631.mp3	3276
common_voice_mvy_42074910.mp3	3240
common_voice_mvy_42085619.mp3	4068
common_voice_mvy_42384216.mp3	4068
common_voice_mvy_42362624.mp3	4716
common_voice_mvy_42080298.mp3	2988
common_voice_mvy_42398261.mp3	3960
common_voice_mvy_42348276.mp3	3636
common_voice_mvy_42395050.mp3	6516
common_voice_mvy_42011319.mp3	4428
common_voice_mvy_42080275.mp3	3996
common_voice_mvy_42363730.mp3	6120
common_voice_mvy_42364348.mp3	4896
common_voice_mvy_42008490.mp3	4716
common_voice_mvy_42093099.mp3	9108
common_voice_mvy_42380505.mp3	6660
common_voice_mvy_42042551.mp3	5328
common_voice_mvy_42008218.mp3	3816
common_voice_mvy_42130444.mp3	3780
common_voice_mvy_42067114.mp3	2988
common_voice_mvy_42064213.mp3	5076
common_voice_mvy_42367340.mp3	4788
common_voice_mvy_42080314.mp3	7956
common_voice_mvy_42395307.mp3	3240
common_voice_mvy_42347205.mp3	4356
common_voice_mvy_42123087.mp3	3456
common_voice_mvy_42496721.mp3	7200
common_voice_mvy_42398266.mp3	5040
common_voice_mvy_42008188.mp3	5868
common_voice_mvy_42351751.mp3	5508
common_voice_mvy_42394887.mp3	5400
common_voice_mvy_42412761.mp3	5148
common_voice_mvy_42014887.mp3	8028
common_voice_mvy_42363567.mp3	5436
common_voice_mvy_42008291.mp3	3348
common_voice_mvy_42368394.mp3	3996
common_voice_mvy_42093147.mp3	4356
common_voice_mvy_42370629.mp3	3420
common_voice_mvy_42363785.mp3	6768
common_voice_mvy_42375840.mp3	3600
common_voice_mvy_42391189.mp3	3168
common_voice_mvy_42363940.mp3	3636
common_voice_mvy_42389094.mp3	5976
common_voice_mvy_42092853.mp3	5328
common_voice_mvy_42053468.mp3	6300
common_voice_mvy_42079842.mp3	6696
common_voice_mvy_42042087.mp3	3240
common_voice_mvy_42556887.mp3	5580
common_voice_mvy_42364838.mp3	4860
common_voice_mvy_42347424.mp3	5256
common_voice_mvy_42081577.mp3	5328
common_voice_mvy_42007767.mp3	6984
common_voice_mvy_42086279.mp3	5940
common_voice_mvy_42079719.mp3	3816
common_voice_mvy_42391995.mp3	8028
common_voice_mvy_42075498.mp3	7380
common_voice_mvy_42008494.mp3	5760
common_voice_mvy_42060294.mp3	3708
common_voice_mvy_42066862.mp3	5400
common_voice_mvy_42360213.mp3	3060
common_voice_mvy_42008247.mp3	4428
common_voice_mvy_42042915.mp3	7416
common_voice_mvy_42515069.mp3	5580
common_voice_mvy_42079864.mp3	4068
common_voice_mvy_42362926.mp3	4860
common_voice_mvy_42347275.mp3	5328
common_voice_mvy_42361862.mp3	3960
common_voice_mvy_42363917.mp3	4860
common_voice_mvy_42396235.mp3	3636
common_voice_mvy_42011318.mp3	4716
common_voice_mvy_42011539.mp3	4320
common_voice_mvy_42080627.mp3	2556
common_voice_mvy_42375302.mp3	4428
common_voice_mvy_42078832.mp3	5184
common_voice_mvy_42385776.mp3	7020
common_voice_mvy_42089123.mp3	5940
common_voice_mvy_42021328.mp3	7380
common_voice_mvy_42376771.mp3	4248
common_voice_mvy_42363563.mp3	4140
common_voice_mvy_42076013.mp3	2520
common_voice_mvy_42363846.mp3	2988
common_voice_mvy_42012142.mp3	6588
common_voice_mvy_42384411.mp3	3528
common_voice_mvy_42064335.mp3	4716
common_voice_mvy_42390617.mp3	4788
common_voice_mvy_42078487.mp3	4140
common_voice_mvy_42064161.mp3	2700
common_voice_mvy_42560149.mp3	3600
common_voice_mvy_42042618.mp3	3816
common_voice_mvy_42085236.mp3	5040
common_voice_mvy_42363329.mp3	4788
common_voice_mvy_42011982.mp3	6120
common_voice_mvy_42393642.mp3	3060
common_voice_mvy_42397726.mp3	2556
common_voice_mvy_42363529.mp3	3888
common_voice_mvy_42363541.mp3	6300
common_voice_mvy_42392045.mp3	6876
common_voice_mvy_42363326.mp3	10476
common_voice_mvy_42515052.mp3	4140
common_voice_mvy_42380228.mp3	2880
common_voice_mvy_42346555.mp3	3780
common_voice_mvy_42382924.mp3	4248
common_voice_mvy_42011540.mp3	5148
common_voice_mvy_42130560.mp3	12276
common_voice_mvy_42052672.mp3	3888
common_voice_mvy_42378846.mp3	6156
common_voice_mvy_42008648.mp3	2808
common_voice_mvy_42042976.mp3	3672
common_voice_mvy_42545137.mp3	3168
common_voice_mvy_42042098.mp3	3348
common_voice_mvy_42063182.mp3	2736
common_voice_mvy_42397897.mp3	3636
common_voice_mvy_42380159.mp3	5220
common_voice_mvy_42367662.mp3	3888
common_voice_mvy_42396187.mp3	5220
common_voice_mvy_42369188.mp3	4176
common_voice_mvy_42086106.mp3	3456
common_voice_mvy_42375717.mp3	3708
common_voice_mvy_42383459.mp3	4968
common_voice_mvy_42386113.mp3	6228
common_voice_mvy_42363756.mp3	8136
common_voice_mvy_42061016.mp3	3888
common_voice_mvy_42380021.mp3	6480
common_voice_mvy_42080415.mp3	3204
common_voice_mvy_42053076.mp3	5508
common_voice_mvy_42556792.mp3	6408
common_voice_mvy_42376639.mp3	4788
common_voice_mvy_42093011.mp3	4428
common_voice_mvy_42011721.mp3	3816
common_voice_mvy_42549365.mp3	6948
common_voice_mvy_42064117.mp3	5148
common_voice_mvy_42350038.mp3	3708
common_voice_mvy_42347131.mp3	5796
common_voice_mvy_42397906.mp3	3888
common_voice_mvy_42376538.mp3	3276
common_voice_mvy_42429407.mp3	4896
common_voice_mvy_42388995.mp3	4788
common_voice_mvy_42081557.mp3	8568
common_voice_mvy_42545064.mp3	5580
common_voice_mvy_42389555.mp3	5400
common_voice_mvy_42373819.mp3	5328
common_voice_mvy_42395118.mp3	3996
common_voice_mvy_42130520.mp3	5940
common_voice_mvy_42356856.mp3	3816
common_voice_mvy_48992952.mp3	3600
common_voice_mvy_42360795.mp3	5868
common_voice_mvy_42011142.mp3	4716
common_voice_mvy_42391945.mp3	3456
common_voice_mvy_42062747.mp3	7740
common_voice_mvy_42421638.mp3	6660
common_voice_mvy_42067162.mp3	5868
common_voice_mvy_42060381.mp3	3960
common_voice_mvy_42352412.mp3	5580
common_voice_mvy_42396086.mp3	5400
common_voice_mvy_42053161.mp3	3960
common_voice_mvy_42357183.mp3	4356
common_voice_mvy_42086281.mp3	4248
common_voice_mvy_42080861.mp3	4860
common_voice_mvy_42547616.mp3	3600
common_voice_mvy_42413628.mp3	3996
common_voice_mvy_42361891.mp3	3780
common_voice_mvy_42556781.mp3	5400
common_voice_mvy_42546300.mp3	3816
common_voice_mvy_42349583.mp3	3276
common_voice_mvy_42348740.mp3	7308
common_voice_mvy_42011628.mp3	5688
common_voice_mvy_42011792.mp3	5256
common_voice_mvy_42021261.mp3	3276
common_voice_mvy_42360586.mp3	3456
common_voice_mvy_42052669.mp3	8928
common_voice_mvy_42012221.mp3	4068
common_voice_mvy_42093098.mp3	4968
common_voice_mvy_42370577.mp3	7056
common_voice_mvy_42060751.mp3	4176
common_voice_mvy_42079888.mp3	3960
common_voice_mvy_42077209.mp3	7308
common_voice_mvy_42389036.mp3	5796
common_voice_mvy_42545065.mp3	3528
common_voice_mvy_42008258.mp3	3996
common_voice_mvy_42180563.mp3	3060
common_voice_mvy_42390439.mp3	5796
common_voice_mvy_42024684.mp3	5148
common_voice_mvy_42351457.mp3	4068
common_voice_mvy_42361492.mp3	4608
common_voice_mvy_42367490.mp3	3996
common_voice_mvy_42348571.mp3	4500
common_voice_mvy_42007539.mp3	8136
common_voice_mvy_42012197.mp3	4788
common_voice_mvy_42384166.mp3	3528
common_voice_mvy_42391902.mp3	4716
common_voice_mvy_42393077.mp3	3996
common_voice_mvy_42014912.mp3	8208
common_voice_mvy_42008216.mp3	4176
common_voice_mvy_42379806.mp3	4968
common_voice_mvy_42089290.mp3	7488
common_voice_mvy_42391692.mp3	5040
common_voice_mvy_42066991.mp3	7956
common_voice_mvy_42375746.mp3	4860
common_voice_mvy_42568154.mp3	4968
common_voice_mvy_42394087.mp3	4320
common_voice_mvy_42079225.mp3	4788
common_voice_mvy_42053156.mp3	6876
common_voice_mvy_42073020.mp3	5616
common_voice_mvy_42393900.mp3	4176
common_voice_mvy_42052671.mp3	4536
common_voice_mvy_42008541.mp3	4176
common_voice_mvy_42391572.mp3	4968
common_voice_mvy_42520439.mp3	4176
common_voice_mvy_42370051.mp3	4176
common_voice_mvy_42010378.mp3	3096
common_voice_mvy_42079501.mp3	6120
common_voice_mvy_42421718.mp3	4968
common_voice_mvy_42375719.mp3	2736
common_voice_mvy_42052636.mp3	3348
common_voice_mvy_42085276.mp3	4860
common_voice_mvy_42413621.mp3	4176
common_voice_mvy_42377884.mp3	5076
common_voice_mvy_42396599.mp3	4068
common_voice_mvy_42350327.mp3	4608
common_voice_mvy_42364748.mp3	3420
common_voice_mvy_42008375.mp3	5076
common_voice_mvy_42373803.mp3	2988
common_voice_mvy_42010189.mp3	2700
common_voice_mvy_42393696.mp3	3960
common_voice_mvy_42066998.mp3	2736
common_voice_mvy_42085656.mp3	4716
common_voice_mvy_42396711.mp3	5436
common_voice_mvy_42547624.mp3	5076
common_voice_mvy_42437968.mp3	7308
common_voice_mvy_42064259.mp3	4968
common_voice_mvy_42079488.mp3	4788
common_voice_mvy_42393561.mp3	4968
common_voice_mvy_42007515.mp3	4248
common_voice_mvy_42076334.mp3	2628
common_voice_mvy_42393435.mp3	7380
common_voice_mvy_42064443.mp3	3636
common_voice_mvy_42377655.mp3	5220
common_voice_mvy_42394974.mp3	3636
common_voice_mvy_42362234.mp3	4860
common_voice_mvy_42053700.mp3	7200
common_voice_mvy_42024766.mp3	4716
common_voice_mvy_42346557.mp3	6228
common_voice_mvy_42346466.mp3	4140
common_voice_mvy_42391889.mp3	4428
common_voice_mvy_42379944.mp3	5148
common_voice_mvy_42124249.mp3	6228
common_voice_mvy_42011699.mp3	3780
common_voice_mvy_42060046.mp3	6768
common_voice_mvy_42074854.mp3	5796
common_voice_mvy_42080209.mp3	4140
common_voice_mvy_42360420.mp3	3888
common_voice_mvy_42546267.mp3	4248
common_voice_mvy_42078559.mp3	6048
common_voice_mvy_42384433.mp3	3060
common_voice_mvy_42008220.mp3	7128
common_voice_mvy_42389128.mp3	5796
common_voice_mvy_42403842.mp3	5436
common_voice_mvy_42392006.mp3	3528
common_voice_mvy_42362392.mp3	5940
common_voice_mvy_42078906.mp3	10188
common_voice_mvy_42557208.mp3	4176
common_voice_mvy_42042534.mp3	7596
common_voice_mvy_42075821.mp3	4248
common_voice_mvy_42042961.mp3	4356
common_voice_mvy_42373707.mp3	5076
common_voice_mvy_42012034.mp3	4500
common_voice_mvy_42347512.mp3	3276
common_voice_mvy_42055871.mp3	3816
common_voice_mvy_42130422.mp3	4896
common_voice_mvy_42556912.mp3	6480
common_voice_mvy_42363716.mp3	3096
common_voice_mvy_42062888.mp3	8496
common_voice_mvy_42074845.mp3	3456
common_voice_mvy_42085162.mp3	3888
common_voice_mvy_42368465.mp3	2916
common_voice_mvy_42363019.mp3	4968
common_voice_mvy_42021404.mp3	2880
common_voice_mvy_42363245.mp3	4068
common_voice_mvy_42011505.mp3	5868
common_voice_mvy_42006517.mp3	3960
common_voice_mvy_42350399.mp3	4068
common_voice_mvy_42393003.mp3	4140
common_voice_mvy_42415142.mp3	3708
common_voice_mvy_42053212.mp3	4140
common_voice_mvy_42385897.mp3	7128
common_voice_mvy_42376563.mp3	4536
common_voice_mvy_42393790.mp3	4140
common_voice_mvy_42074917.mp3	4500
common_voice_mvy_42006527.mp3	3888
common_voice_mvy_42391608.mp3	3816
common_voice_mvy_42397957.mp3	3060
common_voice_mvy_42064014.mp3	7848
common_voice_mvy_42392063.mp3	5220
common_voice_mvy_42365082.mp3	4248
common_voice_mvy_42547816.mp3	4320
common_voice_mvy_42008144.mp3	6300
common_voice_mvy_42093037.mp3	7740
common_voice_mvy_42389639.mp3	6156
common_voice_mvy_42067012.mp3	5868
common_voice_mvy_42079420.mp3	3384
common_voice_mvy_42547839.mp3	6768
common_voice_mvy_42345992.mp3	3240
common_voice_mvy_42006524.mp3	4500
common_voice_mvy_42024806.mp3	3240
common_voice_mvy_42093195.mp3	7776
common_voice_mvy_42089484.mp3	5400
common_voice_mvy_42496594.mp3	6840
common_voice_mvy_42366932.mp3	3636
common_voice_mvy_42361679.mp3	3888
common_voice_mvy_42055739.mp3	2988
common_voice_mvy_42367852.mp3	5076
common_voice_mvy_42362584.mp3	4356
common_voice_mvy_42080082.mp3	2916
common_voice_mvy_42595014.mp3	3816
common_voice_mvy_42011920.mp3	3636
common_voice_mvy_42361284.mp3	3528
common_voice_mvy_42024884.mp3	12600
common_voice_mvy_42007967.mp3	7200
common_voice_mvy_42373355.mp3	4356
common_voice_mvy_42533366.mp3	3708
common_voice_mvy_42369794.mp3	3060
common_voice_mvy_42379238.mp3	5688
common_voice_mvy_42364600.mp3	4680
common_voice_mvy_42362967.mp3	4320
common_voice_mvy_42020639.mp3	10008
common_voice_mvy_42378481.mp3	4248
common_voice_mvy_42060881.mp3	5148
common_voice_mvy_42077274.mp3	6228
common_voice_mvy_42348762.mp3	3888
common_voice_mvy_42368386.mp3	5976
common_voice_mvy_42405506.mp3	3960
common_voice_mvy_48992967.mp3	4680
common_voice_mvy_42043103.mp3	5400
common_voice_mvy_42394417.mp3	7416
common_voice_mvy_42374153.mp3	5940
common_voice_mvy_42042332.mp3	4968
common_voice_mvy_42073634.mp3	7056
common_voice_mvy_42361221.mp3	3996
common_voice_mvy_42073547.mp3	2988
common_voice_mvy_42080961.mp3	4860
common_voice_mvy_42392534.mp3	3168
common_voice_mvy_42390044.mp3	3240
common_voice_mvy_42363358.mp3	3060
common_voice_mvy_42055824.mp3	3816
common_voice_mvy_42370066.mp3	3708
common_voice_mvy_42370089.mp3	4788
common_voice_mvy_42451767.mp3	5436
common_voice_mvy_42413193.mp3	3888
common_voice_mvy_42010496.mp3	4500
common_voice_mvy_42357822.mp3	4176
common_voice_mvy_42351710.mp3	4500
common_voice_mvy_42393632.mp3	3600
common_voice_mvy_42078929.mp3	2340
common_voice_mvy_42365407.mp3	6876
common_voice_mvy_42370442.mp3	3996
common_voice_mvy_42383566.mp3	6048
common_voice_mvy_42373598.mp3	4680
common_voice_mvy_42063760.mp3	7560
common_voice_mvy_42011411.mp3	6300
common_voice_mvy_42374318.mp3	4428
common_voice_mvy_42350773.mp3	4176
common_voice_mvy_42172116.mp3	3420
common_voice_mvy_42395670.mp3	4428
common_voice_mvy_42736070.mp3	3708
common_voice_mvy_42014176.mp3	2736
common_voice_mvy_42363641.mp3	2916
common_voice_mvy_42366966.mp3	4176
common_voice_mvy_42394165.mp3	4356
common_voice_mvy_42374052.mp3	3528
common_voice_mvy_42391009.mp3	4716
common_voice_mvy_42347976.mp3	4356
common_voice_mvy_42351976.mp3	7308
common_voice_mvy_42075511.mp3	4320
common_voice_mvy_42361301.mp3	7236
common_voice_mvy_42356237.mp3	4068
common_voice_mvy_42055391.mp3	4860
common_voice_mvy_42062222.mp3	4464
common_voice_mvy_42370436.mp3	5508
common_voice_mvy_42366329.mp3	3204
common_voice_mvy_42363815.mp3	3240
common_voice_mvy_42093033.mp3	5796
common_voice_mvy_42014211.mp3	4140
common_voice_mvy_42396034.mp3	3888
common_voice_mvy_42024588.mp3	6228
common_voice_mvy_42403358.mp3	6768
common_voice_mvy_42086104.mp3	3168
common_voice_mvy_42008472.mp3	5508
common_voice_mvy_42052984.mp3	6516
common_voice_mvy_42362424.mp3	8208
common_voice_mvy_42073745.mp3	3420
common_voice_mvy_42086122.mp3	4536
common_voice_mvy_42055435.mp3	3780
common_voice_mvy_42063012.mp3	5328
common_voice_mvy_42397151.mp3	3816
common_voice_mvy_42074794.mp3	5040
common_voice_mvy_42073726.mp3	3780
common_voice_mvy_42376807.mp3	5148
common_voice_mvy_42380533.mp3	2916
common_voice_mvy_42348104.mp3	4788
common_voice_mvy_42007743.mp3	7236
common_voice_mvy_42264538.mp3	3528
common_voice_mvy_42397455.mp3	3240
common_voice_mvy_42360809.mp3	5040
common_voice_mvy_42393732.mp3	4248
common_voice_mvy_42376557.mp3	5976
common_voice_mvy_42387760.mp3	3816
common_voice_mvy_42363872.mp3	4140
common_voice_mvy_42367089.mp3	4968
common_voice_mvy_42080065.mp3	3924
common_voice_mvy_42008065.mp3	8640
common_voice_mvy_42412746.mp3	4716
common_voice_mvy_42376400.mp3	4320
common_voice_mvy_42367214.mp3	3168
common_voice_mvy_42395930.mp3	3060
common_voice_mvy_42395037.mp3	4068
common_voice_mvy_42012096.mp3	6876
common_voice_mvy_42403421.mp3	3888
common_voice_mvy_42362486.mp3	4896
common_voice_mvy_42361256.mp3	3600
common_voice_mvy_42397066.mp3	6840
common_voice_mvy_42369397.mp3	3708
common_voice_mvy_42385088.mp3	5760
common_voice_mvy_42364050.mp3	3096
common_voice_mvy_42396442.mp3	4176
common_voice_mvy_42081084.mp3	6336
common_voice_mvy_42398340.mp3	3060
common_voice_mvy_42365673.mp3	5040
common_voice_mvy_42573066.mp3	4320
common_voice_mvy_42393593.mp3	3996
common_voice_mvy_42059849.mp3	4428
common_voice_mvy_42024665.mp3	6948
common_voice_mvy_42349957.mp3	6480
common_voice_mvy_42060777.mp3	4536
common_voice_mvy_42364026.mp3	2808
common_voice_mvy_42363923.mp3	4896
common_voice_mvy_42370521.mp3	4428
common_voice_mvy_42369791.mp3	7308
common_voice_mvy_42368416.mp3	7020
common_voice_mvy_42079638.mp3	3708
common_voice_mvy_42053466.mp3	4896
common_voice_mvy_42065964.mp3	5580
common_voice_mvy_42079343.mp3	8028
common_voice_mvy_42370727.mp3	5220
common_voice_mvy_42080159.mp3	4464
common_voice_mvy_42361508.mp3	6660
common_voice_mvy_42397537.mp3	4860
common_voice_mvy_42362835.mp3	3816
common_voice_mvy_42063883.mp3	4680
common_voice_mvy_42367569.mp3	2736
common_voice_mvy_42394253.mp3	3456
common_voice_mvy_42066965.mp3	5508
common_voice_mvy_42370180.mp3	5400
common_voice_mvy_42391061.mp3	3168
common_voice_mvy_42350932.mp3	5328
common_voice_mvy_42368269.mp3	3456
common_voice_mvy_42557270.mp3	3816
common_voice_mvy_42064253.mp3	3240
common_voice_mvy_42042532.mp3	7128
common_voice_mvy_42347697.mp3	3600
common_voice_mvy_42364431.mp3	3780
common_voice_mvy_42346465.mp3	3780
common_voice_mvy_42394293.mp3	3348
common_voice_mvy_42367299.mp3	3636
common_voice_mvy_42363574.mp3	4428
common_voice_mvy_42369343.mp3	3600
common_voice_mvy_42395795.mp3	4176
common_voice_mvy_42396539.mp3	3060
common_voice_mvy_42063695.mp3	2916
common_voice_mvy_42351823.mp3	4068
common_voice_mvy_42364337.mp3	3816
common_voice_mvy_42376708.mp3	6840
common_voice_mvy_42380736.mp3	6300
common_voice_mvy_42556871.mp3	3240
common_voice_mvy_42374319.mp3	4140
common_voice_mvy_42370172.mp3	3528
common_voice_mvy_42368270.mp3	3276
common_voice_mvy_42079803.mp3	4356
common_voice_mvy_42360706.mp3	4500
common_voice_mvy_42391027.mp3	6336
common_voice_mvy_42375770.mp3	4860
common_voice_mvy_42396028.mp3	3600
common_voice_mvy_42075781.mp3	4500
common_voice_mvy_42077228.mp3	4176
common_voice_mvy_42180439.mp3	3888
common_voice_mvy_42348594.mp3	3960
common_voice_mvy_42357001.mp3	3348
common_voice_mvy_42373970.mp3	4536
common_voice_mvy_42067200.mp3	9036
common_voice_mvy_42078875.mp3	5256
common_voice_mvy_42363511.mp3	6048
common_voice_mvy_42065922.mp3	6120
common_voice_mvy_42086118.mp3	3348
common_voice_mvy_42011870.mp3	3096
common_voice_mvy_42376489.mp3	4356
common_voice_mvy_42706533.mp3	7380
common_voice_mvy_42010347.mp3	6660
common_voice_mvy_42376709.mp3	3888
common_voice_mvy_42405505.mp3	3420
common_voice_mvy_42079091.mp3	4320
common_voice_mvy_42055501.mp3	4968
common_voice_mvy_42072987.mp3	7668
common_voice_mvy_42396415.mp3	4536
common_voice_mvy_42078664.mp3	8460
common_voice_mvy_42395694.mp3	2556
common_voice_mvy_42053537.mp3	4896
common_voice_mvy_42370423.mp3	3276
common_voice_mvy_42346764.mp3	4320
common_voice_mvy_42064129.mp3	5328
common_voice_mvy_42368521.mp3	5220
common_voice_mvy_42081218.mp3	4140
common_voice_mvy_42532220.mp3	3960
common_voice_mvy_42053526.mp3	3528
common_voice_mvy_42007718.mp3	4248
common_voice_mvy_42391555.mp3	3780
common_voice_mvy_42008415.mp3	2988
common_voice_mvy_42056553.mp3	4896
common_voice_mvy_42080595.mp3	2628
common_voice_mvy_42567945.mp3	3960
common_voice_mvy_42078552.mp3	6336
common_voice_mvy_42064281.mp3	4608
common_voice_mvy_42362376.mp3	6048
common_voice_mvy_42403437.mp3	3816
common_voice_mvy_42361835.mp3	4140
common_voice_mvy_42073587.mp3	6228
common_voice_mvy_42380357.mp3	3276
common_voice_mvy_42387946.mp3	3600
common_voice_mvy_42075997.mp3	5796
common_voice_mvy_42063183.mp3	8100
common_voice_mvy_42393531.mp3	3348
common_voice_mvy_42073655.mp3	5220
common_voice_mvy_42351271.mp3	2880
common_voice_mvy_42081263.mp3	6480
common_voice_mvy_42374163.mp3	4716
common_voice_mvy_42389963.mp3	6156
common_voice_mvy_42012064.mp3	5220
common_voice_mvy_42366665.mp3	4788
common_voice_mvy_42124150.mp3	4356
common_voice_mvy_42413598.mp3	3060
common_voice_mvy_42021297.mp3	8388
common_voice_mvy_42361249.mp3	3276
common_voice_mvy_42376237.mp3	3240
common_voice_mvy_42368922.mp3	4896
common_voice_mvy_42363660.mp3	3420
common_voice_mvy_42384824.mp3	5688
common_voice_mvy_42388997.mp3	3348
common_voice_mvy_42074935.mp3	4320
common_voice_mvy_42363560.mp3	5040
common_voice_mvy_42360217.mp3	5256
common_voice_mvy_42348543.mp3	6156
common_voice_mvy_42074814.mp3	2808
common_voice_mvy_42060996.mp3	3240
common_voice_mvy_42079515.mp3	4860
common_voice_mvy_42264489.mp3	4500
common_voice_mvy_42384066.mp3	3240
common_voice_mvy_42364566.mp3	6300
common_voice_mvy_42007500.mp3	4968
common_voice_mvy_42547688.mp3	3168
common_voice_mvy_42010021.mp3	10548
common_voice_mvy_42380131.mp3	4176
common_voice_mvy_42496652.mp3	4428
common_voice_mvy_42380540.mp3	4068
common_voice_mvy_42362936.mp3	4680
common_voice_mvy_42395762.mp3	4320
common_voice_mvy_42093211.mp3	3996
common_voice_mvy_42080841.mp3	5220
common_voice_mvy_42074597.mp3	3204
common_voice_mvy_42357846.mp3	8316
common_voice_mvy_42383612.mp3	5256
common_voice_mvy_42361274.mp3	3168
common_voice_mvy_42363267.mp3	4716
common_voice_mvy_42376641.mp3	6696
common_voice_mvy_42414456.mp3	3780
common_voice_mvy_42348755.mp3	4176
common_voice_mvy_42364868.mp3	3420
common_voice_mvy_42403345.mp3	4860
common_voice_mvy_42349586.mp3	4320
common_voice_mvy_42007978.mp3	4212
common_voice_mvy_42395668.mp3	3096
common_voice_mvy_42085560.mp3	5220
common_voice_mvy_42124318.mp3	3708
common_voice_mvy_42011455.mp3	4356
common_voice_mvy_42395916.mp3	2160
common_voice_mvy_42395053.mp3	3528
common_voice_mvy_42369028.mp3	4968
common_voice_mvy_42386496.mp3	7020
common_voice_mvy_42370690.mp3	3708
common_voice_mvy_42415190.mp3	4896
common_voice_mvy_42008454.mp3	4500
common_voice_mvy_42007717.mp3	3636
common_voice_mvy_42370452.mp3	3960
common_voice_mvy_42346632.mp3	2700
common_voice_mvy_42056441.mp3	5508
common_voice_mvy_42396566.mp3	4248
common_voice_mvy_42364893.mp3	5148
common_voice_mvy_42351362.mp3	3996
common_voice_mvy_42478894.mp3	6228
common_voice_mvy_42063180.mp3	6120
common_voice_mvy_42363578.mp3	4860
common_voice_mvy_42080918.mp3	2988
common_voice_mvy_42604459.mp3	6408
common_voice_mvy_42007210.mp3	6840
common_voice_mvy_42350939.mp3	5004
common_voice_mvy_42053529.mp3	3996
common_voice_mvy_42533305.mp3	5796
common_voice_mvy_42380223.mp3	5076
common_voice_mvy_42550584.mp3	6516
common_voice_mvy_42023159.mp3	6516
common_voice_mvy_42052706.mp3	3456
common_voice_mvy_42557238.mp3	6768
common_voice_mvy_42376336.mp3	3348
common_voice_mvy_42387910.mp3	5688
common_voice_mvy_42060331.mp3	3888
common_voice_mvy_42079604.mp3	3960
common_voice_mvy_42547548.mp3	3096
common_voice_mvy_42403390.mp3	4428
common_voice_mvy_42080177.mp3	2376
common_voice_mvy_42389284.mp3	3996
common_voice_mvy_42011702.mp3	4428
common_voice_mvy_42556855.mp3	5796
common_voice_mvy_42394936.mp3	4500
common_voice_mvy_42078643.mp3	3996
common_voice_mvy_42370729.mp3	4140
common_voice_mvy_42373556.mp3	7740
common_voice_mvy_42573065.mp3	3888
common_voice_mvy_42395147.mp3	4500
common_voice_mvy_42079135.mp3	4680
common_voice_mvy_42347835.mp3	5436
common_voice_mvy_42393535.mp3	3348
common_voice_mvy_42520424.mp3	4536
common_voice_mvy_42073872.mp3	5148
common_voice_mvy_42008160.mp3	6948
common_voice_mvy_42360741.mp3	2916
common_voice_mvy_42397624.mp3	4176
common_voice_mvy_42063154.mp3	9036
common_voice_mvy_42367548.mp3	4140
common_voice_mvy_42056649.mp3	10296
common_voice_mvy_42363639.mp3	3240
common_voice_mvy_42080530.mp3	7056
common_voice_mvy_42076000.mp3	5076
common_voice_mvy_42072310.mp3	4968
common_voice_mvy_42395039.mp3	3096
common_voice_mvy_42369305.mp3	5868
common_voice_mvy_42397226.mp3	3096
common_voice_mvy_42124163.mp3	5760
common_voice_mvy_42080205.mp3	4248
common_voice_mvy_42119220.mp3	3096
common_voice_mvy_42067919.mp3	3960
common_voice_mvy_42351515.mp3	6300
common_voice_mvy_42351228.mp3	6588
common_voice_mvy_42363616.mp3	5148
common_voice_mvy_42546194.mp3	6408
common_voice_mvy_42394890.mp3	4356
common_voice_mvy_42349735.mp3	3780
common_voice_mvy_42478884.mp3	5220
common_voice_mvy_42360122.mp3	3456
common_voice_mvy_42362503.mp3	3996
common_voice_mvy_42391079.mp3	5580
common_voice_mvy_42011597.mp3	4068
common_voice_mvy_42092978.mp3	4356
common_voice_mvy_42556854.mp3	3996
common_voice_mvy_42363770.mp3	5328
common_voice_mvy_42010497.mp3	2880
common_voice_mvy_42079617.mp3	3168
common_voice_mvy_42370200.mp3	5328
common_voice_mvy_42084685.mp3	6048
common_voice_mvy_42363791.mp3	4500
common_voice_mvy_42370503.mp3	3276
common_voice_mvy_42085537.mp3	5760
common_voice_mvy_42547653.mp3	3636
common_voice_mvy_42370156.mp3	3276
common_voice_mvy_42392944.mp3	5076
common_voice_mvy_42368679.mp3	4320
common_voice_mvy_42055328.mp3	3420
common_voice_mvy_42024693.mp3	5868
common_voice_mvy_42060799.mp3	3348
common_voice_mvy_42093083.mp3	6120
common_voice_mvy_42074872.mp3	6012
common_voice_mvy_42350076.mp3	3996
common_voice_mvy_42361324.mp3	5220
common_voice_mvy_42347980.mp3	6120
common_voice_mvy_42348440.mp3	5616
common_voice_mvy_42079282.mp3	9036
common_voice_mvy_42370135.mp3	4356
common_voice_mvy_42073009.mp3	8208
common_voice_mvy_42093165.mp3	4860
common_voice_mvy_42350823.mp3	4716
common_voice_mvy_42092641.mp3	5688
common_voice_mvy_42015041.mp3	6840
common_voice_mvy_42395807.mp3	3456
common_voice_mvy_42396490.mp3	5940
common_voice_mvy_42360425.mp3	7488
common_voice_mvy_42093170.mp3	5400
common_voice_mvy_42366729.mp3	4284
common_voice_mvy_42379864.mp3	3708
common_voice_mvy_42124239.mp3	5760
common_voice_mvy_42360685.mp3	4356
common_voice_mvy_42043122.mp3	3420
common_voice_mvy_42414639.mp3	3240
common_voice_mvy_42348463.mp3	7776
common_voice_mvy_42080597.mp3	4860
common_voice_mvy_42011718.mp3	3420
common_voice_mvy_42088952.mp3	6876
common_voice_mvy_42414624.mp3	2808
common_voice_mvy_42736069.mp3	4428
common_voice_mvy_42360308.mp3	5040
common_voice_mvy_42367422.mp3	5400
common_voice_mvy_42364978.mp3	4140
common_voice_mvy_42393091.mp3	3060
common_voice_mvy_42413978.mp3	5616
common_voice_mvy_42365872.mp3	6408
common_voice_mvy_42357022.mp3	4068
common_voice_mvy_42393389.mp3	4248
common_voice_mvy_42376627.mp3	3960
common_voice_mvy_42369235.mp3	4680
common_voice_mvy_42451849.mp3	4896
common_voice_mvy_42042252.mp3	4320
common_voice_mvy_42380782.mp3	3960
common_voice_mvy_42397947.mp3	4176
common_voice_mvy_42264478.mp3	5040
common_voice_mvy_42007372.mp3	7776
common_voice_mvy_42357018.mp3	3240
common_voice_mvy_42375723.mp3	3960
common_voice_mvy_42124326.mp3	2736
common_voice_mvy_42020660.mp3	3780
common_voice_mvy_42550586.mp3	3420
common_voice_mvy_42384490.mp3	3960
common_voice_mvy_42011734.mp3	4896
common_voice_mvy_42363088.mp3	5400
common_voice_mvy_42067872.mp3	5400
common_voice_mvy_42394206.mp3	3816
common_voice_mvy_42376562.mp3	5328
common_voice_mvy_42351663.mp3	4068
common_voice_mvy_42380530.mp3	4500
common_voice_mvy_42397496.mp3	5940
common_voice_mvy_42547696.mp3	3348
common_voice_mvy_42367583.mp3	2988
common_voice_mvy_42350753.mp3	4320
common_voice_mvy_42052743.mp3	4356
common_voice_mvy_42388956.mp3	2556
common_voice_mvy_42060462.mp3	3816
common_voice_mvy_42077241.mp3	2700
common_voice_mvy_42042911.mp3	4500
common_voice_mvy_42397154.mp3	3708
common_voice_mvy_42012140.mp3	4428
common_voice_mvy_42361314.mp3	3960
common_voice_mvy_42364575.mp3	5256
common_voice_mvy_42374270.mp3	3456
common_voice_mvy_42351232.mp3	4608
common_voice_mvy_42043156.mp3	3168
common_voice_mvy_42383270.mp3	3276
common_voice_mvy_42093036.mp3	7380
common_voice_mvy_42392025.mp3	4176
common_voice_mvy_42010190.mp3	2700
common_voice_mvy_42706537.mp3	5688
common_voice_mvy_42020655.mp3	3240
common_voice_mvy_42545086.mp3	5868
common_voice_mvy_42093212.mp3	3060
common_voice_mvy_42374085.mp3	4680
common_voice_mvy_42363797.mp3	3708
common_voice_mvy_42390478.mp3	3960
common_voice_mvy_42357199.mp3	6516
common_voice_mvy_42363021.mp3	5508
common_voice_mvy_42060051.mp3	5256
common_voice_mvy_42397462.mp3	2268
common_voice_mvy_42347167.mp3	4968
common_voice_mvy_42368675.mp3	6156
common_voice_mvy_42431669.mp3	4248
common_voice_mvy_42380075.mp3	6336
common_voice_mvy_42357160.mp3	6696
common_voice_mvy_42053462.mp3	4680
common_voice_mvy_42348788.mp3	3168
common_voice_mvy_42010002.mp3	5580
common_voice_mvy_42389130.mp3	5436
common_voice_mvy_42064318.mp3	3960
common_voice_mvy_42388878.mp3	4608
common_voice_mvy_42061019.mp3	4860
common_voice_mvy_42020615.mp3	6300
common_voice_mvy_42374272.mp3	5040
common_voice_mvy_42397547.mp3	5400
common_voice_mvy_42089218.mp3	7128
common_voice_mvy_42364250.mp3	4320
common_voice_mvy_42363203.mp3	4356
common_voice_mvy_42079400.mp3	3204
common_voice_mvy_42520418.mp3	5688
common_voice_mvy_42043297.mp3	5328
common_voice_mvy_42023169.mp3	3636
common_voice_mvy_42394042.mp3	4356
common_voice_mvy_42062751.mp3	5256
common_voice_mvy_42380203.mp3	4608
common_voice_mvy_42396455.mp3	3420
common_voice_mvy_42014199.mp3	7128
common_voice_mvy_42079111.mp3	4140
common_voice_mvy_42369996.mp3	3600
common_voice_mvy_42075724.mp3	4068
common_voice_mvy_42376719.mp3	5976
common_voice_mvy_42363664.mp3	3960
common_voice_mvy_42395785.mp3	4500
common_voice_mvy_42042124.mp3	2736
common_voice_mvy_42706518.mp3	3636
common_voice_mvy_42363848.mp3	5868
common_voice_mvy_42396836.mp3	5688
common_voice_mvy_42080426.mp3	4680
common_voice_mvy_42392162.mp3	4320
common_voice_mvy_42080337.mp3	3240
common_voice_mvy_42007620.mp3	5328
common_voice_mvy_42413231.mp3	4860
common_voice_mvy_42063930.mp3	4680
common_voice_mvy_42122875.mp3	5868
common_voice_mvy_42077254.mp3	4356
common_voice_mvy_42370438.mp3	3348
common_voice_mvy_42080591.mp3	3960
common_voice_mvy_42557202.mp3	4896
common_voice_mvy_42072918.mp3	5616
common_voice_mvy_42369076.mp3	6516
common_voice_mvy_42350681.mp3	3996
common_voice_mvy_42387925.mp3	3276
common_voice_mvy_42393939.mp3	4860
common_voice_mvy_42066436.mp3	7668
common_voice_mvy_42062812.mp3	9468
common_voice_mvy_42374247.mp3	3456
common_voice_mvy_42007803.mp3	3960
common_voice_mvy_42020686.mp3	3240
common_voice_mvy_42011181.mp3	4356
common_voice_mvy_42369380.mp3	3996
common_voice_mvy_42397178.mp3	4248
common_voice_mvy_42403880.mp3	2988
common_voice_mvy_42395955.mp3	2916
common_voice_mvy_42394824.mp3	3636
common_voice_mvy_42379191.mp3	3240
common_voice_mvy_42556937.mp3	4356
common_voice_mvy_42373698.mp3	7488
common_voice_mvy_42060018.mp3	4716
common_voice_mvy_42012664.mp3	3780
common_voice_mvy_42007540.mp3	8460
common_voice_mvy_42367335.mp3	3996
common_voice_mvy_42080529.mp3	4356
common_voice_mvy_42363867.mp3	7488
common_voice_mvy_42067282.mp3	2628
common_voice_mvy_42377980.mp3	3636
common_voice_mvy_42083759.mp3	4176
common_voice_mvy_42547639.mp3	3096
common_voice_mvy_42382770.mp3	3600
common_voice_mvy_42390754.mp3	5508
common_voice_mvy_42086121.mp3	4968
common_voice_mvy_42386024.mp3	4140
common_voice_mvy_42361231.mp3	4356
common_voice_mvy_42062558.mp3	7560
common_voice_mvy_42391969.mp3	4896
common_voice_mvy_42060333.mp3	5580
common_voice_mvy_42060364.mp3	4248
common_voice_mvy_42560171.mp3	6156
common_voice_mvy_42088796.mp3	3276
common_voice_mvy_42383271.mp3	3348
common_voice_mvy_42079682.mp3	3420
common_voice_mvy_42077372.mp3	4788
common_voice_mvy_42380723.mp3	5436
common_voice_mvy_42063783.mp3	5148
common_voice_mvy_42389636.mp3	5580
common_voice_mvy_42195002.mp3	5076
common_voice_mvy_42350821.mp3	3600
common_voice_mvy_42367602.mp3	4680
common_voice_mvy_42067032.mp3	3420
common_voice_mvy_42363681.mp3	6840
common_voice_mvy_42376235.mp3	3348
common_voice_mvy_42086214.mp3	5400
common_voice_mvy_42575013.mp3	5076
common_voice_mvy_42374062.mp3	6768
common_voice_mvy_42080405.mp3	2664
common_voice_mvy_42042287.mp3	5976
common_voice_mvy_42013297.mp3	4536
common_voice_mvy_42367217.mp3	3348
common_voice_mvy_42397093.mp3	7308
common_voice_mvy_42376565.mp3	5256
common_voice_mvy_42042988.mp3	3096
common_voice_mvy_42396138.mp3	2448
common_voice_mvy_42055912.mp3	3528
common_voice_mvy_42080416.mp3	7416
common_voice_mvy_42349696.mp3	4320
common_voice_mvy_42356249.mp3	3996
common_voice_mvy_42546270.mp3	5076
common_voice_mvy_42347251.mp3	6156
common_voice_mvy_42397069.mp3	5616
common_voice_mvy_42089387.mp3	11376
common_voice_mvy_42375299.mp3	5076
common_voice_mvy_42042086.mp3	3276
common_voice_mvy_42397153.mp3	2628
common_voice_mvy_42382456.mp3	4896
common_voice_mvy_42080695.mp3	6480
common_voice_mvy_42363878.mp3	5868
common_voice_mvy_42097892.mp3	4788
common_voice_mvy_42349299.mp3	2196
common_voice_mvy_42547563.mp3	4356
common_voice_mvy_42180560.mp3	3816
common_voice_mvy_42079983.mp3	3564
common_voice_mvy_42360767.mp3	3276
common_voice_mvy_42024851.mp3	6660
common_voice_mvy_42364820.mp3	4428
common_voice_mvy_42064171.mp3	2880
common_voice_mvy_42060293.mp3	5076
common_voice_mvy_42060426.mp3	5328
common_voice_mvy_42021111.mp3	8640
common_voice_mvy_42079816.mp3	3096
common_voice_mvy_42390697.mp3	3600
common_voice_mvy_42052670.mp3	4680
common_voice_mvy_42375287.mp3	5868
common_voice_mvy_42413205.mp3	5040
common_voice_mvy_42347626.mp3	3528
common_voice_mvy_42079229.mp3	6300
common_voice_mvy_42396146.mp3	6588
common_voice_mvy_42391905.mp3	3240
common_voice_mvy_42397816.mp3	3420
common_voice_mvy_42360550.mp3	4716
common_voice_mvy_42363044.mp3	4680
common_voice_mvy_42396133.mp3	4860
common_voice_mvy_42077351.mp3	2196
common_voice_mvy_42397575.mp3	3420
common_voice_mvy_42397817.mp3	3528
common_voice_mvy_42067381.mp3	4536
common_voice_mvy_42376354.mp3	4356
common_voice_mvy_42375784.mp3	5148
common_voice_mvy_42374263.mp3	4320
common_voice_mvy_42362601.mp3	5076
common_voice_mvy_42348741.mp3	6660
common_voice_mvy_42413648.mp3	5040
common_voice_mvy_42092603.mp3	6120
common_voice_mvy_42361462.mp3	5076
common_voice_mvy_42390653.mp3	7236
common_voice_mvy_42393526.mp3	5400
common_voice_mvy_42515028.mp3	4248
common_voice_mvy_42060045.mp3	5508
common_voice_mvy_42397491.mp3	3276
common_voice_mvy_42021446.mp3	3168
common_voice_mvy_42080280.mp3	5076
common_voice_mvy_42374306.mp3	3168
common_voice_mvy_42373941.mp3	6516
common_voice_mvy_42360593.mp3	3636
common_voice_mvy_42378905.mp3	3780
common_voice_mvy_42575070.mp3	3780
common_voice_mvy_42396189.mp3	4248
common_voice_mvy_42010305.mp3	3096
common_voice_mvy_42124258.mp3	4680
common_voice_mvy_42008124.mp3	6156
common_voice_mvy_42347108.mp3	4500
common_voice_mvy_42363453.mp3	3060
common_voice_mvy_42403362.mp3	4968
common_voice_mvy_42062676.mp3	6840
common_voice_mvy_42368627.mp3	2700
common_voice_mvy_42006556.mp3	5400
common_voice_mvy_42007982.mp3	7200
common_voice_mvy_42376643.mp3	4320
common_voice_mvy_42361293.mp3	4356
common_voice_mvy_42063895.mp3	9900
common_voice_mvy_42363394.mp3	2700
common_voice_mvy_42349629.mp3	5328
common_voice_mvy_42064170.mp3	2808
common_voice_mvy_42547707.mp3	3996
common_voice_mvy_42532255.mp3	3348
common_voice_mvy_42366956.mp3	5256
common_voice_mvy_42395175.mp3	5940
common_voice_mvy_42007146.mp3	5940
common_voice_mvy_42520372.mp3	3816
common_voice_mvy_42367883.mp3	8028
common_voice_mvy_42515055.mp3	3276
common_voice_mvy_42403451.mp3	4068
common_voice_mvy_42053041.mp3	3348
common_voice_mvy_42390766.mp3	4248
common_voice_mvy_42024879.mp3	5148
common_voice_mvy_42049805.mp3	3780
common_voice_mvy_42395947.mp3	4176
common_voice_mvy_42478921.mp3	7380
common_voice_mvy_42363985.mp3	4176
common_voice_mvy_42008235.mp3	7920
common_voice_mvy_42547784.mp3	2988
common_voice_mvy_42395018.mp3	4860
common_voice_mvy_42346031.mp3	4608
common_voice_mvy_42084859.mp3	3276
common_voice_mvy_42370048.mp3	9756
common_voice_mvy_42414372.mp3	4068
common_voice_mvy_42533347.mp3	3600
common_voice_mvy_42195003.mp3	4176
common_voice_mvy_42079483.mp3	6228
common_voice_mvy_42533331.mp3	4248
common_voice_mvy_42363004.mp3	7740
common_voice_mvy_43579292.mp3	4788
common_voice_mvy_42079370.mp3	7200
common_voice_mvy_42393433.mp3	7956
common_voice_mvy_42478941.mp3	4176
common_voice_mvy_42395814.mp3	4068
common_voice_mvy_42060399.mp3	5760
common_voice_mvy_42078599.mp3	6588
common_voice_mvy_42364344.mp3	3996
common_voice_mvy_42363381.mp3	3600
common_voice_mvy_42052756.mp3	2628
common_voice_mvy_42367348.mp3	5580
common_voice_mvy_42591083.mp3	4680
common_voice_mvy_42347521.mp3	5076
common_voice_mvy_42042862.mp3	6876
common_voice_mvy_42356871.mp3	6696
common_voice_mvy_42363920.mp3	5148
common_voice_mvy_42360784.mp3	4248
common_voice_mvy_42395946.mp3	2340
common_voice_mvy_42394846.mp3	4320
common_voice_mvy_42007178.mp3	3996
common_voice_mvy_42361908.mp3	4608
common_voice_mvy_42080288.mp3	4140
common_voice_mvy_42389662.mp3	4068
common_voice_mvy_42363091.mp3	6048
common_voice_mvy_42079880.mp3	5616
common_voice_mvy_42008177.mp3	3960
common_voice_mvy_42081565.mp3	7560
common_voice_mvy_42075986.mp3	3168
common_voice_mvy_42351343.mp3	5256
common_voice_mvy_42366532.mp3	6336
common_voice_mvy_42552867.mp3	5076
common_voice_mvy_42520438.mp3	5256
common_voice_mvy_42552885.mp3	4320
common_voice_mvy_42376470.mp3	4716
common_voice_mvy_42024735.mp3	6120
common_voice_mvy_42011184.mp3	7668
common_voice_mvy_42532233.mp3	4248
common_voice_mvy_42007177.mp3	6228
common_voice_mvy_42414954.mp3	4140
common_voice_mvy_42604441.mp3	3456
common_voice_mvy_42395182.mp3	6336
common_voice_mvy_42364839.mp3	4680
common_voice_mvy_42346628.mp3	4068
common_voice_mvy_42351290.mp3	4536
common_voice_mvy_42347105.mp3	5580
common_voice_mvy_42365498.mp3	4536
common_voice_mvy_42357780.mp3	5148
common_voice_mvy_42376461.mp3	2448
common_voice_mvy_42089748.mp3	3456
common_voice_mvy_42362956.mp3	6588
common_voice_mvy_42077253.mp3	5580
common_voice_mvy_42370565.mp3	4356
common_voice_mvy_42381303.mp3	6516
common_voice_mvy_42075822.mp3	4068
common_voice_mvy_42393991.mp3	5796
common_voice_mvy_42398371.mp3	6156
common_voice_mvy_42395256.mp3	2808
common_voice_mvy_42591126.mp3	7776
common_voice_mvy_42397465.mp3	7416
common_voice_mvy_42007242.mp3	3096
common_voice_mvy_42380227.mp3	4788
common_voice_mvy_42008380.mp3	3456
common_voice_mvy_42496670.mp3	6048
common_voice_mvy_42073704.mp3	4716
common_voice_mvy_42397078.mp3	5760
common_voice_mvy_42376647.mp3	6876
common_voice_mvy_42078826.mp3	3996
common_voice_mvy_42055440.mp3	2736
common_voice_mvy_42391420.mp3	3780
common_voice_mvy_42368351.mp3	3528
common_voice_mvy_42345857.mp3	8748
common_voice_mvy_42557205.mp3	5688
common_voice_mvy_42407863.mp3	2916
common_voice_mvy_42042849.mp3	7056
common_voice_mvy_42421691.mp3	2520
common_voice_mvy_42008064.mp3	3348
common_voice_mvy_42363924.mp3	3708
common_voice_mvy_42393987.mp3	3636
common_voice_mvy_42063670.mp3	4716
common_voice_mvy_42013298.mp3	4860
common_voice_mvy_42496661.mp3	7056
common_voice_mvy_42368397.mp3	6588
common_voice_mvy_42390312.mp3	4500
common_voice_mvy_42385762.mp3	6228
common_voice_mvy_42388003.mp3	3168
common_voice_mvy_42088918.mp3	6156
common_voice_mvy_42347350.mp3	4176
common_voice_mvy_42414610.mp3	4608
common_voice_mvy_42349871.mp3	4068
common_voice_mvy_42365011.mp3	3708
common_voice_mvy_42020638.mp3	8136
common_voice_mvy_42392781.mp3	3528
common_voice_mvy_42379153.mp3	5868
common_voice_mvy_42374125.mp3	4068
common_voice_mvy_42364064.mp3	5076
common_voice_mvy_42093085.mp3	4248
common_voice_mvy_42348739.mp3	7596
common_voice_mvy_42080868.mp3	4068
common_voice_mvy_42052954.mp3	5508
common_voice_mvy_42010207.mp3	3636
common_voice_mvy_42351730.mp3	5868
common_voice_mvy_42063719.mp3	4068
common_voice_mvy_42350656.mp3	3348
common_voice_mvy_42055948.mp3	6228
common_voice_mvy_42074891.mp3	4536
common_voice_mvy_42345908.mp3	5148
common_voice_mvy_42346441.mp3	3096
common_voice_mvy_42067337.mp3	8100
common_voice_mvy_42573240.mp3	5148
common_voice_mvy_42092872.mp3	3960
common_voice_mvy_42180555.mp3	2988
common_voice_mvy_42397182.mp3	2736
common_voice_mvy_42575037.mp3	3996
common_voice_mvy_42367323.mp3	7236
common_voice_mvy_42394815.mp3	8100
common_voice_mvy_42413970.mp3	3960
common_voice_mvy_42496776.mp3	6768
common_voice_mvy_42093030.mp3	4140
common_voice_mvy_42362932.mp3	4320
common_voice_mvy_42348404.mp3	5868
common_voice_mvy_42390084.mp3	5688
common_voice_mvy_42080938.mp3	2988
common_voice_mvy_42092643.mp3	3636
common_voice_mvy_42081250.mp3	6408
common_voice_mvy_42380381.mp3	3780
common_voice_mvy_42130556.mp3	7956
common_voice_mvy_42006530.mp3	2880
common_voice_mvy_42360006.mp3	3348
common_voice_mvy_42363223.mp3	3816
common_voice_mvy_42370061.mp3	3816
common_voice_mvy_42387709.mp3	5148
common_voice_mvy_42042529.mp3	7380
common_voice_mvy_42706530.mp3	4356
common_voice_mvy_42360765.mp3	4248
common_voice_mvy_42367112.mp3	4968
common_voice_mvy_42736024.mp3	5508
common_voice_mvy_42350714.mp3	4428
common_voice_mvy_42403070.mp3	2376
common_voice_mvy_42007521.mp3	6768
common_voice_mvy_42079530.mp3	7560
common_voice_mvy_42396254.mp3	3096
common_voice_mvy_42079854.mp3	3780
common_voice_mvy_42048850.mp3	3816
common_voice_mvy_42042254.mp3	4428
common_voice_mvy_42361272.mp3	6156
common_voice_mvy_42008515.mp3	5436
common_voice_mvy_42378893.mp3	2880
common_voice_mvy_42042072.mp3	2916
common_voice_mvy_42074933.mp3	2340
common_voice_mvy_42053126.mp3	6696
common_voice_mvy_42007805.mp3	5400
common_voice_mvy_42073802.mp3	3816
common_voice_mvy_42397051.mp3	5400
common_voice_mvy_42394758.mp3	3600
common_voice_mvy_42180530.mp3	3780
common_voice_mvy_42080936.mp3	5328
common_voice_mvy_42351680.mp3	4428
common_voice_mvy_42380877.mp3	3456
common_voice_mvy_42533379.mp3	6516
common_voice_mvy_42062894.mp3	6228
common_voice_mvy_42496651.mp3	7668
common_voice_mvy_42390471.mp3	3060
common_voice_mvy_42063718.mp3	5436
common_voice_mvy_42345948.mp3	5148
common_voice_mvy_42007885.mp3	4428
common_voice_mvy_42062745.mp3	7200
common_voice_mvy_42395061.mp3	6336
common_voice_mvy_42008196.mp3	3060
common_voice_mvy_42078729.mp3	4176
common_voice_mvy_42395041.mp3	4716
common_voice_mvy_42012062.mp3	8496
common_voice_mvy_42006992.mp3	4896
common_voice_mvy_42350831.mp3	3960
common_voice_mvy_42382485.mp3	3888
common_voice_mvy_42390395.mp3	5076
common_voice_mvy_42350683.mp3	4428
common_voice_mvy_42352426.mp3	3960
common_voice_mvy_42362981.mp3	6768
common_voice_mvy_42352167.mp3	3888
common_voice_mvy_42560152.mp3	6660
common_voice_mvy_42415234.mp3	3708
common_voice_mvy_42374051.mp3	3600
common_voice_mvy_42380013.mp3	5040
common_voice_mvy_42076266.mp3	5904
common_voice_mvy_42382438.mp3	3888
common_voice_mvy_42346952.mp3	3276
common_voice_mvy_42397798.mp3	3096
common_voice_mvy_42370648.mp3	3420
common_voice_mvy_42383249.mp3	3348
common_voice_mvy_42364815.mp3	4896
common_voice_mvy_42376553.mp3	5796
common_voice_mvy_42064282.mp3	7416
common_voice_mvy_42384164.mp3	3780
common_voice_mvy_42067922.mp3	3528
common_voice_mvy_42414961.mp3	3996
common_voice_mvy_42380576.mp3	3888
common_voice_mvy_42085525.mp3	5796
common_voice_mvy_42346488.mp3	4428
common_voice_mvy_42368344.mp3	6156
common_voice_mvy_42390656.mp3	2880
common_voice_mvy_42061255.mp3	3132
common_voice_mvy_42363235.mp3	4680
common_voice_mvy_42074955.mp3	2700
common_voice_mvy_42008066.mp3	3276
common_voice_mvy_42063232.mp3	5616
common_voice_mvy_42382649.mp3	4140
common_voice_mvy_42053204.mp3	3240
common_voice_mvy_42042912.mp3	5040
common_voice_mvy_42396335.mp3	3816
common_voice_mvy_42346961.mp3	3456
common_voice_mvy_42369774.mp3	3780
common_voice_mvy_42364654.mp3	4680
common_voice_mvy_42396607.mp3	5328
common_voice_mvy_42478855.mp3	4500
common_voice_mvy_42076024.mp3	7380
common_voice_mvy_42367584.mp3	4248
common_voice_mvy_42042218.mp3	4500
common_voice_mvy_42080940.mp3	4896
common_voice_mvy_42413340.mp3	3888
common_voice_mvy_42392803.mp3	3636
common_voice_mvy_42078745.mp3	6948
common_voice_mvy_42052736.mp3	3348
common_voice_mvy_42387936.mp3	5400
common_voice_mvy_42520400.mp3	5256
common_voice_mvy_42078612.mp3	4896
common_voice_mvy_42393679.mp3	4140
common_voice_mvy_42366749.mp3	2700
common_voice_mvy_42350478.mp3	3528
common_voice_mvy_42398409.mp3	5328
common_voice_mvy_42360562.mp3	4140
common_voice_mvy_42024743.mp3	8388
common_voice_mvy_42363557.mp3	6516
common_voice_mvy_42380513.mp3	3528
common_voice_mvy_42013092.mp3	5040
common_voice_mvy_42011302.mp3	3816
common_voice_mvy_42496765.mp3	4608
common_voice_mvy_42349300.mp3	5040
common_voice_mvy_42373500.mp3	5796
common_voice_mvy_42006929.mp3	5076
common_voice_mvy_42356316.mp3	3528
common_voice_mvy_42361323.mp3	5796
common_voice_mvy_42093029.mp3	4608
common_voice_mvy_42382261.mp3	5148
common_voice_mvy_42078849.mp3	3600
common_voice_mvy_42064317.mp3	2988
common_voice_mvy_42394166.mp3	6876
common_voice_mvy_42074909.mp3	4428
common_voice_mvy_42049787.mp3	5688
common_voice_mvy_42363286.mp3	4680
common_voice_mvy_42478901.mp3	5148
common_voice_mvy_42080259.mp3	4176
common_voice_mvy_42373576.mp3	5328
common_voice_mvy_42008005.mp3	6480
common_voice_mvy_42349581.mp3	3420
common_voice_mvy_42008691.mp3	2988
common_voice_mvy_42042196.mp3	4320
common_voice_mvy_42395739.mp3	4068
common_voice_mvy_42021440.mp3	3528
common_voice_mvy_42367415.mp3	6048
common_voice_mvy_42366918.mp3	5040
common_voice_mvy_42376626.mp3	5400
common_voice_mvy_42356872.mp3	5400
common_voice_mvy_42363202.mp3	5688
common_voice_mvy_42393592.mp3	5076
common_voice_mvy_42007614.mp3	3420
common_voice_mvy_42380763.mp3	5256
common_voice_mvy_42369029.mp3	3960
common_voice_mvy_42380129.mp3	4860
common_voice_mvy_42383502.mp3	6696
common_voice_mvy_42351598.mp3	4788
common_voice_mvy_42042974.mp3	4968
common_voice_mvy_42056717.mp3	4356
common_voice_mvy_42053159.mp3	6228
common_voice_mvy_42363832.mp3	3600
common_voice_mvy_42414164.mp3	4680
common_voice_mvy_42361025.mp3	4176
common_voice_mvy_42008634.mp3	4140
common_voice_mvy_42367847.mp3	3816
common_voice_mvy_42092979.mp3	5220
common_voice_mvy_42373880.mp3	2880
common_voice_mvy_42360552.mp3	3276
common_voice_mvy_42375284.mp3	5868
common_voice_mvy_42012058.mp3	3780
common_voice_mvy_42376396.mp3	3168
common_voice_mvy_42348929.mp3	3420
common_voice_mvy_42023109.mp3	3528
common_voice_mvy_42011230.mp3	5688
common_voice_mvy_42092640.mp3	5436
common_voice_mvy_43579301.mp3	3348
common_voice_mvy_42080828.mp3	5076
common_voice_mvy_42391992.mp3	2196
common_voice_mvy_42079522.mp3	4860
common_voice_mvy_42080374.mp3	3600
common_voice_mvy_42064310.mp3	7308
common_voice_mvy_42365867.mp3	5400
common_voice_mvy_42706527.mp3	9648
common_voice_mvy_42180493.mp3	2736
common_voice_mvy_42351973.mp3	4140
common_voice_mvy_42063638.mp3	5940
common_voice_mvy_42413762.mp3	3060
common_voice_mvy_42421675.mp3	3060
common_voice_mvy_42367213.mp3	3348
common_voice_mvy_42438289.mp3	7560
common_voice_mvy_42356261.mp3	4788
common_voice_mvy_42368939.mp3	4896
common_voice_mvy_42369327.mp3	4896
common_voice_mvy_42363486.mp3	3888
common_voice_mvy_42363104.mp3	5040
common_voice_mvy_42079593.mp3	3636
common_voice_mvy_42378843.mp3	3348
common_voice_mvy_42375824.mp3	2196
common_voice_mvy_42396132.mp3	5256
common_voice_mvy_42351578.mp3	4356
common_voice_mvy_42062748.mp3	10296
common_voice_mvy_42496611.mp3	5436
common_voice_mvy_42595024.mp3	3960
common_voice_mvy_42064333.mp3	7128
common_voice_mvy_42346769.mp3	2808
common_voice_mvy_42357828.mp3	5148
common_voice_mvy_42383784.mp3	4320
common_voice_mvy_42008525.mp3	3168
common_voice_mvy_42413611.mp3	3168
common_voice_mvy_42378482.mp3	4680
common_voice_mvy_42496669.mp3	8748
common_voice_mvy_42388262.mp3	3600
common_voice_mvy_42394740.mp3	3960
common_voice_mvy_42363715.mp3	11340
common_voice_mvy_42086105.mp3	4500
common_voice_mvy_42393967.mp3	2700
common_voice_mvy_42373525.mp3	3420
common_voice_mvy_42360134.mp3	6516
common_voice_mvy_42362933.mp3	3348
common_voice_mvy_42362339.mp3	3960
common_voice_mvy_42021296.mp3	6048
common_voice_mvy_42060461.mp3	7488
common_voice_mvy_42124287.mp3	4860
common_voice_mvy_42079651.mp3	6336
common_voice_mvy_42007495.mp3	5076
common_voice_mvy_42055877.mp3	4356
common_voice_mvy_42080128.mp3	8100
common_voice_mvy_42080689.mp3	6768
common_voice_mvy_42052955.mp3	4788
common_voice_mvy_42010185.mp3	4896
common_voice_mvy_42351786.mp3	4320
common_voice_mvy_42062218.mp3	5220
common_voice_mvy_42065942.mp3	3420
common_voice_mvy_42350296.mp3	3168
common_voice_mvy_42380139.mp3	2520
common_voice_mvy_42395764.mp3	4536
common_voice_mvy_42007852.mp3	5868
common_voice_mvy_42084733.mp3	2916
common_voice_mvy_42346467.mp3	3960
common_voice_mvy_42556793.mp3	6660
common_voice_mvy_42348243.mp3	6408
common_voice_mvy_42496759.mp3	11448
common_voice_mvy_42386116.mp3	5580
common_voice_mvy_42007977.mp3	3924
common_voice_mvy_42413632.mp3	3348
common_voice_mvy_42376485.mp3	9396
common_voice_mvy_42064489.mp3	3276
common_voice_mvy_42520417.mp3	4680
common_voice_mvy_42042262.mp3	5508
common_voice_mvy_42386012.mp3	3420
common_voice_mvy_42182575.mp3	3996
common_voice_mvy_42547591.mp3	4716
common_voice_mvy_42024698.mp3	7020
common_voice_mvy_42547670.mp3	4068
common_voice_mvy_42010475.mp3	3276
common_voice_mvy_42362625.mp3	4680
common_voice_mvy_42361126.mp3	5148
common_voice_mvy_42092987.mp3	3888
common_voice_mvy_42395177.mp3	4248
common_voice_mvy_42064234.mp3	11340
common_voice_mvy_42012181.mp3	3060
common_voice_mvy_42007297.mp3	3276
common_voice_mvy_42024871.mp3	4536
common_voice_mvy_42357826.mp3	3276
common_voice_mvy_42358663.mp3	8388
common_voice_mvy_42067053.mp3	5076
common_voice_mvy_42079625.mp3	3888
common_voice_mvy_42363548.mp3	4500
common_voice_mvy_42348830.mp3	4896
common_voice_mvy_42008481.mp3	4500
common_voice_mvy_42350252.mp3	4356
common_voice_mvy_42478938.mp3	5580
common_voice_mvy_42368963.mp3	3600
common_voice_mvy_42393880.mp3	3996
common_voice_mvy_42515057.mp3	3636
common_voice_mvy_42063899.mp3	5796
common_voice_mvy_42375778.mp3	6048
common_voice_mvy_42096213.mp3	4716
common_voice_mvy_42368887.mp3	3276
common_voice_mvy_42055811.mp3	2988
common_voice_mvy_42346428.mp3	3996
common_voice_mvy_42421687.mp3	4500
common_voice_mvy_42369344.mp3	4068
common_voice_mvy_42413197.mp3	4608
common_voice_mvy_42021363.mp3	6048
common_voice_mvy_42557225.mp3	3420
common_voice_mvy_42011727.mp3	5040
common_voice_mvy_42089014.mp3	4248
common_voice_mvy_42363671.mp3	4140
common_voice_mvy_42387929.mp3	3528
common_voice_mvy_42080482.mp3	5688
common_voice_mvy_42347214.mp3	4068
common_voice_mvy_42347669.mp3	3636
common_voice_mvy_42007882.mp3	3960
common_voice_mvy_42373800.mp3	3240
common_voice_mvy_42096471.mp3	3528
common_voice_mvy_42365798.mp3	5508
common_voice_mvy_42079234.mp3	7236
common_voice_mvy_42062219.mp3	4356
common_voice_mvy_42552883.mp3	4788
common_voice_mvy_42368378.mp3	3420
common_voice_mvy_42079543.mp3	3996
common_voice_mvy_42393700.mp3	3816
common_voice_mvy_42373557.mp3	3996
common_voice_mvy_42347269.mp3	5076
common_voice_mvy_42079863.mp3	3636
common_voice_mvy_42072882.mp3	6876
common_voice_mvy_42052644.mp3	5076
common_voice_mvy_42394873.mp3	3960
common_voice_mvy_42021227.mp3	6516
common_voice_mvy_42085207.mp3	3708
common_voice_mvy_42089469.mp3	4860
common_voice_mvy_42553003.mp3	4788
common_voice_mvy_42365231.mp3	3708
common_voice_mvy_42055707.mp3	4788
common_voice_mvy_42395232.mp3	3816
common_voice_mvy_42368938.mp3	5148
common_voice_mvy_42394980.mp3	4680
common_voice_mvy_42363481.mp3	5220
common_voice_mvy_42078622.mp3	5760
common_voice_mvy_42415233.mp3	3888
common_voice_mvy_42413360.mp3	4068
common_voice_mvy_42074789.mp3	3276
common_voice_mvy_42092846.mp3	7020
common_voice_mvy_42061020.mp3	5868
common_voice_mvy_42397070.mp3	6948
common_voice_mvy_42079175.mp3	5508
common_voice_mvy_42370411.mp3	3708
common_voice_mvy_42076016.mp3	5688
common_voice_mvy_42393000.mp3	2700
common_voice_mvy_42053525.mp3	3708
common_voice_mvy_42062836.mp3	6588
common_voice_mvy_42394855.mp3	2916
common_voice_mvy_42080410.mp3	10008
common_voice_mvy_42079502.mp3	5976
common_voice_mvy_42496659.mp3	5940
common_voice_mvy_42085160.mp3	8460
common_voice_mvy_42533352.mp3	3888
common_voice_mvy_42347107.mp3	3456
common_voice_mvy_42395297.mp3	3636
common_voice_mvy_42021256.mp3	4860
common_voice_mvy_42391146.mp3	4896
common_voice_mvy_42370581.mp3	3708
common_voice_mvy_42394082.mp3	3960
common_voice_mvy_42380342.mp3	5760
common_voice_mvy_42389342.mp3	4068
common_voice_mvy_42395163.mp3	3456
common_voice_mvy_42052753.mp3	3456
common_voice_mvy_42361247.mp3	8496
common_voice_mvy_42056552.mp3	6840
common_voice_mvy_42080323.mp3	4716
common_voice_mvy_42397451.mp3	4248
common_voice_mvy_42406907.mp3	4968
common_voice_mvy_42080251.mp3	5436
common_voice_mvy_42389980.mp3	4428
common_voice_mvy_42347811.mp3	6228
common_voice_mvy_42397434.mp3	4428
common_voice_mvy_42389034.mp3	4608
common_voice_mvy_42023100.mp3	4788
common_voice_mvy_42080029.mp3	4968
common_voice_mvy_42080572.mp3	3348
common_voice_mvy_42080590.mp3	3528
common_voice_mvy_42393941.mp3	3960
common_voice_mvy_42074727.mp3	4212
common_voice_mvy_42395082.mp3	3168
common_voice_mvy_42024770.mp3	5508
common_voice_mvy_42350351.mp3	3348
common_voice_mvy_42367157.mp3	4356
common_voice_mvy_42380702.mp3	3816
common_voice_mvy_42547603.mp3	3420
common_voice_mvy_42604463.mp3	5436
common_voice_mvy_42346032.mp3	5400
common_voice_mvy_42008430.mp3	3420
common_voice_mvy_42092974.mp3	5868
common_voice_mvy_42384215.mp3	4896
common_voice_mvy_42370465.mp3	4140
common_voice_mvy_42362814.mp3	3420
common_voice_mvy_42546258.mp3	4536
common_voice_mvy_42089296.mp3	6516
common_voice_mvy_42604514.mp3	4536
common_voice_mvy_42380434.mp3	5076
common_voice_mvy_42347547.mp3	4500
common_voice_mvy_42380722.mp3	7488
common_voice_mvy_42550602.mp3	8316
common_voice_mvy_42363824.mp3	4500
common_voice_mvy_42055356.mp3	3888
common_voice_mvy_42050264.mp3	8748
common_voice_mvy_42007741.mp3	3780
common_voice_mvy_42360491.mp3	3636
common_voice_mvy_42374160.mp3	3528
common_voice_mvy_42478878.mp3	5328
common_voice_mvy_42370265.mp3	8280
common_voice_mvy_42180544.mp3	4536
common_voice_mvy_42063023.mp3	7560
common_voice_mvy_42377973.mp3	6696
common_voice_mvy_42081584.mp3	4176
common_voice_mvy_42360499.mp3	4176
common_voice_mvy_42008402.mp3	4500
common_voice_mvy_42386104.mp3	6300
common_voice_mvy_42079089.mp3	3096
common_voice_mvy_42413257.mp3	4896
common_voice_mvy_42375617.mp3	4716
common_voice_mvy_42085381.mp3	3708
common_voice_mvy_42079481.mp3	5220
common_voice_mvy_42079892.mp3	3096
common_voice_mvy_42413618.mp3	3240
common_voice_mvy_42367356.mp3	5436
common_voice_mvy_42010022.mp3	4428
common_voice_mvy_42008213.mp3	4608
common_voice_mvy_42348462.mp3	4176
common_voice_mvy_42011663.mp3	7200
common_voice_mvy_42081247.mp3	5616
common_voice_mvy_42413104.mp3	6876
common_voice_mvy_42391010.mp3	6300
common_voice_mvy_42365305.mp3	4968
common_voice_mvy_42347188.mp3	3888
common_voice_mvy_42387998.mp3	4788
common_voice_mvy_42080977.mp3	3456
common_voice_mvy_42398342.mp3	4500
common_voice_mvy_42380387.mp3	4068
common_voice_mvy_42064200.mp3	6840
common_voice_mvy_42370301.mp3	4140
common_voice_mvy_42075726.mp3	2952
common_voice_mvy_42405504.mp3	4500
common_voice_mvy_42388879.mp3	8640
common_voice_mvy_42042990.mp3	3708
common_voice_mvy_42053488.mp3	5616
common_voice_mvy_42451831.mp3	5328
common_voice_mvy_42515029.mp3	4860
common_voice_mvy_42011660.mp3	3168
common_voice_mvy_42414999.mp3	6768
common_voice_mvy_42363313.mp3	3636
common_voice_mvy_42362523.mp3	6156
common_voice_mvy_42421656.mp3	7560
common_voice_mvy_42053029.mp3	5220
common_voice_mvy_42429044.mp3	7056
common_voice_mvy_42349857.mp3	3456
common_voice_mvy_42363036.mp3	4428
common_voice_mvy_42375972.mp3	4176
common_voice_mvy_42364833.mp3	5976
common_voice_mvy_42008646.mp3	4788
common_voice_mvy_42376745.mp3	3600
common_voice_mvy_42394681.mp3	2916
common_voice_mvy_42384163.mp3	6156
common_voice_mvy_42024548.mp3	4248
common_voice_mvy_42351682.mp3	3636
common_voice_mvy_42348097.mp3	3960
common_voice_mvy_42384070.mp3	5796
common_voice_mvy_42078694.mp3	7920
common_voice_mvy_42533323.mp3	3528
common_voice_mvy_42079683.mp3	6588
common_voice_mvy_42360652.mp3	3996
common_voice_mvy_42363330.mp3	5220
common_voice_mvy_42368958.mp3	5148
common_voice_mvy_42007750.mp3	3168
common_voice_mvy_42007523.mp3	5940
common_voice_mvy_42007207.mp3	3600
common_voice_mvy_42376674.mp3	5220
common_voice_mvy_42061322.mp3	5436
common_voice_mvy_42369003.mp3	4320
common_voice_mvy_42067143.mp3	5220
common_voice_mvy_42081216.mp3	3816
common_voice_mvy_42413317.mp3	4500
common_voice_mvy_42385898.mp3	8676
common_voice_mvy_42367601.mp3	4896
common_voice_mvy_42376558.mp3	4140
common_voice_mvy_42063854.mp3	10116
common_voice_mvy_42384299.mp3	3528
common_voice_mvy_42360236.mp3	3528
common_voice_mvy_42413076.mp3	2556
common_voice_mvy_42403077.mp3	5400
common_voice_mvy_42080387.mp3	8928
common_voice_mvy_42350349.mp3	4968
common_voice_mvy_42008136.mp3	2916
common_voice_mvy_42014517.mp3	5292
common_voice_mvy_42079850.mp3	5616
common_voice_mvy_42349919.mp3	5076
common_voice_mvy_42380571.mp3	2628
common_voice_mvy_42060403.mp3	6876
common_voice_mvy_42351338.mp3	3708
common_voice_mvy_42085286.mp3	5328
common_voice_mvy_42547538.mp3	6336
common_voice_mvy_42079622.mp3	10116
common_voice_mvy_42414481.mp3	4320
common_voice_mvy_42079787.mp3	4392
common_voice_mvy_42063056.mp3	5940
common_voice_mvy_42413768.mp3	5040
common_voice_mvy_42014975.mp3	4068
common_voice_mvy_42062930.mp3	3600
common_voice_mvy_42063898.mp3	5040
common_voice_mvy_42124188.mp3	3816
common_voice_mvy_42080289.mp3	8748
common_voice_mvy_42405480.mp3	3240
common_voice_mvy_42356363.mp3	7020
common_voice_mvy_42079599.mp3	2736
common_voice_mvy_42042184.mp3	8136
common_voice_mvy_42052754.mp3	3420
common_voice_mvy_42362210.mp3	5256
common_voice_mvy_42007745.mp3	7200
common_voice_mvy_42384987.mp3	5580
common_voice_mvy_42595032.mp3	4968
common_voice_mvy_42393883.mp3	5508
common_voice_mvy_42360306.mp3	5220
common_voice_mvy_42356361.mp3	4356
common_voice_mvy_42397284.mp3	4860
common_voice_mvy_42573252.mp3	3960
common_voice_mvy_42406557.mp3	3960
common_voice_mvy_42347585.mp3	3780
common_voice_mvy_42020592.mp3	6228
common_voice_mvy_42350691.mp3	3708
common_voice_mvy_42350778.mp3	5328
common_voice_mvy_42376744.mp3	3636
common_voice_mvy_42052967.mp3	6480
common_voice_mvy_42604492.mp3	4536
common_voice_mvy_42390767.mp3	5220
common_voice_mvy_42093062.mp3	3708
common_voice_mvy_42093054.mp3	3420
common_voice_mvy_42078770.mp3	4860
common_voice_mvy_42092998.mp3	3960
common_voice_mvy_42395157.mp3	2700
common_voice_mvy_42384608.mp3	3528
common_voice_mvy_42532306.mp3	2700
common_voice_mvy_42066966.mp3	2376
common_voice_mvy_42043120.mp3	4896
common_voice_mvy_42020577.mp3	4320
common_voice_mvy_42352421.mp3	6876
common_voice_mvy_42360170.mp3	3348
common_voice_mvy_42414330.mp3	4176
common_voice_mvy_42347019.mp3	3456
common_voice_mvy_42386142.mp3	4248
common_voice_mvy_42362374.mp3	4176
common_voice_mvy_42021254.mp3	4680
common_voice_mvy_42394955.mp3	4860
common_voice_mvy_42403408.mp3	3780
common_voice_mvy_42011432.mp3	5400
common_voice_mvy_42351074.mp3	6120
common_voice_mvy_42063667.mp3	4968
common_voice_mvy_42347532.mp3	7056
common_voice_mvy_42131976.mp3	3168
common_voice_mvy_42392532.mp3	4140
common_voice_mvy_42393731.mp3	4068
common_voice_mvy_42403087.mp3	4068
common_voice_mvy_42349623.mp3	2880
common_voice_mvy_42264482.mp3	4140
common_voice_mvy_42361258.mp3	4608
common_voice_mvy_42079354.mp3	5436
common_voice_mvy_42053514.mp3	4248
common_voice_mvy_42395066.mp3	5040
common_voice_mvy_42395369.mp3	4680
common_voice_mvy_42076317.mp3	4356
common_voice_mvy_42369185.mp3	5976
common_voice_mvy_42373700.mp3	4896
common_voice_mvy_42062677.mp3	7596
common_voice_mvy_42369767.mp3	4140
common_voice_mvy_42363337.mp3	4356
common_voice_mvy_42042922.mp3	5256
common_voice_mvy_42064684.mp3	6840
common_voice_mvy_42392044.mp3	3060
common_voice_mvy_42560169.mp3	4356
common_voice_mvy_42389182.mp3	3960
common_voice_mvy_42011159.mp3	5868
common_voice_mvy_42123022.mp3	4896
common_voice_mvy_42392366.mp3	3816
common_voice_mvy_42042139.mp3	4248
common_voice_mvy_42010484.mp3	3276
common_voice_mvy_42352393.mp3	7740
common_voice_mvy_42011854.mp3	5508
common_voice_mvy_42347005.mp3	3168
common_voice_mvy_42362942.mp3	3240
common_voice_mvy_42043623.mp3	4500
common_voice_mvy_42194993.mp3	5220
common_voice_mvy_42360544.mp3	3888
common_voice_mvy_42096199.mp3	9180
common_voice_mvy_42367191.mp3	7380
common_voice_mvy_42060273.mp3	4068
common_voice_mvy_42397333.mp3	4428
common_voice_mvy_42374105.mp3	3888
common_voice_mvy_42056746.mp3	3996
common_voice_mvy_42056618.mp3	13248
common_voice_mvy_42380232.mp3	4248
common_voice_mvy_42024881.mp3	4896
common_voice_mvy_42364257.mp3	5508
common_voice_mvy_42360255.mp3	3960
common_voice_mvy_42351300.mp3	5616
common_voice_mvy_42478940.mp3	3888
common_voice_mvy_42089880.mp3	7236
common_voice_mvy_42065679.mp3	5148
common_voice_mvy_42062663.mp3	4968
common_voice_mvy_42080245.mp3	2916
common_voice_mvy_42367218.mp3	3420
common_voice_mvy_42008221.mp3	4716
common_voice_mvy_42024711.mp3	4428
common_voice_mvy_42079709.mp3	2556
common_voice_mvy_42360172.mp3	4356
common_voice_mvy_42363314.mp3	3420
common_voice_mvy_42053709.mp3	3708
common_voice_mvy_42084056.mp3	3780
common_voice_mvy_42560181.mp3	5220
common_voice_mvy_42351674.mp3	2628
common_voice_mvy_42361830.mp3	7596
common_voice_mvy_42042209.mp3	4320
common_voice_mvy_42011871.mp3	8928
common_voice_mvy_42063708.mp3	4176
common_voice_mvy_42078773.mp3	4068
common_voice_mvy_42374304.mp3	3996
common_voice_mvy_42015086.mp3	5076
common_voice_mvy_42351078.mp3	4716
common_voice_mvy_42384005.mp3	4068
common_voice_mvy_42373587.mp3	3600
common_voice_mvy_42384230.mp3	4248
common_voice_mvy_42264512.mp3	4860
common_voice_mvy_42362919.mp3	4248
common_voice_mvy_42053522.mp3	4428
common_voice_mvy_42392007.mp3	4356
common_voice_mvy_42396497.mp3	4248
common_voice_mvy_42370600.mp3	2448
common_voice_mvy_42078796.mp3	3600
common_voice_mvy_42089449.mp3	4140
common_voice_mvy_42370120.mp3	2520
common_voice_mvy_42595003.mp3	3780
common_voice_mvy_42520436.mp3	6876
common_voice_mvy_42396071.mp3	2988
common_voice_mvy_42024878.mp3	4320
common_voice_mvy_42414373.mp3	6480
common_voice_mvy_42370646.mp3	3996
common_voice_mvy_42043319.mp3	7632
common_voice_mvy_42390797.mp3	5760
common_voice_mvy_42351547.mp3	4176
common_voice_mvy_42393906.mp3	4248
common_voice_mvy_42395016.mp3	3636
common_voice_mvy_42389068.mp3	3816
common_voice_mvy_42395222.mp3	3420
common_voice_mvy_42180405.mp3	3780
common_voice_mvy_42006972.mp3	3636
common_voice_mvy_42385831.mp3	6516
common_voice_mvy_42380130.mp3	5868
common_voice_mvy_42604501.mp3	5040
common_voice_mvy_42042913.mp3	7344
common_voice_mvy_42366743.mp3	6876
common_voice_mvy_42361191.mp3	3636
common_voice_mvy_42064314.mp3	3096
common_voice_mvy_42385801.mp3	8748
common_voice_mvy_42351752.mp3	5976
common_voice_mvy_42213367.mp3	4716
common_voice_mvy_42520338.mp3	3996
common_voice_mvy_42370232.mp3	5076
common_voice_mvy_42007529.mp3	6840
common_voice_mvy_42092839.mp3	4860
common_voice_mvy_42055722.mp3	3636
common_voice_mvy_42079752.mp3	4212
common_voice_mvy_42084757.mp3	5796
common_voice_mvy_42387764.mp3	3528
common_voice_mvy_42060815.mp3	3780
common_voice_mvy_42093106.mp3	4680
common_voice_mvy_42397904.mp3	3888
common_voice_mvy_42377713.mp3	6588
common_voice_mvy_42020507.mp3	6840
common_voice_mvy_42380921.mp3	2988
common_voice_mvy_42395033.mp3	4140
common_voice_mvy_42367345.mp3	5148
common_voice_mvy_42392132.mp3	4248
common_voice_mvy_42380507.mp3	4140
common_voice_mvy_42124335.mp3	4248
common_voice_mvy_42067915.mp3	2988
common_voice_mvy_42346445.mp3	3168
common_voice_mvy_42357790.mp3	5508
common_voice_mvy_42391961.mp3	2808
common_voice_mvy_42073004.mp3	5976
common_voice_mvy_42395773.mp3	5040
common_voice_mvy_42085170.mp3	4788
common_voice_mvy_42591121.mp3	4176
common_voice_mvy_42478868.mp3	5076
common_voice_mvy_42361080.mp3	2916
common_voice_mvy_42478888.mp3	6948
common_voice_mvy_42246996.mp3	2988
common_voice_mvy_42388897.mp3	4788
common_voice_mvy_42391882.mp3	2808
common_voice_mvy_42006875.mp3	4788
common_voice_mvy_42350248.mp3	2916
common_voice_mvy_42093204.mp3	5940
common_voice_mvy_42413171.mp3	3096
common_voice_mvy_42350056.mp3	5436
common_voice_mvy_42368882.mp3	6120
common_voice_mvy_42363209.mp3	3456
common_voice_mvy_42065908.mp3	2916
common_voice_mvy_42351284.mp3	4608
common_voice_mvy_42060279.mp3	3708
common_voice_mvy_42079626.mp3	6408
common_voice_mvy_42085266.mp3	6156
common_voice_mvy_42010034.mp3	5256
common_voice_mvy_42392056.mp3	3456
common_voice_mvy_42373676.mp3	4068
common_voice_mvy_42379227.mp3	3096
common_voice_mvy_42014886.mp3	9288
common_voice_mvy_42380181.mp3	4500
common_voice_mvy_42550600.mp3	7236
common_voice_mvy_42392014.mp3	4860
common_voice_mvy_42391666.mp3	4248
common_voice_mvy_42080521.mp3	3348
common_voice_mvy_42006555.mp3	3528
common_voice_mvy_42346044.mp3	2340
common_voice_mvy_42560158.mp3	6408
common_voice_mvy_42396178.mp3	6696
common_voice_mvy_42370290.mp3	3636
common_voice_mvy_42008002.mp3	7596
common_voice_mvy_42349869.mp3	4068
common_voice_mvy_42079526.mp3	6948
common_voice_mvy_42375847.mp3	4140
common_voice_mvy_42367659.mp3	3420
common_voice_mvy_42364945.mp3	4176
common_voice_mvy_42023148.mp3	4536
common_voice_mvy_42515009.mp3	3996
common_voice_mvy_42451916.mp3	6516
common_voice_mvy_42056444.mp3	10008
common_voice_mvy_42386035.mp3	3816
common_voice_mvy_42006629.mp3	4320
common_voice_mvy_42392016.mp3	4680
common_voice_mvy_42362613.mp3	4140
common_voice_mvy_42377654.mp3	2448
common_voice_mvy_42079072.mp3	3240
common_voice_mvy_42412797.mp3	4500
common_voice_mvy_42075791.mp3	4680
common_voice_mvy_42008181.mp3	6876
common_voice_mvy_42010393.mp3	2700
common_voice_mvy_42393101.mp3	4500
common_voice_mvy_42021264.mp3	6840
common_voice_mvy_42374335.mp3	4536
common_voice_mvy_42348894.mp3	4428
common_voice_mvy_42396541.mp3	5040
common_voice_mvy_42096173.mp3	5868
common_voice_mvy_42079353.mp3	4536
common_voice_mvy_42397215.mp3	3960
common_voice_mvy_42389535.mp3	2448
common_voice_mvy_42052605.mp3	4608
common_voice_mvy_42398314.mp3	3456
common_voice_mvy_42364837.mp3	4608
common_voice_mvy_42376624.mp3	4896
common_voice_mvy_42393421.mp3	7308
common_voice_mvy_42380754.mp3	3780
common_voice_mvy_42347676.mp3	4500
common_voice_mvy_42346613.mp3	3168
common_voice_mvy_42011998.mp3	5796
common_voice_mvy_42380515.mp3	4140
common_voice_mvy_48992964.mp3	3780
common_voice_mvy_42414638.mp3	5148
common_voice_mvy_42397739.mp3	5148
common_voice_mvy_42080290.mp3	3708
common_voice_mvy_42394598.mp3	3276
common_voice_mvy_42361027.mp3	4320
common_voice_mvy_42428156.mp3	6228
common_voice_mvy_42063690.mp3	8100
common_voice_mvy_42080568.mp3	6120
common_voice_mvy_42063664.mp3	7056
common_voice_mvy_42060251.mp3	3240
common_voice_mvy_42010188.mp3	4356
common_voice_mvy_42347352.mp3	3060
common_voice_mvy_42377656.mp3	3708
common_voice_mvy_42385834.mp3	4500
common_voice_mvy_42397336.mp3	4896
common_voice_mvy_42547634.mp3	4608
common_voice_mvy_42081161.mp3	7668
common_voice_mvy_42356870.mp3	4536
common_voice_mvy_42349209.mp3	3420
common_voice_mvy_42392104.mp3	4428
common_voice_mvy_42399198.mp3	4248
common_voice_mvy_42347168.mp3	4968
common_voice_mvy_42395231.mp3	2916
common_voice_mvy_42547652.mp3	5220
common_voice_mvy_42124175.mp3	7920
common_voice_mvy_42360713.mp3	4860
common_voice_mvy_42532314.mp3	3708
common_voice_mvy_42496676.mp3	4788
common_voice_mvy_42007278.mp3	5220
common_voice_mvy_42079710.mp3	5868
common_voice_mvy_42042220.mp3	6660
common_voice_mvy_42376466.mp3	5148
common_voice_mvy_42408316.mp3	3816
common_voice_mvy_42055960.mp3	4428
common_voice_mvy_42414441.mp3	3456
common_voice_mvy_42076034.mp3	4176
common_voice_mvy_42382408.mp3	2628
common_voice_mvy_42373969.mp3	5508
common_voice_mvy_42015031.mp3	3888
common_voice_mvy_42086364.mp3	9396
common_voice_mvy_42552871.mp3	5760
common_voice_mvy_42381150.mp3	5076
common_voice_mvy_42346489.mp3	5796
common_voice_mvy_42351898.mp3	5220
common_voice_mvy_42370119.mp3	2988
common_voice_mvy_42387707.mp3	5508
common_voice_mvy_42007720.mp3	5580
common_voice_mvy_42059852.mp3	6840
common_voice_mvy_42373952.mp3	3888
common_voice_mvy_43579291.mp3	4248
common_voice_mvy_42384006.mp3	3456
common_voice_mvy_42375473.mp3	7488
common_voice_mvy_42552927.mp3	3996
common_voice_mvy_42391105.mp3	4248
common_voice_mvy_42386145.mp3	6336
common_voice_mvy_42363447.mp3	3888
common_voice_mvy_42055479.mp3	4860
common_voice_mvy_42376780.mp3	2556
common_voice_mvy_42062674.mp3	7236
common_voice_mvy_42547585.mp3	4680
common_voice_mvy_42385883.mp3	7056
common_voice_mvy_42391959.mp3	4572
common_voice_mvy_42595018.mp3	6336
common_voice_mvy_42011136.mp3	4248
common_voice_mvy_42351763.mp3	5436
common_voice_mvy_42124232.mp3	6156
common_voice_mvy_42413307.mp3	6516
common_voice_mvy_42374116.mp3	3996
common_voice_mvy_42063681.mp3	6300
common_voice_mvy_42363442.mp3	4680
common_voice_mvy_42346491.mp3	3780
common_voice_mvy_42394745.mp3	3888
common_voice_mvy_42080122.mp3	6048
common_voice_mvy_42379963.mp3	2880
common_voice_mvy_42413634.mp3	2808
common_voice_mvy_42390843.mp3	7020
common_voice_mvy_42007981.mp3	4716
common_voice_mvy_42061040.mp3	5616
common_voice_mvy_42086646.mp3	5400
common_voice_mvy_42396060.mp3	3888
common_voice_mvy_42079443.mp3	4788
common_voice_mvy_42376362.mp3	5688
common_voice_mvy_42412759.mp3	3996
common_voice_mvy_42073337.mp3	6408
common_voice_mvy_42381139.mp3	4536
common_voice_mvy_42398294.mp3	4536
common_voice_mvy_42369193.mp3	5976
common_voice_mvy_42392043.mp3	3708
common_voice_mvy_42362858.mp3	6840
common_voice_mvy_42380354.mp3	5076
common_voice_mvy_42384770.mp3	6408
common_voice_mvy_42451898.mp3	3888
common_voice_mvy_42360782.mp3	5688
common_voice_mvy_42065985.mp3	5760
common_voice_mvy_42052728.mp3	4680
common_voice_mvy_42568140.mp3	6876
common_voice_mvy_42079573.mp3	3708
common_voice_mvy_42370105.mp3	3240
common_voice_mvy_42376579.mp3	4428
common_voice_mvy_42393496.mp3	3600
common_voice_mvy_42059921.mp3	4356
common_voice_mvy_42008164.mp3	4680
common_voice_mvy_42395337.mp3	5796
common_voice_mvy_42364944.mp3	3240
common_voice_mvy_42364563.mp3	4608
common_voice_mvy_42067354.mp3	5400
common_voice_mvy_42380497.mp3	3276
common_voice_mvy_42011725.mp3	4428
common_voice_mvy_42392722.mp3	4428
common_voice_mvy_42060791.mp3	3600
common_voice_mvy_42072988.mp3	4896
common_voice_mvy_42124154.mp3	3096
common_voice_mvy_42347477.mp3	6120
common_voice_mvy_42007808.mp3	7128
common_voice_mvy_42180562.mp3	2808
common_voice_mvy_42078799.mp3	2916
common_voice_mvy_42350820.mp3	3888
common_voice_mvy_42363695.mp3	4500
common_voice_mvy_42370310.mp3	3348
common_voice_mvy_42524426.mp3	3888
common_voice_mvy_42006515.mp3	6120
common_voice_mvy_42008134.mp3	5796
common_voice_mvy_42089117.mp3	2988
common_voice_mvy_42064172.mp3	3240
common_voice_mvy_42524427.mp3	6696
common_voice_mvy_42079465.mp3	5976
common_voice_mvy_42042231.mp3	3600
common_voice_mvy_42077343.mp3	2448
common_voice_mvy_42557273.mp3	4140
common_voice_mvy_42383282.mp3	3780
common_voice_mvy_42376375.mp3	7776
common_voice_mvy_42557201.mp3	4788
common_voice_mvy_42367309.mp3	4500
common_voice_mvy_42438118.mp3	6480
common_voice_mvy_42392272.mp3	4860
common_voice_mvy_42515075.mp3	3888
common_voice_mvy_42363396.mp3	4608
common_voice_mvy_42392096.mp3	3600
common_voice_mvy_42380344.mp3	5256
common_voice_mvy_42415133.mp3	4896
common_voice_mvy_42060033.mp3	4500
common_voice_mvy_42361175.mp3	3708
common_voice_mvy_42384937.mp3	4968
common_voice_mvy_42395112.mp3	4500
common_voice_mvy_42363017.mp3	2520
common_voice_mvy_42008372.mp3	2880
common_voice_mvy_42478904.mp3	6948
common_voice_mvy_42395023.mp3	3456
common_voice_mvy_42377954.mp3	3816
common_voice_mvy_42081265.mp3	3456
common_voice_mvy_42405533.mp3	3708
common_voice_mvy_42067161.mp3	3636
common_voice_mvy_42363866.mp3	4680
common_voice_mvy_42346661.mp3	4140
common_voice_mvy_42395121.mp3	3708
common_voice_mvy_42478874.mp3	6300
common_voice_mvy_42373539.mp3	4968
common_voice_mvy_42393682.mp3	2268
common_voice_mvy_42380756.mp3	6840
common_voice_mvy_42403828.mp3	4608
common_voice_mvy_42052628.mp3	3780
common_voice_mvy_42348442.mp3	4860
common_voice_mvy_42376414.mp3	4428
common_voice_mvy_42351356.mp3	8208
common_voice_mvy_42379247.mp3	4140
common_voice_mvy_42055453.mp3	4140
common_voice_mvy_42396487.mp3	3276
common_voice_mvy_42350816.mp3	4068
common_voice_mvy_42390763.mp3	2736
common_voice_mvy_42364901.mp3	5436
common_voice_mvy_42092976.mp3	6120
common_voice_mvy_42053495.mp3	5580
common_voice_mvy_42396469.mp3	6696
common_voice_mvy_42007230.mp3	4860
common_voice_mvy_42386503.mp3	5580
common_voice_mvy_42437943.mp3	6588
common_voice_mvy_42010537.mp3	2736
common_voice_mvy_42396404.mp3	2520
common_voice_mvy_42363360.mp3	4068
common_voice_mvy_42076022.mp3	5868
common_voice_mvy_42367393.mp3	3888
common_voice_mvy_42369384.mp3	5508
common_voice_mvy_42362861.mp3	3996
common_voice_mvy_42368339.mp3	4068
common_voice_mvy_42384852.mp3	5040
common_voice_mvy_42394637.mp3	3168
common_voice_mvy_42012186.mp3	3888
common_voice_mvy_42383701.mp3	3888
common_voice_mvy_42361767.mp3	5616
common_voice_mvy_42386492.mp3	3996
common_voice_mvy_42042228.mp3	5580
common_voice_mvy_42124300.mp3	7848
common_voice_mvy_42345893.mp3	7308
common_voice_mvy_42394852.mp3	3096
common_voice_mvy_42376256.mp3	3420
common_voice_mvy_42021152.mp3	5148
common_voice_mvy_42052631.mp3	5400
common_voice_mvy_42359837.mp3	5328
common_voice_mvy_42395998.mp3	3600
common_voice_mvy_42397569.mp3	3240
common_voice_mvy_42348833.mp3	5040
common_voice_mvy_42374246.mp3	5436
common_voice_mvy_42374137.mp3	7020
common_voice_mvy_42075710.mp3	3096
common_voice_mvy_42067115.mp3	2160
common_voice_mvy_42551668.mp3	3528
common_voice_mvy_42575076.mp3	4140
common_voice_mvy_42368864.mp3	2880
common_voice_mvy_42081000.mp3	4716
common_voice_mvy_42064169.mp3	3600
common_voice_mvy_42089376.mp3	4968
common_voice_mvy_42370490.mp3	3600
common_voice_mvy_42349242.mp3	6408
common_voice_mvy_42380557.mp3	4968
common_voice_mvy_42380890.mp3	4716
common_voice_mvy_42378844.mp3	4140
common_voice_mvy_42383817.mp3	3348
common_voice_mvy_42362556.mp3	5328
common_voice_mvy_42388906.mp3	3708
common_voice_mvy_42546260.mp3	4788
common_voice_mvy_42013079.mp3	4140
common_voice_mvy_42011838.mp3	3996
common_voice_mvy_42364591.mp3	3240
common_voice_mvy_42357038.mp3	5616
common_voice_mvy_42368918.mp3	5616
common_voice_mvy_42413608.mp3	3888
common_voice_mvy_42092842.mp3	7740
common_voice_mvy_42099623.mp3	5148
common_voice_mvy_42020520.mp3	9108
common_voice_mvy_42366759.mp3	4356
common_voice_mvy_42474271.mp3	6840
common_voice_mvy_42376696.mp3	4320
common_voice_mvy_42078926.mp3	2700
common_voice_mvy_42520437.mp3	4356
common_voice_mvy_42348947.mp3	3060
common_voice_mvy_42405468.mp3	2916
common_voice_mvy_42394106.mp3	4176
common_voice_mvy_42021113.mp3	5076
common_voice_mvy_42079538.mp3	3528
common_voice_mvy_42362887.mp3	4536
common_voice_mvy_42377837.mp3	4608
common_voice_mvy_42075809.mp3	2160
common_voice_mvy_42387919.mp3	3780
common_voice_mvy_42387866.mp3	3996
common_voice_mvy_42364567.mp3	4320
common_voice_mvy_42063784.mp3	4788
common_voice_mvy_42547592.mp3	3348
common_voice_mvy_42006559.mp3	4680
common_voice_mvy_42412762.mp3	4176
common_voice_mvy_42350481.mp3	4428
common_voice_mvy_42024857.mp3	4176
common_voice_mvy_42370157.mp3	4716
common_voice_mvy_42397464.mp3	3888
common_voice_mvy_42496621.mp3	8316
common_voice_mvy_42385901.mp3	6768
common_voice_mvy_42374075.mp3	4896
common_voice_mvy_42520451.mp3	5436
common_voice_mvy_42042194.mp3	3528
common_voice_mvy_42394307.mp3	3060
common_voice_mvy_42378685.mp3	6300
common_voice_mvy_42073007.mp3	3276
common_voice_mvy_42023146.mp3	7020
common_voice_mvy_42042168.mp3	3636
common_voice_mvy_42362488.mp3	5256
common_voice_mvy_42007863.mp3	4176
common_voice_mvy_42397461.mp3	5148
common_voice_mvy_42374140.mp3	7416
common_voice_mvy_42346554.mp3	3780
common_voice_mvy_42385794.mp3	4176
common_voice_mvy_42396543.mp3	3096
common_voice_mvy_42052643.mp3	3600
common_voice_mvy_42380757.mp3	4968
common_voice_mvy_42391081.mp3	4428
common_voice_mvy_42380554.mp3	5256
common_voice_mvy_42076140.mp3	6552
common_voice_mvy_42421720.mp3	5256
common_voice_mvy_42078584.mp3	2700
common_voice_mvy_42363130.mp3	3240
common_voice_mvy_42388217.mp3	3636
common_voice_mvy_42012632.mp3	3780
common_voice_mvy_42093223.mp3	6516
common_voice_mvy_42387700.mp3	5148
common_voice_mvy_42376371.mp3	3420
common_voice_mvy_42061005.mp3	4716
common_voice_mvy_42363562.mp3	4500
common_voice_mvy_42375737.mp3	5760
common_voice_mvy_42073803.mp3	4860
common_voice_mvy_42348502.mp3	4896
common_voice_mvy_42370298.mp3	5868
common_voice_mvy_42007896.mp3	3420
common_voice_mvy_42073836.mp3	6156
common_voice_mvy_42363679.mp3	3168
common_voice_mvy_42055879.mp3	6048
common_voice_mvy_42360446.mp3	4536
common_voice_mvy_42381174.mp3	3420
common_voice_mvy_42367333.mp3	3456
common_voice_mvy_42096214.mp3	3960
common_voice_mvy_42380646.mp3	4140
common_voice_mvy_42438022.mp3	7020
common_voice_mvy_42365353.mp3	4536
common_voice_mvy_42392778.mp3	4176
common_voice_mvy_42008524.mp3	2808
common_voice_mvy_42429388.mp3	5688
common_voice_mvy_42361827.mp3	4896
common_voice_mvy_42494263.mp3	2916
common_voice_mvy_42364641.mp3	6120
common_voice_mvy_42392998.mp3	4716
common_voice_mvy_42078827.mp3	3492
common_voice_mvy_42063852.mp3	6156
common_voice_mvy_42061227.mp3	3852
common_voice_mvy_42197487.mp3	3708
common_voice_mvy_42403823.mp3	2808
common_voice_mvy_42042148.mp3	3708
common_voice_mvy_42393422.mp3	5940
common_voice_mvy_42496596.mp3	4716
common_voice_mvy_42375303.mp3	5940
common_voice_mvy_42382930.mp3	3816
common_voice_mvy_42024791.mp3	7416
common_voice_mvy_42084798.mp3	4788
common_voice_mvy_42412789.mp3	3276
common_voice_mvy_42557294.mp3	5508
common_voice_mvy_42403341.mp3	3276
common_voice_mvy_42362963.mp3	5220
common_voice_mvy_42388215.mp3	2340
common_voice_mvy_42361282.mp3	4536
common_voice_mvy_42573237.mp3	6408
common_voice_mvy_42012208.mp3	7560
common_voice_mvy_48992972.mp3	3348
common_voice_mvy_42013077.mp3	3420
common_voice_mvy_42079141.mp3	3780
common_voice_mvy_42075493.mp3	6768
common_voice_mvy_42376360.mp3	3888
common_voice_mvy_42556844.mp3	2916
common_voice_mvy_42180460.mp3	4860
common_voice_mvy_42079756.mp3	6048
common_voice_mvy_42362336.mp3	8388
common_voice_mvy_42064145.mp3	6840
common_voice_mvy_42363913.mp3	3060
common_voice_mvy_42380672.mp3	5688
common_voice_mvy_42080575.mp3	4356
common_voice_mvy_42063722.mp3	2376
common_voice_mvy_42080407.mp3	2700
common_voice_mvy_42370545.mp3	3708
common_voice_mvy_42369407.mp3	4716
common_voice_mvy_42063234.mp3	4140
common_voice_mvy_42385846.mp3	6948
common_voice_mvy_42393983.mp3	3528
common_voice_mvy_42379155.mp3	4428
common_voice_mvy_42395141.mp3	5400
common_voice_mvy_42086435.mp3	7740
common_voice_mvy_42079708.mp3	3348
common_voice_mvy_42362555.mp3	4140
common_voice_mvy_42351972.mp3	5436
common_voice_mvy_42345915.mp3	4608
common_voice_mvy_42396702.mp3	6480
common_voice_mvy_42365806.mp3	7020
common_voice_mvy_42394854.mp3	5436
common_voice_mvy_42515049.mp3	5400
common_voice_mvy_42350427.mp3	4428
common_voice_mvy_42397510.mp3	4320
common_voice_mvy_42405397.mp3	3420
common_voice_mvy_42547630.mp3	3528
common_voice_mvy_42011356.mp3	4176
common_voice_mvy_42533341.mp3	4788
common_voice_mvy_42060984.mp3	5688
common_voice_mvy_42413766.mp3	3240
common_voice_mvy_42394041.mp3	5976
common_voice_mvy_42064312.mp3	3888
common_voice_mvy_42043102.mp3	5580
common_voice_mvy_42062823.mp3	6588
common_voice_mvy_42080302.mp3	3564
common_voice_mvy_42124372.mp3	5580
common_voice_mvy_42376515.mp3	3708
common_voice_mvy_42072398.mp3	3960
common_voice_mvy_42007586.mp3	5868
common_voice_mvy_42072963.mp3	8928
common_voice_mvy_42347870.mp3	3996
common_voice_mvy_42478886.mp3	5256
common_voice_mvy_42413972.mp3	2988
common_voice_mvy_42365033.mp3	8316
common_voice_mvy_42393394.mp3	7128
common_voice_mvy_42362587.mp3	3960
common_voice_mvy_42077694.mp3	3888
common_voice_mvy_42056668.mp3	6660
common_voice_mvy_42010445.mp3	3636
common_voice_mvy_42084736.mp3	4968
common_voice_mvy_42079417.mp3	5976
common_voice_mvy_42363916.mp3	5400
common_voice_mvy_42363691.mp3	3960
common_voice_mvy_42024713.mp3	6480
common_voice_mvy_42389547.mp3	3636
common_voice_mvy_42369361.mp3	5076
common_voice_mvy_42365477.mp3	4536
common_voice_mvy_42080867.mp3	3960
common_voice_mvy_42367039.mp3	5148
common_voice_mvy_42085152.mp3	3456
common_voice_mvy_42374245.mp3	3708
common_voice_mvy_42052678.mp3	6696
common_voice_mvy_42008501.mp3	5148
common_voice_mvy_42386084.mp3	5040
common_voice_mvy_42007566.mp3	3168
common_voice_mvy_42061312.mp3	4068
common_voice_mvy_42056774.mp3	4968
common_voice_mvy_42395277.mp3	3780
common_voice_mvy_42364768.mp3	9576
common_voice_mvy_42413187.mp3	5616
common_voice_mvy_42586155.mp3	5868
common_voice_mvy_42089744.mp3	6876
common_voice_mvy_42124254.mp3	4320
common_voice_mvy_42074887.mp3	4680
common_voice_mvy_42392105.mp3	4248
common_voice_mvy_42376405.mp3	3960
common_voice_mvy_42391991.mp3	7020
common_voice_mvy_42364823.mp3	4608
common_voice_mvy_42011171.mp3	4680
common_voice_mvy_42396412.mp3	5508
common_voice_mvy_42365755.mp3	5580
common_voice_mvy_42367189.mp3	4788
common_voice_mvy_42383912.mp3	5976
common_voice_mvy_42072948.mp3	2628
common_voice_mvy_42552978.mp3	4860
common_voice_mvy_42410260.mp3	5076
common_voice_mvy_42382494.mp3	5076
common_voice_mvy_42365894.mp3	5976
common_voice_mvy_42367233.mp3	3996
common_voice_mvy_42395740.mp3	4536
common_voice_mvy_42379196.mp3	6948
common_voice_mvy_42437969.mp3	5256
common_voice_mvy_42079190.mp3	3528
common_voice_mvy_42066995.mp3	4680
common_voice_mvy_42011135.mp3	3420
common_voice_mvy_42368274.mp3	4140
common_voice_mvy_42021501.mp3	4068
common_voice_mvy_42063034.mp3	6156
common_voice_mvy_42374299.mp3	6300
common_voice_mvy_42055503.mp3	4716
common_voice_mvy_42052737.mp3	3168
common_voice_mvy_42394188.mp3	5256
common_voice_mvy_42079613.mp3	6948
common_voice_mvy_42376582.mp3	5616
common_voice_mvy_42064036.mp3	3528
common_voice_mvy_42550576.mp3	5760
common_voice_mvy_42063092.mp3	7668
common_voice_mvy_42374061.mp3	4356
common_voice_mvy_42010473.mp3	3168
common_voice_mvy_42363603.mp3	4140
common_voice_mvy_42363200.mp3	5580
common_voice_mvy_42081029.mp3	3636
common_voice_mvy_42360753.mp3	3816
common_voice_mvy_42396026.mp3	5868
common_voice_mvy_42383993.mp3	6588
common_voice_mvy_42520469.mp3	7020
common_voice_mvy_42356877.mp3	4716
common_voice_mvy_42360464.mp3	3600
common_voice_mvy_42264544.mp3	5220
common_voice_mvy_42361516.mp3	5040
common_voice_mvy_42079765.mp3	8388
common_voice_mvy_42413968.mp3	4248
common_voice_mvy_42367522.mp3	7236
common_voice_mvy_42394940.mp3	3348
common_voice_mvy_42007571.mp3	3348
common_voice_mvy_42067388.mp3	5580
common_voice_mvy_42370551.mp3	4788
common_voice_mvy_42093142.mp3	4680
common_voice_mvy_42375757.mp3	3276
common_voice_mvy_42367002.mp3	4500
common_voice_mvy_42515018.mp3	7380
common_voice_mvy_42124186.mp3	7128
common_voice_mvy_42375324.mp3	8316
common_voice_mvy_42080503.mp3	6336
common_voice_mvy_42089729.mp3	3888
common_voice_mvy_42396761.mp3	6120
common_voice_mvy_42042533.mp3	9936
common_voice_mvy_42007214.mp3	4428
common_voice_mvy_42042565.mp3	4716
common_voice_mvy_42365312.mp3	5616
common_voice_mvy_42079132.mp3	4068
common_voice_mvy_42413223.mp3	4536
common_voice_mvy_42557292.mp3	5148
common_voice_mvy_42387980.mp3	5400
common_voice_mvy_42375853.mp3	5796
common_voice_mvy_42008140.mp3	4500
common_voice_mvy_42012215.mp3	3600
common_voice_mvy_42065919.mp3	3420
common_voice_mvy_42350550.mp3	8640
common_voice_mvy_42096489.mp3	3420
common_voice_mvy_42060957.mp3	4896
common_voice_mvy_42365010.mp3	3960
common_voice_mvy_42375783.mp3	6948
common_voice_mvy_42374291.mp3	3888
common_voice_mvy_42376541.mp3	3420
common_voice_mvy_42064226.mp3	6156
common_voice_mvy_42065887.mp3	6516
common_voice_mvy_42376543.mp3	5076
common_voice_mvy_42074943.mp3	4356
common_voice_mvy_42052860.mp3	7596
common_voice_mvy_42346098.mp3	5976
common_voice_mvy_42349930.mp3	3276
common_voice_mvy_42008219.mp3	7560
common_voice_mvy_42052991.mp3	5076
common_voice_mvy_42389044.mp3	3420
common_voice_mvy_42547796.mp3	3600
common_voice_mvy_42124350.mp3	4680
common_voice_mvy_42348380.mp3	5076
common_voice_mvy_42547626.mp3	4068
common_voice_mvy_42428160.mp3	8496
common_voice_mvy_42011717.mp3	3528
common_voice_mvy_42392129.mp3	5220
common_voice_mvy_42011642.mp3	3456
common_voice_mvy_42042201.mp3	7128
common_voice_mvy_42079695.mp3	3636
common_voice_mvy_42391993.mp3	3636
common_voice_mvy_42042285.mp3	3168
common_voice_mvy_42392029.mp3	20808
common_voice_mvy_42351768.mp3	2736
common_voice_mvy_42074873.mp3	3996
common_voice_mvy_42568142.mp3	7200
common_voice_mvy_42383432.mp3	5040
common_voice_mvy_42008512.mp3	5220
common_voice_mvy_42369163.mp3	3168
common_voice_mvy_42024508.mp3	5508
common_voice_mvy_42064121.mp3	4140
common_voice_mvy_42360254.mp3	4608
common_voice_mvy_42360085.mp3	6480
common_voice_mvy_42380127.mp3	4176
common_voice_mvy_42392128.mp3	4860
common_voice_mvy_42370308.mp3	3960
common_voice_mvy_42347171.mp3	4140
common_voice_mvy_42072012.mp3	3276
common_voice_mvy_42395109.mp3	3996
common_voice_mvy_42382838.mp3	5220
common_voice_mvy_42010455.mp3	4680
common_voice_mvy_42390394.mp3	3960
common_voice_mvy_42380256.mp3	4896
common_voice_mvy_42064102.mp3	4860
common_voice_mvy_42395784.mp3	3420
common_voice_mvy_42021598.mp3	6588
common_voice_mvy_42077378.mp3	2916
common_voice_mvy_42377688.mp3	3996
common_voice_mvy_42374121.mp3	5616
common_voice_mvy_42022397.mp3	4248
common_voice_mvy_42388268.mp3	5976
common_voice_mvy_42363315.mp3	7200
common_voice_mvy_42392452.mp3	3960
common_voice_mvy_42393024.mp3	2556
common_voice_mvy_42079568.mp3	8676
common_voice_mvy_42077293.mp3	4068
common_voice_mvy_42085545.mp3	5076
common_voice_mvy_42347283.mp3	7380
common_voice_mvy_42008119.mp3	5688
common_voice_mvy_42375952.mp3	4356
common_voice_mvy_42080235.mp3	5508
common_voice_mvy_42079624.mp3	2628
common_voice_mvy_42368644.mp3	6048
common_voice_mvy_42066861.mp3	5400
common_voice_mvy_42064255.mp3	8640
common_voice_mvy_42052964.mp3	5400
common_voice_mvy_42010359.mp3	3528
common_voice_mvy_42024744.mp3	6480
common_voice_mvy_42397567.mp3	3456
common_voice_mvy_42011728.mp3	6768
common_voice_mvy_42072919.mp3	4500
common_voice_mvy_42547561.mp3	3636
common_voice_mvy_42395774.mp3	3960
common_voice_mvy_42374028.mp3	3816
common_voice_mvy_42556716.mp3	4320
common_voice_mvy_42405485.mp3	3420
common_voice_mvy_42412745.mp3	4716
common_voice_mvy_42383359.mp3	3096
common_voice_mvy_42373911.mp3	3780
common_voice_mvy_42352012.mp3	4320
common_voice_mvy_42393432.mp3	4680
common_voice_mvy_42345829.mp3	4608
common_voice_mvy_42064672.mp3	4968
common_voice_mvy_42385605.mp3	7740
common_voice_mvy_42414358.mp3	3276
common_voice_mvy_42405507.mp3	4428
common_voice_mvy_42277907.mp3	4860
common_voice_mvy_42370494.mp3	4428
common_voice_mvy_42080538.mp3	4356
common_voice_mvy_42374155.mp3	4860
common_voice_mvy_42390556.mp3	4788
common_voice_mvy_42350586.mp3	5256
common_voice_mvy_42546234.mp3	8676
common_voice_mvy_42067011.mp3	2880
common_voice_mvy_42556916.mp3	7488
common_voice_mvy_42055616.mp3	4140
common_voice_mvy_42352319.mp3	5256
common_voice_mvy_42515056.mp3	4608
common_voice_mvy_42011715.mp3	3780
common_voice_mvy_42351614.mp3	5760
common_voice_mvy_42413081.mp3	5400
common_voice_mvy_42387804.mp3	3960
common_voice_mvy_42124329.mp3	9828
common_voice_mvy_42075533.mp3	7416
common_voice_mvy_42368936.mp3	5616
common_voice_mvy_42007714.mp3	5148
common_voice_mvy_42363316.mp3	4680
common_voice_mvy_42349872.mp3	4788
common_voice_mvy_42063863.mp3	5580
common_voice_mvy_42063848.mp3	4140
common_voice_mvy_42008249.mp3	4140
common_voice_mvy_42377614.mp3	5940
common_voice_mvy_42078610.mp3	4788
common_voice_mvy_42364915.mp3	6048
common_voice_mvy_42368890.mp3	3708
common_voice_mvy_42414397.mp3	5976
common_voice_mvy_42413352.mp3	3888
common_voice_mvy_42478887.mp3	5508
common_voice_mvy_42055423.mp3	3060
common_voice_mvy_42008087.mp3	5508
common_voice_mvy_42053469.mp3	4356
common_voice_mvy_42595035.mp3	5508
common_voice_mvy_42376339.mp3	7488
common_voice_mvy_42394207.mp3	5760
common_voice_mvy_42053491.mp3	6300
common_voice_mvy_42369292.mp3	5220
common_voice_mvy_42346836.mp3	5220
common_voice_mvy_42010003.mp3	8316
common_voice_mvy_42556901.mp3	4680
common_voice_mvy_42367597.mp3	3636
common_voice_mvy_42073816.mp3	2448
common_voice_mvy_42413647.mp3	4536
common_voice_mvy_42520362.mp3	5688
common_voice_mvy_42393712.mp3	4140
common_voice_mvy_42072321.mp3	3420
common_voice_mvy_42370016.mp3	3348
common_voice_mvy_42380193.mp3	2736
common_voice_mvy_42376716.mp3	4716
common_voice_mvy_42374295.mp3	7056
common_voice_mvy_42056237.mp3	2808
common_voice_mvy_42421690.mp3	5940
common_voice_mvy_42008484.mp3	5760
common_voice_mvy_42073795.mp3	4320
common_voice_mvy_42011981.mp3	6156
common_voice_mvy_42356301.mp3	4248
common_voice_mvy_42180531.mp3	3960
common_voice_mvy_42023156.mp3	2880
common_voice_mvy_42551667.mp3	5940
common_voice_mvy_42429040.mp3	4608
common_voice_mvy_42077233.mp3	2916
common_voice_mvy_42374269.mp3	4248
common_voice_mvy_42080391.mp3	5760
common_voice_mvy_42085148.mp3	5868
common_voice_mvy_42042261.mp3	5868
common_voice_mvy_42532273.mp3	5040
common_voice_mvy_42081235.mp3	4500
common_voice_mvy_42370489.mp3	3600
common_voice_mvy_42397261.mp3	5616
common_voice_mvy_42451812.mp3	6120
common_voice_mvy_42096206.mp3	6156
common_voice_mvy_42374106.mp3	7416
common_voice_mvy_42396389.mp3	3636
common_voice_mvy_42385584.mp3	4608
common_voice_mvy_42380799.mp3	5076
common_voice_mvy_42393528.mp3	5076
common_voice_mvy_42131978.mp3	4860
common_voice_mvy_42081537.mp3	7308
common_voice_mvy_42363378.mp3	3528
common_voice_mvy_42345830.mp3	4608
common_voice_mvy_42361242.mp3	8640
common_voice_mvy_42551691.mp3	3276
common_voice_mvy_42437947.mp3	4356
common_voice_mvy_42373815.mp3	3960
common_voice_mvy_42391923.mp3	3096
common_voice_mvy_42363264.mp3	6228
common_voice_mvy_42352287.mp3	4356
common_voice_mvy_42395973.mp3	3528
common_voice_mvy_42551687.mp3	2880
common_voice_mvy_42350058.mp3	5256
common_voice_mvy_42067821.mp3	5616
common_voice_mvy_42084759.mp3	2880
common_voice_mvy_42011242.mp3	4896
common_voice_mvy_42547662.mp3	3348
common_voice_mvy_42080257.mp3	4500
common_voice_mvy_42357788.mp3	4968
common_voice_mvy_42048877.mp3	6228
common_voice_mvy_42478872.mp3	4788
common_voice_mvy_42024575.mp3	5976
common_voice_mvy_42520363.mp3	4068
common_voice_mvy_42066439.mp3	5220
common_voice_mvy_42073725.mp3	8676
common_voice_mvy_42347211.mp3	8316
common_voice_mvy_42552979.mp3	4140
common_voice_mvy_42079449.mp3	9180
common_voice_mvy_42357200.mp3	3960
common_voice_mvy_42364834.mp3	4500
common_voice_mvy_42130424.mp3	6840
common_voice_mvy_42089299.mp3	3960
common_voice_mvy_42085382.mp3	3168
common_voice_mvy_42351668.mp3	7560
common_voice_mvy_42349630.mp3	4356
common_voice_mvy_42391756.mp3	3816
common_voice_mvy_42383293.mp3	3420
common_voice_mvy_42369237.mp3	4788
common_voice_mvy_42021639.mp3	5076
common_voice_mvy_42362525.mp3	8460
common_voice_mvy_42393584.mp3	4068
common_voice_mvy_42043318.mp3	4572
common_voice_mvy_42042187.mp3	4248
common_voice_mvy_42404614.mp3	3600
common_voice_mvy_42080831.mp3	4680
common_voice_mvy_42396451.mp3	4248
common_voice_mvy_42369264.mp3	3240
common_voice_mvy_42079918.mp3	2700
common_voice_mvy_42375712.mp3	2988
common_voice_mvy_42392976.mp3	5076
common_voice_mvy_42042948.mp3	4680
common_voice_mvy_42124675.mp3	8316
common_voice_mvy_42072938.mp3	2736
common_voice_mvy_42066476.mp3	4356
common_voice_mvy_42369770.mp3	2736
common_voice_mvy_42415182.mp3	3096
common_voice_mvy_42347173.mp3	5076
common_voice_mvy_42067188.mp3	2556
common_voice_mvy_42078828.mp3	3168
common_voice_mvy_42706520.mp3	5076
common_voice_mvy_42264459.mp3	3996
common_voice_mvy_42595004.mp3	4500
common_voice_mvy_42080502.mp3	3060
common_voice_mvy_42467365.mp3	4788
common_voice_mvy_42403063.mp3	5796
common_voice_mvy_42093150.mp3	5148
common_voice_mvy_42363503.mp3	2736
common_voice_mvy_42389181.mp3	3420
common_voice_mvy_42366937.mp3	4428
common_voice_mvy_42012086.mp3	4896
common_voice_mvy_42085561.mp3	3276
common_voice_mvy_42520403.mp3	4140
common_voice_mvy_42393683.mp3	3240
common_voice_mvy_42363462.mp3	5976
common_voice_mvy_42349768.mp3	4356
common_voice_mvy_42063688.mp3	8280
common_voice_mvy_42055848.mp3	3168
common_voice_mvy_42380864.mp3	5076
common_voice_mvy_42066855.mp3	6408
common_voice_mvy_42414472.mp3	5976
common_voice_mvy_42080543.mp3	3780
common_voice_mvy_42042530.mp3	4536
common_voice_mvy_42349208.mp3	3240
common_voice_mvy_42414970.mp3	2988
common_voice_mvy_42438138.mp3	4176
common_voice_mvy_42043289.mp3	7056
common_voice_mvy_42346874.mp3	4788
common_voice_mvy_42360050.mp3	4608
common_voice_mvy_42362839.mp3	6480
common_voice_mvy_42395792.mp3	3456
common_voice_mvy_42119219.mp3	3420
common_voice_mvy_42376532.mp3	5940
common_voice_mvy_42393943.mp3	4896
common_voice_mvy_42377662.mp3	5436
common_voice_mvy_42079791.mp3	6588
common_voice_mvy_42378925.mp3	4896
common_voice_mvy_42007844.mp3	5508
common_voice_mvy_42557237.mp3	6228
common_voice_mvy_42389129.mp3	3060
common_voice_mvy_42376401.mp3	5868
common_voice_mvy_42413172.mp3	5076
common_voice_mvy_42080546.mp3	6228
common_voice_mvy_42391954.mp3	5688
common_voice_mvy_42363226.mp3	3996
common_voice_mvy_42393499.mp3	2916
common_voice_mvy_42180409.mp3	3636
common_voice_mvy_42048869.mp3	4140
common_voice_mvy_42494227.mp3	4788
common_voice_mvy_42060747.mp3	3240
common_voice_mvy_42390264.mp3	3528
common_voice_mvy_42387750.mp3	4428
common_voice_mvy_42547622.mp3	4356
common_voice_mvy_42392057.mp3	7236
common_voice_mvy_42075983.mp3	5076
common_voice_mvy_42042863.mp3	4284
common_voice_mvy_42056847.mp3	7848
common_voice_mvy_42390317.mp3	3888
common_voice_mvy_42383570.mp3	5256
common_voice_mvy_42008397.mp3	5436
common_voice_mvy_42084704.mp3	4608
common_voice_mvy_42065969.mp3	2628
common_voice_mvy_42347645.mp3	6588
common_voice_mvy_42395234.mp3	2808
common_voice_mvy_42396130.mp3	3708
common_voice_mvy_42392109.mp3	3276
common_voice_mvy_42567953.mp3	3276
common_voice_mvy_42347571.mp3	4968
common_voice_mvy_42365256.mp3	5580
common_voice_mvy_42395993.mp3	3528
common_voice_mvy_42573241.mp3	4356
common_voice_mvy_42394185.mp3	2736
common_voice_mvy_42367001.mp3	5760
common_voice_mvy_42351712.mp3	3816
common_voice_mvy_42052729.mp3	3708
common_voice_mvy_42067377.mp3	5220
common_voice_mvy_42376423.mp3	6156
common_voice_mvy_42023092.mp3	3960
common_voice_mvy_42347446.mp3	7020
common_voice_mvy_42346795.mp3	2916
common_voice_mvy_42370194.mp3	3888
common_voice_mvy_42370084.mp3	7668
common_voice_mvy_42079861.mp3	5940
common_voice_mvy_42346007.mp3	5148
common_voice_mvy_42556833.mp3	8028
common_voice_mvy_42064526.mp3	5760
common_voice_mvy_42394944.mp3	6120
common_voice_mvy_42065910.mp3	5796
common_voice_mvy_42370475.mp3	4608
common_voice_mvy_42413803.mp3	3708
common_voice_mvy_42378684.mp3	4608
common_voice_mvy_42384491.mp3	4680
common_voice_mvy_42007234.mp3	3348
common_voice_mvy_42413971.mp3	4248
common_voice_mvy_42361724.mp3	3456
common_voice_mvy_42092602.mp3	4356
common_voice_mvy_42042850.mp3	6300
common_voice_mvy_42350284.mp3	5688
common_voice_mvy_42520415.mp3	2556
common_voice_mvy_42376353.mp3	6588
common_voice_mvy_42072985.mp3	2988
common_voice_mvy_42346971.mp3	5076
common_voice_mvy_42042310.mp3	8748
common_voice_mvy_42066872.mp3	3528
common_voice_mvy_42080771.mp3	3888
common_voice_mvy_42096207.mp3	6876
common_voice_mvy_42547631.mp3	3960
common_voice_mvy_42011543.mp3	8676
common_voice_mvy_42360269.mp3	3456
common_voice_mvy_42362466.mp3	6228
common_voice_mvy_42533364.mp3	4500
common_voice_mvy_42349605.mp3	5616
common_voice_mvy_42064236.mp3	9396
common_voice_mvy_42363451.mp3	5040
common_voice_mvy_42347104.mp3	5760
common_voice_mvy_42055421.mp3	5796
common_voice_mvy_42382745.mp3	5688
common_voice_mvy_42010486.mp3	3240
common_voice_mvy_42348258.mp3	3888
common_voice_mvy_42182573.mp3	3708
common_voice_mvy_42380910.mp3	4248
common_voice_mvy_42007469.mp3	5436
common_voice_mvy_42361909.mp3	4500
common_voice_mvy_42264479.mp3	4176
common_voice_mvy_42011392.mp3	5076
common_voice_mvy_42010548.mp3	5400
common_voice_mvy_42374152.mp3	4680
common_voice_mvy_42393833.mp3	3780
common_voice_mvy_42396246.mp3	5040
common_voice_mvy_42560123.mp3	4068
common_voice_mvy_42362924.mp3	7560
common_voice_mvy_42384515.mp3	3276
common_voice_mvy_42397497.mp3	3168
common_voice_mvy_42370334.mp3	4896
common_voice_mvy_42060363.mp3	3276
common_voice_mvy_42080952.mp3	4248
common_voice_mvy_42393206.mp3	4320
common_voice_mvy_42363793.mp3	3528
common_voice_mvy_42007799.mp3	7020
common_voice_mvy_42383351.mp3	4248
common_voice_mvy_42370285.mp3	3708
common_voice_mvy_42413594.mp3	5220
common_voice_mvy_42395780.mp3	5040
common_voice_mvy_42383602.mp3	3096
common_voice_mvy_42386146.mp3	4356
common_voice_mvy_42414322.mp3	6660
common_voice_mvy_42006540.mp3	6048
common_voice_mvy_42052953.mp3	3816
common_voice_mvy_42056219.mp3	4896
common_voice_mvy_42073801.mp3	2736
common_voice_mvy_42382147.mp3	6516
common_voice_mvy_42063958.mp3	5436
common_voice_mvy_42042167.mp3	4428
common_voice_mvy_42052992.mp3	5688
common_voice_mvy_42361283.mp3	5976
common_voice_mvy_42351921.mp3	3636
common_voice_mvy_42075592.mp3	3204
common_voice_mvy_42399228.mp3	3960
common_voice_mvy_42394294.mp3	3636
common_voice_mvy_42392773.mp3	4068
common_voice_mvy_42395221.mp3	4068
common_voice_mvy_42380257.mp3	7596
common_voice_mvy_42012007.mp3	6840
common_voice_mvy_42351073.mp3	6768
common_voice_mvy_42451773.mp3	4248
common_voice_mvy_42347354.mp3	3420
common_voice_mvy_42364236.mp3	4356
common_voice_mvy_42403356.mp3	4068
common_voice_mvy_42387853.mp3	5328
common_voice_mvy_42370154.mp3	5400
common_voice_mvy_42063093.mp3	4140
common_voice_mvy_42067332.mp3	2916
common_voice_mvy_42089083.mp3	6768
common_voice_mvy_42060907.mp3	4320
common_voice_mvy_42011661.mp3	7776
common_voice_mvy_42011541.mp3	9468
common_voice_mvy_42383613.mp3	4500
common_voice_mvy_42365077.mp3	4428
common_voice_mvy_42363826.mp3	4356
common_voice_mvy_42364542.mp3	6480
common_voice_mvy_42093009.mp3	4788
common_voice_mvy_42362603.mp3	5940
common_voice_mvy_42547512.mp3	6696
common_voice_mvy_42024804.mp3	11376
common_voice_mvy_42478848.mp3	6588
common_voice_mvy_42024809.mp3	4320
common_voice_mvy_42074857.mp3	3924
common_voice_mvy_42362335.mp3	3420
common_voice_mvy_42364214.mp3	3780
common_voice_mvy_42080001.mp3	10368
common_voice_mvy_42351822.mp3	3708
common_voice_mvy_42072979.mp3	6336
common_voice_mvy_42080328.mp3	7380
common_voice_mvy_42556849.mp3	5076
common_voice_mvy_42055480.mp3	3096
common_voice_mvy_42397368.mp3	3708
common_voice_mvy_42395149.mp3	2880
common_voice_mvy_42052857.mp3	4500
common_voice_mvy_42079907.mp3	3708
common_voice_mvy_42347433.mp3	4716
common_voice_mvy_43579294.mp3	4896
common_voice_mvy_42349608.mp3	3636
common_voice_mvy_42021615.mp3	7056
common_voice_mvy_42383592.mp3	3780
common_voice_mvy_42397528.mp3	3240
common_voice_mvy_42407865.mp3	5940
common_voice_mvy_42063127.mp3	4680
common_voice_mvy_42405484.mp3	3816
common_voice_mvy_42007281.mp3	4176
common_voice_mvy_42060971.mp3	3780
common_voice_mvy_42008118.mp3	7740
common_voice_mvy_42066833.mp3	3996
common_voice_mvy_42394616.mp3	5436
common_voice_mvy_42413353.mp3	4896
common_voice_mvy_42374296.mp3	4860
common_voice_mvy_42360606.mp3	4140
common_voice_mvy_42646798.mp3	3960
common_voice_mvy_42085171.mp3	5148
common_voice_mvy_42604470.mp3	3420
common_voice_mvy_42079688.mp3	3996
common_voice_mvy_42066892.mp3	5220
common_voice_mvy_42056235.mp3	2916
common_voice_mvy_42395040.mp3	2916
common_voice_mvy_42365272.mp3	5148
common_voice_mvy_42014913.mp3	5760
common_voice_mvy_42012094.mp3	4176
common_voice_mvy_42008581.mp3	5580
common_voice_mvy_42089746.mp3	4428
common_voice_mvy_42413175.mp3	3636
common_voice_mvy_42360195.mp3	7308
common_voice_mvy_42362522.mp3	5976
common_voice_mvy_42370549.mp3	3780
common_voice_mvy_42366825.mp3	4716
common_voice_mvy_42377840.mp3	7056
common_voice_mvy_42557250.mp3	4680
common_voice_mvy_42357804.mp3	3636
common_voice_mvy_42392562.mp3	3528
common_voice_mvy_42357677.mp3	11088
common_voice_mvy_42356222.mp3	5436
common_voice_mvy_42347570.mp3	3996
common_voice_mvy_42370449.mp3	4428
common_voice_mvy_42380391.mp3	7848
common_voice_mvy_42467395.mp3	4320
common_voice_mvy_42364176.mp3	6696
common_voice_mvy_42346658.mp3	4068
common_voice_mvy_42387771.mp3	3276
common_voice_mvy_42413756.mp3	6120
common_voice_mvy_42360675.mp3	4356
common_voice_mvy_42024873.mp3	4140
common_voice_mvy_42007613.mp3	4788
common_voice_mvy_42364894.mp3	4356
common_voice_mvy_42390554.mp3	4860
common_voice_mvy_42356290.mp3	3888
common_voice_mvy_42363751.mp3	5400
common_voice_mvy_42363919.mp3	2988
common_voice_mvy_42008120.mp3	5436
common_voice_mvy_42392054.mp3	2628
common_voice_mvy_42395360.mp3	6156
common_voice_mvy_42264451.mp3	6480
common_voice_mvy_42389032.mp3	3636
common_voice_mvy_42396256.mp3	4680
common_voice_mvy_42363575.mp3	3996
common_voice_mvy_42403879.mp3	7416
common_voice_mvy_42547607.mp3	5940
common_voice_mvy_42385791.mp3	8568
common_voice_mvy_42376449.mp3	5796
common_voice_mvy_42393699.mp3	3600
common_voice_mvy_42063928.mp3	5508
common_voice_mvy_42545126.mp3	3960
common_voice_mvy_42056687.mp3	8280
common_voice_mvy_42079818.mp3	6696
common_voice_mvy_42080588.mp3	2988
common_voice_mvy_42367249.mp3	4428
common_voice_mvy_42363877.mp3	5760
common_voice_mvy_42064438.mp3	4716
common_voice_mvy_42376257.mp3	3636
common_voice_mvy_42364252.mp3	5868
common_voice_mvy_42397045.mp3	4608
common_voice_mvy_42061334.mp3	4356
common_voice_mvy_42362822.mp3	3096
common_voice_mvy_42363718.mp3	4860
common_voice_mvy_42394645.mp3	3960
common_voice_mvy_42063866.mp3	5796
common_voice_mvy_42056876.mp3	3924
common_voice_mvy_42060384.mp3	3636
common_voice_mvy_42397944.mp3	2988
common_voice_mvy_42384101.mp3	3708
common_voice_mvy_42364568.mp3	3780
common_voice_mvy_42369187.mp3	3888
common_voice_mvy_42547821.mp3	3960
common_voice_mvy_42021171.mp3	5148
common_voice_mvy_42380528.mp3	5508
common_voice_mvy_42393891.mp3	3780
common_voice_mvy_42413646.mp3	3708
common_voice_mvy_42347628.mp3	4536
common_voice_mvy_42075639.mp3	3168
common_voice_mvy_42403427.mp3	6588
common_voice_mvy_42060334.mp3	4536
common_voice_mvy_42586126.mp3	5040
common_voice_mvy_42360422.mp3	3708
common_voice_mvy_42042123.mp3	4860
common_voice_mvy_42384303.mp3	4860
common_voice_mvy_42386517.mp3	3888
common_voice_mvy_42079130.mp3	3708
common_voice_mvy_42063752.mp3	3456
common_voice_mvy_42552929.mp3	6696
common_voice_mvy_42380231.mp3	3240
common_voice_mvy_42515043.mp3	8460
common_voice_mvy_42074871.mp3	3816
common_voice_mvy_42383272.mp3	2988
common_voice_mvy_42387844.mp3	4356
common_voice_mvy_42370053.mp3	3600
common_voice_mvy_42389298.mp3	5076
common_voice_mvy_42079792.mp3	3456
common_voice_mvy_42378928.mp3	3816
common_voice_mvy_42042249.mp3	2988
common_voice_mvy_42066871.mp3	3096
common_voice_mvy_42088986.mp3	5076
common_voice_mvy_42556709.mp3	4968
common_voice_mvy_42392903.mp3	3600
common_voice_mvy_42012633.mp3	4680
common_voice_mvy_42021367.mp3	6336
common_voice_mvy_42358196.mp3	3780
common_voice_mvy_42364330.mp3	4356
common_voice_mvy_42008031.mp3	3960
common_voice_mvy_42374060.mp3	3420
common_voice_mvy_42072917.mp3	2988
common_voice_mvy_42412735.mp3	3636
common_voice_mvy_42010295.mp3	3096
common_voice_mvy_42414623.mp3	2736
common_voice_mvy_42368904.mp3	3096
common_voice_mvy_42392753.mp3	4428
common_voice_mvy_42403085.mp3	3816
common_voice_mvy_42062254.mp3	3312
common_voice_mvy_42367290.mp3	4320
common_voice_mvy_42362800.mp3	5076
common_voice_mvy_42079901.mp3	5976
common_voice_mvy_42350634.mp3	5508
common_voice_mvy_42077248.mp3	4968
common_voice_mvy_42405517.mp3	4428
common_voice_mvy_42077310.mp3	2736
common_voice_mvy_42362450.mp3	6516
common_voice_mvy_42347480.mp3	5220
common_voice_mvy_42007188.mp3	3240
common_voice_mvy_42374122.mp3	3636
common_voice_mvy_42384986.mp3	5796
common_voice_mvy_42079379.mp3	6840
common_voice_mvy_42382245.mp3	3960
common_voice_mvy_42387854.mp3	5076
common_voice_mvy_42385647.mp3	5148
common_voice_mvy_42397056.mp3	4356
common_voice_mvy_42347406.mp3	5076
common_voice_mvy_42080366.mp3	5796
common_voice_mvy_42379866.mp3	4536
common_voice_mvy_42064147.mp3	5400
common_voice_mvy_42395730.mp3	3240
common_voice_mvy_42396038.mp3	4356
common_voice_mvy_42380156.mp3	2808
common_voice_mvy_42079754.mp3	5868
common_voice_mvy_42092994.mp3	3708
common_voice_mvy_42006550.mp3	7200
common_voice_mvy_42374289.mp3	4428
common_voice_mvy_42397063.mp3	7236
common_voice_mvy_42055669.mp3	4608
common_voice_mvy_42394870.mp3	3636
common_voice_mvy_42412840.mp3	4500
common_voice_mvy_42547638.mp3	4356
common_voice_mvy_42384795.mp3	4680
common_voice_mvy_42351667.mp3	6408
common_voice_mvy_42079128.mp3	5256
common_voice_mvy_42421607.mp3	4536
common_voice_mvy_42084058.mp3	5400
common_voice_mvy_42387882.mp3	4680
common_voice_mvy_42560122.mp3	4788
common_voice_mvy_42346824.mp3	2916
common_voice_mvy_42010379.mp3	2736
common_voice_mvy_42124299.mp3	5796
common_voice_mvy_42063233.mp3	2808
common_voice_mvy_42380745.mp3	4788
common_voice_mvy_42072906.mp3	6480
common_voice_mvy_42347730.mp3	3636
common_voice_mvy_42393379.mp3	3348
common_voice_mvy_42394116.mp3	4500
common_voice_mvy_42556903.mp3	5256
common_voice_mvy_42348503.mp3	5328
common_voice_mvy_42393791.mp3	2988
common_voice_mvy_42367520.mp3	3096
common_voice_mvy_42393897.mp3	2520
common_voice_mvy_42356859.mp3	11160
common_voice_mvy_42080046.mp3	3168
common_voice_mvy_42363903.mp3	3960
common_voice_mvy_42024714.mp3	6696
common_voice_mvy_42364371.mp3	5760
common_voice_mvy_42398264.mp3	5220
common_voice_mvy_42063850.mp3	4176
common_voice_mvy_42056617.mp3	9180
common_voice_mvy_42368955.mp3	4860
common_voice_mvy_42350664.mp3	3528
common_voice_mvy_42363565.mp3	3348
common_voice_mvy_42413953.mp3	6048
common_voice_mvy_42077232.mp3	3780
common_voice_mvy_42360621.mp3	3600
common_voice_mvy_42385582.mp3	7668
common_voice_mvy_42376654.mp3	5076
common_voice_mvy_42373642.mp3	5508
common_voice_mvy_42264461.mp3	5256
common_voice_mvy_42376444.mp3	4176
common_voice_mvy_42362810.mp3	4680
common_voice_mvy_42397155.mp3	6336
common_voice_mvy_42066902.mp3	2448
common_voice_mvy_42092681.mp3	4500
common_voice_mvy_42073751.mp3	4356
common_voice_mvy_42412770.mp3	5220
common_voice_mvy_42064511.mp3	3960
common_voice_mvy_42361281.mp3	5616
common_voice_mvy_42053461.mp3	4608
common_voice_mvy_42079566.mp3	8316
common_voice_mvy_42010432.mp3	4968
common_voice_mvy_42376456.mp3	3636
common_voice_mvy_42451809.mp3	3348
common_voice_mvy_42357834.mp3	4608
common_voice_mvy_42547608.mp3	6156
common_voice_mvy_42373847.mp3	5940
common_voice_mvy_42365821.mp3	5148
common_voice_mvy_42376576.mp3	4068
common_voice_mvy_42007243.mp3	3420
common_voice_mvy_42375703.mp3	5148
common_voice_mvy_42396386.mp3	2880
common_voice_mvy_42604483.mp3	5976
common_voice_mvy_42056642.mp3	4536
common_voice_mvy_42410290.mp3	3420
common_voice_mvy_42367493.mp3	3888
common_voice_mvy_42494240.mp3	6336
common_voice_mvy_42360484.mp3	3276
common_voice_mvy_42376322.mp3	4860
common_voice_mvy_42089312.mp3	7560
common_voice_mvy_42421654.mp3	4500
common_voice_mvy_42053044.mp3	5436
common_voice_mvy_42023090.mp3	3276
common_voice_mvy_42349648.mp3	3816
common_voice_mvy_42397064.mp3	7920
common_voice_mvy_42007838.mp3	3528
common_voice_mvy_42096469.mp3	3276
common_voice_mvy_42395022.mp3	5868
common_voice_mvy_42380160.mp3	7920
common_voice_mvy_42064525.mp3	3060
common_voice_mvy_42360587.mp3	4176
common_voice_mvy_42350903.mp3	5580
common_voice_mvy_42006547.mp3	3456
common_voice_mvy_42079382.mp3	6948
common_voice_mvy_42080600.mp3	3528
common_voice_mvy_42380264.mp3	3240
common_voice_mvy_42360125.mp3	3816
common_voice_mvy_42060463.mp3	3096
common_voice_mvy_42374244.mp3	2556
common_voice_mvy_42073835.mp3	6588
common_voice_mvy_42349739.mp3	4500
common_voice_mvy_42060843.mp3	7308
common_voice_mvy_42413639.mp3	3780
common_voice_mvy_42385626.mp3	3888
common_voice_mvy_42392560.mp3	3888
common_voice_mvy_42369195.mp3	7488
common_voice_mvy_42413168.mp3	5508
common_voice_mvy_42348327.mp3	5400
common_voice_mvy_42007193.mp3	6876
common_voice_mvy_42391178.mp3	3528
common_voice_mvy_42362969.mp3	3816
common_voice_mvy_42055721.mp3	3528
common_voice_mvy_42079968.mp3	5616
common_voice_mvy_42052695.mp3	3960
common_voice_mvy_42364534.mp3	6156
common_voice_mvy_42394718.mp3	4788
common_voice_mvy_42021585.mp3	4428
common_voice_mvy_42384067.mp3	4068
common_voice_mvy_42362965.mp3	5076
common_voice_mvy_42072946.mp3	3996
common_voice_mvy_42396889.mp3	4536
common_voice_mvy_42364632.mp3	6516
common_voice_mvy_42010296.mp3	6336
common_voice_mvy_42042122.mp3	3276
common_voice_mvy_42377807.mp3	4248
common_voice_mvy_42052997.mp3	6156
common_voice_mvy_42381123.mp3	3600
common_voice_mvy_42547593.mp3	3888
common_voice_mvy_42494241.mp3	10980
common_voice_mvy_42081160.mp3	8460
common_voice_mvy_42195008.mp3	3348
common_voice_mvy_42062556.mp3	10800
common_voice_mvy_42080804.mp3	2808
common_voice_mvy_42010023.mp3	4680
common_voice_mvy_42061356.mp3	3780
common_voice_mvy_42532222.mp3	4320
common_voice_mvy_42075737.mp3	5220
common_voice_mvy_42375725.mp3	3420
common_voice_mvy_42391155.mp3	5148
common_voice_mvy_42362961.mp3	4680
common_voice_mvy_42363787.mp3	4716
common_voice_mvy_42042288.mp3	3636
common_voice_mvy_48985818.mp3	4176
common_voice_mvy_42393087.mp3	3456
common_voice_mvy_42383382.mp3	3348
common_voice_mvy_42393764.mp3	3708
common_voice_mvy_42080003.mp3	3888
common_voice_mvy_42080866.mp3	4356
common_voice_mvy_42357182.mp3	4500
common_voice_mvy_42008545.mp3	3528
common_voice_mvy_42397061.mp3	6300
common_voice_mvy_42397050.mp3	7776
common_voice_mvy_42089838.mp3	5616
common_voice_mvy_42066858.mp3	8496
common_voice_mvy_42368833.mp3	3996
common_voice_mvy_48992973.mp3	4608
common_voice_mvy_42356268.mp3	6408
common_voice_mvy_42006664.mp3	3600
common_voice_mvy_42080208.mp3	6120
common_voice_mvy_42007615.mp3	3996
common_voice_mvy_42072022.mp3	5040
common_voice_mvy_42364354.mp3	3096
common_voice_mvy_42053513.mp3	3708
common_voice_mvy_42374041.mp3	4536
common_voice_mvy_42064411.mp3	4356
common_voice_mvy_42414990.mp3	2916
common_voice_mvy_42055792.mp3	2700
common_voice_mvy_42384214.mp3	4176
common_voice_mvy_42363742.mp3	3456
common_voice_mvy_42086216.mp3	4788
common_voice_mvy_42063720.mp3	6876
common_voice_mvy_42390034.mp3	3420
common_voice_mvy_42059913.mp3	2736
common_voice_mvy_42079769.mp3	4500
common_voice_mvy_42080365.mp3	7056
common_voice_mvy_42351468.mp3	5040
common_voice_mvy_42092854.mp3	4716
common_voice_mvy_42053152.mp3	3276
common_voice_mvy_42080542.mp3	3816
common_voice_mvy_42396503.mp3	4428
common_voice_mvy_42361127.mp3	6120
common_voice_mvy_42093203.mp3	3960
common_voice_mvy_42390071.mp3	5616
common_voice_mvy_42374302.mp3	4248
common_voice_mvy_42362506.mp3	3888
common_voice_mvy_42049810.mp3	4104
common_voice_mvy_42073519.mp3	3240
common_voice_mvy_42380005.mp3	3708
common_voice_mvy_42398330.mp3	4536
common_voice_mvy_42393364.mp3	4356
common_voice_mvy_42375262.mp3	5616
common_voice_mvy_42412750.mp3	4320
common_voice_mvy_42081601.mp3	5220
common_voice_mvy_42384823.mp3	4320
common_voice_mvy_42365007.mp3	5508
common_voice_mvy_42393667.mp3	3456
common_voice_mvy_42079235.mp3	3096
common_voice_mvy_42042303.mp3	7956
common_voice_mvy_42385862.mp3	2988
common_voice_mvy_42369285.mp3	4356
common_voice_mvy_42020518.mp3	3780
common_voice_mvy_42363189.mp3	3096
common_voice_mvy_42376508.mp3	6660
common_voice_mvy_42368656.mp3	3708
common_voice_mvy_42064669.mp3	5328
common_voice_mvy_42438246.mp3	3420
common_voice_mvy_42395370.mp3	2916
common_voice_mvy_42124316.mp3	3348
common_voice_mvy_42080346.mp3	7596
common_voice_mvy_42360167.mp3	4068
common_voice_mvy_42391062.mp3	3168
common_voice_mvy_42414223.mp3	2916
common_voice_mvy_42053508.mp3	3636
common_voice_mvy_42357787.mp3	3780
common_voice_mvy_42182555.mp3	3528
common_voice_mvy_43136374.mp3	7236
common_voice_mvy_42350716.mp3	4896
common_voice_mvy_42547829.mp3	5256
common_voice_mvy_42380120.mp3	4608
common_voice_mvy_42397738.mp3	3276
common_voice_mvy_42052705.mp3	6228
common_voice_mvy_42387897.mp3	5616
common_voice_mvy_42383652.mp3	5508
common_voice_mvy_42078616.mp3	4608
common_voice_mvy_42007370.mp3	4248
common_voice_mvy_42361680.mp3	5076
common_voice_mvy_42392032.mp3	3816
common_voice_mvy_42064714.mp3	3528
common_voice_mvy_42397110.mp3	4788
common_voice_mvy_42368440.mp3	3240
common_voice_mvy_42074813.mp3	3528
common_voice_mvy_42080015.mp3	4968
common_voice_mvy_42379961.mp3	5040
common_voice_mvy_42011634.mp3	4140
common_voice_mvy_42079479.mp3	4248
common_voice_mvy_42369219.mp3	3168
common_voice_mvy_42096185.mp3	11808
common_voice_mvy_42065726.mp3	4248
common_voice_mvy_42397283.mp3	3420
common_voice_mvy_42403342.mp3	3960
common_voice_mvy_42363325.mp3	4140
common_voice_mvy_42366555.mp3	3636
common_voice_mvy_42008392.mp3	3600
common_voice_mvy_42079589.mp3	2808
common_voice_mvy_42361117.mp3	5436
common_voice_mvy_42556718.mp3	4860
common_voice_mvy_42062807.mp3	5616
common_voice_mvy_42042614.mp3	5976
common_voice_mvy_42062660.mp3	6300
common_voice_mvy_42376539.mp3	4320
common_voice_mvy_42364244.mp3	4500
common_voice_mvy_42079826.mp3	4572
common_voice_mvy_42387868.mp3	3888
common_voice_mvy_42398328.mp3	3708
common_voice_mvy_42346854.mp3	3456
common_voice_mvy_42053024.mp3	5616
common_voice_mvy_42347584.mp3	3600
common_voice_mvy_42370685.mp3	6156
common_voice_mvy_42413607.mp3	3600
common_voice_mvy_42385737.mp3	3096
common_voice_mvy_42021560.mp3	5688
common_voice_mvy_42376209.mp3	4356
common_voice_mvy_42367369.mp3	5328
common_voice_mvy_42373534.mp3	3420
common_voice_mvy_42394190.mp3	2088
common_voice_mvy_42363048.mp3	10260
common_voice_mvy_42410274.mp3	3816
common_voice_mvy_42364836.mp3	4140
common_voice_mvy_42346470.mp3	3528
common_voice_mvy_42350319.mp3	3276
common_voice_mvy_42367793.mp3	5436
common_voice_mvy_42347147.mp3	4536
common_voice_mvy_42067839.mp3	2916
common_voice_mvy_42429051.mp3	5616
common_voice_mvy_42546282.mp3	3168
common_voice_mvy_42043288.mp3	4248
common_voice_mvy_42006877.mp3	6120
common_voice_mvy_42357036.mp3	3888
common_voice_mvy_42020590.mp3	7668
common_voice_mvy_42388904.mp3	9396
common_voice_mvy_42347224.mp3	4536
common_voice_mvy_42085528.mp3	3780
common_voice_mvy_42389999.mp3	4176
common_voice_mvy_42396569.mp3	5220
common_voice_mvy_42079212.mp3	3960
common_voice_mvy_42350034.mp3	4248
common_voice_mvy_42394163.mp3	3780
common_voice_mvy_42079590.mp3	3816
common_voice_mvy_42060428.mp3	4356
common_voice_mvy_42008412.mp3	3276
common_voice_mvy_42362605.mp3	2916
common_voice_mvy_42494228.mp3	8136
common_voice_mvy_42552928.mp3	3888
common_voice_mvy_42076007.mp3	5328
common_voice_mvy_42380022.mp3	3780
common_voice_mvy_42373930.mp3	4140
common_voice_mvy_42360488.mp3	4968
common_voice_mvy_42397467.mp3	6408
common_voice_mvy_42348355.mp3	3996
common_voice_mvy_42389769.mp3	5796
common_voice_mvy_42374264.mp3	3636
common_voice_mvy_42369412.mp3	3996
common_voice_mvy_42352209.mp3	6336
common_voice_mvy_42383440.mp3	3780
common_voice_mvy_42362978.mp3	3708
common_voice_mvy_42413280.mp3	5688
common_voice_mvy_42376618.mp3	4320
common_voice_mvy_42085536.mp3	4500
common_voice_mvy_42376726.mp3	3420
common_voice_mvy_42079694.mp3	3888
common_voice_mvy_42079703.mp3	8676
common_voice_mvy_42064209.mp3	4428
common_voice_mvy_42024828.mp3	14688
common_voice_mvy_42021330.mp3	6660
common_voice_mvy_42398239.mp3	6228
common_voice_mvy_42093197.mp3	4356
common_voice_mvy_42373619.mp3	5580
common_voice_mvy_42042133.mp3	3420
common_voice_mvy_42394671.mp3	4716
common_voice_mvy_42367307.mp3	4428
common_voice_mvy_42384736.mp3	3420
common_voice_mvy_42092971.mp3	8568
common_voice_mvy_42347169.mp3	4500
common_voice_mvy_42347447.mp3	4428
common_voice_mvy_42376464.mp3	3600
common_voice_mvy_42394817.mp3	5688
common_voice_mvy_42370534.mp3	4248
common_voice_mvy_42591165.mp3	3780
common_voice_mvy_42357197.mp3	5616
common_voice_mvy_42060286.mp3	3276
common_voice_mvy_42385686.mp3	14148
common_voice_mvy_42078987.mp3	3492
common_voice_mvy_42078627.mp3	9936
common_voice_mvy_42360015.mp3	3888
common_voice_mvy_42063008.mp3	7128
common_voice_mvy_42074791.mp3	5220
common_voice_mvy_42391931.mp3	3672
common_voice_mvy_42397689.mp3	3996
common_voice_mvy_42368431.mp3	3060
common_voice_mvy_42366982.mp3	4500
common_voice_mvy_42364030.mp3	3780
common_voice_mvy_42380848.mp3	4716
common_voice_mvy_42365725.mp3	6876
common_voice_mvy_42394983.mp3	2700
common_voice_mvy_42080465.mp3	4716
common_voice_mvy_42073393.mp3	3060
common_voice_mvy_42386022.mp3	4356
common_voice_mvy_42364822.mp3	4716
common_voice_mvy_42395220.mp3	5256
common_voice_mvy_42393564.mp3	4788
common_voice_mvy_42060351.mp3	8856
common_voice_mvy_42373987.mp3	6516
common_voice_mvy_42362970.mp3	3708
common_voice_mvy_42585968.mp3	8316
common_voice_mvy_42595034.mp3	3816
common_voice_mvy_42347280.mp3	3888
common_voice_mvy_42374249.mp3	3420
common_voice_mvy_42370453.mp3	5256
common_voice_mvy_42006968.mp3	2988
common_voice_mvy_42386067.mp3	5148
common_voice_mvy_42366948.mp3	4140
common_voice_mvy_42079762.mp3	6120
common_voice_mvy_42010448.mp3	4356
common_voice_mvy_42370272.mp3	3996
common_voice_mvy_42042947.mp3	3240
common_voice_mvy_42363322.mp3	5436
common_voice_mvy_42079650.mp3	6876
common_voice_mvy_42043069.mp3	4536
common_voice_mvy_42397471.mp3	5868
common_voice_mvy_42515059.mp3	4428
common_voice_mvy_42067196.mp3	3240
common_voice_mvy_42369073.mp3	3636
common_voice_mvy_42386068.mp3	4716
common_voice_mvy_42347640.mp3	5076
common_voice_mvy_42007602.mp3	3600
common_voice_mvy_42347204.mp3	3096
common_voice_mvy_42394465.mp3	3456
common_voice_mvy_42060892.mp3	6408
common_voice_mvy_42438024.mp3	6156
common_voice_mvy_42380671.mp3	6156
common_voice_mvy_42347426.mp3	5508
common_voice_mvy_42006970.mp3	3996
common_voice_mvy_42496715.mp3	9360
common_voice_mvy_42412801.mp3	2880
common_voice_mvy_42075492.mp3	4860
common_voice_mvy_42387908.mp3	3528
common_voice_mvy_42008190.mp3	3816
common_voice_mvy_42010431.mp3	4608
common_voice_mvy_42084104.mp3	5040
common_voice_mvy_42437886.mp3	4248
common_voice_mvy_42403090.mp3	3996
common_voice_mvy_42395054.mp3	4968
common_voice_mvy_42007607.mp3	3960
common_voice_mvy_42390756.mp3	3600
common_voice_mvy_42413741.mp3	4356
common_voice_mvy_42079891.mp3	3276
common_voice_mvy_42573238.mp3	8316
common_voice_mvy_42374331.mp3	3528
common_voice_mvy_42085278.mp3	3456
common_voice_mvy_42363728.mp3	5148
common_voice_mvy_42412860.mp3	3996
common_voice_mvy_42360648.mp3	3780
common_voice_mvy_42375867.mp3	4608
common_voice_mvy_42042256.mp3	4176
common_voice_mvy_42397869.mp3	2376
common_voice_mvy_42056622.mp3	6660
common_voice_mvy_42376581.mp3	3240
common_voice_mvy_42393988.mp3	2880
common_voice_mvy_42395255.mp3	3420
common_voice_mvy_42393410.mp3	7308
common_voice_mvy_42079627.mp3	5148
common_voice_mvy_42392999.mp3	3096
common_voice_mvy_42063826.mp3	6516
common_voice_mvy_42367117.mp3	2700
common_voice_mvy_42080412.mp3	4968
common_voice_mvy_42361214.mp3	4428
common_voice_mvy_42078553.mp3	5580
common_voice_mvy_42398263.mp3	3528
common_voice_mvy_42079965.mp3	6696
common_voice_mvy_42006526.mp3	3528
common_voice_mvy_42385778.mp3	4680
common_voice_mvy_42547783.mp3	4896
common_voice_mvy_42396407.mp3	4248
common_voice_mvy_42520442.mp3	7128
common_voice_mvy_42079922.mp3	5580
common_voice_mvy_42008475.mp3	5580
common_voice_mvy_42264462.mp3	4968
common_voice_mvy_42089839.mp3	5328
common_voice_mvy_42374281.mp3	2628
common_voice_mvy_42395003.mp3	4140
common_voice_mvy_42362480.mp3	3780
common_voice_mvy_42008405.mp3	4788
common_voice_mvy_42351821.mp3	4860
common_voice_mvy_42591146.mp3	3960
common_voice_mvy_42361263.mp3	4536
common_voice_mvy_42367812.mp3	4896
common_voice_mvy_42351818.mp3	3600
common_voice_mvy_42393773.mp3	3960
common_voice_mvy_42352208.mp3	4140
common_voice_mvy_42010461.mp3	5148
common_voice_mvy_42360133.mp3	3996
common_voice_mvy_42010166.mp3	3708
common_voice_mvy_42080368.mp3	6408
common_voice_mvy_42350054.mp3	3528
common_voice_mvy_42385084.mp3	5400
common_voice_mvy_42368942.mp3	5580
common_voice_mvy_42010395.mp3	3276
common_voice_mvy_42396131.mp3	4896
common_voice_mvy_42397395.mp3	5616
common_voice_mvy_42360012.mp3	4248
common_voice_mvy_42397183.mp3	4140
common_voice_mvy_42413784.mp3	5148
common_voice_mvy_42072311.mp3	3960
common_voice_mvy_42394799.mp3	4140
common_voice_mvy_42007807.mp3	6156
common_voice_mvy_42410276.mp3	4320
common_voice_mvy_42376609.mp3	3996
common_voice_mvy_42383278.mp3	3996
common_voice_mvy_42346910.mp3	3780
common_voice_mvy_42063862.mp3	9180
common_voice_mvy_42360794.mp3	4140
common_voice_mvy_42376446.mp3	3960
common_voice_mvy_42079881.mp3	3636
common_voice_mvy_42575075.mp3	4716
common_voice_mvy_42008067.mp3	5508
common_voice_mvy_42547650.mp3	3348
common_voice_mvy_42079738.mp3	4500
common_voice_mvy_42395731.mp3	4176
common_voice_mvy_42392108.mp3	3456
common_voice_mvy_42360262.mp3	4680
common_voice_mvy_42386038.mp3	5256
common_voice_mvy_42059899.mp3	5328
common_voice_mvy_42393630.mp3	3600
common_voice_mvy_42067013.mp3	6408
common_voice_mvy_42451811.mp3	4680
common_voice_mvy_42093008.mp3	4608
common_voice_mvy_42391970.mp3	6876
common_voice_mvy_42085562.mp3	3780
common_voice_mvy_42373484.mp3	6768
common_voice_mvy_42023110.mp3	3960
common_voice_mvy_42012182.mp3	1620
common_voice_mvy_42494262.mp3	7020
common_voice_mvy_42382284.mp3	3996
common_voice_mvy_42392292.mp3	4356
common_voice_mvy_42012060.mp3	4140
common_voice_mvy_42077355.mp3	3456
common_voice_mvy_42370552.mp3	3888
common_voice_mvy_42012202.mp3	3960
common_voice_mvy_42007616.mp3	3780
common_voice_mvy_42352090.mp3	5508
common_voice_mvy_42375724.mp3	4176
common_voice_mvy_42078738.mp3	5868
common_voice_mvy_42387752.mp3	3420
common_voice_mvy_42072916.mp3	4896
common_voice_mvy_42363513.mp3	4068
common_voice_mvy_42363249.mp3	5400
common_voice_mvy_42364755.mp3	12240
common_voice_mvy_42077306.mp3	2160
common_voice_mvy_42407872.mp3	4176
common_voice_mvy_42043287.mp3	3780
common_voice_mvy_42393078.mp3	3348
common_voice_mvy_42413580.mp3	7668
common_voice_mvy_42391083.mp3	4716
common_voice_mvy_42404641.mp3	1980
common_voice_mvy_42055769.mp3	4176
common_voice_mvy_42360149.mp3	3348
common_voice_mvy_42367310.mp3	3420
common_voice_mvy_42377661.mp3	2988
common_voice_mvy_42438270.mp3	4248
common_voice_mvy_42053448.mp3	4860
common_voice_mvy_42377712.mp3	4608
common_voice_mvy_42023104.mp3	3960
common_voice_mvy_42364779.mp3	5220
common_voice_mvy_42072921.mp3	8568
common_voice_mvy_42079670.mp3	4608
common_voice_mvy_42348718.mp3	4788
common_voice_mvy_42346937.mp3	3168
common_voice_mvy_42006971.mp3	3888
common_voice_mvy_42370446.mp3	3996
common_voice_mvy_42363666.mp3	4860
common_voice_mvy_42350300.mp3	4068
common_voice_mvy_43579300.mp3	3780
common_voice_mvy_42093132.mp3	8316
common_voice_mvy_42415186.mp3	3420
common_voice_mvy_42413296.mp3	3240
common_voice_mvy_42394686.mp3	7956
common_voice_mvy_42591081.mp3	5148
common_voice_mvy_42043290.mp3	5364
common_voice_mvy_42093133.mp3	2988
common_voice_mvy_42064131.mp3	5256
common_voice_mvy_42096230.mp3	5076
common_voice_mvy_42124673.mp3	4248
common_voice_mvy_42052999.mp3	3240
common_voice_mvy_42024886.mp3	7596
common_voice_mvy_42374128.mp3	5256
common_voice_mvy_42348054.mp3	9036
common_voice_mvy_42363402.mp3	6516
common_voice_mvy_42392112.mp3	3996
common_voice_mvy_42352132.mp3	3456
common_voice_mvy_42393982.mp3	4068
common_voice_mvy_42370063.mp3	4968
common_voice_mvy_42124248.mp3	3096
common_voice_mvy_42056225.mp3	7056
common_voice_mvy_42076032.mp3	4428
common_voice_mvy_42011999.mp3	6048
common_voice_mvy_42381007.mp3	4176
common_voice_mvy_42391007.mp3	5256
common_voice_mvy_42081118.mp3	5256
common_voice_mvy_42008192.mp3	4248
common_voice_mvy_42395239.mp3	3276
common_voice_mvy_42085252.mp3	4680
common_voice_mvy_42079563.mp3	4608
common_voice_mvy_42073805.mp3	3816
common_voice_mvy_42595033.mp3	5040
common_voice_mvy_42376155.mp3	3996
common_voice_mvy_42396233.mp3	6228
common_voice_mvy_42364220.mp3	5760
common_voice_mvy_42085623.mp3	4860
common_voice_mvy_42515090.mp3	6480
common_voice_mvy_42394564.mp3	5868
common_voice_mvy_42085169.mp3	3708
common_voice_mvy_42376431.mp3	4140
common_voice_mvy_42377935.mp3	3600
common_voice_mvy_42363893.mp3	4320
common_voice_mvy_42397495.mp3	4500
common_voice_mvy_42394119.mp3	4140
common_voice_mvy_42391575.mp3	3420
common_voice_mvy_42438087.mp3	4968
common_voice_mvy_42362252.mp3	4680
common_voice_mvy_42011816.mp3	4176
common_voice_mvy_42063065.mp3	7416
common_voice_mvy_42367515.mp3	4320
common_voice_mvy_42389297.mp3	5940
common_voice_mvy_42092969.mp3	7596
common_voice_mvy_42364898.mp3	4608
common_voice_mvy_42381291.mp3	3348
common_voice_mvy_42383472.mp3	3996
common_voice_mvy_42007828.mp3	4572
common_voice_mvy_42011984.mp3	6336
common_voice_mvy_42063654.mp3	2808
common_voice_mvy_42180406.mp3	3456
common_voice_mvy_42399227.mp3	3816
common_voice_mvy_42042258.mp3	4680
common_voice_mvy_42346909.mp3	5616
common_voice_mvy_42414458.mp3	4896
common_voice_mvy_42478934.mp3	6120
common_voice_mvy_42362536.mp3	3996
common_voice_mvy_42389389.mp3	7956
common_voice_mvy_42348712.mp3	3996
common_voice_mvy_42346406.mp3	2988
common_voice_mvy_42556891.mp3	7848
common_voice_mvy_42055876.mp3	3888
common_voice_mvy_42064296.mp3	2916
common_voice_mvy_42052757.mp3	5580
common_voice_mvy_42022400.mp3	3600
common_voice_mvy_42347277.mp3	6660
common_voice_mvy_42397046.mp3	4500
common_voice_mvy_42412861.mp3	3096
common_voice_mvy_42064084.mp3	2700
common_voice_mvy_42367229.mp3	6660
common_voice_mvy_42363545.mp3	4608
common_voice_mvy_42595015.mp3	4248
common_voice_mvy_42363891.mp3	6876
common_voice_mvy_42376459.mp3	3420
common_voice_mvy_42006989.mp3	8676
common_voice_mvy_42451771.mp3	4500
common_voice_mvy_42194997.mp3	7380
common_voice_mvy_42072895.mp3	2628
common_voice_mvy_42520344.mp3	4248
common_voice_mvy_42021218.mp3	8928
common_voice_mvy_42363749.mp3	3528
common_voice_mvy_42363084.mp3	3996
common_voice_mvy_42352333.mp3	4536
common_voice_mvy_42547511.mp3	5400
common_voice_mvy_42079253.mp3	5148
common_voice_mvy_42061244.mp3	4824
common_voice_mvy_42575079.mp3	6696
common_voice_mvy_42375288.mp3	4428
common_voice_mvy_42062248.mp3	4500
common_voice_mvy_42393562.mp3	4248
common_voice_mvy_42352427.mp3	3708
common_voice_mvy_42118782.mp3	4068
common_voice_mvy_42057385.mp3	7128
common_voice_mvy_42096197.mp3	3708
common_voice_mvy_42370516.mp3	5508
common_voice_mvy_42056597.mp3	11268
common_voice_mvy_42376157.mp3	3888
common_voice_mvy_42386495.mp3	6048
common_voice_mvy_42389065.mp3	3816
common_voice_mvy_42474272.mp3	3960
common_voice_mvy_42021230.mp3	4860
common_voice_mvy_42362940.mp3	8100
common_voice_mvy_42374089.mp3	5508
common_voice_mvy_42375206.mp3	3600
common_voice_mvy_42403433.mp3	3888
common_voice_mvy_42380893.mp3	2988
common_voice_mvy_42361507.mp3	5148
common_voice_mvy_42078824.mp3	4068
common_voice_mvy_42496810.mp3	5796
common_voice_mvy_42083998.mp3	4536
common_voice_mvy_42043250.mp3	4068
common_voice_mvy_42008246.mp3	3060
common_voice_mvy_42363507.mp3	4608
common_voice_mvy_42389188.mp3	3996
common_voice_mvy_42008254.mp3	3276
common_voice_mvy_42085572.mp3	3240
common_voice_mvy_42378924.mp3	4140
common_voice_mvy_42064035.mp3	2880
common_voice_mvy_42397131.mp3	3348
common_voice_mvy_42363870.mp3	6408
common_voice_mvy_42478858.mp3	4608
common_voice_mvy_42383667.mp3	3816
common_voice_mvy_42077315.mp3	2556
common_voice_mvy_42010488.mp3	4068
common_voice_mvy_42075515.mp3	6480
common_voice_mvy_42356273.mp3	3960
common_voice_mvy_42413254.mp3	7596
common_voice_mvy_42079391.mp3	3672
common_voice_mvy_42370706.mp3	6048
common_voice_mvy_42063662.mp3	3708
common_voice_mvy_42079739.mp3	7776
common_voice_mvy_42397265.mp3	3456
common_voice_mvy_42060916.mp3	4356
common_voice_mvy_42385050.mp3	3060
common_voice_mvy_42079751.mp3	4788
common_voice_mvy_42085575.mp3	3996
common_voice_mvy_42374050.mp3	5148
common_voice_mvy_42551666.mp3	4788
common_voice_mvy_42059873.mp3	3816
common_voice_mvy_42392116.mp3	5868
common_voice_mvy_42390033.mp3	4176
common_voice_mvy_42375486.mp3	4320
common_voice_mvy_42392830.mp3	5220
common_voice_mvy_42397832.mp3	3168
common_voice_mvy_42478930.mp3	8388
common_voice_mvy_42370702.mp3	3708
common_voice_mvy_42393497.mp3	6840
common_voice_mvy_42363213.mp3	7308
common_voice_mvy_42575069.mp3	4356
common_voice_mvy_42346518.mp3	6336
common_voice_mvy_42395309.mp3	4068
common_voice_mvy_42067857.mp3	4176
common_voice_mvy_42074524.mp3	2844
common_voice_mvy_42011980.mp3	5400
common_voice_mvy_42373640.mp3	3456
common_voice_mvy_42369117.mp3	3780
common_voice_mvy_42351669.mp3	4140
common_voice_mvy_42395796.mp3	3888
common_voice_mvy_42387761.mp3	3996
common_voice_mvy_42086363.mp3	6120
common_voice_mvy_42370065.mp3	4320
common_voice_mvy_42396096.mp3	3600
common_voice_mvy_42392075.mp3	3348
common_voice_mvy_42364770.mp3	3960
common_voice_mvy_42080460.mp3	5076
common_voice_mvy_42089528.mp3	5580
common_voice_mvy_42413293.mp3	3888
common_voice_mvy_42008142.mp3	6408
common_voice_mvy_42062181.mp3	5328
common_voice_mvy_42079014.mp3	6048
common_voice_mvy_42397503.mp3	6048
common_voice_mvy_42073858.mp3	2628
common_voice_mvy_42043072.mp3	3600
common_voice_mvy_42413199.mp3	3348
common_voice_mvy_42413173.mp3	5148
common_voice_mvy_42567271.mp3	3960
common_voice_mvy_42064250.mp3	7920
common_voice_mvy_42075636.mp3	3564
common_voice_mvy_42351785.mp3	2916
common_voice_mvy_42383901.mp3	4176
common_voice_mvy_42010713.mp3	3636
common_voice_mvy_42376329.mp3	4320
common_voice_mvy_42557204.mp3	5688
common_voice_mvy_42085268.mp3	2700
common_voice_mvy_42397307.mp3	2988
common_voice_mvy_42370092.mp3	2988
common_voice_mvy_42356875.mp3	4608
common_voice_mvy_42042205.mp3	4608
common_voice_mvy_42376530.mp3	4608
common_voice_mvy_42388901.mp3	2340
common_voice_mvy_42350819.mp3	7020
common_voice_mvy_42080178.mp3	4500
common_voice_mvy_42055481.mp3	2736
common_voice_mvy_42382961.mp3	3816
common_voice_mvy_42021613.mp3	2700
common_voice_mvy_42363720.mp3	5580
common_voice_mvy_42073807.mp3	2916
common_voice_mvy_42079489.mp3	6300
common_voice_mvy_42366826.mp3	2880
common_voice_mvy_42347448.mp3	3960
common_voice_mvy_42061254.mp3	3924
common_voice_mvy_42398296.mp3	6156
common_voice_mvy_42368528.mp3	2700
common_voice_mvy_42380180.mp3	4968
common_voice_mvy_42067364.mp3	2916
common_voice_mvy_42375592.mp3	4500
common_voice_mvy_42397470.mp3	4968
common_voice_mvy_42390467.mp3	3276
common_voice_mvy_42532311.mp3	2808
common_voice_mvy_42379216.mp3	3816
common_voice_mvy_42451900.mp3	5508
common_voice_mvy_42067395.mp3	5940
common_voice_mvy_42124302.mp3	5256
common_voice_mvy_42347271.mp3	9036
common_voice_mvy_42375950.mp3	4320
common_voice_mvy_42011782.mp3	7200
common_voice_mvy_42180377.mp3	4428
common_voice_mvy_42350326.mp3	5616
common_voice_mvy_42024436.mp3	4716
common_voice_mvy_42074944.mp3	3780
common_voice_mvy_42079541.mp3	3276
common_voice_mvy_42066869.mp3	2628
common_voice_mvy_42011786.mp3	3348
common_voice_mvy_42421671.mp3	3996
common_voice_mvy_42067870.mp3	3348
common_voice_mvy_42363550.mp3	4500
common_voice_mvy_42393631.mp3	5616
common_voice_mvy_42394026.mp3	5688
common_voice_mvy_42547785.mp3	3780
common_voice_mvy_42060778.mp3	4500
common_voice_mvy_42547686.mp3	3600
common_voice_mvy_42368692.mp3	3240
common_voice_mvy_42393665.mp3	3600
common_voice_mvy_42556944.mp3	4356
common_voice_mvy_42376318.mp3	5976
common_voice_mvy_42369731.mp3	4248
common_voice_mvy_42010709.mp3	5688
common_voice_mvy_42380717.mp3	3456
common_voice_mvy_42374330.mp3	5148
common_voice_mvy_42393533.mp3	4680
common_voice_mvy_42365801.mp3	5148
common_voice_mvy_42362771.mp3	3276
common_voice_mvy_42351975.mp3	3528
common_voice_mvy_42363572.mp3	5076
common_voice_mvy_42351493.mp3	4356
common_voice_mvy_42397198.mp3	3096
common_voice_mvy_42086280.mp3	7560
common_voice_mvy_42547782.mp3	3780
common_voice_mvy_42062252.mp3	6948
common_voice_mvy_42349819.mp3	5940
common_voice_mvy_42369995.mp3	6516
common_voice_mvy_42550574.mp3	6480
common_voice_mvy_42368643.mp3	6336
common_voice_mvy_42061002.mp3	4320
common_voice_mvy_42413256.mp3	3780
common_voice_mvy_42064012.mp3	5580
common_voice_mvy_42365406.mp3	6300
common_voice_mvy_42352251.mp3	4356
common_voice_mvy_42061014.mp3	4896
common_voice_mvy_42412800.mp3	4248
common_voice_mvy_42496650.mp3	5076
common_voice_mvy_42366962.mp3	3600
common_voice_mvy_42053480.mp3	7956
common_voice_mvy_42364015.mp3	4680
common_voice_mvy_42394747.mp3	2880
common_voice_mvy_42077362.mp3	3456
common_voice_mvy_42428154.mp3	5508
common_voice_mvy_42360148.mp3	3960
common_voice_mvy_42413219.mp3	4500
common_voice_mvy_42399190.mp3	3636
common_voice_mvy_42384136.mp3	3060
common_voice_mvy_42007866.mp3	3600
common_voice_mvy_42182629.mp3	3996
common_voice_mvy_42055393.mp3	5688
common_voice_mvy_42383348.mp3	3096
common_voice_mvy_42362443.mp3	6300
common_voice_mvy_42367392.mp3	4788
common_voice_mvy_42073809.mp3	5148
common_voice_mvy_42361212.mp3	4176
common_voice_mvy_42362589.mp3	8640
common_voice_mvy_42264535.mp3	6696
common_voice_mvy_42646749.mp3	6120
common_voice_mvy_42081592.mp3	6048
common_voice_mvy_42080157.mp3	3888
common_voice_mvy_42060826.mp3	4140
common_voice_mvy_42363874.mp3	3780
common_voice_mvy_42376614.mp3	7596
common_voice_mvy_42556863.mp3	7056
common_voice_mvy_42346912.mp3	3168
common_voice_mvy_42096196.mp3	6876
common_voice_mvy_42006930.mp3	4788
common_voice_mvy_42360380.mp3	4536
common_voice_mvy_42392992.mp3	3600
common_voice_mvy_42079587.mp3	2376
common_voice_mvy_42124370.mp3	2376
common_voice_mvy_42391895.mp3	4032
common_voice_mvy_42360954.mp3	2988
common_voice_mvy_42381165.mp3	5616
common_voice_mvy_42348813.mp3	4608
common_voice_mvy_42370263.mp3	4680
common_voice_mvy_42008417.mp3	2520
common_voice_mvy_42079344.mp3	4248
common_voice_mvy_42515004.mp3	3708
common_voice_mvy_42052760.mp3	4680
common_voice_mvy_42393106.mp3	5688
common_voice_mvy_42348562.mp3	7236
common_voice_mvy_42093144.mp3	6516
common_voice_mvy_42414457.mp3	4428
common_voice_mvy_42396574.mp3	5688
common_voice_mvy_42084844.mp3	3240
common_voice_mvy_42055855.mp3	3708
common_voice_mvy_42393911.mp3	3528
common_voice_mvy_42414353.mp3	5616
common_voice_mvy_42397060.mp3	4500
common_voice_mvy_42043195.mp3	5076
common_voice_mvy_42361140.mp3	6588
common_voice_mvy_42081556.mp3	7020
common_voice_mvy_42387738.mp3	3708
common_voice_mvy_42394795.mp3	4248
common_voice_mvy_42547794.mp3	4176
common_voice_mvy_42050260.mp3	13140
common_voice_mvy_42391976.mp3	2988
common_voice_mvy_42370087.mp3	3528
common_voice_mvy_42060959.mp3	4536
common_voice_mvy_42395233.mp3	4320
common_voice_mvy_42011951.mp3	7020
common_voice_mvy_42368366.mp3	10800
common_voice_mvy_42352292.mp3	7308
common_voice_mvy_42360310.mp3	4788
common_voice_mvy_42383562.mp3	6156
common_voice_mvy_42395268.mp3	3060
common_voice_mvy_42546279.mp3	5688
common_voice_mvy_42395137.mp3	5976
common_voice_mvy_42063642.mp3	4536
common_voice_mvy_42013069.mp3	3240
common_voice_mvy_42393940.mp3	4176
common_voice_mvy_42097859.mp3	5076
common_voice_mvy_42370064.mp3	4140
common_voice_mvy_42365039.mp3	4248
common_voice_mvy_42075790.mp3	5616
common_voice_mvy_42368916.mp3	3960
common_voice_mvy_42361155.mp3	4140
common_voice_mvy_42383858.mp3	3708
common_voice_mvy_42380529.mp3	3240
common_voice_mvy_42351478.mp3	6696
common_voice_mvy_42021521.mp3	6480
common_voice_mvy_42374276.mp3	2988
common_voice_mvy_42346870.mp3	3636
common_voice_mvy_42406910.mp3	3096
common_voice_mvy_42060382.mp3	3816
common_voice_mvy_42532231.mp3	6048
common_voice_mvy_42396445.mp3	4716
common_voice_mvy_42006552.mp3	2556
common_voice_mvy_42062927.mp3	3276
common_voice_mvy_42396351.mp3	4428
common_voice_mvy_42363582.mp3	4356
common_voice_mvy_42392093.mp3	4464
common_voice_mvy_42006946.mp3	4176
common_voice_mvy_42387907.mp3	6408
common_voice_mvy_42079692.mp3	7236
common_voice_mvy_42532309.mp3	3600
common_voice_mvy_42075768.mp3	4248
common_voice_mvy_42370067.mp3	4176
common_voice_mvy_42360937.mp3	3168
common_voice_mvy_42080100.mp3	3096
common_voice_mvy_42361129.mp3	4896
common_voice_mvy_42363528.mp3	4500
common_voice_mvy_42380779.mp3	4788
common_voice_mvy_42361259.mp3	5436
common_voice_mvy_42380016.mp3	4068
common_voice_mvy_42376410.mp3	2700
common_voice_mvy_42078601.mp3	4140
common_voice_mvy_42367754.mp3	4608
common_voice_mvy_42357816.mp3	6768
common_voice_mvy_42085618.mp3	4932
common_voice_mvy_42096229.mp3	6120
common_voice_mvy_42367455.mp3	4140
common_voice_mvy_42368487.mp3	4428
common_voice_mvy_42365500.mp3	4320
common_voice_mvy_42364947.mp3	4356
common_voice_mvy_42066997.mp3	4356
common_voice_mvy_42380793.mp3	3816
common_voice_mvy_42547521.mp3	4608
common_voice_mvy_42557244.mp3	5040
common_voice_mvy_42393487.mp3	3348
common_voice_mvy_42007829.mp3	7164
common_voice_mvy_42387737.mp3	3996
common_voice_mvy_42021481.mp3	4968
common_voice_mvy_42079867.mp3	3528
common_voice_mvy_42042237.mp3	4968
common_voice_mvy_42080877.mp3	7128
common_voice_mvy_42064221.mp3	2376
common_voice_mvy_42376516.mp3	3816
common_voice_mvy_42077625.mp3	4644
common_voice_mvy_42063710.mp3	5436
common_voice_mvy_42375260.mp3	6840
common_voice_mvy_42364028.mp3	5868
common_voice_mvy_42370299.mp3	4068
common_voice_mvy_42062848.mp3	7668
common_voice_mvy_42467366.mp3	6300
common_voice_mvy_42079882.mp3	3636
common_voice_mvy_42369026.mp3	4176
common_voice_mvy_42007621.mp3	4356
common_voice_mvy_42429403.mp3	3708
common_voice_mvy_42373575.mp3	2916
common_voice_mvy_42084772.mp3	7128
common_voice_mvy_42395026.mp3	3240
common_voice_mvy_42383529.mp3	5040
common_voice_mvy_42021484.mp3	3708
common_voice_mvy_42024786.mp3	7200
common_voice_mvy_42079507.mp3	4464
common_voice_mvy_42021229.mp3	5796
common_voice_mvy_42379949.mp3	5256
common_voice_mvy_42360814.mp3	3168
common_voice_mvy_42053704.mp3	4680
common_voice_mvy_42052608.mp3	4248
common_voice_mvy_42388937.mp3	3420
common_voice_mvy_42383429.mp3	3060
common_voice_mvy_42532238.mp3	5508
common_voice_mvy_42348620.mp3	6480
common_voice_mvy_42370722.mp3	9648
common_voice_mvy_42374197.mp3	7020
common_voice_mvy_42365803.mp3	4428
common_voice_mvy_42552907.mp3	3996
common_voice_mvy_42396958.mp3	5256
common_voice_mvy_42383358.mp3	4968
common_voice_mvy_42389260.mp3	3960
common_voice_mvy_42061001.mp3	5220
common_voice_mvy_42370464.mp3	7128
common_voice_mvy_42345831.mp3	3780
common_voice_mvy_42346763.mp3	4248
common_voice_mvy_42074953.mp3	5292
common_voice_mvy_42052965.mp3	4068
common_voice_mvy_42063763.mp3	3240
common_voice_mvy_42361262.mp3	7200
common_voice_mvy_42079999.mp3	3960
common_voice_mvy_42021415.mp3	7236
common_voice_mvy_42399167.mp3	3456
common_voice_mvy_42075806.mp3	3528
common_voice_mvy_42092613.mp3	4608
common_voice_mvy_42023149.mp3	5508
common_voice_mvy_42438239.mp3	3780
common_voice_mvy_42053473.mp3	5868
common_voice_mvy_42380719.mp3	5688
common_voice_mvy_42346671.mp3	4680
common_voice_mvy_42379206.mp3	3276
common_voice_mvy_42414951.mp3	5328
common_voice_mvy_42494231.mp3	8136
common_voice_mvy_42351810.mp3	5400
common_voice_mvy_42348891.mp3	4356
common_voice_mvy_42067081.mp3	4248
common_voice_mvy_42520414.mp3	5400
common_voice_mvy_42377839.mp3	4716
common_voice_mvy_42063677.mp3	11448
common_voice_mvy_42348977.mp3	4536
common_voice_mvy_42374308.mp3	5580
common_voice_mvy_42395159.mp3	5508
common_voice_mvy_42346523.mp3	3276
common_voice_mvy_42383611.mp3	2880
common_voice_mvy_42085548.mp3	3060
common_voice_mvy_42389289.mp3	4428
common_voice_mvy_42414359.mp3	3708
common_voice_mvy_42363520.mp3	4248
common_voice_mvy_42021614.mp3	6408
common_voice_mvy_42010200.mp3	2880
common_voice_mvy_42006562.mp3	6408
common_voice_mvy_42055758.mp3	4140
common_voice_mvy_42080948.mp3	4680
common_voice_mvy_42349828.mp3	6228
common_voice_mvy_42496631.mp3	7308
common_voice_mvy_42074806.mp3	3456
common_voice_mvy_42368891.mp3	5508
common_voice_mvy_42397756.mp3	4536
common_voice_mvy_42053516.mp3	4176
common_voice_mvy_42376330.mp3	4608
common_voice_mvy_42351479.mp3	6120
common_voice_mvy_42533384.mp3	6588
common_voice_mvy_42532256.mp3	2988
common_voice_mvy_42052665.mp3	6840
common_voice_mvy_42393956.mp3	3240
common_voice_mvy_42349241.mp3	3636
common_voice_mvy_42380353.mp3	3816
common_voice_mvy_42547524.mp3	3420
common_voice_mvy_42385752.mp3	4356
common_voice_mvy_42378877.mp3	4428
common_voice_mvy_42451832.mp3	5040
common_voice_mvy_42079002.mp3	7920
common_voice_mvy_42373352.mp3	6156
common_voice_mvy_42351370.mp3	5040
common_voice_mvy_42393357.mp3	2880
common_voice_mvy_42375999.mp3	4968
common_voice_mvy_42351927.mp3	4068
common_voice_mvy_42550599.mp3	6408
common_voice_mvy_42380601.mp3	5148
common_voice_mvy_42060986.mp3	8820
common_voice_mvy_42363690.mp3	4608
common_voice_mvy_42370734.mp3	4680
common_voice_mvy_42405453.mp3	4428
common_voice_mvy_42557256.mp3	5400
common_voice_mvy_42180479.mp3	3348
common_voice_mvy_42043101.mp3	3888
common_voice_mvy_42021687.mp3	5436
common_voice_mvy_42415155.mp3	3960
common_voice_mvy_42373395.mp3	6696
common_voice_mvy_42392161.mp3	3996
common_voice_mvy_42079825.mp3	3924
common_voice_mvy_42383233.mp3	3168
common_voice_mvy_42384109.mp3	4536
common_voice_mvy_42363538.mp3	5688
common_voice_mvy_42346793.mp3	4608
common_voice_mvy_42088988.mp3	8100
common_voice_mvy_42383511.mp3	3168
common_voice_mvy_42415156.mp3	2988
common_voice_mvy_42056667.mp3	11340
common_voice_mvy_42008404.mp3	8388
common_voice_mvy_42383869.mp3	5076
common_voice_mvy_42008299.mp3	3528
common_voice_mvy_42060806.mp3	4428
common_voice_mvy_42062799.mp3	3456
common_voice_mvy_42384617.mp3	4500
common_voice_mvy_42042290.mp3	8100
common_voice_mvy_42080963.mp3	2700
common_voice_mvy_42393318.mp3	3240
common_voice_mvy_42367559.mp3	4068
common_voice_mvy_42077702.mp3	5184
common_voice_mvy_42360604.mp3	5040
common_voice_mvy_42370343.mp3	4248
common_voice_mvy_42395680.mp3	4428
common_voice_mvy_42375983.mp3	5760
common_voice_mvy_42533324.mp3	6660
common_voice_mvy_42064207.mp3	6516
common_voice_mvy_42397870.mp3	4248
common_voice_mvy_42496791.mp3	9936
common_voice_mvy_42378927.mp3	3600
common_voice_mvy_42093145.mp3	4680
common_voice_mvy_42439973.mp3	3528
common_voice_mvy_42392114.mp3	3960
common_voice_mvy_42064192.mp3	4716
common_voice_mvy_42390310.mp3	4248
common_voice_mvy_42349841.mp3	3960
common_voice_mvy_42374099.mp3	3636
common_voice_mvy_42392940.mp3	3636
common_voice_mvy_42363800.mp3	3240
common_voice_mvy_42356265.mp3	4968
common_voice_mvy_42346700.mp3	3456
common_voice_mvy_42060789.mp3	3888
common_voice_mvy_42013087.mp3	4140
common_voice_mvy_42351329.mp3	3888
common_voice_mvy_42385030.mp3	6876
common_voice_mvy_42055918.mp3	3636
common_voice_mvy_42376810.mp3	3600
common_voice_mvy_42084804.mp3	3708
common_voice_mvy_42547526.mp3	3060
common_voice_mvy_42552849.mp3	6120
common_voice_mvy_42384790.mp3	4788
common_voice_mvy_42055375.mp3	3168
common_voice_mvy_42345900.mp3	5256
common_voice_mvy_42557279.mp3	5220
common_voice_mvy_42043018.mp3	5400
common_voice_mvy_42007864.mp3	3420
common_voice_mvy_42362478.mp3	4356
common_voice_mvy_42089078.mp3	3420
common_voice_mvy_42092664.mp3	3780
common_voice_mvy_42042179.mp3	5868
common_voice_mvy_42080296.mp3	3600
common_voice_mvy_42086436.mp3	8388
common_voice_mvy_42073657.mp3	4428
common_voice_mvy_42014179.mp3	6480
common_voice_mvy_42379945.mp3	4140
common_voice_mvy_42348569.mp3	6408
common_voice_mvy_42061360.mp3	4500
common_voice_mvy_42347840.mp3	3240
common_voice_mvy_42079767.mp3	7776
common_voice_mvy_42363942.mp3	3168
common_voice_mvy_42382243.mp3	6696
common_voice_mvy_42061044.mp3	3888
common_voice_mvy_42365560.mp3	4248
common_voice_mvy_42369410.mp3	5796
common_voice_mvy_42393512.mp3	5688
common_voice_mvy_42373818.mp3	6336
common_voice_mvy_42007779.mp3	4680
common_voice_mvy_42556862.mp3	3780
common_voice_mvy_42346696.mp3	3528
common_voice_mvy_42451774.mp3	5508
common_voice_mvy_42407871.mp3	3528
common_voice_mvy_42383992.mp3	3060
common_voice_mvy_42352357.mp3	4176
common_voice_mvy_42097178.mp3	3456
common_voice_mvy_42079453.mp3	6480
common_voice_mvy_42348838.mp3	6156
common_voice_mvy_42545110.mp3	7020
common_voice_mvy_42073855.mp3	5940
common_voice_mvy_42367351.mp3	5436
common_voice_mvy_42363115.mp3	5220
common_voice_mvy_42060287.mp3	4248
common_voice_mvy_42011996.mp3	3348
common_voice_mvy_42467399.mp3	3960
common_voice_mvy_42079552.mp3	6048
common_voice_mvy_42011595.mp3	5040
common_voice_mvy_42385005.mp3	2988
common_voice_mvy_42363932.mp3	4860
common_voice_mvy_42568134.mp3	4680
common_voice_mvy_42074870.mp3	4176
common_voice_mvy_42079194.mp3	8748
common_voice_mvy_42386085.mp3	5400
common_voice_mvy_42356303.mp3	3600
common_voice_mvy_42545108.mp3	4608
common_voice_mvy_42062639.mp3	6480
common_voice_mvy_42393928.mp3	5076
common_voice_mvy_42012209.mp3	4860
common_voice_mvy_42390699.mp3	3636
common_voice_mvy_42010035.mp3	4320
common_voice_mvy_42364023.mp3	4536
common_voice_mvy_42056196.mp3	5580
common_voice_mvy_42075780.mp3	4860
common_voice_mvy_42393434.mp3	7956
common_voice_mvy_42367328.mp3	4788
common_voice_mvy_42124301.mp3	4356
common_voice_mvy_42552905.mp3	4716
common_voice_mvy_42389248.mp3	3348
common_voice_mvy_42081576.mp3	5796
common_voice_mvy_42413216.mp3	3528
common_voice_mvy_42410299.mp3	4500
common_voice_mvy_42042214.mp3	5508
common_voice_mvy_42357301.mp3	3240
common_voice_mvy_42180425.mp3	3096
common_voice_mvy_42405465.mp3	5616
common_voice_mvy_42007176.mp3	5220
common_voice_mvy_42350900.mp3	4356
common_voice_mvy_42079984.mp3	3672
common_voice_mvy_42067099.mp3	6840
common_voice_mvy_42010294.mp3	3348
common_voice_mvy_42067141.mp3	2448
common_voice_mvy_42370096.mp3	7236
common_voice_mvy_42079492.mp3	2988
common_voice_mvy_42080373.mp3	3888
common_voice_mvy_42042152.mp3	3888
common_voice_mvy_42556717.mp3	6696
common_voice_mvy_42370564.mp3	2880
common_voice_mvy_42011847.mp3	5580
common_voice_mvy_42350591.mp3	3960
common_voice_mvy_42367482.mp3	6156
common_voice_mvy_42478908.mp3	4356
common_voice_mvy_42391637.mp3	5148
common_voice_mvy_42362422.mp3	4680
common_voice_mvy_42006942.mp3	4248
common_voice_mvy_42382771.mp3	4068
common_voice_mvy_42381154.mp3	4320
common_voice_mvy_42081032.mp3	7416
common_voice_mvy_42074800.mp3	3096
common_voice_mvy_42379345.mp3	5040
common_voice_mvy_42520374.mp3	7128
common_voice_mvy_42412809.mp3	7020
common_voice_mvy_42351784.mp3	8100
common_voice_mvy_42063777.mp3	5940
common_voice_mvy_42368944.mp3	3240
common_voice_mvy_42392019.mp3	4176
common_voice_mvy_42478943.mp3	4356
common_voice_mvy_42370149.mp3	4536
common_voice_mvy_42092996.mp3	5148
common_voice_mvy_42062292.mp3	7848
common_voice_mvy_42085654.mp3	3240
common_voice_mvy_42478885.mp3	5796
common_voice_mvy_42376504.mp3	3348
common_voice_mvy_42093031.mp3	5400
common_voice_mvy_42067042.mp3	4356
common_voice_mvy_42391106.mp3	2808
common_voice_mvy_42392273.mp3	3600
common_voice_mvy_42021240.mp3	3708
common_voice_mvy_42346851.mp3	3060
common_voice_mvy_42376809.mp3	4140
common_voice_mvy_42080557.mp3	5256
common_voice_mvy_42547554.mp3	5076
common_voice_mvy_42363543.mp3	4248
common_voice_mvy_42086117.mp3	7668
common_voice_mvy_42413371.mp3	3996
common_voice_mvy_42013091.mp3	3780
common_voice_mvy_42060862.mp3	4680
common_voice_mvy_42362540.mp3	3420
common_voice_mvy_42396370.mp3	3996
common_voice_mvy_42347258.mp3	4896
common_voice_mvy_42384343.mp3	3708
common_voice_mvy_42393713.mp3	3816
common_voice_mvy_42363165.mp3	3888
common_voice_mvy_42591163.mp3	7560
common_voice_mvy_42414374.mp3	6480
common_voice_mvy_42056702.mp3	9036
common_voice_mvy_42364756.mp3	3888
common_voice_mvy_42055398.mp3	3060
common_voice_mvy_42054704.mp3	9468
common_voice_mvy_42380179.mp3	4680
common_voice_mvy_42080878.mp3	6228
common_voice_mvy_42061332.mp3	3780
common_voice_mvy_42396537.mp3	3816
common_voice_mvy_42368477.mp3	3168
common_voice_mvy_42021153.mp3	3888
common_voice_mvy_42361028.mp3	3600
common_voice_mvy_42007837.mp3	5616
common_voice_mvy_42494250.mp3	7920
common_voice_mvy_42369290.mp3	4608
common_voice_mvy_42347170.mp3	5940
common_voice_mvy_42397263.mp3	3780
common_voice_mvy_42557275.mp3	5580
common_voice_mvy_42063126.mp3	2916
common_voice_mvy_42092656.mp3	4500
common_voice_mvy_42376366.mp3	3528
common_voice_mvy_42053518.mp3	6156
common_voice_mvy_42520452.mp3	3276
common_voice_mvy_42567273.mp3	5256
common_voice_mvy_42413285.mp3	3996
common_voice_mvy_42356255.mp3	6516
common_voice_mvy_42393835.mp3	5580
common_voice_mvy_42072014.mp3	3636
common_voice_mvy_42380371.mp3	4608
common_voice_mvy_42346469.mp3	3276
common_voice_mvy_42097179.mp3	3888
common_voice_mvy_42073500.mp3	3780
common_voice_mvy_42067770.mp3	4320
common_voice_mvy_42021442.mp3	6336
common_voice_mvy_42352247.mp3	3708
common_voice_mvy_42063737.mp3	2520
common_voice_mvy_42415035.mp3	2340
common_voice_mvy_42586125.mp3	4608
common_voice_mvy_42394796.mp3	4068
common_voice_mvy_42396084.mp3	4788
common_voice_mvy_42376358.mp3	4356
common_voice_mvy_42053707.mp3	7056
common_voice_mvy_42346819.mp3	3348
common_voice_mvy_42368831.mp3	4140
common_voice_mvy_42124340.mp3	2736
common_voice_mvy_42376394.mp3	7416
common_voice_mvy_42373464.mp3	6768
common_voice_mvy_42368402.mp3	3456
common_voice_mvy_42361521.mp3	5076
common_voice_mvy_42079588.mp3	4608
common_voice_mvy_42379809.mp3	4716
common_voice_mvy_42383596.mp3	3456
common_voice_mvy_42413374.mp3	3276
common_voice_mvy_42060034.mp3	4140
common_voice_mvy_42395372.mp3	5040
common_voice_mvy_42085288.mp3	3276
common_voice_mvy_42396606.mp3	4716
common_voice_mvy_42052998.mp3	5940
common_voice_mvy_42063157.mp3	7020
common_voice_mvy_42007797.mp3	6696
common_voice_mvy_42092832.mp3	7560
common_voice_mvy_42050287.mp3	15120
common_voice_mvy_42381005.mp3	4428
common_voice_mvy_42088985.mp3	5616
common_voice_mvy_42346415.mp3	4248
common_voice_mvy_42363070.mp3	4140
common_voice_mvy_42055908.mp3	4320
common_voice_mvy_42413276.mp3	6480
common_voice_mvy_42394297.mp3	3420
common_voice_mvy_42363534.mp3	4716
common_voice_mvy_42392160.mp3	4968
common_voice_mvy_42351082.mp3	4140
common_voice_mvy_42373542.mp3	4860
common_voice_mvy_42074828.mp3	4320
common_voice_mvy_42379181.mp3	4608
common_voice_mvy_42073683.mp3	5328
common_voice_mvy_42053079.mp3	4068
common_voice_mvy_42374305.mp3	3708
common_voice_mvy_42015010.mp3	7740
common_voice_mvy_42079110.mp3	4068
common_voice_mvy_42362520.mp3	3888
common_voice_mvy_42437997.mp3	7956
common_voice_mvy_42060395.mp3	3780
common_voice_mvy_42081248.mp3	3456
common_voice_mvy_42056901.mp3	3708
common_voice_mvy_42064096.mp3	3996
common_voice_mvy_42438086.mp3	4248
common_voice_mvy_42370444.mp3	4428
common_voice_mvy_42362554.mp3	3888
common_voice_mvy_42373628.mp3	5040
common_voice_mvy_42376460.mp3	5508
common_voice_mvy_42347261.mp3	4716
common_voice_mvy_42081249.mp3	5256
common_voice_mvy_42365612.mp3	3708
common_voice_mvy_42345880.mp3	9000
common_voice_mvy_42008135.mp3	6156
common_voice_mvy_42370313.mp3	5868
common_voice_mvy_42063167.mp3	6516
common_voice_mvy_42042212.mp3	3168
common_voice_mvy_42369253.mp3	3888
common_voice_mvy_42396474.mp3	4968
common_voice_mvy_42547780.mp3	6156
common_voice_mvy_42056898.mp3	5436
common_voice_mvy_42010536.mp3	5616
common_voice_mvy_42012011.mp3	3636
common_voice_mvy_42547675.mp3	3888
common_voice_mvy_42379152.mp3	4860
common_voice_mvy_42393908.mp3	3060
common_voice_mvy_42362373.mp3	5796
common_voice_mvy_42397157.mp3	3240
common_voice_mvy_42364817.mp3	4176
common_voice_mvy_42008706.mp3	4788
common_voice_mvy_42080897.mp3	5616
common_voice_mvy_42066969.mp3	2556
common_voice_mvy_42380386.mp3	4320
common_voice_mvy_42384375.mp3	4536
common_voice_mvy_42397532.mp3	3528
common_voice_mvy_42075603.mp3	7668
common_voice_mvy_42394239.mp3	4680
common_voice_mvy_42380641.mp3	3240
common_voice_mvy_42055910.mp3	5508
common_voice_mvy_42379157.mp3	6120
common_voice_mvy_42375745.mp3	3096
common_voice_mvy_42392904.mp3	4536
common_voice_mvy_42391971.mp3	5796
common_voice_mvy_42381259.mp3	5040
common_voice_mvy_42064527.mp3	3600
common_voice_mvy_42079513.mp3	3312
common_voice_mvy_42396554.mp3	5580
common_voice_mvy_42380765.mp3	3960
common_voice_mvy_42368699.mp3	2700
common_voice_mvy_42367599.mp3	3600
common_voice_mvy_42388256.mp3	4248
common_voice_mvy_42392936.mp3	3960
common_voice_mvy_42379364.mp3	4968
common_voice_mvy_42378867.mp3	3708
common_voice_mvy_42376537.mp3	4176
common_voice_mvy_42180546.mp3	5580
common_voice_mvy_42604510.mp3	3528
common_voice_mvy_42375786.mp3	5436
common_voice_mvy_42390453.mp3	4068
common_voice_mvy_42366930.mp3	5040
common_voice_mvy_42382672.mp3	5436
common_voice_mvy_42072964.mp3	3276
common_voice_mvy_42384034.mp3	3816
common_voice_mvy_42390670.mp3	5580
common_voice_mvy_42093180.mp3	4608
common_voice_mvy_42346902.mp3	6660
common_voice_mvy_42052745.mp3	3708
common_voice_mvy_42520406.mp3	5508
common_voice_mvy_42023151.mp3	4536
common_voice_mvy_42060788.mp3	3060
common_voice_mvy_42364766.mp3	6408
common_voice_mvy_42515099.mp3	4536
common_voice_mvy_42079686.mp3	4428
common_voice_mvy_42557792.mp3	4356
common_voice_mvy_42079036.mp3	5220
common_voice_mvy_42360200.mp3	3816
common_voice_mvy_42010439.mp3	4176
common_voice_mvy_42079015.mp3	4536
common_voice_mvy_42392596.mp3	5760
common_voice_mvy_42360665.mp3	4896
common_voice_mvy_42072293.mp3	4788
common_voice_mvy_42012033.mp3	8028
common_voice_mvy_42077395.mp3	6516
common_voice_mvy_42386141.mp3	6336
common_voice_mvy_42397192.mp3	6480
common_voice_mvy_42180478.mp3	6048
common_voice_mvy_42364652.mp3	5328
common_voice_mvy_42383324.mp3	2916
common_voice_mvy_42021539.mp3	3888
common_voice_mvy_42389341.mp3	4500
common_voice_mvy_42396081.mp3	4176
common_voice_mvy_42383880.mp3	4680
common_voice_mvy_42370335.mp3	6048
common_voice_mvy_42379951.mp3	7020
common_voice_mvy_42396934.mp3	3240
common_voice_mvy_42012216.mp3	3276
common_voice_mvy_42056443.mp3	11808
common_voice_mvy_42062641.mp3	5976
common_voice_mvy_42021559.mp3	7200
common_voice_mvy_42093087.mp3	3996
common_voice_mvy_42395224.mp3	7308
common_voice_mvy_42080270.mp3	5076
common_voice_mvy_42547525.mp3	3456
common_voice_mvy_42552863.mp3	5436
common_voice_mvy_42363819.mp3	3636
common_voice_mvy_42377659.mp3	3996
common_voice_mvy_42053053.mp3	2916
common_voice_mvy_42706543.mp3	3996
common_voice_mvy_42646751.mp3	5040
common_voice_mvy_42389966.mp3	4320
common_voice_mvy_42391641.mp3	4068
common_voice_mvy_42394392.mp3	3240
common_voice_mvy_42376196.mp3	5256
common_voice_mvy_42246994.mp3	3636
common_voice_mvy_42376743.mp3	5076
common_voice_mvy_42381247.mp3	4176
common_voice_mvy_42396088.mp3	4860
common_voice_mvy_42089812.mp3	4248
common_voice_mvy_42092617.mp3	5508
common_voice_mvy_42376597.mp3	3420
common_voice_mvy_42376473.mp3	4788
common_voice_mvy_42075589.mp3	5076
common_voice_mvy_42077279.mp3	3168
common_voice_mvy_42350512.mp3	6660
common_voice_mvy_42350655.mp3	6408
common_voice_mvy_42023150.mp3	4716
common_voice_mvy_42394926.mp3	3456
common_voice_mvy_42085569.mp3	4176
common_voice_mvy_42061031.mp3	5868
common_voice_mvy_42515115.mp3	5076
common_voice_mvy_42345980.mp3	2556
common_voice_mvy_42370426.mp3	5688
common_voice_mvy_42393325.mp3	4608
common_voice_mvy_42395298.mp3	3168
common_voice_mvy_42363324.mp3	4896
common_voice_mvy_42053063.mp3	4176
common_voice_mvy_42056902.mp3	4212
common_voice_mvy_42393734.mp3	3420
common_voice_mvy_42394193.mp3	3996
common_voice_mvy_42556875.mp3	7488
common_voice_mvy_42084806.mp3	2880
common_voice_mvy_42386494.mp3	4608
common_voice_mvy_42052758.mp3	4608
common_voice_mvy_42375309.mp3	5076
common_voice_mvy_42063181.mp3	5508
common_voice_mvy_42053701.mp3	10440
common_voice_mvy_42363391.mp3	3780
common_voice_mvy_42532307.mp3	5256
common_voice_mvy_42067309.mp3	4536
common_voice_mvy_42374248.mp3	6840
common_voice_mvy_42080691.mp3	6408
common_voice_mvy_42370425.mp3	4248
common_voice_mvy_42390046.mp3	3528
common_voice_mvy_42547684.mp3	3600
common_voice_mvy_42008141.mp3	3816
common_voice_mvy_42006535.mp3	6300
common_voice_mvy_42363207.mp3	3996
common_voice_mvy_42079419.mp3	2520
common_voice_mvy_42053519.mp3	7560
common_voice_mvy_42076015.mp3	3528
common_voice_mvy_42089546.mp3	5580
common_voice_mvy_42008215.mp3	4608
common_voice_mvy_42383280.mp3	5940
common_voice_mvy_42394925.mp3	5976
common_voice_mvy_42395990.mp3	3168
common_voice_mvy_42496605.mp3	4680
common_voice_mvy_42595012.mp3	6408
common_voice_mvy_42604460.mp3	4176
common_voice_mvy_42360414.mp3	3528
common_voice_mvy_42010165.mp3	5040
common_voice_mvy_42060016.mp3	5616
common_voice_mvy_42012083.mp3	4248
common_voice_mvy_42545083.mp3	5148
common_voice_mvy_42042962.mp3	5076
common_voice_mvy_42010297.mp3	4248
common_voice_mvy_42478897.mp3	4356
common_voice_mvy_42394781.mp3	3528
common_voice_mvy_42059897.mp3	5040
common_voice_mvy_42351302.mp3	1908
common_voice_mvy_42368609.mp3	3528
common_voice_mvy_42350005.mp3	5760
common_voice_mvy_42079957.mp3	3168
common_voice_mvy_42362754.mp3	5688
common_voice_mvy_42385781.mp3	3600
common_voice_mvy_42382645.mp3	4140
common_voice_mvy_42357802.mp3	6876
common_voice_mvy_42361172.mp3	4608
common_voice_mvy_42551696.mp3	9360
common_voice_mvy_42063712.mp3	10548
common_voice_mvy_42014203.mp3	2988
common_voice_mvy_42077311.mp3	5256
common_voice_mvy_42081115.mp3	3420
common_voice_mvy_42379138.mp3	5940
common_voice_mvy_42515097.mp3	4608
common_voice_mvy_42415009.mp3	4788
common_voice_mvy_42008255.mp3	3708
common_voice_mvy_42363449.mp3	6300
common_voice_mvy_42413316.mp3	3456
common_voice_mvy_42067139.mp3	1908
common_voice_mvy_42067244.mp3	4320
common_voice_mvy_42347625.mp3	4680
common_voice_mvy_42373467.mp3	4356
common_voice_mvy_42053054.mp3	3636
common_voice_mvy_42361186.mp3	4248
common_voice_mvy_42043231.mp3	5040
common_voice_mvy_42067768.mp3	6156
common_voice_mvy_42370083.mp3	4248
common_voice_mvy_42494235.mp3	3276
common_voice_mvy_42348541.mp3	6768
common_voice_mvy_42376583.mp3	4356
common_voice_mvy_42062232.mp3	4068
common_voice_mvy_42351742.mp3	2916
common_voice_mvy_42397658.mp3	3780
common_voice_mvy_42386099.mp3	4068
common_voice_mvy_42370281.mp3	4500
common_voice_mvy_42394025.mp3	5436
common_voice_mvy_42405532.mp3	3960
common_voice_mvy_42532313.mp3	6408
common_voice_mvy_42080598.mp3	4248
common_voice_mvy_42008373.mp3	4788
common_voice_mvy_42367368.mp3	3780
common_voice_mvy_42093045.mp3	4860
common_voice_mvy_42394187.mp3	3708
common_voice_mvy_42410301.mp3	3636
common_voice_mvy_42346057.mp3	3636
common_voice_mvy_42360128.mp3	3600
common_voice_mvy_42007497.mp3	3996
common_voice_mvy_42397650.mp3	2736
common_voice_mvy_42429035.mp3	3240
common_voice_mvy_42020641.mp3	3708
common_voice_mvy_42011598.mp3	4788
common_voice_mvy_42288656.mp3	6300
common_voice_mvy_42008410.mp3	5400
common_voice_mvy_42055640.mp3	5148
common_voice_mvy_42007835.mp3	4140
common_voice_mvy_42364590.mp3	4248
common_voice_mvy_42063658.mp3	6588
common_voice_mvy_42383609.mp3	5796
common_voice_mvy_42380580.mp3	3816
common_voice_mvy_42043299.mp3	5976
common_voice_mvy_42055519.mp3	3276
common_voice_mvy_42055911.mp3	4716
common_voice_mvy_42010362.mp3	3888
common_voice_mvy_42397512.mp3	3996
common_voice_mvy_42348393.mp3	4500
common_voice_mvy_42378926.mp3	3996
common_voice_mvy_42363748.mp3	4500
common_voice_mvy_42369088.mp3	2988
common_voice_mvy_48992959.mp3	4500
common_voice_mvy_42550575.mp3	5220
common_voice_mvy_42364565.mp3	5400
common_voice_mvy_42360437.mp3	3888
common_voice_mvy_42011754.mp3	3636
common_voice_mvy_42368314.mp3	4860
common_voice_mvy_42361195.mp3	5796
common_voice_mvy_43579296.mp3	4968
common_voice_mvy_42394418.mp3	4248
common_voice_mvy_42086367.mp3	9936
common_voice_mvy_42097862.mp3	5328
common_voice_mvy_42379936.mp3	5508
common_voice_mvy_42370730.mp3	3600
common_voice_mvy_42060049.mp3	7236
common_voice_mvy_42421721.mp3	5148
common_voice_mvy_42364251.mp3	4860
common_voice_mvy_42080754.mp3	3348
common_voice_mvy_42388941.mp3	3240
common_voice_mvy_42065901.mp3	3168
common_voice_mvy_42053456.mp3	4968
common_voice_mvy_42384217.mp3	3708
common_voice_mvy_42060979.mp3	3888
common_voice_mvy_42007784.mp3	4716
common_voice_mvy_42042125.mp3	4500
common_voice_mvy_42053507.mp3	3528
common_voice_mvy_42374174.mp3	5580
common_voice_mvy_42288659.mp3	4068
common_voice_mvy_42014213.mp3	2520
common_voice_mvy_42369329.mp3	3960
common_voice_mvy_42073506.mp3	4860
common_voice_mvy_42367830.mp3	5580
common_voice_mvy_42397135.mp3	3528
common_voice_mvy_42063812.mp3	7560
common_voice_mvy_42556890.mp3	4248
common_voice_mvy_42373555.mp3	4680
common_voice_mvy_42363271.mp3	4356
common_voice_mvy_42374053.mp3	4896
common_voice_mvy_42390857.mp3	5688
common_voice_mvy_42380879.mp3	4500
common_voice_mvy_42397736.mp3	3528
common_voice_mvy_42079368.mp3	7848
common_voice_mvy_42413375.mp3	5400
common_voice_mvy_42478862.mp3	7416
common_voice_mvy_42055636.mp3	6300
common_voice_mvy_42055584.mp3	3888
common_voice_mvy_42379908.mp3	3888
common_voice_mvy_42089081.mp3	3420
common_voice_mvy_42124230.mp3	3960
common_voice_mvy_42363073.mp3	3420
common_voice_mvy_42376367.mp3	5328
common_voice_mvy_42080843.mp3	6120
common_voice_mvy_42350514.mp3	7308
common_voice_mvy_42053562.mp3	5076
common_voice_mvy_42532266.mp3	2808
common_voice_mvy_42391586.mp3	3096
common_voice_mvy_42363431.mp3	4140
common_voice_mvy_42413342.mp3	4068
common_voice_mvy_42378890.mp3	4788
common_voice_mvy_42367795.mp3	6336
common_voice_mvy_42379235.mp3	5868
common_voice_mvy_42064146.mp3	5256
common_voice_mvy_42067353.mp3	3636
common_voice_mvy_42370474.mp3	5760
common_voice_mvy_42398280.mp3	7056
common_voice_mvy_42079905.mp3	4644
common_voice_mvy_42065954.mp3	4716
common_voice_mvy_42079494.mp3	3996
common_voice_mvy_42074848.mp3	4428
common_voice_mvy_42363519.mp3	4536
common_voice_mvy_42379209.mp3	4500
common_voice_mvy_42008239.mp3	5976
common_voice_mvy_42375826.mp3	5220
common_voice_mvy_42092973.mp3	7956
common_voice_mvy_42405488.mp3	6300
common_voice_mvy_42061252.mp3	3924
common_voice_mvy_42007286.mp3	4068
common_voice_mvy_42347230.mp3	4896
common_voice_mvy_42081157.mp3	3096
common_voice_mvy_42008382.mp3	3960
common_voice_mvy_42546237.mp3	6768
common_voice_mvy_42065960.mp3	3960
common_voice_mvy_42604481.mp3	5940
common_voice_mvy_42053033.mp3	3456
common_voice_mvy_42089189.mp3	6300
common_voice_mvy_42064279.mp3	3528
common_voice_mvy_42052646.mp3	3240
common_voice_mvy_42264460.mp3	4068
common_voice_mvy_42078524.mp3	7776
common_voice_mvy_42370447.mp3	4248
common_voice_mvy_42367005.mp3	4860
common_voice_mvy_42389206.mp3	5868
common_voice_mvy_42368498.mp3	5040
common_voice_mvy_42053535.mp3	4248
common_voice_mvy_42063877.mp3	11376
common_voice_mvy_42358478.mp3	2880
common_voice_mvy_42363615.mp3	3780
common_voice_mvy_42370199.mp3	4680
common_voice_mvy_42557241.mp3	5040
common_voice_mvy_42362859.mp3	4608
common_voice_mvy_42364369.mp3	5508
common_voice_mvy_42376496.mp3	4608
common_voice_mvy_42008289.mp3	5976
common_voice_mvy_42360609.mp3	2916
common_voice_mvy_42414991.mp3	3888
common_voice_mvy_42042080.mp3	7596
common_voice_mvy_42391727.mp3	3636
common_voice_mvy_42362395.mp3	5760
common_voice_mvy_42515085.mp3	3060
common_voice_mvy_42346228.mp3	2988
common_voice_mvy_42062642.mp3	5508
common_voice_mvy_42073799.mp3	7056
common_voice_mvy_42396506.mp3	5976
common_voice_mvy_42373393.mp3	6156
common_voice_mvy_42366967.mp3	6156
common_voice_mvy_42378907.mp3	3636
common_voice_mvy_42350360.mp3	2916
common_voice_mvy_42066825.mp3	5436
common_voice_mvy_42060335.mp3	6588
common_voice_mvy_42092836.mp3	3996
common_voice_mvy_42386100.mp3	3528
common_voice_mvy_42575082.mp3	5400
common_voice_mvy_42364933.mp3	3960
common_voice_mvy_42413165.mp3	5868
common_voice_mvy_42093175.mp3	3708
common_voice_mvy_42367082.mp3	5796
common_voice_mvy_42478907.mp3	8136
common_voice_mvy_42123020.mp3	5040
common_voice_mvy_42093163.mp3	5616
common_voice_mvy_42532221.mp3	5148
common_voice_mvy_42053560.mp3	3456
common_voice_mvy_42365497.mp3	4896
common_voice_mvy_42387852.mp3	3636
common_voice_mvy_42414976.mp3	3996
common_voice_mvy_42063801.mp3	7380
common_voice_mvy_42363884.mp3	3960
common_voice_mvy_42413730.mp3	4536
common_voice_mvy_42369324.mp3	3528
common_voice_mvy_42373536.mp3	4356
common_voice_mvy_42363156.mp3	6876
common_voice_mvy_42595006.mp3	4068
common_voice_mvy_42079963.mp3	5760
common_voice_mvy_42547628.mp3	4140
common_voice_mvy_42064379.mp3	4608
common_voice_mvy_42515071.mp3	7128
common_voice_mvy_42060246.mp3	6156
common_voice_mvy_42382439.mp3	5976
common_voice_mvy_42556712.mp3	6768
common_voice_mvy_42062925.mp3	6048
common_voice_mvy_42079741.mp3	3996
common_voice_mvy_42380372.mp3	5076
common_voice_mvy_42376520.mp3	2880
common_voice_mvy_42520410.mp3	3780
common_voice_mvy_42377803.mp3	3888
common_voice_mvy_42346505.mp3	3348
common_voice_mvy_42052989.mp3	5616
common_voice_mvy_42546286.mp3	5148
common_voice_mvy_42396369.mp3	4140
common_voice_mvy_42383702.mp3	3780
common_voice_mvy_42063929.mp3	4356
common_voice_mvy_42393043.mp3	4680
common_voice_mvy_42348743.mp3	5760
common_voice_mvy_42376522.mp3	3780
common_voice_mvy_42011182.mp3	6840
common_voice_mvy_42067772.mp3	2808
common_voice_mvy_42368467.mp3	5328
common_voice_mvy_42093113.mp3	3420
common_voice_mvy_42370355.mp3	4500
common_voice_mvy_42363759.mp3	5328
common_voice_mvy_42020579.mp3	8460
common_voice_mvy_42379200.mp3	9468
common_voice_mvy_42011892.mp3	3960
common_voice_mvy_42367557.mp3	3276
common_voice_mvy_42089860.mp3	6768
common_voice_mvy_42392107.mp3	2880
common_voice_mvy_42079841.mp3	4824
common_voice_mvy_42351796.mp3	4716
common_voice_mvy_42021276.mp3	4716
common_voice_mvy_42362562.mp3	7056
common_voice_mvy_42056652.mp3	6840
common_voice_mvy_42403826.mp3	3528
common_voice_mvy_42067868.mp3	5220
common_voice_mvy_42373957.mp3	3096
common_voice_mvy_42360175.mp3	6480
common_voice_mvy_42076333.mp3	3456
common_voice_mvy_42180421.mp3	3240
common_voice_mvy_42646753.mp3	3348
common_voice_mvy_42547665.mp3	3528
common_voice_mvy_42392290.mp3	3456
common_voice_mvy_42063768.mp3	5976
common_voice_mvy_42394149.mp3	3420
common_voice_mvy_42124337.mp3	5976
common_voice_mvy_42349303.mp3	3276
common_voice_mvy_42550601.mp3	4680
common_voice_mvy_42421655.mp3	4896
common_voice_mvy_42020661.mp3	6840
common_voice_mvy_42086213.mp3	4680
common_voice_mvy_42557278.mp3	4860
common_voice_mvy_42006536.mp3	4896
common_voice_mvy_42386515.mp3	4680
common_voice_mvy_42060819.mp3	3636
common_voice_mvy_42396458.mp3	3060
common_voice_mvy_42377660.mp3	3960
common_voice_mvy_42363840.mp3	4500
common_voice_mvy_42397490.mp3	3780
common_voice_mvy_42393650.mp3	4968
common_voice_mvy_42067083.mp3	2988
common_voice_mvy_42060779.mp3	4176
common_voice_mvy_42380424.mp3	6048
common_voice_mvy_42351499.mp3	6408
common_voice_mvy_42376577.mp3	3060
common_voice_mvy_42478942.mp3	3960
common_voice_mvy_42363859.mp3	3636
common_voice_mvy_42384131.mp3	3636
common_voice_mvy_42380574.mp3	4680
common_voice_mvy_42384983.mp3	3996
common_voice_mvy_42362857.mp3	5616
common_voice_mvy_42546285.mp3	3996
common_voice_mvy_42391658.mp3	6408
common_voice_mvy_42383554.mp3	5148
common_voice_mvy_42007570.mp3	3600
common_voice_mvy_42080540.mp3	5760
common_voice_mvy_42348445.mp3	3708
common_voice_mvy_42007231.mp3	3780
common_voice_mvy_42382840.mp3	3996
common_voice_mvy_42412749.mp3	5616
common_voice_mvy_42373661.mp3	3888
common_voice_mvy_42396409.mp3	5076
common_voice_mvy_42736057.mp3	4248
common_voice_mvy_42413373.mp3	7020
common_voice_mvy_42362282.mp3	4680
common_voice_mvy_42360936.mp3	7668
common_voice_mvy_42080254.mp3	2376
common_voice_mvy_42348505.mp3	4248
common_voice_mvy_42494234.mp3	7380
common_voice_mvy_42096223.mp3	10476
common_voice_mvy_42078661.mp3	3996
common_voice_mvy_42377623.mp3	5760
common_voice_mvy_42055932.mp3	3528
common_voice_mvy_42021278.mp3	9720
common_voice_mvy_42042197.mp3	3960
common_voice_mvy_42373486.mp3	4248
common_voice_mvy_42396037.mp3	3636
common_voice_mvy_42012205.mp3	3708
common_voice_mvy_42021186.mp3	9036
common_voice_mvy_42079438.mp3	8208
common_voice_mvy_42363569.mp3	7488
common_voice_mvy_42396024.mp3	2808
common_voice_mvy_42389217.mp3	2988
common_voice_mvy_42014994.mp3	5076
common_voice_mvy_42007128.mp3	3960
common_voice_mvy_42396128.mp3	5616
common_voice_mvy_42014889.mp3	2988
common_voice_mvy_42042864.mp3	7740
common_voice_mvy_42007183.mp3	6156
common_voice_mvy_42369052.mp3	5256
common_voice_mvy_42362977.mp3	7776
common_voice_mvy_42385706.mp3	3888
common_voice_mvy_42352138.mp3	6480
common_voice_mvy_42391951.mp3	4500
common_voice_mvy_42374059.mp3	4896
common_voice_mvy_42363109.mp3	3960
common_voice_mvy_42397680.mp3	2808
common_voice_mvy_42413785.mp3	4068
common_voice_mvy_42023093.mp3	5328
common_voice_mvy_42397828.mp3	3708
common_voice_mvy_42080414.mp3	3384
common_voice_mvy_42362880.mp3	4356
common_voice_mvy_42373416.mp3	6516
common_voice_mvy_42403800.mp3	3996
common_voice_mvy_42348337.mp3	4860
common_voice_mvy_42009999.mp3	7740
common_voice_mvy_42366745.mp3	5580
common_voice_mvy_42072335.mp3	2880
common_voice_mvy_42076239.mp3	4356
common_voice_mvy_42393783.mp3	3708
common_voice_mvy_42369006.mp3	3348
common_voice_mvy_42063619.mp3	7848
common_voice_mvy_42363499.mp3	4320
common_voice_mvy_42053093.mp3	3456
common_voice_mvy_42386021.mp3	6660
common_voice_mvy_42398284.mp3	3096
common_voice_mvy_42063055.mp3	6660
common_voice_mvy_42369733.mp3	3600
common_voice_mvy_42043320.mp3	6552
common_voice_mvy_42387715.mp3	3816
common_voice_mvy_42085365.mp3	8316
common_voice_mvy_42089079.mp3	9288
common_voice_mvy_42130443.mp3	4176
common_voice_mvy_42363496.mp3	4176
common_voice_mvy_42042269.mp3	5796
common_voice_mvy_42064748.mp3	3960
common_voice_mvy_42376746.mp3	2988
common_voice_mvy_42374132.mp3	7740
common_voice_mvy_42392135.mp3	3132
common_voice_mvy_42089752.mp3	11448
common_voice_mvy_42348315.mp3	4860
common_voice_mvy_42012050.mp3	3528
common_voice_mvy_42364183.mp3	5580
common_voice_mvy_42364327.mp3	4320
common_voice_mvy_42405486.mp3	3060
common_voice_mvy_42402951.mp3	6336
common_voice_mvy_42011961.mp3	3996
common_voice_mvy_42391580.mp3	6480
common_voice_mvy_42066901.mp3	7020
common_voice_mvy_42024853.mp3	5328
common_voice_mvy_42084803.mp3	3420
common_voice_mvy_42062810.mp3	5400
common_voice_mvy_42077364.mp3	4068
common_voice_mvy_42366919.mp3	4608
common_voice_mvy_42011681.mp3	6696
common_voice_mvy_42360068.mp3	3708
common_voice_mvy_42396600.mp3	4716
common_voice_mvy_42011841.mp3	8388
common_voice_mvy_42383296.mp3	3096
common_voice_mvy_42383857.mp3	4320
common_voice_mvy_42366732.mp3	4392
common_voice_mvy_42383789.mp3	3168
common_voice_mvy_42009941.mp3	8100
common_voice_mvy_42373475.mp3	3996
common_voice_mvy_42363628.mp3	4968
common_voice_mvy_42060047.mp3	5148
common_voice_mvy_42362517.mp3	7848
common_voice_mvy_42391783.mp3	6408
common_voice_mvy_42421722.mp3	3996
common_voice_mvy_42084735.mp3	8280
common_voice_mvy_42053481.mp3	5076
common_voice_mvy_42351509.mp3	3168
common_voice_mvy_42065682.mp3	9540
common_voice_mvy_42072397.mp3	2916
common_voice_mvy_42397525.mp3	2916
common_voice_mvy_42366326.mp3	9000
common_voice_mvy_42089750.mp3	5328
common_voice_mvy_42060918.mp3	3816
common_voice_mvy_42376372.mp3	4320
common_voice_mvy_42348444.mp3	5400
common_voice_mvy_42351481.mp3	5976
common_voice_mvy_42367342.mp3	6480
common_voice_mvy_42380527.mp3	3960
common_voice_mvy_42376497.mp3	3276
common_voice_mvy_42363561.mp3	4608
common_voice_mvy_42412736.mp3	5040
common_voice_mvy_42007287.mp3	3816
common_voice_mvy_42079655.mp3	2700
common_voice_mvy_42413778.mp3	3276
common_voice_mvy_42350430.mp3	2808
common_voice_mvy_42395918.mp3	6840
common_voice_mvy_42356425.mp3	3816
common_voice_mvy_42024880.mp3	3600
common_voice_mvy_42387893.mp3	3708
common_voice_mvy_42080580.mp3	5040
common_voice_mvy_42346951.mp3	4356
common_voice_mvy_42437888.mp3	4680
common_voice_mvy_42407890.mp3	4140
common_voice_mvy_42367423.mp3	6876
common_voice_mvy_42478881.mp3	7920
common_voice_mvy_42180545.mp3	2628
common_voice_mvy_42356364.mp3	5796
common_voice_mvy_42392027.mp3	3708
common_voice_mvy_42367362.mp3	6768
common_voice_mvy_42397725.mp3	2700
common_voice_mvy_42352410.mp3	4500
common_voice_mvy_42392977.mp3	4536
common_voice_mvy_42573236.mp3	5400
common_voice_mvy_42079848.mp3	10620
common_voice_mvy_42056715.mp3	7308
common_voice_mvy_42056409.mp3	10188
common_voice_mvy_42383221.mp3	3960
common_voice_mvy_42397845.mp3	3240
common_voice_mvy_42008425.mp3	3060
common_voice_mvy_42383836.mp3	2988
common_voice_mvy_42363723.mp3	6228
common_voice_mvy_42092684.mp3	5616
common_voice_mvy_42363456.mp3	3348
common_voice_mvy_42560180.mp3	3780
common_voice_mvy_42556838.mp3	6660
common_voice_mvy_42520361.mp3	4608
common_voice_mvy_42585966.mp3	5508
common_voice_mvy_42351287.mp3	3708
common_voice_mvy_42390778.mp3	4680
common_voice_mvy_42060817.mp3	3636
common_voice_mvy_42395263.mp3	3276
common_voice_mvy_42052750.mp3	4356
common_voice_mvy_42348886.mp3	4788
common_voice_mvy_42438134.mp3	7128
common_voice_mvy_42414596.mp3	4140
common_voice_mvy_42349012.mp3	5400
common_voice_mvy_42043218.mp3	5328
common_voice_mvy_42056846.mp3	6228
common_voice_mvy_42078771.mp3	4896
common_voice_mvy_42413249.mp3	5760
common_voice_mvy_42532234.mp3	3888
common_voice_mvy_42080291.mp3	8100
common_voice_mvy_42413232.mp3	4608
common_voice_mvy_42370424.mp3	5220
common_voice_mvy_42060980.mp3	3060
common_voice_mvy_42389037.mp3	3960
common_voice_mvy_42351958.mp3	5436
common_voice_mvy_42075643.mp3	3348
common_voice_mvy_42395669.mp3	3456
common_voice_mvy_42392501.mp3	7488
common_voice_mvy_42097869.mp3	4680
common_voice_mvy_42079226.mp3	10296
common_voice_mvy_42404645.mp3	2880
common_voice_mvy_42061439.mp3	4608
common_voice_mvy_42080624.mp3	3960
common_voice_mvy_42364342.mp3	4896
common_voice_mvy_42009978.mp3	4896
common_voice_mvy_42396113.mp3	4176
common_voice_mvy_42063847.mp3	2880
common_voice_mvy_42063650.mp3	6120
common_voice_mvy_42357202.mp3	4176
common_voice_mvy_42604513.mp3	5508
common_voice_mvy_42393424.mp3	3276
common_voice_mvy_42347781.mp3	3096
common_voice_mvy_42350159.mp3	4608
common_voice_mvy_42361184.mp3	3456
common_voice_mvy_42478863.mp3	6516
common_voice_mvy_42363849.mp3	6120
common_voice_mvy_42375590.mp3	5328
common_voice_mvy_42367479.mp3	5256
common_voice_mvy_42180448.mp3	4248
common_voice_mvy_42365271.mp3	10980
common_voice_mvy_42410275.mp3	5076
common_voice_mvy_42067159.mp3	3780
common_voice_mvy_42096484.mp3	3240
common_voice_mvy_42394960.mp3	4176
common_voice_mvy_42382705.mp3	5256
common_voice_mvy_42064440.mp3	3528
common_voice_mvy_42356263.mp3	5868
common_voice_mvy_42414154.mp3	3996
common_voice_mvy_42394656.mp3	2988
common_voice_mvy_42347604.mp3	3600
common_voice_mvy_42089815.mp3	5328
common_voice_mvy_42437887.mp3	6120
common_voice_mvy_42390261.mp3	3528
common_voice_mvy_42387838.mp3	4320
common_voice_mvy_42363977.mp3	4248
common_voice_mvy_42387928.mp3	5508
common_voice_mvy_42361241.mp3	7488
common_voice_mvy_42494251.mp3	4608
common_voice_mvy_42547635.mp3	3348
common_voice_mvy_42180516.mp3	3780
common_voice_mvy_42097853.mp3	4176
common_voice_mvy_42405527.mp3	3996
common_voice_mvy_42413783.mp3	3528
common_voice_mvy_42382455.mp3	8208
common_voice_mvy_42011456.mp3	4680
common_voice_mvy_42350609.mp3	5400
common_voice_mvy_42533328.mp3	3888
common_voice_mvy_42180461.mp3	6156
common_voice_mvy_42375655.mp3	5760
common_voice_mvy_42360613.mp3	4716
common_voice_mvy_42375258.mp3	5580
common_voice_mvy_42560172.mp3	3600
common_voice_mvy_42024840.mp3	5940
common_voice_mvy_42363342.mp3	3708
common_voice_mvy_42092844.mp3	6336
common_voice_mvy_42079505.mp3	4536
common_voice_mvy_42346717.mp3	3780
common_voice_mvy_42024817.mp3	7488
common_voice_mvy_42011353.mp3	5688
common_voice_mvy_42011756.mp3	3528
common_voice_mvy_42080239.mp3	4860
common_voice_mvy_42012211.mp3	4536
common_voice_mvy_42375771.mp3	7848
common_voice_mvy_42429028.mp3	3456
common_voice_mvy_42008195.mp3	6300
common_voice_mvy_42085277.mp3	7308
common_voice_mvy_42007966.mp3	3996
common_voice_mvy_42348387.mp3	6156
common_voice_mvy_42379290.mp3	3636
common_voice_mvy_42395763.mp3	4140
common_voice_mvy_42545111.mp3	4608
common_voice_mvy_42007468.mp3	5400
common_voice_mvy_42387708.mp3	4176
common_voice_mvy_42547815.mp3	2880
common_voice_mvy_42363485.mp3	3276
common_voice_mvy_42381287.mp3	3636
common_voice_mvy_42547819.mp3	3456
common_voice_mvy_42375996.mp3	3960
common_voice_mvy_42397531.mp3	6480
common_voice_mvy_42078772.mp3	4068
common_voice_mvy_42376406.mp3	4320
common_voice_mvy_42011156.mp3	4248
common_voice_mvy_42012213.mp3	4428
common_voice_mvy_42366929.mp3	3816
common_voice_mvy_42067009.mp3	4428
common_voice_mvy_42376512.mp3	4320
common_voice_mvy_42393521.mp3	4068
common_voice_mvy_42474201.mp3	5760
common_voice_mvy_42021581.mp3	4176
common_voice_mvy_42021329.mp3	5076
common_voice_mvy_42092983.mp3	5616
common_voice_mvy_42383516.mp3	3636
common_voice_mvy_42351258.mp3	4788
common_voice_mvy_42381213.mp3	3600
common_voice_mvy_42077693.mp3	3060
common_voice_mvy_42024872.mp3	3276
common_voice_mvy_42055487.mp3	2520
common_voice_mvy_42370196.mp3	3708
common_voice_mvy_42392071.mp3	3636
common_voice_mvy_42393680.mp3	2736
common_voice_mvy_42379328.mp3	4068
common_voice_mvy_42573063.mp3	6516
common_voice_mvy_42380069.mp3	5256
common_voice_mvy_42364821.mp3	4536
common_voice_mvy_42055791.mp3	5400
common_voice_mvy_42418723.mp3	3528
common_voice_mvy_42042297.mp3	6660
common_voice_mvy_42377828.mp3	3276
common_voice_mvy_42364273.mp3	6768
common_voice_mvy_42556897.mp3	5940
common_voice_mvy_42067187.mp3	2520
common_voice_mvy_42008137.mp3	3240
common_voice_mvy_42063027.mp3	4500
common_voice_mvy_42364149.mp3	6588
common_voice_mvy_42096253.mp3	11880
common_voice_mvy_42413298.mp3	2736
common_voice_mvy_42024805.mp3	5940
common_voice_mvy_42367449.mp3	7020
common_voice_mvy_42392723.mp3	3348
common_voice_mvy_42360705.mp3	4536
common_voice_mvy_42081579.mp3	4140
common_voice_mvy_42357858.mp3	4320
common_voice_mvy_42376428.mp3	3816
common_voice_mvy_42398295.mp3	3528
common_voice_mvy_42545135.mp3	5760
common_voice_mvy_42363118.mp3	3348
common_voice_mvy_42366543.mp3	5616
common_voice_mvy_42093194.mp3	3636
common_voice_mvy_42077340.mp3	4608
common_voice_mvy_42386117.mp3	6948
common_voice_mvy_42396230.mp3	7056
common_voice_mvy_42015012.mp3	3348
common_voice_mvy_42389046.mp3	6660
common_voice_mvy_42360698.mp3	4500
common_voice_mvy_42056899.mp3	5832
common_voice_mvy_42389270.mp3	4248
common_voice_mvy_42383653.mp3	5868
common_voice_mvy_42385805.mp3	7020
common_voice_mvy_42362756.mp3	5760
common_voice_mvy_42393019.mp3	4140
common_voice_mvy_42557254.mp3	4536
common_voice_mvy_42079250.mp3	6840
common_voice_mvy_42379967.mp3	4500
common_voice_mvy_42392721.mp3	4140
common_voice_mvy_42494236.mp3	6336
common_voice_mvy_42007831.mp3	6696
common_voice_mvy_42080240.mp3	3816
common_voice_mvy_42093143.mp3	3276
common_voice_mvy_48992963.mp3	4896
common_voice_mvy_42085206.mp3	4176
common_voice_mvy_42080505.mp3	5904
common_voice_mvy_42392741.mp3	3636
common_voice_mvy_42008370.mp3	5436
common_voice_mvy_42086644.mp3	3816
common_voice_mvy_42042950.mp3	3456
common_voice_mvy_42373709.mp3	7128
common_voice_mvy_42532242.mp3	5508
common_voice_mvy_42361243.mp3	5868
common_voice_mvy_42393061.mp3	3240
common_voice_mvy_42356236.mp3	4356
common_voice_mvy_42007280.mp3	5076
common_voice_mvy_42378910.mp3	3888
common_voice_mvy_42021331.mp3	3708
common_voice_mvy_42010405.mp3	2700
common_voice_mvy_42348528.mp3	4968
common_voice_mvy_42546245.mp3	6588
common_voice_mvy_42363105.mp3	3960
common_voice_mvy_42496637.mp3	5220
common_voice_mvy_42073810.mp3	4248
common_voice_mvy_42080030.mp3	4356
common_voice_mvy_42074969.mp3	3132
common_voice_mvy_42385777.mp3	5328
common_voice_mvy_42084800.mp3	5400
common_voice_mvy_42055486.mp3	5148
common_voice_mvy_42363844.mp3	4608
common_voice_mvy_42357681.mp3	5508
common_voice_mvy_42080051.mp3	5436
common_voice_mvy_42061297.mp3	5400
common_voice_mvy_42383994.mp3	5796
common_voice_mvy_42064837.mp3	5076
common_voice_mvy_42370683.mp3	7128
common_voice_mvy_42007833.mp3	5256
common_voice_mvy_42347470.mp3	6120
common_voice_mvy_42362239.mp3	6048
common_voice_mvy_42397393.mp3	4320
common_voice_mvy_42384430.mp3	4320
common_voice_mvy_42080593.mp3	4608
common_voice_mvy_42074812.mp3	3600
common_voice_mvy_42348959.mp3	4608
common_voice_mvy_42415034.mp3	6588
common_voice_mvy_42052974.mp3	6696
common_voice_mvy_42347568.mp3	4860
common_voice_mvy_42551690.mp3	5868
common_voice_mvy_42052971.mp3	6156
common_voice_mvy_42361863.mp3	3816
common_voice_mvy_42364008.mp3	3780
common_voice_mvy_42370137.mp3	2916
common_voice_mvy_42385734.mp3	4680
common_voice_mvy_42096184.mp3	5256
common_voice_mvy_42380578.mp3	2628
common_voice_mvy_42397576.mp3	3960
common_voice_mvy_42067396.mp3	3276
common_voice_mvy_42079564.mp3	5796
common_voice_mvy_42010015.mp3	8496
common_voice_mvy_42007296.mp3	5328
common_voice_mvy_42520336.mp3	5580
common_voice_mvy_42351498.mp3	6048
common_voice_mvy_42365826.mp3	3888
common_voice_mvy_42387735.mp3	4608
common_voice_mvy_42007275.mp3	3528
common_voice_mvy_42053536.mp3	4608
common_voice_mvy_42395024.mp3	5976
common_voice_mvy_42063775.mp3	2988
common_voice_mvy_42376595.mp3	4968
common_voice_mvy_42392906.mp3	3348
common_voice_mvy_42397320.mp3	3528
common_voice_mvy_42080427.mp3	6588
common_voice_mvy_42403109.mp3	5436
common_voice_mvy_42049804.mp3	6084
common_voice_mvy_42077231.mp3	2700
common_voice_mvy_42362811.mp3	4500
common_voice_mvy_42370378.mp3	2808
common_voice_mvy_42414971.mp3	3276
common_voice_mvy_42348328.mp3	3600
common_voice_mvy_42364185.mp3	4140
common_voice_mvy_42363911.mp3	3420
common_voice_mvy_42080496.mp3	10836
common_voice_mvy_42056647.mp3	3456
common_voice_mvy_42360664.mp3	3240
common_voice_mvy_42394433.mp3	3096
common_voice_mvy_42394678.mp3	3780
common_voice_mvy_42376589.mp3	5616
common_voice_mvy_42586127.mp3	3996
common_voice_mvy_42395970.mp3	5328
common_voice_mvy_42520422.mp3	4716
common_voice_mvy_42180533.mp3	2520
common_voice_mvy_42089399.mp3	5076
common_voice_mvy_42376376.mp3	5400
common_voice_mvy_42394775.mp3	4428
common_voice_mvy_42084000.mp3	2916
common_voice_mvy_42350898.mp3	4176
common_voice_mvy_42062984.mp3	7236
common_voice_mvy_42397801.mp3	3528
common_voice_mvy_42363042.mp3	5760
common_voice_mvy_42008171.mp3	3240
common_voice_mvy_42360451.mp3	5148
common_voice_mvy_42346233.mp3	3600
common_voice_mvy_42023105.mp3	3348
common_voice_mvy_42021125.mp3	4608
common_voice_mvy_42413281.mp3	4248
common_voice_mvy_42356874.mp3	5436
common_voice_mvy_42349736.mp3	4608
common_voice_mvy_42011507.mp3	5580
common_voice_mvy_42395008.mp3	3888
common_voice_mvy_42383458.mp3	3420
common_voice_mvy_42062231.mp3	3384
common_voice_mvy_42124229.mp3	6336
common_voice_mvy_42595019.mp3	3420
common_voice_mvy_42375705.mp3	4068
common_voice_mvy_42390396.mp3	4500
common_voice_mvy_42064237.mp3	6300
common_voice_mvy_42053459.mp3	5400
common_voice_mvy_42367212.mp3	3168
common_voice_mvy_42348333.mp3	6120
common_voice_mvy_42080005.mp3	5976
common_voice_mvy_42042300.mp3	4176
common_voice_mvy_42573062.mp3	6696
common_voice_mvy_42346873.mp3	5148
common_voice_mvy_42072884.mp3	6300
common_voice_mvy_42383302.mp3	5940
common_voice_mvy_42079327.mp3	14688
common_voice_mvy_42364746.mp3	5940
common_voice_mvy_42379270.mp3	4968
common_voice_mvy_42012203.mp3	3456
common_voice_mvy_42375471.mp3	4680
common_voice_mvy_42496593.mp3	5400
common_voice_mvy_42394006.mp3	3636
common_voice_mvy_42392688.mp3	3960
common_voice_mvy_42379983.mp3	5076
common_voice_mvy_42403405.mp3	3816
common_voice_mvy_42078986.mp3	4680
common_voice_mvy_42081168.mp3	3240
common_voice_mvy_42413599.mp3	3708
common_voice_mvy_42363521.mp3	3888
common_voice_mvy_42390068.mp3	4788
common_voice_mvy_42451775.mp3	2988
common_voice_mvy_42396396.mp3	4608
common_voice_mvy_42415011.mp3	3240
common_voice_mvy_42515010.mp3	6408
common_voice_mvy_42063665.mp3	4320
common_voice_mvy_42556834.mp3	3456
common_voice_mvy_42392953.mp3	3996
common_voice_mvy_42396446.mp3	4860
common_voice_mvy_42385912.mp3	4356
common_voice_mvy_42346659.mp3	2880
common_voice_mvy_42382768.mp3	4500
common_voice_mvy_42085289.mp3	4428
common_voice_mvy_42394756.mp3	6516
common_voice_mvy_42350556.mp3	2916
common_voice_mvy_42052987.mp3	3780
common_voice_mvy_42389406.mp3	4068
common_voice_mvy_42368640.mp3	5400
common_voice_mvy_42392021.mp3	4176
common_voice_mvy_42063706.mp3	8280
common_voice_mvy_42363356.mp3	3816
common_voice_mvy_42066449.mp3	2916
common_voice_mvy_42393594.mp3	4608
common_voice_mvy_42362585.mp3	2916
common_voice_mvy_42352016.mp3	5400
common_voice_mvy_42347295.mp3	4680
common_voice_mvy_42547660.mp3	2376
common_voice_mvy_42074811.mp3	2700
common_voice_mvy_42131002.mp3	5220
common_voice_mvy_42077256.mp3	5580
common_voice_mvy_42080238.mp3	8676
common_voice_mvy_42392834.mp3	4248
common_voice_mvy_42392757.mp3	6120
common_voice_mvy_42370595.mp3	3816
common_voice_mvy_42412811.mp3	4500
common_voice_mvy_42061440.mp3	3528
common_voice_mvy_42392061.mp3	3636
common_voice_mvy_42363006.mp3	5076
common_voice_mvy_42413932.mp3	3600
common_voice_mvy_42084701.mp3	4500
common_voice_mvy_42556846.mp3	5148
common_voice_mvy_42080950.mp3	3276
common_voice_mvy_42387837.mp3	3996
common_voice_mvy_42367395.mp3	3636
common_voice_mvy_42389637.mp3	3528
common_voice_mvy_42397458.mp3	3708
common_voice_mvy_42414964.mp3	3528
common_voice_mvy_42378542.mp3	5796
common_voice_mvy_42551693.mp3	4248
common_voice_mvy_42085264.mp3	2520
common_voice_mvy_42370219.mp3	4680
common_voice_mvy_42394308.mp3	7020
common_voice_mvy_42357074.mp3	5436
common_voice_mvy_42372917.mp3	3996
common_voice_mvy_43579293.mp3	5688
common_voice_mvy_42011433.mp3	3780
common_voice_mvy_42369864.mp3	3096
common_voice_mvy_42396104.mp3	7056
common_voice_mvy_42351623.mp3	2520
common_voice_mvy_42063943.mp3	3816
common_voice_mvy_42370130.mp3	5508
common_voice_mvy_42085209.mp3	2988
common_voice_mvy_42413907.mp3	2700
common_voice_mvy_42014915.mp3	3168
common_voice_mvy_42386066.mp3	7560
common_voice_mvy_42060847.mp3	5220
common_voice_mvy_42356861.mp3	2556
common_voice_mvy_42414452.mp3	3420
common_voice_mvy_42410288.mp3	4068
common_voice_mvy_42023099.mp3	5148
common_voice_mvy_42367667.mp3	4788
common_voice_mvy_42392869.mp3	3240
common_voice_mvy_42389548.mp3	7740
common_voice_mvy_42389720.mp3	9216
common_voice_mvy_42347805.mp3	3528
common_voice_mvy_42405483.mp3	4356
common_voice_mvy_42080862.mp3	8748
common_voice_mvy_42384428.mp3	3168
common_voice_mvy_42072983.mp3	5220
common_voice_mvy_42414998.mp3	5256
common_voice_mvy_42388899.mp3	5328
common_voice_mvy_42080516.mp3	4356
common_voice_mvy_42364769.mp3	4968
common_voice_mvy_42348642.mp3	3960
common_voice_mvy_42363946.mp3	7380
common_voice_mvy_42089121.mp3	8676
common_voice_mvy_42396890.mp3	5328
common_voice_mvy_42367312.mp3	6948
common_voice_mvy_42089404.mp3	11268
common_voice_mvy_42012054.mp3	5148
common_voice_mvy_42396371.mp3	4356
common_voice_mvy_42390555.mp3	2736
common_voice_mvy_42393495.mp3	3708
common_voice_mvy_42008528.mp3	3780
common_voice_mvy_42011246.mp3	6948
common_voice_mvy_42345877.mp3	2916
common_voice_mvy_42363612.mp3	4788
common_voice_mvy_42363618.mp3	5688
common_voice_mvy_42365159.mp3	3960
common_voice_mvy_42373644.mp3	3420
common_voice_mvy_42370289.mp3	4680
common_voice_mvy_42347209.mp3	4356
common_voice_mvy_42060750.mp3	3420
common_voice_mvy_42392092.mp3	3420
common_voice_mvy_42008198.mp3	4428
common_voice_mvy_42021126.mp3	3708
common_voice_mvy_42393538.mp3	3816
common_voice_mvy_42064114.mp3	2880
common_voice_mvy_42063733.mp3	4248
common_voice_mvy_42387905.mp3	4140
common_voice_mvy_42363611.mp3	2700
common_voice_mvy_42387725.mp3	4140
common_voice_mvy_42053035.mp3	6840
common_voice_mvy_42363111.mp3	4860
common_voice_mvy_42073309.mp3	5400
common_voice_mvy_42391031.mp3	3600
common_voice_mvy_42063071.mp3	5076
common_voice_mvy_42360448.mp3	3168
common_voice_mvy_42076337.mp3	5400
common_voice_mvy_42376471.mp3	5580
common_voice_mvy_42533357.mp3	5400
common_voice_mvy_42012663.mp3	3528
common_voice_mvy_42363392.mp3	4716
common_voice_mvy_42370488.mp3	6336
common_voice_mvy_42007212.mp3	6768
common_voice_mvy_42081562.mp3	5148
common_voice_mvy_42393342.mp3	3060
common_voice_mvy_42368840.mp3	3636
common_voice_mvy_42351709.mp3	3276
common_voice_mvy_42394849.mp3	3780
common_voice_mvy_42385760.mp3	5796
common_voice_mvy_42382988.mp3	3708
common_voice_mvy_42551697.mp3	3708
common_voice_mvy_42392536.mp3	3600
common_voice_mvy_42052688.mp3	4788
common_voice_mvy_42547605.mp3	6696
common_voice_mvy_42374078.mp3	6516
common_voice_mvy_42080114.mp3	3096
common_voice_mvy_42013088.mp3	4356
common_voice_mvy_42369209.mp3	4140
common_voice_mvy_42347586.mp3	3816
common_voice_mvy_42347582.mp3	3600
common_voice_mvy_42363274.mp3	4356
common_voice_mvy_42395179.mp3	4860
common_voice_mvy_42395156.mp3	4608
common_voice_mvy_42006519.mp3	3960
common_voice_mvy_48985822.mp3	2700
common_voice_mvy_42080036.mp3	6768
common_voice_mvy_42373402.mp3	8856
common_voice_mvy_42389988.mp3	4140
common_voice_mvy_42363497.mp3	3456
common_voice_mvy_42421723.mp3	3960
common_voice_mvy_42346407.mp3	3528
common_voice_mvy_42080000.mp3	2916
common_voice_mvy_42373538.mp3	4716
common_voice_mvy_42367877.mp3	5580
common_voice_mvy_42081194.mp3	3276
common_voice_mvy_42376622.mp3	3348
common_voice_mvy_42092840.mp3	9000
common_voice_mvy_42367876.mp3	6840
common_voice_mvy_42547797.mp3	3456
common_voice_mvy_42011997.mp3	4428
common_voice_mvy_42387896.mp3	3708
common_voice_mvy_42414453.mp3	3348
common_voice_mvy_42414323.mp3	6840
common_voice_mvy_42077294.mp3	3960
common_voice_mvy_42397280.mp3	4356
common_voice_mvy_42360086.mp3	5220
common_voice_mvy_42393328.mp3	3456
common_voice_mvy_42364150.mp3	5256
common_voice_mvy_42360067.mp3	4140
common_voice_mvy_42388222.mp3	4140
common_voice_mvy_42556913.mp3	4140
common_voice_mvy_42089474.mp3	4428
common_voice_mvy_42403385.mp3	3456
common_voice_mvy_42392023.mp3	3420
common_voice_mvy_42370175.mp3	3168
common_voice_mvy_42385644.mp3	5760
common_voice_mvy_42360239.mp3	4176
common_voice_mvy_42080942.mp3	3096
common_voice_mvy_42384513.mp3	5040
common_voice_mvy_42376347.mp3	3636
common_voice_mvy_42357064.mp3	3996
common_voice_mvy_42360221.mp3	3816
common_voice_mvy_42383881.mp3	3996
common_voice_mvy_42369766.mp3	3060
common_voice_mvy_42403393.mp3	5796
common_voice_mvy_42394917.mp3	3636
common_voice_mvy_42007513.mp3	7848
common_voice_mvy_42079553.mp3	2520
common_voice_mvy_42380827.mp3	5508
common_voice_mvy_42073518.mp3	4536
common_voice_mvy_42356864.mp3	3600
common_voice_mvy_42396713.mp3	4680
common_voice_mvy_42061021.mp3	4176
common_voice_mvy_42413967.mp3	3096
common_voice_mvy_42096487.mp3	4860
common_voice_mvy_42349698.mp3	5040
common_voice_mvy_42081558.mp3	4968
common_voice_mvy_42061018.mp3	3096
common_voice_mvy_42061326.mp3	3348
common_voice_mvy_42053224.mp3	3636
common_voice_mvy_42124209.mp3	2556
common_voice_mvy_42067010.mp3	5580
common_voice_mvy_42378894.mp3	3996
common_voice_mvy_42383317.mp3	2988
common_voice_mvy_42395961.mp3	5616
common_voice_mvy_42092995.mp3	3960
common_voice_mvy_42376403.mp3	3096
common_voice_mvy_42089814.mp3	5148
common_voice_mvy_42097871.mp3	10116
common_voice_mvy_42362607.mp3	3600
common_voice_mvy_42556881.mp3	5040
common_voice_mvy_42373879.mp3	2736
common_voice_mvy_42010459.mp3	3636
common_voice_mvy_42396575.mp3	5328
common_voice_mvy_42378689.mp3	4356
common_voice_mvy_42363093.mp3	6660
common_voice_mvy_42392052.mp3	3420
common_voice_mvy_42362813.mp3	5688
common_voice_mvy_42533332.mp3	3636
common_voice_mvy_42390654.mp3	6876
common_voice_mvy_42395312.mp3	2448
common_voice_mvy_42360253.mp3	3420
common_voice_mvy_42373540.mp3	4536
common_voice_mvy_42075748.mp3	6876
common_voice_mvy_42380419.mp3	4068
common_voice_mvy_42067368.mp3	2808
common_voice_mvy_42052627.mp3	6300
common_voice_mvy_42370170.mp3	7668
common_voice_mvy_42063666.mp3	7308
common_voice_mvy_42055436.mp3	2448
common_voice_mvy_42357815.mp3	3888
common_voice_mvy_42080261.mp3	2340
common_voice_mvy_42080397.mp3	5760
common_voice_mvy_42011202.mp3	6228
common_voice_mvy_42346009.mp3	4176
common_voice_mvy_42043155.mp3	4068
common_voice_mvy_42412786.mp3	5076
common_voice_mvy_42006529.mp3	3456
common_voice_mvy_42390276.mp3	5076
common_voice_mvy_42007041.mp3	3456
common_voice_mvy_42393042.mp3	2988
common_voice_mvy_42367481.mp3	3528
common_voice_mvy_42395235.mp3	3600
common_voice_mvy_42014914.mp3	5076
common_voice_mvy_42549262.mp3	5148
common_voice_mvy_42383342.mp3	4536
common_voice_mvy_42347120.mp3	3456
common_voice_mvy_42397466.mp3	2196
common_voice_mvy_42347469.mp3	7236
common_voice_mvy_43579295.mp3	4500
common_voice_mvy_42395325.mp3	3348
common_voice_mvy_42552861.mp3	6876
common_voice_mvy_42350755.mp3	3600
common_voice_mvy_42080404.mp3	3240
common_voice_mvy_42079511.mp3	3744
common_voice_mvy_42350662.mp3	3456
common_voice_mvy_42093151.mp3	2988
common_voice_mvy_42547586.mp3	4716
common_voice_mvy_42124267.mp3	3060
common_voice_mvy_42079586.mp3	3528
common_voice_mvy_42080408.mp3	4032
common_voice_mvy_42012144.mp3	4176
common_voice_mvy_42362337.mp3	7380
common_voice_mvy_42055335.mp3	5796
common_voice_mvy_42042293.mp3	5508
common_voice_mvy_42360058.mp3	4176
common_voice_mvy_42360198.mp3	3168
common_voice_mvy_42370523.mp3	5688
common_voice_mvy_42064188.mp3	3780
common_voice_mvy_42079947.mp3	4176
common_voice_mvy_42067202.mp3	4068
common_voice_mvy_42360515.mp3	3240
common_voice_mvy_42392113.mp3	4860
common_voice_mvy_42533339.mp3	7380
common_voice_mvy_42364687.mp3	4608
common_voice_mvy_42043301.mp3	6048
common_voice_mvy_42395988.mp3	5148
common_voice_mvy_42395274.mp3	2808
common_voice_mvy_42413630.mp3	4176
common_voice_mvy_42351795.mp3	5940
common_voice_mvy_42389045.mp3	4860
common_voice_mvy_42362841.mp3	2988
common_voice_mvy_42585974.mp3	5328
common_voice_mvy_42080873.mp3	5688
common_voice_mvy_42368466.mp3	3168
common_voice_mvy_42383561.mp3	4356
common_voice_mvy_42077344.mp3	5436
common_voice_mvy_42356317.mp3	6876
common_voice_mvy_42055914.mp3	3708
common_voice_mvy_42370409.mp3	4500
common_voice_mvy_42347602.mp3	3600
common_voice_mvy_42395775.mp3	3888
common_voice_mvy_42379177.mp3	4896
common_voice_mvy_42074900.mp3	3240
common_voice_mvy_42362878.mp3	3636
common_voice_mvy_42349897.mp3	4248
common_voice_mvy_42079998.mp3	4896
common_voice_mvy_42390103.mp3	3060
common_voice_mvy_42061043.mp3	4248
common_voice_mvy_42364199.mp3	4536
common_voice_mvy_42515086.mp3	5400
common_voice_mvy_42375732.mp3	3600
common_voice_mvy_42556710.mp3	4680
common_voice_mvy_42124174.mp3	4140
common_voice_mvy_42375317.mp3	4968
common_voice_mvy_42007475.mp3	14220
common_voice_mvy_42010329.mp3	3420
common_voice_mvy_42073847.mp3	6588
common_voice_mvy_42399219.mp3	3636
common_voice_mvy_42363240.mp3	4248
common_voice_mvy_42374262.mp3	3456
common_voice_mvy_42008133.mp3	4500
common_voice_mvy_42413258.mp3	5868
common_voice_mvy_42369994.mp3	4536
common_voice_mvy_42350254.mp3	2700
common_voice_mvy_42415007.mp3	4428
common_voice_mvy_42556847.mp3	5076
common_voice_mvy_42008145.mp3	5148
common_voice_mvy_42064252.mp3	5256
common_voice_mvy_42007581.mp3	4428
common_voice_mvy_42097868.mp3	4068
common_voice_mvy_42078765.mp3	4716
common_voice_mvy_42396073.mp3	3780
common_voice_mvy_42363455.mp3	4140
common_voice_mvy_42097870.mp3	3600
common_voice_mvy_42080406.mp3	4644
common_voice_mvy_42065958.mp3	4176
common_voice_mvy_42361504.mp3	10548
common_voice_mvy_42363050.mp3	5148
common_voice_mvy_42387867.mp3	4968
common_voice_mvy_42395009.mp3	4788
common_voice_mvy_42078603.mp3	7020
common_voice_mvy_42377687.mp3	3168
common_voice_mvy_42350295.mp3	5220
common_voice_mvy_42053566.mp3	3168
common_voice_mvy_42078766.mp3	12348
common_voice_mvy_42370492.mp3	4140
common_voice_mvy_42394394.mp3	4608
common_voice_mvy_42349700.mp3	3456
common_voice_mvy_42348882.mp3	4140
common_voice_mvy_42397570.mp3	4500
common_voice_mvy_42076313.mp3	5328
common_voice_mvy_42350273.mp3	5256
common_voice_mvy_42378909.mp3	4788
common_voice_mvy_42395367.mp3	4860
common_voice_mvy_42346237.mp3	3888
common_voice_mvy_42394122.mp3	3780
common_voice_mvy_42374301.mp3	3420
common_voice_mvy_42392065.mp3	5328
common_voice_mvy_42384409.mp3	2988
common_voice_mvy_42086318.mp3	5508
common_voice_mvy_42356867.mp3	5580
common_voice_mvy_42376463.mp3	4968
common_voice_mvy_42380792.mp3	3420
common_voice_mvy_42056551.mp3	8856
common_voice_mvy_42414918.mp3	4716
common_voice_mvy_42008693.mp3	4500
common_voice_mvy_42060770.mp3	3348
common_voice_mvy_42545068.mp3	4356
common_voice_mvy_42078768.mp3	4896
common_voice_mvy_42383361.mp3	5076
common_voice_mvy_42451766.mp3	3960
common_voice_mvy_42360502.mp3	3996
common_voice_mvy_42363544.mp3	4968
common_voice_mvy_42349245.mp3	5148
common_voice_mvy_42079485.mp3	4500
common_voice_mvy_42060807.mp3	5328
common_voice_mvy_42011839.mp3	3276
common_voice_mvy_42089191.mp3	4140
common_voice_mvy_42393456.mp3	4176
common_voice_mvy_42413622.mp3	5760
common_voice_mvy_42394783.mp3	7020
common_voice_mvy_42391955.mp3	3960
common_voice_mvy_42065853.mp3	5940
common_voice_mvy_42347985.mp3	6300
common_voice_mvy_42360105.mp3	4356
common_voice_mvy_42366553.mp3	4536
common_voice_mvy_42363577.mp3	4140
common_voice_mvy_42390718.mp3	4140
common_voice_mvy_42072969.mp3	6516
common_voice_mvy_42467393.mp3	3780
common_voice_mvy_42075784.mp3	4860
common_voice_mvy_42042989.mp3	3888
common_voice_mvy_42092871.mp3	4680
common_voice_mvy_42078692.mp3	7920
common_voice_mvy_42363579.mp3	2808
common_voice_mvy_42376337.mp3	8028
common_voice_mvy_42010173.mp3	3600
common_voice_mvy_42394750.mp3	2988
common_voice_mvy_42391988.mp3	4032
common_voice_mvy_42547555.mp3	4860
common_voice_mvy_42706531.mp3	5148
common_voice_mvy_42060025.mp3	3348
common_voice_mvy_42363682.mp3	5940
common_voice_mvy_42066992.mp3	2988
common_voice_mvy_42081190.mp3	3348
common_voice_mvy_42360766.mp3	4716
common_voice_mvy_42368655.mp3	3708
common_voice_mvy_42591162.mp3	5616
common_voice_mvy_42388872.mp3	5400
common_voice_mvy_42547791.mp3	4428
common_voice_mvy_42369299.mp3	2988
common_voice_mvy_42052859.mp3	7308
common_voice_mvy_42347603.mp3	4068
common_voice_mvy_42736059.mp3	3708
common_voice_mvy_42384412.mp3	4068
common_voice_mvy_48992970.mp3	3636
common_voice_mvy_42042321.mp3	6300
common_voice_mvy_42363822.mp3	4140
common_voice_mvy_42347887.mp3	5868
common_voice_mvy_42368856.mp3	5220
common_voice_mvy_42056217.mp3	5940
common_voice_mvy_42085653.mp3	5436
common_voice_mvy_42093196.mp3	7740
common_voice_mvy_42413586.mp3	5256
common_voice_mvy_42072004.mp3	3888
common_voice_mvy_42395789.mp3	3708
common_voice_mvy_42056641.mp3	3996
common_voice_mvy_42376699.mp3	3888
common_voice_mvy_42012218.mp3	3096
common_voice_mvy_42345994.mp3	3096
common_voice_mvy_42383560.mp3	4680
common_voice_mvy_42368479.mp3	5040
common_voice_mvy_42085571.mp3	3096
common_voice_mvy_42364346.mp3	4860
common_voice_mvy_42081001.mp3	7380
common_voice_mvy_42379278.mp3	4176
common_voice_mvy_42060954.mp3	3168
common_voice_mvy_42363750.mp3	4860
common_voice_mvy_42367269.mp3	3708
common_voice_mvy_42172118.mp3	5508
common_voice_mvy_42060028.mp3	6876
common_voice_mvy_42413169.mp3	2916
common_voice_mvy_42363803.mp3	5148
common_voice_mvy_42568150.mp3	5868
common_voice_mvy_42413763.mp3	3960
common_voice_mvy_42056218.mp3	5400
common_voice_mvy_42397322.mp3	2376
common_voice_mvy_42348827.mp3	3348
common_voice_mvy_42061038.mp3	3276
common_voice_mvy_42356863.mp3	3420
common_voice_mvy_42362824.mp3	5580
common_voice_mvy_42363089.mp3	3420
common_voice_mvy_42367627.mp3	3960
common_voice_mvy_42363346.mp3	3168
common_voice_mvy_42347299.mp3	4140
common_voice_mvy_42374311.mp3	3528
common_voice_mvy_42393903.mp3	4896
common_voice_mvy_42437973.mp3	5040
common_voice_mvy_42389033.mp3	4680
common_voice_mvy_42421688.mp3	6048
common_voice_mvy_42349992.mp3	4356
common_voice_mvy_42347191.mp3	4428
common_voice_mvy_42370728.mp3	9000
common_voice_mvy_42396025.mp3	4356
common_voice_mvy_42055897.mp3	2988
common_voice_mvy_42360126.mp3	4248
common_voice_mvy_42011183.mp3	6840
common_voice_mvy_42347876.mp3	7560
common_voice_mvy_42024467.mp3	4608
common_voice_mvy_42383563.mp3	5508
common_voice_mvy_42414238.mp3	4320
common_voice_mvy_42410293.mp3	4140
common_voice_mvy_42010191.mp3	2988
common_voice_mvy_42067041.mp3	4968
common_voice_mvy_42347541.mp3	3708
common_voice_mvy_42124286.mp3	6696
common_voice_mvy_42377804.mp3	5400
common_voice_mvy_42080237.mp3	5076
common_voice_mvy_42363836.mp3	4536
common_voice_mvy_42429054.mp3	3456
common_voice_mvy_42347118.mp3	4716
common_voice_mvy_42008529.mp3	4176
common_voice_mvy_42595022.mp3	4356
common_voice_mvy_42063125.mp3	3960
common_voice_mvy_42370150.mp3	4680
common_voice_mvy_42074874.mp3	4464
common_voice_mvy_42079829.mp3	4320
common_voice_mvy_42393210.mp3	4248
common_voice_mvy_42064113.mp3	4176
common_voice_mvy_42007233.mp3	3456
common_voice_mvy_42063620.mp3	5400
common_voice_mvy_42008035.mp3	4176
common_voice_mvy_42076282.mp3	3888
common_voice_mvy_42395344.mp3	3636
common_voice_mvy_42061336.mp3	3456
common_voice_mvy_42064278.mp3	4068
common_voice_mvy_42391537.mp3	6948
common_voice_mvy_42043112.mp3	3456
common_voice_mvy_42376570.mp3	3600
common_voice_mvy_42403392.mp3	2880
common_voice_mvy_42396258.mp3	5976
common_voice_mvy_42067109.mp3	2520
common_voice_mvy_42042549.mp3	3996
common_voice_mvy_42079536.mp3	6300
common_voice_mvy_42370435.mp3	3600
common_voice_mvy_42370518.mp3	4356
common_voice_mvy_42396423.mp3	3636
common_voice_mvy_42370509.mp3	5076
common_voice_mvy_42413222.mp3	3996
common_voice_mvy_42180411.mp3	4428
common_voice_mvy_42060255.mp3	3348
common_voice_mvy_42547509.mp3	4248
common_voice_mvy_42008513.mp3	3240
common_voice_mvy_42556714.mp3	4140
common_voice_mvy_42080139.mp3	5940
common_voice_mvy_42363945.mp3	4860
common_voice_mvy_42213366.mp3	5436
common_voice_mvy_42084746.mp3	4500
common_voice_mvy_42077235.mp3	6156
common_voice_mvy_42361857.mp3	3816
common_voice_mvy_42351406.mp3	3528
common_voice_mvy_42392902.mp3	4536
common_voice_mvy_42347405.mp3	7740
common_voice_mvy_42363305.mp3	3528
common_voice_mvy_42367238.mp3	5688
common_voice_mvy_42736015.mp3	4500
common_voice_mvy_42079687.mp3	4356
common_voice_mvy_42363001.mp3	6516
common_voice_mvy_42360957.mp3	3816
common_voice_mvy_42405451.mp3	4896
common_voice_mvy_42397067.mp3	8496
common_voice_mvy_42394137.mp3	3420
common_voice_mvy_42348354.mp3	7056
common_voice_mvy_42367341.mp3	5148
common_voice_mvy_42055329.mp3	3168
common_voice_mvy_42414916.mp3	2916
common_voice_mvy_42373535.mp3	4320
common_voice_mvy_42073016.mp3	7308
common_voice_mvy_42392833.mp3	4536
common_voice_mvy_42080619.mp3	5148
common_voice_mvy_42080386.mp3	3996
common_voice_mvy_42062613.mp3	6768
common_voice_mvy_42064086.mp3	4428
common_voice_mvy_42348349.mp3	6516
common_voice_mvy_42370153.mp3	5076
common_voice_mvy_42093227.mp3	9216
common_voice_mvy_42085367.mp3	6336
common_voice_mvy_42351635.mp3	4788
common_voice_mvy_42079133.mp3	9108
common_voice_mvy_42359834.mp3	4860
common_voice_mvy_42042222.mp3	2916
common_voice_mvy_42081598.mp3	3996
common_voice_mvy_42382480.mp3	3168
common_voice_mvy_42387727.mp3	4176
common_voice_mvy_42008033.mp3	4320
common_voice_mvy_42396079.mp3	5040
common_voice_mvy_42349699.mp3	4500
common_voice_mvy_42413914.mp3	3528
common_voice_mvy_42064334.mp3	5040
common_voice_mvy_42077313.mp3	3276
common_voice_mvy_42042319.mp3	3096
common_voice_mvy_42396155.mp3	3816
common_voice_mvy_42042294.mp3	7056
common_voice_mvy_42008542.mp3	3816
common_voice_mvy_42063653.mp3	3600
common_voice_mvy_42376505.mp3	4680
common_voice_mvy_42363592.mp3	4248
common_voice_mvy_42064019.mp3	6948
common_voice_mvy_42024490.mp3	5076
common_voice_mvy_42076025.mp3	2520
common_voice_mvy_42591159.mp3	6516
common_voice_mvy_42396082.mp3	3888
common_voice_mvy_42062229.mp3	7056
common_voice_mvy_42575011.mp3	4428
common_voice_mvy_42383281.mp3	5976
common_voice_mvy_42360197.mp3	4536
common_voice_mvy_42397515.mp3	3276
common_voice_mvy_42084702.mp3	5436
common_voice_mvy_42556762.mp3	6696
common_voice_mvy_42351864.mp3	5688
common_voice_mvy_42546174.mp3	4356
common_voice_mvy_42551670.mp3	7308
common_voice_mvy_42352139.mp3	3996
common_voice_mvy_42080130.mp3	4608
common_voice_mvy_42736056.mp3	4896
common_voice_mvy_42043142.mp3	3924
common_voice_mvy_42361315.mp3	3780
common_voice_mvy_42375779.mp3	3780
common_voice_mvy_42055808.mp3	3240
common_voice_mvy_42395828.mp3	4320
common_voice_mvy_42387841.mp3	3816
common_voice_mvy_42533377.mp3	4176
common_voice_mvy_42370088.mp3	2700
common_voice_mvy_42011373.mp3	6120
common_voice_mvy_42376409.mp3	3456
common_voice_mvy_42092838.mp3	5940
common_voice_mvy_42056599.mp3	5328
common_voice_mvy_42397508.mp3	4680
common_voice_mvy_42376345.mp3	4500
common_voice_mvy_42390847.mp3	5976
common_voice_mvy_42063729.mp3	6408
common_voice_mvy_42074691.mp3	5652
common_voice_mvy_42380496.mp3	4068
common_voice_mvy_42515096.mp3	3528
common_voice_mvy_42052647.mp3	6048
common_voice_mvy_42552884.mp3	4860
common_voice_mvy_42008503.mp3	5688
common_voice_mvy_42556853.mp3	6768
common_voice_mvy_42360787.mp3	6696
common_voice_mvy_42084013.mp3	4896
common_voice_mvy_42346850.mp3	4068
common_voice_mvy_42520397.mp3	5616
common_voice_mvy_42367401.mp3	6408
common_voice_mvy_42403359.mp3	4500
common_voice_mvy_42363085.mp3	2736
common_voice_mvy_42360270.mp3	3528
common_voice_mvy_42378484.mp3	4500
common_voice_mvy_42403877.mp3	5940
common_voice_mvy_42080703.mp3	4068
common_voice_mvy_42375639.mp3	5220
common_voice_mvy_42392364.mp3	3276
common_voice_mvy_42375261.mp3	4788
common_voice_mvy_42064017.mp3	3708
common_voice_mvy_42351797.mp3	8388
common_voice_mvy_42380516.mp3	3780
common_voice_mvy_42078513.mp3	9756
common_voice_mvy_42382458.mp3	3528
common_voice_mvy_42390120.mp3	3708
common_voice_mvy_42364653.mp3	6660
common_voice_mvy_42387918.mp3	7020
common_voice_mvy_42346490.mp3	4716
common_voice_mvy_42374178.mp3	5256
common_voice_mvy_42387799.mp3	5436
common_voice_mvy_42496686.mp3	4536
common_voice_mvy_42077308.mp3	6840
common_voice_mvy_42007190.mp3	3168
common_voice_mvy_42079969.mp3	2880
common_voice_mvy_42074669.mp3	5796
common_voice_mvy_42396179.mp3	5616
common_voice_mvy_42365866.mp3	4608
common_voice_mvy_42011975.mp3	6660
common_voice_mvy_42351580.mp3	3096
common_voice_mvy_42382221.mp3	5148
common_voice_mvy_42394555.mp3	3816
common_voice_mvy_42380444.mp3	5760
common_voice_mvy_42363352.mp3	4860
common_voice_mvy_42394252.mp3	3996
common_voice_mvy_42395346.mp3	3420
common_voice_mvy_42397180.mp3	3708
common_voice_mvy_42059912.mp3	2520
common_voice_mvy_42383532.mp3	3168
common_voice_mvy_42367442.mp3	3456
common_voice_mvy_42080021.mp3	7020
common_voice_mvy_42396388.mp3	4500
common_voice_mvy_42092599.mp3	6876
common_voice_mvy_42060950.mp3	4356
common_voice_mvy_42066964.mp3	7740
common_voice_mvy_42392110.mp3	3456
common_voice_mvy_42363580.mp3	4140
common_voice_mvy_42364272.mp3	6516
common_voice_mvy_42373971.mp3	3276
common_voice_mvy_42362960.mp3	4896
common_voice_mvy_42042126.mp3	6768
common_voice_mvy_42370467.mp3	3636
common_voice_mvy_42010307.mp3	2916
common_voice_mvy_42079691.mp3	6660
common_voice_mvy_42079509.mp3	6840
common_voice_mvy_42061231.mp3	4356
common_voice_mvy_42547621.mp3	2736
common_voice_mvy_42078907.mp3	6300
common_voice_mvy_42008170.mp3	6408
common_voice_mvy_42395343.mp3	3420
common_voice_mvy_42086312.mp3	6588
common_voice_mvy_42360994.mp3	5400
common_voice_mvy_42364428.mp3	5436
common_voice_mvy_42362876.mp3	4356
common_voice_mvy_42053509.mp3	8496
common_voice_mvy_42391109.mp3	4860
common_voice_mvy_42075714.mp3	5076
common_voice_mvy_42392072.mp3	7848
common_voice_mvy_42384463.mp3	3168
common_voice_mvy_42546269.mp3	9720
common_voice_mvy_42496745.mp3	4248
common_voice_mvy_42370165.mp3	2880
common_voice_mvy_42412772.mp3	4680
common_voice_mvy_42496598.mp3	6156
common_voice_mvy_42391107.mp3	2808
common_voice_mvy_42064104.mp3	3348
common_voice_mvy_42362537.mp3	14076
common_voice_mvy_42085261.mp3	5508
common_voice_mvy_42374035.mp3	4896
common_voice_mvy_42357075.mp3	2628
common_voice_mvy_42375656.mp3	5040
common_voice_mvy_42073334.mp3	4140
common_voice_mvy_42556856.mp3	4320
common_voice_mvy_42370306.mp3	2556
common_voice_mvy_42060012.mp3	5976
common_voice_mvy_42376493.mp3	4356
common_voice_mvy_42077358.mp3	4428
common_voice_mvy_42368527.mp3	4716
common_voice_mvy_42077226.mp3	6228
common_voice_mvy_42042225.mp3	3636
common_voice_mvy_42351218.mp3	3780
common_voice_mvy_42393946.mp3	3780
common_voice_mvy_42392453.mp3	3708
common_voice_mvy_42377919.mp3	4356
common_voice_mvy_42043229.mp3	8640
common_voice_mvy_42368316.mp3	4248
common_voice_mvy_42407884.mp3	5220
common_voice_mvy_42383722.mp3	3528
common_voice_mvy_42010167.mp3	4788
common_voice_mvy_42376349.mp3	3888
common_voice_mvy_42403379.mp3	3348
common_voice_mvy_42066859.mp3	5760
common_voice_mvy_42394192.mp3	3780
common_voice_mvy_42367485.mp3	7020
common_voice_mvy_42042280.mp3	4428
common_voice_mvy_42130517.mp3	8568
common_voice_mvy_42362819.mp3	4896
common_voice_mvy_42370434.mp3	3816
common_voice_mvy_42373723.mp3	4968
common_voice_mvy_42393319.mp3	3996
common_voice_mvy_42532230.mp3	3708
common_voice_mvy_42604442.mp3	3888
common_voice_mvy_42397228.mp3	2880
common_voice_mvy_42376607.mp3	5400
common_voice_mvy_42362921.mp3	5868
common_voice_mvy_42052975.mp3	3780
common_voice_mvy_42361015.mp3	4356
common_voice_mvy_42383902.mp3	3456
common_voice_mvy_42357162.mp3	3168
common_voice_mvy_42084755.mp3	4500
common_voice_mvy_42373837.mp3	3240
common_voice_mvy_42370357.mp3	5976
common_voice_mvy_42172107.mp3	5148
common_voice_mvy_42079652.mp3	3456
common_voice_mvy_42014937.mp3	4176
common_voice_mvy_42006876.mp3	5688
common_voice_mvy_42380740.mp3	2376
common_voice_mvy_42072357.mp3	4140
common_voice_mvy_42052621.mp3	2556
common_voice_mvy_42360571.mp3	3528
common_voice_mvy_42360146.mp3	3780
common_voice_mvy_42055959.mp3	6156
common_voice_mvy_42520453.mp3	3960
common_voice_mvy_42376377.mp3	4356
common_voice_mvy_42093052.mp3	4356
common_voice_mvy_42080693.mp3	2376
common_voice_mvy_42380068.mp3	4068
common_voice_mvy_42060771.mp3	5148
common_voice_mvy_42369222.mp3	3600
common_voice_mvy_42086366.mp3	7920
common_voice_mvy_42392975.mp3	4788
common_voice_mvy_42363758.mp3	2700
common_voice_mvy_42024780.mp3	3960
common_voice_mvy_48992954.mp3	4068
common_voice_mvy_42063762.mp3	4716
common_voice_mvy_42405491.mp3	3456
common_voice_mvy_42349302.mp3	3060
common_voice_mvy_42079817.mp3	4500
common_voice_mvy_42061004.mp3	3348
common_voice_mvy_42383525.mp3	3636
common_voice_mvy_42093091.mp3	4320
common_voice_mvy_42365351.mp3	4860
common_voice_mvy_42478900.mp3	4680
common_voice_mvy_42075644.mp3	4752
common_voice_mvy_42053471.mp3	3168
common_voice_mvy_42392745.mp3	3420
common_voice_mvy_42063165.mp3	4176
common_voice_mvy_42397675.mp3	5760
common_voice_mvy_42073498.mp3	4356
common_voice_mvy_42061300.mp3	4860
common_voice_mvy_42053028.mp3	3168
common_voice_mvy_42370234.mp3	6408
common_voice_mvy_42397581.mp3	4860
common_voice_mvy_42367364.mp3	3636
common_voice_mvy_42079801.mp3	3888
common_voice_mvy_42089509.mp3	14256
common_voice_mvy_42012196.mp3	4428
common_voice_mvy_42397651.mp3	4680
common_voice_mvy_42390096.mp3	3816
common_voice_mvy_42079406.mp3	6228
common_voice_mvy_42437905.mp3	8748
common_voice_mvy_42361125.mp3	4608
common_voice_mvy_42081171.mp3	3996
common_voice_mvy_42736053.mp3	5076
common_voice_mvy_42546277.mp3	7668
common_voice_mvy_42364191.mp3	5796
common_voice_mvy_42077276.mp3	9468
common_voice_mvy_42390260.mp3	3888
common_voice_mvy_42053450.mp3	4428
common_voice_mvy_42060883.mp3	3528
common_voice_mvy_42395802.mp3	3996
common_voice_mvy_42383422.mp3	5580
common_voice_mvy_42076028.mp3	8496
common_voice_mvy_42351897.mp3	6336
common_voice_mvy_42388900.mp3	3096
common_voice_mvy_42363443.mp3	4140
common_voice_mvy_42055896.mp3	4896
common_voice_mvy_42397539.mp3	3420
common_voice_mvy_42383294.mp3	3240
common_voice_mvy_42008492.mp3	5976
common_voice_mvy_42414897.mp3	4140
common_voice_mvy_42067031.mp3	2268
common_voice_mvy_42074596.mp3	3996
common_voice_mvy_42395392.mp3	3888
common_voice_mvy_42055396.mp3	3060
common_voice_mvy_42012191.mp3	3240
common_voice_mvy_42413189.mp3	2880
common_voice_mvy_42008474.mp3	6840
common_voice_mvy_42394969.mp3	3420
common_voice_mvy_42370466.mp3	3708
common_voice_mvy_42073767.mp3	5256
common_voice_mvy_42390454.mp3	3420
common_voice_mvy_42366970.mp3	4068
common_voice_mvy_42520428.mp3	3636
common_voice_mvy_42065643.mp3	5508
common_voice_mvy_42422464.mp3	4536
common_voice_mvy_42381181.mp3	3960
common_voice_mvy_42023157.mp3	3168
common_voice_mvy_42394916.mp3	3708
common_voice_mvy_42384738.mp3	4140
common_voice_mvy_42392782.mp3	6660
common_voice_mvy_42376556.mp3	4500
common_voice_mvy_42056675.mp3	11376
common_voice_mvy_42375722.mp3	5040
common_voice_mvy_42478875.mp3	7200
common_voice_mvy_42496678.mp3	5796
common_voice_mvy_42072333.mp3	4140
common_voice_mvy_42391609.mp3	5400
common_voice_mvy_42383759.mp3	3456
common_voice_mvy_42547687.mp3	4068
common_voice_mvy_42347122.mp3	3528
common_voice_mvy_42348880.mp3	3240
common_voice_mvy_42556839.mp3	6696
common_voice_mvy_42395917.mp3	3636
common_voice_mvy_42474253.mp3	5580
common_voice_mvy_42073873.mp3	7956
common_voice_mvy_42363604.mp3	5436
common_voice_mvy_42374260.mp3	4248
common_voice_mvy_42384348.mp3	3060
common_voice_mvy_42349631.mp3	4536
common_voice_mvy_42380761.mp3	3636
common_voice_mvy_42391638.mp3	6480
common_voice_mvy_42078705.mp3	8208
common_voice_mvy_42080618.mp3	2736
common_voice_mvy_42383747.mp3	13356
common_voice_mvy_42370470.mp3	4320
common_voice_mvy_42415000.mp3	5580
common_voice_mvy_42370495.mp3	3996
common_voice_mvy_42403731.mp3	4536
common_voice_mvy_42547786.mp3	4356
common_voice_mvy_42055414.mp3	4140
common_voice_mvy_42374268.mp3	3816
common_voice_mvy_42389031.mp3	3240
common_voice_mvy_42006554.mp3	4428
common_voice_mvy_42410297.mp3	6480
common_voice_mvy_42375616.mp3	3600
common_voice_mvy_42061335.mp3	3708
common_voice_mvy_42386025.mp3	6228
common_voice_mvy_42042279.mp3	6120
common_voice_mvy_42052755.mp3	3600
common_voice_mvy_42413230.mp3	4860
common_voice_mvy_42367305.mp3	4428
common_voice_mvy_42551689.mp3	3456
common_voice_mvy_42383645.mp3	3096
common_voice_mvy_42386034.mp3	5760
common_voice_mvy_42386042.mp3	3960
common_voice_mvy_42393984.mp3	4320
common_voice_mvy_42387803.mp3	4716
common_voice_mvy_42009940.mp3	5148
common_voice_mvy_42063699.mp3	6156
common_voice_mvy_42015085.mp3	3708
common_voice_mvy_42065681.mp3	2736
common_voice_mvy_42381114.mp3	4068
common_voice_mvy_42384229.mp3	2700
common_voice_mvy_42394040.mp3	4176
common_voice_mvy_42394683.mp3	4068
common_voice_mvy_42360466.mp3	3996
common_voice_mvy_42053476.mp3	4140
common_voice_mvy_42010331.mp3	3456
common_voice_mvy_42007290.mp3	4356
common_voice_mvy_42347430.mp3	6300
common_voice_mvy_42515019.mp3	3060
common_voice_mvy_42067289.mp3	5580
common_voice_mvy_42351596.mp3	3780
common_voice_mvy_42376782.mp3	4860
common_voice_mvy_42360997.mp3	4536
common_voice_mvy_42413940.mp3	3960
common_voice_mvy_42374226.mp3	5148
common_voice_mvy_42396148.mp3	4680
common_voice_mvy_42042993.mp3	3996
common_voice_mvy_42362570.mp3	4536
common_voice_mvy_42391925.mp3	2844
common_voice_mvy_42021344.mp3	3636
common_voice_mvy_42575014.mp3	5076
common_voice_mvy_42347278.mp3	3636
common_voice_mvy_42370497.mp3	5040
common_voice_mvy_42351081.mp3	4608
common_voice_mvy_42079068.mp3	3420
common_voice_mvy_42364235.mp3	3816
common_voice_mvy_42063236.mp3	4356
common_voice_mvy_42060827.mp3	5220
common_voice_mvy_42362085.mp3	4356
common_voice_mvy_42478867.mp3	6588
common_voice_mvy_42077309.mp3	3888
common_voice_mvy_42350728.mp3	4140
common_voice_mvy_42060391.mp3	4716
common_voice_mvy_42556868.mp3	5976
common_voice_mvy_42079681.mp3	3780
common_voice_mvy_42066475.mp3	6120
common_voice_mvy_42362934.mp3	5940
common_voice_mvy_42056639.mp3	10620
common_voice_mvy_42357696.mp3	7776
common_voice_mvy_42053447.mp3	4500
common_voice_mvy_42392678.mp3	5040
common_voice_mvy_42384073.mp3	2916
common_voice_mvy_42092824.mp3	3780
common_voice_mvy_42365499.mp3	5148
common_voice_mvy_42023133.mp3	5040
common_voice_mvy_42350037.mp3	4176
common_voice_mvy_42063631.mp3	7668
common_voice_mvy_42089472.mp3	3888
common_voice_mvy_42008300.mp3	3708
common_voice_mvy_42064120.mp3	4968
common_voice_mvy_42067305.mp3	5220
common_voice_mvy_42009964.mp3	7020
common_voice_mvy_42367570.mp3	3168
common_voice_mvy_42360268.mp3	4140
common_voice_mvy_42556715.mp3	4320
common_voice_mvy_42347174.mp3	6048
common_voice_mvy_42363573.mp3	3996
common_voice_mvy_42079396.mp3	3312
common_voice_mvy_42021321.mp3	4428
common_voice_mvy_42397901.mp3	5220
common_voice_mvy_42053568.mp3	6336
common_voice_mvy_42363600.mp3	7668
common_voice_mvy_42396561.mp3	7956
common_voice_mvy_42414455.mp3	5400
common_voice_mvy_42363083.mp3	3780
common_voice_mvy_42052626.mp3	5436
common_voice_mvy_42367171.mp3	4680
common_voice_mvy_42085557.mp3	3708
common_voice_mvy_42364798.mp3	4068
common_voice_mvy_42088642.mp3	5616
common_voice_mvy_42085260.mp3	8460
common_voice_mvy_42373509.mp3	6876
common_voice_mvy_42380552.mp3	3348
common_voice_mvy_42397849.mp3	4788
common_voice_mvy_42075999.mp3	2700
common_voice_mvy_42368860.mp3	3060
common_voice_mvy_42347347.mp3	5868
common_voice_mvy_42057388.mp3	8208
common_voice_mvy_42351666.mp3	3348
common_voice_mvy_42348588.mp3	5040
common_voice_mvy_42065885.mp3	6768
common_voice_mvy_42360486.mp3	5976
common_voice_mvy_42072358.mp3	4140
common_voice_mvy_42573064.mp3	4068
common_voice_mvy_42056198.mp3	5940
common_voice_mvy_42357023.mp3	3816
common_voice_mvy_42008197.mp3	5508
common_voice_mvy_42369736.mp3	5040
common_voice_mvy_42393419.mp3	5076
common_voice_mvy_42405450.mp3	3096
common_voice_mvy_42380525.mp3	3456
common_voice_mvy_42437996.mp3	5328
common_voice_mvy_42422461.mp3	6480
common_voice_mvy_42180441.mp3	3420
common_voice_mvy_42390701.mp3	4428
common_voice_mvy_42349614.mp3	5616
common_voice_mvy_42055465.mp3	4320
common_voice_mvy_42396265.mp3	5148
common_voice_mvy_42367853.mp3	6336
common_voice_mvy_42364790.mp3	3456
common_voice_mvy_42394558.mp3	4500
common_voice_mvy_42007719.mp3	7668
common_voice_mvy_42061213.mp3	6516
common_voice_mvy_42395817.mp3	5076
common_voice_mvy_42079971.mp3	3960
common_voice_mvy_42079490.mp3	4536
common_voice_mvy_42397513.mp3	3168
common_voice_mvy_42346497.mp3	4248
common_voice_mvy_42552909.mp3	5220
common_voice_mvy_42007211.mp3	5760
common_voice_mvy_42380582.mp3	4320
common_voice_mvy_42182574.mp3	3456
common_voice_mvy_42361681.mp3	3348
common_voice_mvy_42395119.mp3	3780
common_voice_mvy_42429043.mp3	4140
common_voice_mvy_42396843.mp3	5580
common_voice_mvy_42413273.mp3	4320
common_voice_mvy_42556876.mp3	4896
common_voice_mvy_42363266.mp3	4356
common_voice_mvy_42357695.mp3	6480
common_voice_mvy_42352405.mp3	4860
common_voice_mvy_42351731.mp3	4248
common_voice_mvy_42060261.mp3	8028
common_voice_mvy_42363244.mp3	4968
common_voice_mvy_42079211.mp3	3636
common_voice_mvy_42077298.mp3	5616
common_voice_mvy_42362563.mp3	4068
common_voice_mvy_42096254.mp3	5328
common_voice_mvy_42079663.mp3	5256
common_voice_mvy_42478898.mp3	3888
common_voice_mvy_42092695.mp3	3636
common_voice_mvy_42370358.mp3	4356
common_voice_mvy_42362421.mp3	4968
common_voice_mvy_42474258.mp3	2916
common_voice_mvy_42063676.mp3	4968
common_voice_mvy_42053487.mp3	7056
common_voice_mvy_42075722.mp3	2664
common_voice_mvy_42370631.mp3	4356
common_voice_mvy_42557240.mp3	3960
common_voice_mvy_42092682.mp3	3528
common_voice_mvy_42089859.mp3	9900
common_voice_mvy_42391191.mp3	4968
common_voice_mvy_42097861.mp3	5580
common_voice_mvy_42387856.mp3	3816
common_voice_mvy_42366554.mp3	3168
common_voice_mvy_42064189.mp3	3888
common_voice_mvy_42080117.mp3	4680
common_voice_mvy_42382436.mp3	4356
common_voice_mvy_42080174.mp3	9000
common_voice_mvy_42366734.mp3	6696
common_voice_mvy_42395786.mp3	5760
common_voice_mvy_42124153.mp3	3888
common_voice_mvy_42376623.mp3	4140
common_voice_mvy_42380789.mp3	3528
common_voice_mvy_42368894.mp3	4860
common_voice_mvy_42395081.mp3	5040
common_voice_mvy_42412829.mp3	5040
common_voice_mvy_42053699.mp3	5796
common_voice_mvy_42396450.mp3	3420
common_voice_mvy_42011922.mp3	7380
common_voice_mvy_42396489.mp3	7416
common_voice_mvy_42077374.mp3	5220
common_voice_mvy_42520412.mp3	5220
common_voice_mvy_42080921.mp3	3276
common_voice_mvy_42385868.mp3	3096
common_voice_mvy_42380341.mp3	5436
common_voice_mvy_42370238.mp3	4716
common_voice_mvy_42376492.mp3	5256
common_voice_mvy_42545129.mp3	5868
common_voice_mvy_42393491.mp3	4608
common_voice_mvy_42066900.mp3	5148
common_voice_mvy_42396465.mp3	4896
common_voice_mvy_42368659.mp3	3420
common_voice_mvy_42369812.mp3	7848
common_voice_mvy_42079777.mp3	3348
common_voice_mvy_42380625.mp3	3420
common_voice_mvy_42021294.mp3	5328
common_voice_mvy_42394497.mp3	4176
common_voice_mvy_42363944.mp3	4860
common_voice_mvy_42079144.mp3	6336
common_voice_mvy_42075711.mp3	6048
common_voice_mvy_42362209.mp3	7920
common_voice_mvy_42390740.mp3	2736
common_voice_mvy_42366682.mp3	2376
common_voice_mvy_42351543.mp3	5328
common_voice_mvy_42387974.mp3	4716
common_voice_mvy_42042925.mp3	7344
common_voice_mvy_42021155.mp3	6516
common_voice_mvy_42056714.mp3	4428
common_voice_mvy_42360568.mp3	4356
common_voice_mvy_42053706.mp3	6588
common_voice_mvy_42395113.mp3	3636
common_voice_mvy_42369811.mp3	3240
common_voice_mvy_42080173.mp3	3780
common_voice_mvy_42454016.mp3	6948
common_voice_mvy_42363237.mp3	4248
common_voice_mvy_42374284.mp3	3600
common_voice_mvy_42395336.mp3	4428
common_voice_mvy_42079910.mp3	3708
common_voice_mvy_42130441.mp3	3600
common_voice_mvy_42380787.mp3	4500
common_voice_mvy_42042224.mp3	5256
common_voice_mvy_42008175.mp3	4608
common_voice_mvy_42350735.mp3	4068
common_voice_mvy_42369417.mp3	5580
common_voice_mvy_42066996.mp3	4536
common_voice_mvy_42077376.mp3	3456
common_voice_mvy_42073838.mp3	6876
common_voice_mvy_42370563.mp3	4176
common_voice_mvy_42376561.mp3	3528
common_voice_mvy_42363719.mp3	4140
common_voice_mvy_42377921.mp3	5148
common_voice_mvy_42064261.mp3	6408
common_voice_mvy_42064270.mp3	3636
common_voice_mvy_42362547.mp3	4428
common_voice_mvy_42021637.mp3	5148
common_voice_mvy_42079233.mp3	8856
common_voice_mvy_42412791.mp3	4968
common_voice_mvy_42547583.mp3	3816
common_voice_mvy_42365771.mp3	6876
common_voice_mvy_42377953.mp3	4896
common_voice_mvy_42547798.mp3	5580
common_voice_mvy_42021361.mp3	3816
common_voice_mvy_42053702.mp3	10980
common_voice_mvy_42394310.mp3	4716
common_voice_mvy_42386054.mp3	3960
common_voice_mvy_42374141.mp3	2880
common_voice_mvy_42396723.mp3	5508
common_voice_mvy_42067079.mp3	3420
common_voice_mvy_42385586.mp3	8460
common_voice_mvy_42067405.mp3	6336
common_voice_mvy_42080548.mp3	4860
common_voice_mvy_42072374.mp3	3888
common_voice_mvy_42182592.mp3	3456
common_voice_mvy_42395948.mp3	3780
common_voice_mvy_42547801.mp3	3060
common_voice_mvy_42403824.mp3	3780
common_voice_mvy_42396937.mp3	8820
common_voice_mvy_42405479.mp3	3636
common_voice_mvy_42067379.mp3	2520
common_voice_mvy_42352160.mp3	7560
common_voice_mvy_42077342.mp3	3060
common_voice_mvy_42367132.mp3	5868
common_voice_mvy_42438240.mp3	4176
common_voice_mvy_42363576.mp3	6336
common_voice_mvy_42376407.mp3	4716
common_voice_mvy_42382287.mp3	4068
common_voice_mvy_42011659.mp3	6048
common_voice_mvy_42533340.mp3	7560
common_voice_mvy_42096250.mp3	4896
common_voice_mvy_42079693.mp3	7488
common_voice_mvy_42545037.mp3	5796
common_voice_mvy_42347307.mp3	10728
common_voice_mvy_42065673.mp3	6768
common_voice_mvy_42079467.mp3	5688
common_voice_mvy_42064173.mp3	8280
common_voice_mvy_42350275.mp3	2880
common_voice_mvy_42392078.mp3	3636
common_voice_mvy_42060392.mp3	4068
common_voice_mvy_42079742.mp3	8856
common_voice_mvy_42376238.mp3	4608
common_voice_mvy_42382679.mp3	5868
common_voice_mvy_42093092.mp3	3528
common_voice_mvy_42042198.mp3	3168
common_voice_mvy_42361804.mp3	4896
common_voice_mvy_42384854.mp3	7200
common_voice_mvy_42020517.mp3	3240
common_voice_mvy_42364869.mp3	3636
common_voice_mvy_42395151.mp3	4968
common_voice_mvy_42077247.mp3	2196
common_voice_mvy_42080558.mp3	4788
common_voice_mvy_42093135.mp3	5688
common_voice_mvy_42053094.mp3	6120
common_voice_mvy_42394552.mp3	4860
common_voice_mvy_42391219.mp3	3996
common_voice_mvy_42042192.mp3	2700
common_voice_mvy_42360104.mp3	5580
common_voice_mvy_42080775.mp3	4608
common_voice_mvy_42386516.mp3	5868
common_voice_mvy_42405463.mp3	6120
common_voice_mvy_42347151.mp3	4536
common_voice_mvy_42078709.mp3	5940
common_voice_mvy_42072003.mp3	4536
common_voice_mvy_42364046.mp3	4536
common_voice_mvy_42064168.mp3	4716
common_voice_mvy_42057279.mp3	3780
common_voice_mvy_42367096.mp3	5940
common_voice_mvy_42350330.mp3	4176
common_voice_mvy_42084775.mp3	3708
common_voice_mvy_42414464.mp3	4680
common_voice_mvy_42345957.mp3	4176
common_voice_mvy_42363887.mp3	3456
common_voice_mvy_42379309.mp3	6588
common_voice_mvy_42414134.mp3	5940
common_voice_mvy_42515124.mp3	3528
common_voice_mvy_42052629.mp3	3096
common_voice_mvy_42396513.mp3	3780
common_voice_mvy_42381013.mp3	3708
common_voice_mvy_42547694.mp3	3456
common_voice_mvy_42363405.mp3	4176
common_voice_mvy_42391008.mp3	5616
common_voice_mvy_42089478.mp3	4428
common_voice_mvy_42553010.mp3	4716
common_voice_mvy_42024595.mp3	5076
common_voice_mvy_42373541.mp3	4500
common_voice_mvy_42394597.mp3	3348
common_voice_mvy_42089881.mp3	3060
common_voice_mvy_42078596.mp3	12276
common_voice_mvy_42348897.mp3	4896
common_voice_mvy_42078484.mp3	12996
common_voice_mvy_42056216.mp3	3816
common_voice_mvy_42011180.mp3	6048
common_voice_mvy_42575017.mp3	4680
common_voice_mvy_42393688.mp3	6948
common_voice_mvy_42118781.mp3	4104
common_voice_mvy_42011280.mp3	4680
common_voice_mvy_42080362.mp3	5940
common_voice_mvy_42380502.mp3	2340
common_voice_mvy_42348908.mp3	2700
common_voice_mvy_42524429.mp3	5616
common_voice_mvy_42345911.mp3	7020
common_voice_mvy_42011679.mp3	5220
common_voice_mvy_42369413.mp3	3600
common_voice_mvy_42389356.mp3	4176
common_voice_mvy_42078944.mp3	7956
common_voice_mvy_42368937.mp3	3276
common_voice_mvy_42382411.mp3	5616
common_voice_mvy_42385671.mp3	3528
common_voice_mvy_42067363.mp3	3960
common_voice_mvy_42024587.mp3	5436
common_voice_mvy_42065599.mp3	8388
common_voice_mvy_42008187.mp3	4860
common_voice_mvy_42024621.mp3	4500
common_voice_mvy_42397872.mp3	4068
common_voice_mvy_42384611.mp3	4500
common_voice_mvy_42365228.mp3	7416
common_voice_mvy_42085263.mp3	6840
common_voice_mvy_42451917.mp3	3240
common_voice_mvy_42021406.mp3	5076
common_voice_mvy_42348447.mp3	6660
common_voice_mvy_42053045.mp3	5220
common_voice_mvy_42076305.mp3	3816
common_voice_mvy_42383813.mp3	5688
common_voice_mvy_42398255.mp3	3996
common_voice_mvy_42042920.mp3	5328
common_voice_mvy_42011836.mp3	2988
common_voice_mvy_42396087.mp3	4356
common_voice_mvy_42362561.mp3	4788
common_voice_mvy_42391209.mp3	4068
common_voice_mvy_42079714.mp3	4248
common_voice_mvy_42397494.mp3	4428
common_voice_mvy_42007979.mp3	5580
common_voice_mvy_42056640.mp3	4176
common_voice_mvy_42021210.mp3	5508
common_voice_mvy_42024424.mp3	12960
common_voice_mvy_42374118.mp3	4500
common_voice_mvy_42376587.mp3	4536
common_voice_mvy_42012722.mp3	4536
common_voice_mvy_42350705.mp3	5148
common_voice_mvy_42363680.mp3	6588
common_voice_mvy_42086434.mp3	4680
common_voice_mvy_42067397.mp3	6660
common_voice_mvy_42052667.mp3	10188
common_voice_mvy_42361174.mp3	4176
common_voice_mvy_42383752.mp3	4680
common_voice_mvy_42079534.mp3	5040
common_voice_mvy_42391193.mp3	4428
common_voice_mvy_42012063.mp3	4716
common_voice_mvy_42557226.mp3	5760
common_voice_mvy_42075622.mp3	5112
common_voice_mvy_42079039.mp3	4500
common_voice_mvy_42052690.mp3	4248
common_voice_mvy_42079324.mp3	4716
common_voice_mvy_42387774.mp3	3348
common_voice_mvy_42370046.mp3	4608
common_voice_mvy_42351601.mp3	5256
common_voice_mvy_42079700.mp3	7740
common_voice_mvy_43579289.mp3	5040
common_voice_mvy_42052730.mp3	4068
common_voice_mvy_42349873.mp3	5040
common_voice_mvy_42062221.mp3	3996
common_voice_mvy_42363760.mp3	3816
common_voice_mvy_42364248.mp3	5040
common_voice_mvy_42348504.mp3	4860
common_voice_mvy_42011811.mp3	6048
common_voice_mvy_42357072.mp3	5256
common_voice_mvy_42010037.mp3	5328
common_voice_mvy_42396358.mp3	5040
common_voice_mvy_42396405.mp3	3996
common_voice_mvy_42367349.mp3	3960
common_voice_mvy_42075792.mp3	2808
common_voice_mvy_42393771.mp3	3816
common_voice_mvy_42078544.mp3	3636
common_voice_mvy_42395697.mp3	5220
common_voice_mvy_42081113.mp3	3528
common_voice_mvy_42368820.mp3	3060
common_voice_mvy_42348828.mp3	7128
common_voice_mvy_42736025.mp3	3816
common_voice_mvy_42546297.mp3	7776
common_voice_mvy_42077230.mp3	4860
common_voice_mvy_42363052.mp3	3996
common_voice_mvy_42393396.mp3	7128
common_voice_mvy_42362770.mp3	3600
common_voice_mvy_42042146.mp3	5400
common_voice_mvy_42093159.mp3	6156
common_voice_mvy_42396724.mp3	3780
common_voice_mvy_42383651.mp3	4500
common_voice_mvy_42361215.mp3	3348
common_voice_mvy_42397079.mp3	6300
common_voice_mvy_42382228.mp3	4536
common_voice_mvy_42374293.mp3	3096
common_voice_mvy_42021170.mp3	9108
common_voice_mvy_42350607.mp3	4176
common_voice_mvy_42055488.mp3	3600
common_voice_mvy_42357057.mp3	3780
common_voice_mvy_42079570.mp3	4140
common_voice_mvy_42363638.mp3	7668
common_voice_mvy_42052995.mp3	2628
common_voice_mvy_42379984.mp3	6480
common_voice_mvy_42172115.mp3	3780
common_voice_mvy_42706539.mp3	4176
common_voice_mvy_42404598.mp3	4968
common_voice_mvy_42021360.mp3	4896
common_voice_mvy_42085539.mp3	2916
common_voice_mvy_42012661.mp3	4428
common_voice_mvy_42096470.mp3	3996
common_voice_mvy_42367174.mp3	4716
common_voice_mvy_42362917.mp3	3348
common_voice_mvy_42370311.mp3	5220
common_voice_mvy_42373620.mp3	3708
common_voice_mvy_42370505.mp3	3096
common_voice_mvy_42547846.mp3	3780
common_voice_mvy_42365897.mp3	5436
common_voice_mvy_42369213.mp3	5076
common_voice_mvy_42067871.mp3	3636
common_voice_mvy_42369278.mp3	3060
common_voice_mvy_42065741.mp3	3636
common_voice_mvy_42073685.mp3	7056
common_voice_mvy_42478876.mp3	6696
common_voice_mvy_42368503.mp3	3348
common_voice_mvy_42060269.mp3	6408
common_voice_mvy_42367452.mp3	4860
common_voice_mvy_42363583.mp3	5616
common_voice_mvy_42393998.mp3	3096
common_voice_mvy_42360740.mp3	3456
common_voice_mvy_42413649.mp3	3780
common_voice_mvy_42361901.mp3	6588
common_voice_mvy_42348428.mp3	8748
common_voice_mvy_42367571.mp3	5580
common_voice_mvy_42042615.mp3	8208
common_voice_mvy_42414152.mp3	6876
common_voice_mvy_42043261.mp3	4500
common_voice_mvy_42024793.mp3	5940
common_voice_mvy_42363279.mp3	5868
common_voice_mvy_42008091.mp3	4068
common_voice_mvy_42356271.mp3	3456
common_voice_mvy_42064101.mp3	3600
common_voice_mvy_42467398.mp3	4716
common_voice_mvy_42349884.mp3	4608
common_voice_mvy_42367594.mp3	3960
common_voice_mvy_42375958.mp3	5436
common_voice_mvy_42093086.mp3	3240
common_voice_mvy_42405495.mp3	5220
common_voice_mvy_42011978.mp3	6336
common_voice_mvy_42397411.mp3	4788
common_voice_mvy_42006566.mp3	3528
common_voice_mvy_42383313.mp3	3816
common_voice_mvy_42042210.mp3	3240
common_voice_mvy_42124271.mp3	4500
common_voice_mvy_42368505.mp3	6948
common_voice_mvy_42410278.mp3	4680
common_voice_mvy_42360472.mp3	5220
common_voice_mvy_42413292.mp3	5616
common_voice_mvy_42067784.mp3	4176
common_voice_mvy_42052747.mp3	3276
common_voice_mvy_42397577.mp3	4788
common_voice_mvy_42382743.mp3	3708
common_voice_mvy_42064884.mp3	3456
common_voice_mvy_42080148.mp3	3708
common_voice_mvy_42370681.mp3	3636
common_voice_mvy_42364226.mp3	5148
common_voice_mvy_42075713.mp3	4428
common_voice_mvy_42380355.mp3	3240
common_voice_mvy_42346887.mp3	3240
common_voice_mvy_42382482.mp3	4356
common_voice_mvy_42397627.mp3	5256
common_voice_mvy_42089840.mp3	12276
common_voice_mvy_42363827.mp3	8028
common_voice_mvy_42011372.mp3	3780
common_voice_mvy_42042177.mp3	5796
common_voice_mvy_42496792.mp3	5400
common_voice_mvy_42520425.mp3	5940
common_voice_mvy_42363309.mp3	4680
common_voice_mvy_42383584.mp3	3348
common_voice_mvy_42380141.mp3	3960
common_voice_mvy_42084797.mp3	4068
common_voice_mvy_42084107.mp3	7560
common_voice_mvy_42363875.mp3	3348
common_voice_mvy_42550593.mp3	5976
common_voice_mvy_42376433.mp3	5040
common_voice_mvy_42363986.mp3	5328
common_voice_mvy_42348465.mp3	7308
common_voice_mvy_42413351.mp3	3888
common_voice_mvy_42383381.mp3	3348
common_voice_mvy_42351545.mp3	4716
common_voice_mvy_42422459.mp3	3708
common_voice_mvy_42380503.mp3	3708
common_voice_mvy_42021168.mp3	11160
common_voice_mvy_42385051.mp3	5580
common_voice_mvy_42395390.mp3	3708
common_voice_mvy_42363854.mp3	4788
common_voice_mvy_42383517.mp3	5688
common_voice_mvy_42380126.mp3	8028
common_voice_mvy_42604500.mp3	3456
common_voice_mvy_42396715.mp3	7236
common_voice_mvy_42383674.mp3	3708
common_voice_mvy_42375345.mp3	4356
common_voice_mvy_42062559.mp3	6156
common_voice_mvy_42405408.mp3	6156
common_voice_mvy_42360374.mp3	3276
common_voice_mvy_42080949.mp3	3060
common_voice_mvy_42360150.mp3	3600
common_voice_mvy_42007810.mp3	3456
common_voice_mvy_42377636.mp3	4356
common_voice_mvy_42413791.mp3	4176
common_voice_mvy_42347199.mp3	3996
common_voice_mvy_42182553.mp3	5220
common_voice_mvy_42370297.mp3	3816
common_voice_mvy_42347114.mp3	5868
common_voice_mvy_42546298.mp3	5616
common_voice_mvy_42382135.mp3	4140
common_voice_mvy_42053511.mp3	4716
common_voice_mvy_42080443.mp3	2736
common_voice_mvy_42363584.mp3	6696
common_voice_mvy_42391893.mp3	3672
common_voice_mvy_42362923.mp3	4716
common_voice_mvy_42379178.mp3	5076
common_voice_mvy_42392454.mp3	2160
common_voice_mvy_42023112.mp3	6228
common_voice_mvy_42362241.mp3	5220
common_voice_mvy_42346936.mp3	3240
common_voice_mvy_42380343.mp3	5436
common_voice_mvy_42398360.mp3	5436
common_voice_mvy_42012009.mp3	7236
common_voice_mvy_42074925.mp3	3780
common_voice_mvy_42008369.mp3	3708
common_voice_mvy_42055466.mp3	3816
common_voice_mvy_42042227.mp3	9756
common_voice_mvy_42063603.mp3	6300
common_voice_mvy_42008222.mp3	4680
common_voice_mvy_42394853.mp3	3636
common_voice_mvy_42363546.mp3	4320
common_voice_mvy_42364611.mp3	5256
common_voice_mvy_42356233.mp3	6480
common_voice_mvy_42079341.mp3	8208
common_voice_mvy_42736054.mp3	6696
common_voice_mvy_42369089.mp3	4140
common_voice_mvy_42393927.mp3	3168
common_voice_mvy_42124317.mp3	2988
common_voice_mvy_42366690.mp3	4068
common_voice_mvy_42379929.mp3	5760
common_voice_mvy_42384464.mp3	3636
common_voice_mvy_42414915.mp3	8316
common_voice_mvy_42403099.mp3	3456
common_voice_mvy_42360513.mp3	3996
common_voice_mvy_42011830.mp3	3780
common_voice_mvy_42011857.mp3	3420
common_voice_mvy_42474273.mp3	3996
common_voice_mvy_42081233.mp3	4428
common_voice_mvy_42395770.mp3	6120
common_voice_mvy_42367367.mp3	8748
common_voice_mvy_42089858.mp3	6876
common_voice_mvy_42348527.mp3	6120
common_voice_mvy_42391693.mp3	3168
common_voice_mvy_42078936.mp3	10368
common_voice_mvy_42370566.mp3	6336
common_voice_mvy_42394752.mp3	3708
common_voice_mvy_42397281.mp3	3456
common_voice_mvy_42061212.mp3	12348
common_voice_mvy_42557235.mp3	5940
common_voice_mvy_42362828.mp3	5148
common_voice_mvy_42348647.mp3	3816
common_voice_mvy_42055615.mp3	3168
common_voice_mvy_42011703.mp3	3888
common_voice_mvy_42079758.mp3	3708
common_voice_mvy_42387719.mp3	5400
common_voice_mvy_42396014.mp3	3636
common_voice_mvy_42124315.mp3	8028
common_voice_mvy_42383642.mp3	5076
common_voice_mvy_42386023.mp3	4140
common_voice_mvy_42055864.mp3	4320
common_voice_mvy_42370282.mp3	6408
common_voice_mvy_42081602.mp3	3168
common_voice_mvy_42363915.mp3	3060
common_voice_mvy_42059874.mp3	3240
common_voice_mvy_42348774.mp3	4176
common_voice_mvy_42008747.mp3	7308
common_voice_mvy_42391729.mp3	6696
common_voice_mvy_42385629.mp3	5688
common_voice_mvy_42074729.mp3	4356
common_voice_mvy_42077337.mp3	3888
common_voice_mvy_42008242.mp3	5616
common_voice_mvy_42063792.mp3	5256
common_voice_mvy_42061007.mp3	3780
common_voice_mvy_42367855.mp3	5040
common_voice_mvy_42391028.mp3	7056
common_voice_mvy_42020594.mp3	9288
common_voice_mvy_42076265.mp3	3960
common_voice_mvy_42394742.mp3	4068
common_voice_mvy_42387965.mp3	5976
common_voice_mvy_42360739.mp3	3708
common_voice_mvy_42064502.mp3	3456
common_voice_mvy_42363676.mp3	6300
common_voice_mvy_42007936.mp3	3240
common_voice_mvy_42078831.mp3	2880
common_voice_mvy_42391913.mp3	3996
common_voice_mvy_42392934.mp3	3276
common_voice_mvy_42384374.mp3	4068
common_voice_mvy_42389474.mp3	6336
common_voice_mvy_42395806.mp3	3096
common_voice_mvy_42055610.mp3	3888
common_voice_mvy_42377806.mp3	5508
common_voice_mvy_42055456.mp3	4968
common_voice_mvy_42348611.mp3	3600
common_voice_mvy_42180515.mp3	4320
common_voice_mvy_42403843.mp3	4140
common_voice_mvy_42346963.mp3	2988
common_voice_mvy_42360651.mp3	4176
common_voice_mvy_42387858.mp3	3276
common_voice_mvy_42385627.mp3	4716
common_voice_mvy_42380209.mp3	3888
common_voice_mvy_42367226.mp3	6156
common_voice_mvy_42124155.mp3	3600
common_voice_mvy_42413596.mp3	3420
common_voice_mvy_42363263.mp3	4176
common_voice_mvy_42061305.mp3	4140
common_voice_mvy_42379208.mp3	4536
common_voice_mvy_42438124.mp3	3816
common_voice_mvy_42390146.mp3	3420
common_voice_mvy_42096251.mp3	5688
common_voice_mvy_42413585.mp3	3168
common_voice_mvy_42379222.mp3	4176
common_voice_mvy_42374113.mp3	3888
common_voice_mvy_42381269.mp3	4500
common_voice_mvy_42347583.mp3	3600
common_voice_mvy_42056199.mp3	3996
common_voice_mvy_42370433.mp3	4860
common_voice_mvy_42567949.mp3	4860
common_voice_mvy_42347079.mp3	8388
common_voice_mvy_42373960.mp3	5688
common_voice_mvy_42361232.mp3	3420
common_voice_mvy_42366663.mp3	3600
common_voice_mvy_42392901.mp3	3708
common_voice_mvy_42395006.mp3	6876
common_voice_mvy_42346444.mp3	3276
common_voice_mvy_42370548.mp3	6768
common_voice_mvy_42557259.mp3	5580
common_voice_mvy_42380388.mp3	3600
common_voice_mvy_42089737.mp3	4428
common_voice_mvy_42062859.mp3	4896
common_voice_mvy_48992966.mp3	5868
common_voice_mvy_42346695.mp3	7560
common_voice_mvy_42080842.mp3	3780
common_voice_mvy_42079637.mp3	3888
common_voice_mvy_42060878.mp3	3636
common_voice_mvy_42556872.mp3	6768
common_voice_mvy_42081031.mp3	9036
common_voice_mvy_42012207.mp3	5508
common_voice_mvy_42079461.mp3	4860
common_voice_mvy_42079554.mp3	3096
common_voice_mvy_42345956.mp3	5688
common_voice_mvy_42008414.mp3	2916
common_voice_mvy_42066827.mp3	3996
common_voice_mvy_42374287.mp3	3240
common_voice_mvy_42391939.mp3	4356
common_voice_mvy_42363975.mp3	3816
common_voice_mvy_42347694.mp3	4428
common_voice_mvy_42363697.mp3	4140
common_voice_mvy_42364296.mp3	5760
common_voice_mvy_42393947.mp3	5688
common_voice_mvy_42387857.mp3	6120
common_voice_mvy_42380591.mp3	4140
common_voice_mvy_42008138.mp3	6660
common_voice_mvy_42020583.mp3	4176
common_voice_mvy_42072396.mp3	4248
common_voice_mvy_42012087.mp3	4428
common_voice_mvy_42021441.mp3	7740
common_voice_mvy_42360808.mp3	5796
common_voice_mvy_42054707.mp3	11376
common_voice_mvy_42358532.mp3	4536
common_voice_mvy_42010038.mp3	6048
common_voice_mvy_42370327.mp3	3348
common_voice_mvy_42370580.mp3	3276
common_voice_mvy_42370522.mp3	5220
common_voice_mvy_42515070.mp3	4716
common_voice_mvy_42384345.mp3	4788
common_voice_mvy_42369072.mp3	7308
common_voice_mvy_42451848.mp3	6660
common_voice_mvy_42351824.mp3	3816
common_voice_mvy_42360223.mp3	4860
common_voice_mvy_42387855.mp3	3636
common_voice_mvy_42055809.mp3	3996
common_voice_mvy_42067177.mp3	5328
common_voice_mvy_42010357.mp3	3240
common_voice_mvy_42373802.mp3	3996
common_voice_mvy_42092637.mp3	5400
common_voice_mvy_42386011.mp3	3276
common_voice_mvy_42079701.mp3	3096
common_voice_mvy_42011299.mp3	4428
common_voice_mvy_42073585.mp3	5580
common_voice_mvy_42067050.mp3	6336
common_voice_mvy_42350139.mp3	3996
common_voice_mvy_42180522.mp3	2520
common_voice_mvy_42393786.mp3	3276
common_voice_mvy_42367366.mp3	3096
common_voice_mvy_42361265.mp3	4716
common_voice_mvy_42085366.mp3	8100
common_voice_mvy_42395152.mp3	3888
common_voice_mvy_42350974.mp3	4860
common_voice_mvy_42347330.mp3	5148
common_voice_mvy_42373677.mp3	5076
common_voice_mvy_42074932.mp3	5256
common_voice_mvy_42055931.mp3	4860
common_voice_mvy_42008324.mp3	4068
common_voice_mvy_42011301.mp3	5040
common_voice_mvy_42122873.mp3	7236
common_voice_mvy_42043050.mp3	4716
common_voice_mvy_42130558.mp3	4608
common_voice_mvy_42360811.mp3	4788
common_voice_mvy_42361807.mp3	5616
common_voice_mvy_42360069.mp3	4248
common_voice_mvy_42413796.mp3	2700
common_voice_mvy_42195004.mp3	3780
common_voice_mvy_42369762.mp3	4320
common_voice_mvy_42520407.mp3	8388
common_voice_mvy_42079673.mp3	7056
common_voice_mvy_42368935.mp3	3780
common_voice_mvy_42395329.mp3	2700
common_voice_mvy_42370189.mp3	5148
common_voice_mvy_42390311.mp3	3780
common_voice_mvy_42080524.mp3	4968
common_voice_mvy_42380667.mp3	4176
common_voice_mvy_42021495.mp3	4896
common_voice_mvy_42080064.mp3	4500
common_voice_mvy_42093103.mp3	4176
common_voice_mvy_42012077.mp3	6336
common_voice_mvy_42020587.mp3	4428
common_voice_mvy_42396491.mp3	4068
common_voice_mvy_42079935.mp3	4716
common_voice_mvy_42061298.mp3	3060
common_voice_mvy_42389765.mp3	3708
common_voice_mvy_42392996.mp3	3708
common_voice_mvy_42356276.mp3	3888
common_voice_mvy_42078613.mp3	9360
common_voice_mvy_42369362.mp3	5796
common_voice_mvy_42010499.mp3	6048
common_voice_mvy_42383879.mp3	4248
common_voice_mvy_42020511.mp3	4608
common_voice_mvy_42079932.mp3	2736
common_voice_mvy_42007182.mp3	3816
common_voice_mvy_42056619.mp3	11556
common_voice_mvy_42532295.mp3	3996
common_voice_mvy_42064280.mp3	3276
common_voice_mvy_42393477.mp3	3528
common_voice_mvy_42073006.mp3	5796
common_voice_mvy_42428158.mp3	6156
common_voice_mvy_42414450.mp3	4356
common_voice_mvy_42388910.mp3	4428
common_voice_mvy_42478845.mp3	6120
common_voice_mvy_42063693.mp3	7380
common_voice_mvy_42007221.mp3	7776
common_voice_mvy_42008408.mp3	2916
common_voice_mvy_42042616.mp3	3780
common_voice_mvy_42006969.mp3	3348
common_voice_mvy_42394993.mp3	3600
common_voice_mvy_42412862.mp3	10368
common_voice_mvy_42415189.mp3	3168
common_voice_mvy_42348383.mp3	5688
common_voice_mvy_42042190.mp3	4680
common_voice_mvy_42042286.mp3	4716
common_voice_mvy_42376695.mp3	5220
common_voice_mvy_42384305.mp3	4320
common_voice_mvy_42010417.mp3	3636
common_voice_mvy_42397185.mp3	2628
common_voice_mvy_42376591.mp3	5508
common_voice_mvy_42376569.mp3	4428
common_voice_mvy_42080054.mp3	3060
common_voice_mvy_42062744.mp3	7020
common_voice_mvy_42386143.mp3	3636
common_voice_mvy_42556780.mp3	4068
common_voice_mvy_42264509.mp3	6840
common_voice_mvy_42072002.mp3	4176
common_voice_mvy_42042229.mp3	5076
common_voice_mvy_42368863.mp3	5076
common_voice_mvy_42066824.mp3	2448
common_voice_mvy_42379834.mp3	6516
common_voice_mvy_42131003.mp3	3168
common_voice_mvy_43085491.mp3	3960
common_voice_mvy_42367402.mp3	6156
common_voice_mvy_42072294.mp3	4968
common_voice_mvy_42368857.mp3	5436
common_voice_mvy_42451770.mp3	3348
common_voice_mvy_42024882.mp3	5508
common_voice_mvy_42060994.mp3	4320
common_voice_mvy_42010472.mp3	3276
common_voice_mvy_42389486.mp3	4680
common_voice_mvy_42389043.mp3	3888
common_voice_mvy_42363471.mp3	4860
common_voice_mvy_42431673.mp3	3636
common_voice_mvy_42360668.mp3	3816
common_voice_mvy_42478923.mp3	2880
common_voice_mvy_42097891.mp3	3348
common_voice_mvy_42350638.mp3	4428
common_voice_mvy_42067163.mp3	6156
common_voice_mvy_42042164.mp3	3996
common_voice_mvy_42011809.mp3	3276
common_voice_mvy_42557286.mp3	4320
common_voice_mvy_42006666.mp3	3636
common_voice_mvy_42060247.mp3	6156
common_voice_mvy_42060346.mp3	3636
common_voice_mvy_42370152.mp3	2736
common_voice_mvy_42376341.mp3	4608
common_voice_mvy_42079399.mp3	4860
common_voice_mvy_42374098.mp3	3528
common_voice_mvy_42646797.mp3	5580
common_voice_mvy_42348767.mp3	4500
common_voice_mvy_42080278.mp3	4248
common_voice_mvy_42089013.mp3	8280
common_voice_mvy_42010390.mp3	5400
common_voice_mvy_42365895.mp3	4716
common_voice_mvy_42093162.mp3	7128
common_voice_mvy_42394313.mp3	3600
common_voice_mvy_42345993.mp3	2520
common_voice_mvy_42370188.mp3	4248
common_voice_mvy_42024624.mp3	6048
common_voice_mvy_42557260.mp3	5436
common_voice_mvy_42055327.mp3	4860
common_voice_mvy_42008383.mp3	3420
common_voice_mvy_42052624.mp3	4608
common_voice_mvy_42351496.mp3	4860
common_voice_mvy_42347166.mp3	4716
common_voice_mvy_42370576.mp3	4536
common_voice_mvy_42081064.mp3	3780
common_voice_mvy_42052752.mp3	3996
common_voice_mvy_42360129.mp3	3600
common_voice_mvy_42515040.mp3	5940
common_voice_mvy_42364870.mp3	5256
common_voice_mvy_42397277.mp3	5040
common_voice_mvy_42374114.mp3	5616
common_voice_mvy_42375998.mp3	4176
common_voice_mvy_42370129.mp3	6048
common_voice_mvy_42066993.mp3	4320
common_voice_mvy_42079815.mp3	6696
common_voice_mvy_42422457.mp3	3528
common_voice_mvy_42089743.mp3	9000
common_voice_mvy_42377644.mp3	4428
common_voice_mvy_42073548.mp3	2556
common_voice_mvy_42384098.mp3	3996
common_voice_mvy_42347511.mp3	4608
common_voice_mvy_42390397.mp3	5688
common_voice_mvy_42062932.mp3	5976
common_voice_mvy_42360257.mp3	4788
common_voice_mvy_42067341.mp3	7236
common_voice_mvy_42367338.mp3	5436
common_voice_mvy_42381221.mp3	5400
common_voice_mvy_42390800.mp3	3780
common_voice_mvy_42557234.mp3	3708
common_voice_mvy_42130442.mp3	3348
common_voice_mvy_42348943.mp3	3456
common_voice_mvy_42360106.mp3	4788
common_voice_mvy_42392081.mp3	3240
common_voice_mvy_42350594.mp3	4356
common_voice_mvy_42349803.mp3	3996
common_voice_mvy_42350924.mp3	3924
common_voice_mvy_42064380.mp3	5616
common_voice_mvy_42515024.mp3	4680
common_voice_mvy_42348392.mp3	3888
common_voice_mvy_42347172.mp3	5688
common_voice_mvy_42395275.mp3	3060
common_voice_mvy_42398741.mp3	3888
common_voice_mvy_42060825.mp3	6336
common_voice_mvy_42010174.mp3	3456
common_voice_mvy_42394499.mp3	5688
common_voice_mvy_42376707.mp3	3816
common_voice_mvy_42395305.mp3	3708
common_voice_mvy_42075585.mp3	5796
common_voice_mvy_42347206.mp3	3420
common_voice_mvy_42089694.mp3	6300
common_voice_mvy_42377898.mp3	6480
common_voice_mvy_42012192.mp3	7308
common_voice_mvy_42515083.mp3	3888
common_voice_mvy_42361514.mp3	7056
common_voice_mvy_42395158.mp3	5688
common_voice_mvy_42011808.mp3	4896
common_voice_mvy_42397499.mp3	4608
common_voice_mvy_42008441.mp3	2736
common_voice_mvy_42072281.mp3	4248
common_voice_mvy_42073338.mp3	7740
common_voice_mvy_42072005.mp3	3960
common_voice_mvy_42084826.mp3	3276
common_voice_mvy_42384053.mp3	4176
common_voice_mvy_42406561.mp3	5940
common_voice_mvy_42067199.mp3	6660
common_voice_mvy_42006993.mp3	4500
common_voice_mvy_42381156.mp3	3348
common_voice_mvy_42075825.mp3	5328
common_voice_mvy_42363605.mp3	4680
common_voice_mvy_42394981.mp3	2880
common_voice_mvy_42078486.mp3	6948
common_voice_mvy_42429036.mp3	3168
common_voice_mvy_42368486.mp3	5148
common_voice_mvy_42349855.mp3	5256
common_voice_mvy_42412842.mp3	3636
common_voice_mvy_42042102.mp3	3456
common_voice_mvy_42078646.mp3	5940
common_voice_mvy_42394255.mp3	3816
common_voice_mvy_42080537.mp3	3348
common_voice_mvy_42362080.mp3	5508
common_voice_mvy_42604511.mp3	3456
common_voice_mvy_42370026.mp3	5220
common_voice_mvy_42043260.mp3	4932
common_voice_mvy_42007168.mp3	5076
common_voice_mvy_42414141.mp3	5400
common_voice_mvy_42080355.mp3	5148
common_voice_mvy_42023103.mp3	3528
common_voice_mvy_42532243.mp3	4860
common_voice_mvy_42454018.mp3	8568
common_voice_mvy_42494233.mp3	6768
common_voice_mvy_42551694.mp3	3060
common_voice_mvy_42067017.mp3	6300
common_voice_mvy_42063754.mp3	4788
common_voice_mvy_42374227.mp3	2808
common_voice_mvy_42378869.mp3	4608
common_voice_mvy_42395726.mp3	4176
common_voice_mvy_42357793.mp3	5148
common_voice_mvy_42079249.mp3	4968
common_voice_mvy_42067356.mp3	4896
common_voice_mvy_42064098.mp3	3456
common_voice_mvy_42080372.mp3	4572
common_voice_mvy_42412752.mp3	5148
common_voice_mvy_42389066.mp3	3888
common_voice_mvy_42377810.mp3	4788
common_voice_mvy_42591158.mp3	7128
common_voice_mvy_42007510.mp3	4860
common_voice_mvy_42381194.mp3	5040
common_voice_mvy_42084683.mp3	3996
common_voice_mvy_42084843.mp3	3708
common_voice_mvy_42124367.mp3	6948
common_voice_mvy_42381223.mp3	3528
common_voice_mvy_42043291.mp3	7812
common_voice_mvy_42056208.mp3	3060
common_voice_mvy_42053453.mp3	6048
common_voice_mvy_42552846.mp3	4068
common_voice_mvy_42097860.mp3	4680
common_voice_mvy_42053493.mp3	4356
common_voice_mvy_42053533.mp3	4140
common_voice_mvy_42092826.mp3	7776
common_voice_mvy_42395107.mp3	2628
common_voice_mvy_42407891.mp3	3420
common_voice_mvy_42373527.mp3	6876
common_voice_mvy_42097854.mp3	3060
common_voice_mvy_42352359.mp3	5148
common_voice_mvy_42397527.mp3	4896
common_voice_mvy_42478918.mp3	8640
common_voice_mvy_42053559.mp3	3780
common_voice_mvy_42385795.mp3	3888
common_voice_mvy_42585967.mp3	5040
common_voice_mvy_42375481.mp3	6156
common_voice_mvy_42067338.mp3	3348
common_voice_mvy_42063106.mp3	4680
common_voice_mvy_42008248.mp3	4068
common_voice_mvy_42024438.mp3	3708
common_voice_mvy_42556804.mp3	6516
common_voice_mvy_42376476.mp3	7920
common_voice_mvy_42364216.mp3	4500
common_voice_mvy_42067015.mp3	3420
common_voice_mvy_42089526.mp3	3276
common_voice_mvy_42547546.mp3	4860
common_voice_mvy_42073633.mp3	3888
common_voice_mvy_42007142.mp3	4860
common_voice_mvy_42367009.mp3	4788
common_voice_mvy_42376509.mp3	5220
common_voice_mvy_42366963.mp3	3276
common_voice_mvy_42373558.mp3	4680
common_voice_mvy_42048862.mp3	5580
common_voice_mvy_42008424.mp3	4536
common_voice_mvy_42363590.mp3	3996
common_voice_mvy_42093088.mp3	6516
common_voice_mvy_42376368.mp3	7740
common_voice_mvy_42064222.mp3	6048
common_voice_mvy_42437971.mp3	3996
common_voice_mvy_42074693.mp3	3924
common_voice_mvy_42374107.mp3	5256
common_voice_mvy_42396835.mp3	4608
common_voice_mvy_42363163.mp3	3996
common_voice_mvy_42062662.mp3	5868
common_voice_mvy_42080081.mp3	3600
common_voice_mvy_42377841.mp3	3636
common_voice_mvy_42382769.mp3	3780
common_voice_mvy_42392003.mp3	8316
common_voice_mvy_42062855.mp3	5580
common_voice_mvy_42373476.mp3	4536
common_voice_mvy_42361459.mp3	4176
common_voice_mvy_42180379.mp3	4896
common_voice_mvy_42079518.mp3	9756
common_voice_mvy_42397899.mp3	5508
common_voice_mvy_42067108.mp3	6336
common_voice_mvy_42387891.mp3	6228
common_voice_mvy_42413781.mp3	5616
common_voice_mvy_42370252.mp3	3600
common_voice_mvy_42397546.mp3	3096
common_voice_mvy_42063901.mp3	3816
common_voice_mvy_42096212.mp3	3960
common_voice_mvy_42546281.mp3	5400
common_voice_mvy_42063104.mp3	3996
common_voice_mvy_42360109.mp3	4608
common_voice_mvy_42369161.mp3	2880
common_voice_mvy_42546301.mp3	4176
common_voice_mvy_42383441.mp3	3600
common_voice_mvy_42364341.mp3	5796
common_voice_mvy_42063204.mp3	2988
common_voice_mvy_42351711.mp3	4140
common_voice_mvy_42347513.mp3	3168
common_voice_mvy_42345936.mp3	6228
common_voice_mvy_42021636.mp3	3168
common_voice_mvy_42391181.mp3	5256
common_voice_mvy_42382821.mp3	4428
common_voice_mvy_42364202.mp3	4608
common_voice_mvy_42055633.mp3	12996
common_voice_mvy_42378903.mp3	6156
common_voice_mvy_42380077.mp3	6120
common_voice_mvy_42515121.mp3	4356
common_voice_mvy_42364562.mp3	5868
common_voice_mvy_42393520.mp3	3816
common_voice_mvy_42352358.mp3	4320
common_voice_mvy_42349651.mp3	4140
common_voice_mvy_42347848.mp3	3708
common_voice_mvy_42369291.mp3	3348
common_voice_mvy_42396234.mp3	4608
common_voice_mvy_42011174.mp3	7308
common_voice_mvy_42042083.mp3	4428
common_voice_mvy_42063024.mp3	2736
common_voice_mvy_42264448.mp3	4896
common_voice_mvy_42079763.mp3	3276
common_voice_mvy_42072279.mp3	6228
common_voice_mvy_42389053.mp3	4536
common_voice_mvy_42023152.mp3	3600
common_voice_mvy_42361209.mp3	5256
common_voice_mvy_42079555.mp3	4644
common_voice_mvy_42362994.mp3	4716
common_voice_mvy_42391132.mp3	6048
common_voice_mvy_42545128.mp3	4356
common_voice_mvy_42081181.mp3	3420
common_voice_mvy_42370546.mp3	5220
common_voice_mvy_42374327.mp3	3240
common_voice_mvy_42042555.mp3	4968
common_voice_mvy_42362627.mp3	3996
common_voice_mvy_42368880.mp3	3276
common_voice_mvy_42380137.mp3	3276
common_voice_mvy_42370412.mp3	4500
common_voice_mvy_42067140.mp3	5328
common_voice_mvy_42014214.mp3	4860
common_voice_mvy_42360131.mp3	6048
common_voice_mvy_42392141.mp3	3708
common_voice_mvy_42006631.mp3	4428
common_voice_mvy_42396431.mp3	4860
common_voice_mvy_42478870.mp3	5580
common_voice_mvy_42008334.mp3	5508
common_voice_mvy_42042333.mp3	3456
common_voice_mvy_42015030.mp3	3240
common_voice_mvy_42393806.mp3	3708
common_voice_mvy_42414471.mp3	4608
common_voice_mvy_42367837.mp3	3996
common_voice_mvy_42384194.mp3	5076
common_voice_mvy_42380942.mp3	4140
common_voice_mvy_42023147.mp3	3816
common_voice_mvy_42345879.mp3	4068
common_voice_mvy_42474239.mp3	5508
common_voice_mvy_42089747.mp3	5436
common_voice_mvy_42072295.mp3	3600
common_voice_mvy_42346604.mp3	3276
common_voice_mvy_42356319.mp3	7056
common_voice_mvy_42573233.mp3	5328
common_voice_mvy_42347509.mp3	7056
common_voice_mvy_42421639.mp3	5436
common_voice_mvy_42073551.mp3	3096
common_voice_mvy_42180419.mp3	3276
common_voice_mvy_42079395.mp3	3780
common_voice_mvy_42591129.mp3	5616
common_voice_mvy_42604458.mp3	4320
common_voice_mvy_42073821.mp3	4608
common_voice_mvy_42391891.mp3	4968
common_voice_mvy_42060482.mp3	6660
common_voice_mvy_42374297.mp3	6516
common_voice_mvy_42363678.mp3	5328
common_voice_mvy_42367216.mp3	2916
common_voice_mvy_42381129.mp3	5076
common_voice_mvy_42075763.mp3	4896
common_voice_mvy_42357039.mp3	4356
common_voice_mvy_42363420.mp3	3960
common_voice_mvy_42396190.mp3	4788
common_voice_mvy_42064186.mp3	15120
common_voice_mvy_42533363.mp3	4608
common_voice_mvy_42415251.mp3	3240
common_voice_mvy_42092822.mp3	4896
common_voice_mvy_42391180.mp3	5400
common_voice_mvy_42346502.mp3	7128
common_voice_mvy_42437908.mp3	3276
common_voice_mvy_42350707.mp3	4608
common_voice_mvy_42010453.mp3	4680
common_voice_mvy_42360135.mp3	5580
common_voice_mvy_42361208.mp3	5436
common_voice_mvy_42074885.mp3	2628
common_voice_mvy_42393105.mp3	3456
common_voice_mvy_42550595.mp3	6768
common_voice_mvy_42042226.mp3	8316
common_voice_mvy_42362081.mp3	5328
common_voice_mvy_42374017.mp3	4356
common_voice_mvy_42363233.mp3	3600
common_voice_mvy_42375781.mp3	4248
common_voice_mvy_42363698.mp3	4248
common_voice_mvy_42074526.mp3	4860
common_voice_mvy_42356226.mp3	5436
common_voice_mvy_42360935.mp3	2916
common_voice_mvy_42575073.mp3	5688
common_voice_mvy_42604503.mp3	4140
common_voice_mvy_42348506.mp3	6660
common_voice_mvy_42369289.mp3	6336
common_voice_mvy_42394938.mp3	5256
common_voice_mvy_42438271.mp3	2268
common_voice_mvy_42352424.mp3	3780
common_voice_mvy_42089283.mp3	7380
common_voice_mvy_42075752.mp3	2340
common_voice_mvy_42006991.mp3	6048
common_voice_mvy_42079802.mp3	3636
common_voice_mvy_42395960.mp3	2988
common_voice_mvy_42077328.mp3	2736
common_voice_mvy_42373433.mp3	5220
common_voice_mvy_42361725.mp3	6876
common_voice_mvy_42394937.mp3	3780
common_voice_mvy_42010433.mp3	4176
common_voice_mvy_42092988.mp3	4500
common_voice_mvy_42060974.mp3	6516
common_voice_mvy_42384794.mp3	4680
common_voice_mvy_42347432.mp3	4716
common_voice_mvy_42093063.mp3	3888
common_voice_mvy_42348486.mp3	8928
common_voice_mvy_42348840.mp3	5436
common_voice_mvy_42405511.mp3	4068
common_voice_mvy_42096224.mp3	4968
common_voice_mvy_42180534.mp3	3528
common_voice_mvy_42567952.mp3	3276
common_voice_mvy_42387836.mp3	3996
common_voice_mvy_42396416.mp3	4860
common_voice_mvy_42351593.mp3	3348
common_voice_mvy_42079924.mp3	5868
common_voice_mvy_42079920.mp3	3420
common_voice_mvy_42042176.mp3	4176
common_voice_mvy_42396540.mp3	4968
common_voice_mvy_42376511.mp3	3456
common_voice_mvy_42363113.mp3	3456
common_voice_mvy_42042270.mp3	3888
common_voice_mvy_42451868.mp3	4788
common_voice_mvy_42397407.mp3	2556
common_voice_mvy_42546218.mp3	5220
common_voice_mvy_42052977.mp3	4248
common_voice_mvy_42363461.mp3	4536
common_voice_mvy_42429387.mp3	3888
common_voice_mvy_42363400.mp3	4248
common_voice_mvy_42348529.mp3	4500
common_voice_mvy_42415145.mp3	4500
common_voice_mvy_42413670.mp3	4500
common_voice_mvy_42376342.mp3	4140
common_voice_mvy_42180520.mp3	3096
common_voice_mvy_42081253.mp3	3888
common_voice_mvy_42395065.mp3	4680
common_voice_mvy_42079800.mp3	3456
common_voice_mvy_42351546.mp3	3528
common_voice_mvy_42347494.mp3	7596
common_voice_mvy_42063734.mp3	6480
common_voice_mvy_42393458.mp3	3456
common_voice_mvy_42008420.mp3	3168
common_voice_mvy_42347276.mp3	6120
common_voice_mvy_42567951.mp3	5508
common_voice_mvy_42081262.mp3	3600
common_voice_mvy_42347734.mp3	3348
common_voice_mvy_42395261.mp3	3348
common_voice_mvy_42387973.mp3	5868
common_voice_mvy_42352332.mp3	5580
common_voice_mvy_42080307.mp3	3492
common_voice_mvy_42388270.mp3	4788
common_voice_mvy_42374235.mp3	5580
common_voice_mvy_42078794.mp3	4356
common_voice_mvy_42092686.mp3	3420
common_voice_mvy_42060933.mp3	4356
common_voice_mvy_42363505.mp3	3600
common_voice_mvy_42348782.mp3	5076
common_voice_mvy_42363178.mp3	5328
common_voice_mvy_42385101.mp3	3888
common_voice_mvy_42364003.mp3	4248
common_voice_mvy_42370115.mp3	3240
common_voice_mvy_42067061.mp3	3240
common_voice_mvy_42077213.mp3	6948
common_voice_mvy_42547519.mp3	5076
common_voice_mvy_42008692.mp3	6228
common_voice_mvy_42056850.mp3	3348
common_voice_mvy_42515008.mp3	4428
common_voice_mvy_42007716.mp3	3348
common_voice_mvy_42010209.mp3	4140
common_voice_mvy_42346745.mp3	3348
common_voice_mvy_42404599.mp3	5076
common_voice_mvy_42011141.mp3	6948
common_voice_mvy_42405531.mp3	4536
common_voice_mvy_43085496.mp3	4068
common_voice_mvy_42369728.mp3	4896
common_voice_mvy_42390442.mp3	5436
common_voice_mvy_42089735.mp3	4968
common_voice_mvy_42396853.mp3	4896
common_voice_mvy_42360171.mp3	4716
common_voice_mvy_42064262.mp3	7380
common_voice_mvy_42079995.mp3	4356
common_voice_mvy_42055331.mp3	3528
common_voice_mvy_42059900.mp3	5580
common_voice_mvy_42064295.mp3	4428
common_voice_mvy_42373663.mp3	3600
common_voice_mvy_42362518.mp3	6948
common_voice_mvy_42373658.mp3	5940
common_voice_mvy_42015034.mp3	3708
common_voice_mvy_42390845.mp3	5508
common_voice_mvy_42023132.mp3	4788
common_voice_mvy_42364744.mp3	4068
common_voice_mvy_42079462.mp3	10476
common_voice_mvy_42377685.mp3	2808
common_voice_mvy_42079908.mp3	4968
common_voice_mvy_42063663.mp3	7236
common_voice_mvy_42347972.mp3	3456
common_voice_mvy_42080468.mp3	5760
common_voice_mvy_42345858.mp3	4500
common_voice_mvy_42008097.mp3	6696
common_voice_mvy_42080084.mp3	8280
common_voice_mvy_42368959.mp3	4608
common_voice_mvy_42360719.mp3	5040
common_voice_mvy_42395046.mp3	3888
common_voice_mvy_42010394.mp3	2916
common_voice_mvy_42361894.mp3	3996
common_voice_mvy_42467397.mp3	3888
common_voice_mvy_42392978.mp3	3636
common_voice_mvy_42074844.mp3	4248
common_voice_mvy_42547637.mp3	3996
common_voice_mvy_42064095.mp3	3780
common_voice_mvy_42360677.mp3	3600
common_voice_mvy_42451913.mp3	7236
common_voice_mvy_42077390.mp3	3060
common_voice_mvy_42007725.mp3	4068
common_voice_mvy_42363901.mp3	3960
common_voice_mvy_42363475.mp3	3996
common_voice_mvy_42014890.mp3	3528
common_voice_mvy_42042185.mp3	6048
common_voice_mvy_42393762.mp3	3348
common_voice_mvy_42478912.mp3	3780
common_voice_mvy_42042103.mp3	3528
common_voice_mvy_42363564.mp3	5220
common_voice_mvy_42395055.mp3	3960
common_voice_mvy_42394821.mp3	2736
common_voice_mvy_42180462.mp3	6120
common_voice_mvy_42394753.mp3	7380
common_voice_mvy_42370103.mp3	4068
common_voice_mvy_42362897.mp3	3168
common_voice_mvy_42085620.mp3	2844
common_voice_mvy_42389537.mp3	4860
common_voice_mvy_42079658.mp3	10476
common_voice_mvy_42073656.mp3	3780
common_voice_mvy_42093090.mp3	6048
common_voice_mvy_42360222.mp3	4680
common_voice_mvy_42363731.mp3	5400
common_voice_mvy_42348644.mp3	5220
common_voice_mvy_42043220.mp3	3600
common_voice_mvy_42063217.mp3	3996
common_voice_mvy_42361183.mp3	4176
common_voice_mvy_42067720.mp3	2556
common_voice_mvy_42364232.mp3	5868
common_voice_mvy_42363307.mp3	2916
common_voice_mvy_42042204.mp3	4248
common_voice_mvy_42403091.mp3	4788
common_voice_mvy_42350717.mp3	5040
common_voice_mvy_42062802.mp3	3276
common_voice_mvy_42067178.mp3	3060
common_voice_mvy_42063011.mp3	3456
common_voice_mvy_42363393.mp3	5400
common_voice_mvy_42130397.mp3	3600
common_voice_mvy_42021347.mp3	4176
common_voice_mvy_42021183.mp3	5076
common_voice_mvy_42361188.mp3	4716
common_voice_mvy_42021208.mp3	6048
common_voice_mvy_42396245.mp3	4140
common_voice_mvy_42351358.mp3	5508
common_voice_mvy_42085380.mp3	4860
common_voice_mvy_42072962.mp3	3780
common_voice_mvy_42515088.mp3	6840
common_voice_mvy_42042207.mp3	3600
common_voice_mvy_42374398.mp3	3456
common_voice_mvy_42060348.mp3	5868
common_voice_mvy_42124208.mp3	3960
common_voice_mvy_42575018.mp3	5076
common_voice_mvy_42351632.mp3	3996
common_voice_mvy_42396754.mp3	4968
common_voice_mvy_42056546.mp3	9828
common_voice_mvy_42374193.mp3	9000
common_voice_mvy_42350833.mp3	3420
common_voice_mvy_42079704.mp3	4788
common_voice_mvy_42375736.mp3	4500
common_voice_mvy_42093148.mp3	4176
common_voice_mvy_42378545.mp3	4320
common_voice_mvy_42062858.mp3	7560
common_voice_mvy_42429389.mp3	3348
common_voice_mvy_42007222.mp3	5076
common_voice_mvy_42375785.mp3	4068
common_voice_mvy_42182554.mp3	2988
common_voice_mvy_42007398.mp3	4140
common_voice_mvy_42360796.mp3	4320
common_voice_mvy_42077377.mp3	2340
common_voice_mvy_42363386.mp3	3168
common_voice_mvy_42397156.mp3	2916
common_voice_mvy_42010181.mp3	3528
common_voice_mvy_42557245.mp3	3528
common_voice_mvy_48992960.mp3	3240
common_voice_mvy_42557239.mp3	6228
common_voice_mvy_42378891.mp3	5148
common_voice_mvy_42007541.mp3	5112
common_voice_mvy_42370498.mp3	4536
common_voice_mvy_42081085.mp3	6048
common_voice_mvy_42078730.mp3	5796
common_voice_mvy_42399199.mp3	3528
common_voice_mvy_42093167.mp3	4428
common_voice_mvy_42364372.mp3	3960
common_voice_mvy_42413753.mp3	3276
common_voice_mvy_42080704.mp3	3600
common_voice_mvy_42052689.mp3	3816
common_voice_mvy_42042221.mp3	4788
common_voice_mvy_42368408.mp3	5760
common_voice_mvy_42387926.mp3	5868
common_voice_mvy_42062612.mp3	2880
common_voice_mvy_42360174.mp3	5796
common_voice_mvy_42073818.mp3	4680
common_voice_mvy_42374005.mp3	5688
common_voice_mvy_42391065.mp3	5760
common_voice_mvy_42361515.mp3	5076
common_voice_mvy_42374265.mp3	4248
common_voice_mvy_42387898.mp3	5076
common_voice_mvy_42067186.mp3	5760
common_voice_mvy_42347722.mp3	4896
common_voice_mvy_42360176.mp3	5220
common_voice_mvy_42451772.mp3	5508
common_voice_mvy_42264536.mp3	6336
common_voice_mvy_42389277.mp3	4248
common_voice_mvy_42096183.mp3	11196
common_voice_mvy_42061030.mp3	6408
common_voice_mvy_42363658.mp3	4248
common_voice_mvy_42375974.mp3	4896
common_voice_mvy_42395155.mp3	3060
common_voice_mvy_42006557.mp3	3636
common_voice_mvy_42061010.mp3	4500
common_voice_mvy_42079034.mp3	8280
common_voice_mvy_42369118.mp3	3600
common_voice_mvy_42053515.mp3	4968
common_voice_mvy_42392804.mp3	9396
common_voice_mvy_42364738.mp3	4860
common_voice_mvy_42380155.mp3	4968
common_voice_mvy_42380730.mp3	3060
common_voice_mvy_42011954.mp3	5256
common_voice_mvy_42413946.mp3	4428
common_voice_mvy_42388223.mp3	4500
common_voice_mvy_42356292.mp3	3096
common_voice_mvy_42064413.mp3	5616
common_voice_mvy_42369835.mp3	3780
common_voice_mvy_42093082.mp3	3420
common_voice_mvy_42060256.mp3	4140
common_voice_mvy_42079649.mp3	6408
common_voice_mvy_42024397.mp3	8748
common_voice_mvy_42351219.mp3	4788
common_voice_mvy_42595017.mp3	3420
common_voice_mvy_42385793.mp3	4320
common_voice_mvy_42414634.mp3	3240
common_voice_mvy_42384536.mp3	3780
common_voice_mvy_42393782.mp3	6516
common_voice_mvy_42059876.mp3	3168
common_voice_mvy_42379361.mp3	5760
common_voice_mvy_42380841.mp3	4788
common_voice_mvy_42406908.mp3	4140
common_voice_mvy_42370264.mp3	3456
common_voice_mvy_42075573.mp3	6876
common_voice_mvy_42367344.mp3	5616
common_voice_mvy_42078764.mp3	5040
common_voice_mvy_42061367.mp3	2880
common_voice_mvy_42474256.mp3	5508
common_voice_mvy_42351707.mp3	5796
common_voice_mvy_42074908.mp3	5436
common_voice_mvy_42373696.mp3	5868
common_voice_mvy_42557281.mp3	5220
common_voice_mvy_42385685.mp3	4608
common_voice_mvy_42060337.mp3	4608
common_voice_mvy_42369378.mp3	3636
common_voice_mvy_42395287.mp3	2808
common_voice_mvy_42363502.mp3	5076
common_voice_mvy_42078872.mp3	3240
common_voice_mvy_42550585.mp3	5076
common_voice_mvy_42015014.mp3	3708
common_voice_mvy_42092614.mp3	4428
common_voice_mvy_42350193.mp3	3528
common_voice_mvy_42351597.mp3	4968
common_voice_mvy_42346035.mp3	4140
common_voice_mvy_42393878.mp3	4248
common_voice_mvy_42067333.mp3	2916
common_voice_mvy_42367187.mp3	4608
common_voice_mvy_42079499.mp3	3168
common_voice_mvy_42080696.mp3	4068
common_voice_mvy_42081256.mp3	4608
common_voice_mvy_42376491.mp3	3780
common_voice_mvy_42072940.mp3	8460
common_voice_mvy_42346553.mp3	3996
common_voice_mvy_42392147.mp3	3168
common_voice_mvy_42360618.mp3	3816
common_voice_mvy_42396070.mp3	3528
common_voice_mvy_42350350.mp3	3780
common_voice_mvy_42383343.mp3	3528
common_voice_mvy_42056215.mp3	5040
common_voice_mvy_42010345.mp3	2916
common_voice_mvy_42394755.mp3	5760
common_voice_mvy_42478927.mp3	7128
common_voice_mvy_42195005.mp3	3420
common_voice_mvy_42180386.mp3	5256
common_voice_mvy_42085254.mp3	3456
common_voice_mvy_42392905.mp3	3240
common_voice_mvy_42079001.mp3	5940
common_voice_mvy_42364219.mp3	3888
common_voice_mvy_42008514.mp3	3708
common_voice_mvy_42079405.mp3	6876
common_voice_mvy_42347846.mp3	4680
common_voice_mvy_42351364.mp3	4320
common_voice_mvy_42379910.mp3	7056
common_voice_mvy_42074905.mp3	2880
common_voice_mvy_42363747.mp3	6480
common_voice_mvy_42119221.mp3	4788
common_voice_mvy_42478869.mp3	5400
common_voice_mvy_42075977.mp3	6228
common_voice_mvy_42348756.mp3	4320
common_voice_mvy_42084686.mp3	4356
common_voice_mvy_42363882.mp3	4428
common_voice_mvy_42391610.mp3	3816
common_voice_mvy_42394922.mp3	3456
common_voice_mvy_42349953.mp3	5688
common_voice_mvy_42021364.mp3	6948
common_voice_mvy_42052681.mp3	4176
common_voice_mvy_42008504.mp3	5436
common_voice_mvy_42085158.mp3	4140
common_voice_mvy_42366880.mp3	6228
common_voice_mvy_42346504.mp3	4788
common_voice_mvy_42060748.mp3	5436
common_voice_mvy_42595021.mp3	4500
common_voice_mvy_42376573.mp3	4320
common_voice_mvy_42080304.mp3	3240
common_voice_mvy_42264537.mp3	5040
common_voice_mvy_42350934.mp3	4068
common_voice_mvy_42376321.mp3	5040
common_voice_mvy_42363002.mp3	4428
common_voice_mvy_42006938.mp3	4176
common_voice_mvy_42347210.mp3	9036
common_voice_mvy_42429383.mp3	2268
common_voice_mvy_42079846.mp3	6516
common_voice_mvy_42357777.mp3	6228
common_voice_mvy_42007786.mp3	4788
common_voice_mvy_42390293.mp3	6300
common_voice_mvy_42395103.mp3	2916
common_voice_mvy_42351272.mp3	2520
common_voice_mvy_42080263.mp3	6480
common_voice_mvy_42364758.mp3	4716
common_voice_mvy_42056834.mp3	9756
common_voice_mvy_42414173.mp3	6840
common_voice_mvy_42347803.mp3	3240
common_voice_mvy_42389718.mp3	4500
common_voice_mvy_42060877.mp3	5940
common_voice_mvy_42075541.mp3	8856
common_voice_mvy_42379957.mp3	4176
common_voice_mvy_42089813.mp3	4608
common_voice_mvy_42387693.mp3	2808
common_voice_mvy_42360169.mp3	5400
common_voice_mvy_42075547.mp3	9828
common_voice_mvy_42394410.mp3	4968
common_voice_mvy_42396773.mp3	3420
common_voice_mvy_42395386.mp3	4176
common_voice_mvy_42349769.mp3	3420
common_voice_mvy_42556842.mp3	4608
common_voice_mvy_42024647.mp3	8280
common_voice_mvy_42021617.mp3	4176
common_voice_mvy_42397409.mp3	5796
common_voice_mvy_42364804.mp3	6660
common_voice_mvy_42067049.mp3	5580
common_voice_mvy_42364656.mp3	4140
common_voice_mvy_42055337.mp3	3960
common_voice_mvy_42347281.mp3	3780
common_voice_mvy_42042910.mp3	4572
common_voice_mvy_42389538.mp3	3420
common_voice_mvy_42382685.mp3	10368
common_voice_mvy_42368423.mp3	3456
common_voice_mvy_42496716.mp3	4428
common_voice_mvy_42379198.mp3	4500
common_voice_mvy_42386052.mp3	5328
common_voice_mvy_42383218.mp3	2916
common_voice_mvy_42475982.mp3	5148
common_voice_mvy_42397708.mp3	4500
common_voice_mvy_42076031.mp3	2808
common_voice_mvy_42048849.mp3	5508
common_voice_mvy_42363220.mp3	4680
common_voice_mvy_42348646.mp3	3960
common_voice_mvy_42351273.mp3	4428
common_voice_mvy_42350559.mp3	3960
common_voice_mvy_42053432.mp3	4356
common_voice_mvy_42389666.mp3	3636
common_voice_mvy_42086212.mp3	5508
common_voice_mvy_42352284.mp3	8388
common_voice_mvy_42363802.mp3	5868
common_voice_mvy_42370524.mp3	4608
common_voice_mvy_42124241.mp3	3636
common_voice_mvy_42180523.mp3	3780
common_voice_mvy_42413318.mp3	5760
common_voice_mvy_42363533.mp3	3816
common_voice_mvy_42376706.mp3	3888
common_voice_mvy_42379907.mp3	6660
common_voice_mvy_42075609.mp3	12060
common_voice_mvy_42405547.mp3	3348
common_voice_mvy_42384410.mp3	3708
common_voice_mvy_42073583.mp3	6156
common_voice_mvy_42375718.mp3	6408
common_voice_mvy_42373729.mp3	3420
common_voice_mvy_42085566.mp3	4068
common_voice_mvy_42124314.mp3	5796
common_voice_mvy_42363786.mp3	4068
common_voice_mvy_42011389.mp3	4320
common_voice_mvy_42374124.mp3	4068
common_voice_mvy_42391779.mp3	4140
common_voice_mvy_42370338.mp3	5076
common_voice_mvy_42363933.mp3	3096
common_voice_mvy_42413315.mp3	4356
common_voice_mvy_42387754.mp3	3888
common_voice_mvy_42362938.mp3	6588
common_voice_mvy_42379159.mp3	4536
common_voice_mvy_42073842.mp3	4248
common_voice_mvy_42007245.mp3	5760
common_voice_mvy_42021684.mp3	4068
common_voice_mvy_42375638.mp3	3528
common_voice_mvy_42351548.mp3	3348
common_voice_mvy_42474262.mp3	5436
common_voice_mvy_42396714.mp3	7416
common_voice_mvy_42085159.mp3	3060
common_voice_mvy_42368641.mp3	5400
common_voice_mvy_42373499.mp3	5508
common_voice_mvy_42011835.mp3	3096
common_voice_mvy_42646794.mp3	4500
common_voice_mvy_42062891.mp3	5076
common_voice_mvy_42064085.mp3	2628
common_voice_mvy_42351594.mp3	5040
common_voice_mvy_42009977.mp3	4428
common_voice_mvy_42053498.mp3	6048
common_voice_mvy_42061333.mp3	3996
common_voice_mvy_42370185.mp3	4680
common_voice_mvy_42380575.mp3	8856
common_voice_mvy_42368883.mp3	3708
common_voice_mvy_42060808.mp3	4608
common_voice_mvy_42007289.mp3	3348
common_voice_mvy_42099627.mp3	4788
common_voice_mvy_42391956.mp3	2664
common_voice_mvy_42348344.mp3	4140
common_voice_mvy_48985821.mp3	3456
common_voice_mvy_42383725.mp3	3600
common_voice_mvy_42547609.mp3	7668
common_voice_mvy_42055612.mp3	4500
common_voice_mvy_42008209.mp3	3708
common_voice_mvy_42060844.mp3	5796
common_voice_mvy_42024626.mp3	5040
common_voice_mvy_42067112.mp3	2448
common_voice_mvy_42373524.mp3	5148
common_voice_mvy_42474224.mp3	3276
common_voice_mvy_42011881.mp3	4248
common_voice_mvy_42364592.mp3	5760
common_voice_mvy_42370374.mp3	4716
common_voice_mvy_42060347.mp3	7308
common_voice_mvy_42074708.mp3	4932
common_voice_mvy_42056773.mp3	4500
common_voice_mvy_42358661.mp3	9576
common_voice_mvy_42365227.mp3	3960
common_voice_mvy_43136371.mp3	5940
common_voice_mvy_42363783.mp3	5976
common_voice_mvy_42392103.mp3	3600
common_voice_mvy_42385006.mp3	3996
common_voice_mvy_42060951.mp3	4680
common_voice_mvy_42556840.mp3	4716
common_voice_mvy_42369846.mp3	2880
common_voice_mvy_42062765.mp3	5328
common_voice_mvy_42367261.mp3	4320
common_voice_mvy_42063657.mp3	4500
common_voice_mvy_42008584.mp3	3960
common_voice_mvy_42369345.mp3	5580
common_voice_mvy_42377615.mp3	3996
common_voice_mvy_42496624.mp3	5436
common_voice_mvy_42379865.mp3	4536
common_voice_mvy_42011724.mp3	4680
common_voice_mvy_42124342.mp3	3096
common_voice_mvy_42060809.mp3	6696
common_voice_mvy_42351872.mp3	4860
common_voice_mvy_42373913.mp3	3168
common_voice_mvy_42012194.mp3	4536
common_voice_mvy_42011923.mp3	4140
common_voice_mvy_42374117.mp3	3060
common_voice_mvy_42180399.mp3	3708
common_voice_mvy_42080978.mp3	2700
common_voice_mvy_42390717.mp3	5328
common_voice_mvy_42375726.mp3	3240
common_voice_mvy_42361466.mp3	4788
common_voice_mvy_42023145.mp3	3456
common_voice_mvy_42363726.mp3	3600
common_voice_mvy_42413671.mp3	3456
common_voice_mvy_42369382.mp3	5976
common_voice_mvy_42077359.mp3	2448
common_voice_mvy_42552925.mp3	4176
common_voice_mvy_42347244.mp3	5040
common_voice_mvy_42397295.mp3	4248
common_voice_mvy_42380423.mp3	3636
common_voice_mvy_42363053.mp3	5076
common_voice_mvy_42392121.mp3	2808
common_voice_mvy_42383231.mp3	3348
common_voice_mvy_42391778.mp3	4788
common_voice_mvy_42383654.mp3	4176
common_voice_mvy_42363890.mp3	5256
common_voice_mvy_42011977.mp3	4608
common_voice_mvy_42089336.mp3	4428
common_voice_mvy_42376588.mp3	4176
common_voice_mvy_42387806.mp3	5580
common_voice_mvy_42350930.mp3	3420
common_voice_mvy_42383268.mp3	3096
common_voice_mvy_42375636.mp3	3276
common_voice_mvy_42368957.mp3	3240
common_voice_mvy_42347490.mp3	4140
common_voice_mvy_42073845.mp3	4248
common_voice_mvy_42180547.mp3	3348
common_voice_mvy_42007127.mp3	4680
common_voice_mvy_42061357.mp3	3168
common_voice_mvy_42042230.mp3	4320
common_voice_mvy_42547516.mp3	5868
common_voice_mvy_42405482.mp3	3240
common_voice_mvy_42360823.mp3	5076
common_voice_mvy_42064337.mp3	3780
common_voice_mvy_42011995.mp3	4860
common_voice_mvy_42092697.mp3	7128
common_voice_mvy_42015033.mp3	3348
common_voice_mvy_42350162.mp3	2700
common_voice_mvy_42451914.mp3	3780
common_voice_mvy_42085556.mp3	3420
common_voice_mvy_42380937.mp3	5976
common_voice_mvy_42060991.mp3	3996
common_voice_mvy_42362968.mp3	4176
common_voice_mvy_42363218.mp3	4320
common_voice_mvy_42021345.mp3	3600
common_voice_mvy_42080351.mp3	6048
common_voice_mvy_42362423.mp3	6120
common_voice_mvy_42073843.mp3	6336
common_voice_mvy_42350289.mp3	3960
common_voice_mvy_42379860.mp3	6588
common_voice_mvy_42382441.mp3	4896
common_voice_mvy_42368407.mp3	3780
common_voice_mvy_42361322.mp3	3276
common_voice_mvy_42053455.mp3	5220
common_voice_mvy_42351753.mp3	3420
common_voice_mvy_42247003.mp3	3636
common_voice_mvy_42020659.mp3	5868
common_voice_mvy_42380201.mp3	5508
common_voice_mvy_42395150.mp3	4716
common_voice_mvy_42389399.mp3	4248
common_voice_mvy_42364433.mp3	5256
common_voice_mvy_42008540.mp3	4968
common_voice_mvy_42065970.mp3	5256
common_voice_mvy_42383872.mp3	3996
common_voice_mvy_42397657.mp3	6300
common_voice_mvy_42370302.mp3	2880
common_voice_mvy_42347699.mp3	3060
common_voice_mvy_42078598.mp3	3420
common_voice_mvy_42080657.mp3	4680
common_voice_mvy_42392499.mp3	3816
common_voice_mvy_42081182.mp3	4464
common_voice_mvy_42075808.mp3	7920
common_voice_mvy_42376575.mp3	4536
common_voice_mvy_42387892.mp3	3276
common_voice_mvy_42374309.mp3	3276
common_voice_mvy_42386507.mp3	4068
common_voice_mvy_42376718.mp3	2916
common_voice_mvy_42395002.mp3	2736
common_voice_mvy_42376203.mp3	4428
common_voice_mvy_42062656.mp3	9108
common_voice_mvy_42363782.mp3	4428
common_voice_mvy_42363159.mp3	3060
common_voice_mvy_42075734.mp3	4788
common_voice_mvy_42370123.mp3	3816
common_voice_mvy_42054705.mp3	5220
common_voice_mvy_42055464.mp3	3168
common_voice_mvy_42370392.mp3	4968
common_voice_mvy_42380564.mp3	5148
common_voice_mvy_42374025.mp3	3960
common_voice_mvy_42011825.mp3	6516
common_voice_mvy_42072317.mp3	4356
common_voice_mvy_42053092.mp3	4500
common_voice_mvy_42011226.mp3	4176
common_voice_mvy_42372811.mp3	5220
common_voice_mvy_42067051.mp3	5076
common_voice_mvy_42073728.mp3	6480
common_voice_mvy_42387986.mp3	4608
common_voice_mvy_42348307.mp3	3780
common_voice_mvy_42438274.mp3	6120
common_voice_mvy_42043153.mp3	5796
common_voice_mvy_42362548.mp3	9180
common_voice_mvy_42382760.mp3	3168
common_voice_mvy_42079804.mp3	6336
common_voice_mvy_42055611.mp3	3960
common_voice_mvy_42412769.mp3	3708
common_voice_mvy_42557255.mp3	4068
common_voice_mvy_42063735.mp3	2556
common_voice_mvy_42370049.mp3	4788
common_voice_mvy_42096222.mp3	10368
common_voice_mvy_42350400.mp3	5688
common_voice_mvy_42393689.mp3	5508
common_voice_mvy_42083975.mp3	5436
common_voice_mvy_42363516.mp3	3960
common_voice_mvy_42067340.mp3	6156
common_voice_mvy_42397334.mp3	2700
common_voice_mvy_42373627.mp3	4320
common_voice_mvy_42397410.mp3	4680
common_voice_mvy_42363133.mp3	4140
common_voice_mvy_42062273.mp3	3420
common_voice_mvy_42387996.mp3	3960
common_voice_mvy_42363487.mp3	4896
common_voice_mvy_42064021.mp3	3096
common_voice_mvy_42392736.mp3	11448
common_voice_mvy_42397613.mp3	2700
common_voice_mvy_42415191.mp3	3420
common_voice_mvy_42389554.mp3	8100
common_voice_mvy_42053561.mp3	4860
common_voice_mvy_42397394.mp3	6228
common_voice_mvy_42060863.mp3	7488
common_voice_mvy_42383819.mp3	4248
common_voice_mvy_42008376.mp3	3996
common_voice_mvy_42042334.mp3	4356
common_voice_mvy_42395140.mp3	3996
common_voice_mvy_42386082.mp3	6300
common_voice_mvy_42075981.mp3	6876
common_voice_mvy_42370531.mp3	2700
common_voice_mvy_42008271.mp3	11088
common_voice_mvy_42080419.mp3	6660
common_voice_mvy_42547572.mp3	3420
common_voice_mvy_42052715.mp3	5220
common_voice_mvy_42073765.mp3	6516
common_voice_mvy_42575072.mp3	4320
common_voice_mvy_42438273.mp3	4068
common_voice_mvy_42042096.mp3	3276
common_voice_mvy_42368451.mp3	6768
common_voice_mvy_42072309.mp3	3888
common_voice_mvy_42097872.mp3	3348
common_voice_mvy_42063839.mp3	13536
common_voice_mvy_42352163.mp3	6948
common_voice_mvy_42369837.mp3	5868
common_voice_mvy_42050291.mp3	10188
common_voice_mvy_42414899.mp3	5508
common_voice_mvy_42063155.mp3	5976
common_voice_mvy_42392024.mp3	3996
common_voice_mvy_42372813.mp3	4176
common_voice_mvy_42080501.mp3	7560
common_voice_mvy_42078820.mp3	2736
common_voice_mvy_42547705.mp3	3708
common_voice_mvy_42060824.mp3	3096
common_voice_mvy_42403344.mp3	7740
common_voice_mvy_42437972.mp3	4536
common_voice_mvy_42364593.mp3	3708
common_voice_mvy_42382647.mp3	4608
common_voice_mvy_42376560.mp3	3348
common_voice_mvy_42180492.mp3	4896
common_voice_mvy_42585982.mp3	4716
common_voice_mvy_42395251.mp3	4320
common_voice_mvy_42059918.mp3	3528
common_voice_mvy_42007908.mp3	6228
common_voice_mvy_42376517.mp3	7200
common_voice_mvy_42393090.mp3	3888
common_voice_mvy_42081220.mp3	7200
common_voice_mvy_42369054.mp3	3600
common_voice_mvy_42362944.mp3	4860
common_voice_mvy_42376364.mp3	4248
common_voice_mvy_42393907.mp3	2988
common_voice_mvy_42074707.mp3	4716
common_voice_mvy_42556832.mp3	8856
common_voice_mvy_42375195.mp3	3960
common_voice_mvy_42055634.mp3	5328
common_voice_mvy_42388955.mp3	9756
common_voice_mvy_42346634.mp3	3600
common_voice_mvy_42377834.mp3	4248
common_voice_mvy_42361163.mp3	6408
common_voice_mvy_42377894.mp3	3168
common_voice_mvy_42412788.mp3	4140
common_voice_mvy_42007542.mp3	6516
common_voice_mvy_42378921.mp3	4500
common_voice_mvy_42056413.mp3	8820
common_voice_mvy_42092653.mp3	3636
common_voice_mvy_42363188.mp3	5616
common_voice_mvy_42394878.mp3	7740
common_voice_mvy_42064097.mp3	3168
common_voice_mvy_42368455.mp3	6588
common_voice_mvy_42403357.mp3	3528
common_voice_mvy_42076304.mp3	3924
common_voice_mvy_42370456.mp3	3888
common_voice_mvy_42367346.mp3	2988
common_voice_mvy_42547617.mp3	4320
common_voice_mvy_42053217.mp3	5256
common_voice_mvy_42074850.mp3	3924
common_voice_mvy_42397337.mp3	3780
common_voice_mvy_42008191.mp3	3996
common_voice_mvy_42361483.mp3	4140
common_voice_mvy_42023106.mp3	3528
common_voice_mvy_42384740.mp3	4500
common_voice_mvy_42575012.mp3	4356
common_voice_mvy_42076315.mp3	2808
common_voice_mvy_42063128.mp3	3636
common_voice_mvy_42394107.mp3	2916
common_voice_mvy_42369198.mp3	3816
common_voice_mvy_42008226.mp3	4896
common_voice_mvy_42021279.mp3	4608
common_voice_mvy_42008273.mp3	3888
common_voice_mvy_42007968.mp3	5688
common_voice_mvy_42520421.mp3	9468
common_voice_mvy_42380018.mp3	3600
common_voice_mvy_42363347.mp3	3528
common_voice_mvy_42414151.mp3	5508
common_voice_mvy_42348057.mp3	3348
common_voice_mvy_42024479.mp3	4788
common_voice_mvy_42547789.mp3	4140
common_voice_mvy_42076259.mp3	3636
common_voice_mvy_42375856.mp3	7308
common_voice_mvy_42405410.mp3	4140
common_voice_mvy_42011888.mp3	3456
common_voice_mvy_42557271.mp3	3096
common_voice_mvy_42370582.mp3	5400
common_voice_mvy_42403389.mp3	4428
common_voice_mvy_42396523.mp3	3528
common_voice_mvy_42089486.mp3	4608
common_voice_mvy_42552948.mp3	4968
common_voice_mvy_42043247.mp3	3960
common_voice_mvy_42393513.mp3	4320
common_voice_mvy_42397679.mp3	3348
common_voice_mvy_42008633.mp3	2700
common_voice_mvy_42180437.mp3	3348
common_voice_mvy_42391662.mp3	8316
common_voice_mvy_42365462.mp3	3528
common_voice_mvy_42395794.mp3	3780
common_voice_mvy_42011596.mp3	3528
common_voice_mvy_42376616.mp3	4860
common_voice_mvy_42376698.mp3	3960
common_voice_mvy_42067021.mp3	4176
common_voice_mvy_42064315.mp3	3816
common_voice_mvy_42557793.mp3	5616
common_voice_mvy_42074892.mp3	3708
common_voice_mvy_42360667.mp3	3276
common_voice_mvy_42585972.mp3	4608
common_voice_mvy_42363184.mp3	3708
common_voice_mvy_42347263.mp3	4860
common_voice_mvy_42393905.mp3	3060
common_voice_mvy_42074668.mp3	5220
common_voice_mvy_42397594.mp3	3096
common_voice_mvy_42124341.mp3	4608
common_voice_mvy_42097858.mp3	6480
common_voice_mvy_42346486.mp3	4068
common_voice_mvy_42079645.mp3	3600
common_voice_mvy_42385643.mp3	4248
common_voice_mvy_42348470.mp3	5256
common_voice_mvy_42079954.mp3	4716
common_voice_mvy_42079134.mp3	8388
common_voice_mvy_42396522.mp3	5220
common_voice_mvy_42080863.mp3	3528
common_voice_mvy_42406558.mp3	4536
common_voice_mvy_42545125.mp3	3780
common_voice_mvy_42064736.mp3	2556
common_voice_mvy_42055821.mp3	4716
common_voice_mvy_42560091.mp3	4896
common_voice_mvy_42093200.mp3	5868
common_voice_mvy_42085577.mp3	5508
common_voice_mvy_42066856.mp3	4356
common_voice_mvy_42042330.mp3	5976
common_voice_mvy_42050267.mp3	10440
common_voice_mvy_42077297.mp3	5688
common_voice_mvy_42096221.mp3	5220
common_voice_mvy_42414357.mp3	4896
common_voice_mvy_42413767.mp3	3888
common_voice_mvy_42383299.mp3	3240
common_voice_mvy_42362925.mp3	4896
common_voice_mvy_42348883.mp3	4896
common_voice_mvy_42384935.mp3	6300
common_voice_mvy_42360495.mp3	3456
common_voice_mvy_42072939.mp3	5040
common_voice_mvy_42390741.mp3	3420
common_voice_mvy_42010404.mp3	5220
common_voice_mvy_42067288.mp3	5688
common_voice_mvy_42520335.mp3	4860
common_voice_mvy_42361224.mp3	3636
common_voice_mvy_42080207.mp3	3096
common_voice_mvy_42397526.mp3	3528
common_voice_mvy_42055434.mp3	5688
common_voice_mvy_42345995.mp3	2700
common_voice_mvy_42064734.mp3	4608
common_voice_mvy_42390830.mp3	4248
common_voice_mvy_42365453.mp3	9576
common_voice_mvy_42089426.mp3	3528
common_voice_mvy_42532257.mp3	3096
common_voice_mvy_42373991.mp3	6300
common_voice_mvy_42012102.mp3	3996
common_voice_mvy_42397687.mp3	3600
common_voice_mvy_42063800.mp3	9828
common_voice_mvy_42055667.mp3	5148
common_voice_mvy_42390776.mp3	3708
common_voice_mvy_42421686.mp3	4968
common_voice_mvy_42368960.mp3	4356
common_voice_mvy_42515050.mp3	5508
common_voice_mvy_42379229.mp3	5436
common_voice_mvy_42350124.mp3	3456
common_voice_mvy_42382747.mp3	6048
common_voice_mvy_42393442.mp3	4176
common_voice_mvy_42066839.mp3	3888
common_voice_mvy_42063678.mp3	4536
common_voice_mvy_42397757.mp3	2736
common_voice_mvy_42021663.mp3	3888
common_voice_mvy_42078632.mp3	4608
common_voice_mvy_42050290.mp3	4428
common_voice_mvy_42042847.mp3	8100
common_voice_mvy_42546235.mp3	5976
common_voice_mvy_42085547.mp3	3276
common_voice_mvy_42008416.mp3	4176
common_voice_mvy_42073822.mp3	4248
common_voice_mvy_42362490.mp3	3348
common_voice_mvy_42376426.mp3	4788
common_voice_mvy_42394250.mp3	4356
common_voice_mvy_42197484.mp3	3780
common_voice_mvy_42065902.mp3	2376
common_voice_mvy_42063950.mp3	7776
common_voice_mvy_42346994.mp3	5508
common_voice_mvy_42381268.mp3	3348
common_voice_mvy_42397435.mp3	3240
common_voice_mvy_42361895.mp3	3348
common_voice_mvy_42383251.mp3	3456
common_voice_mvy_42021112.mp3	6696
common_voice_mvy_42410295.mp3	5508
common_voice_mvy_42451861.mp3	3888
common_voice_mvy_42074926.mp3	7740
common_voice_mvy_42078861.mp3	5904
common_voice_mvy_42360453.mp3	6768
common_voice_mvy_42369196.mp3	3780
common_voice_mvy_42394309.mp3	3708
common_voice_mvy_42396248.mp3	4896
common_voice_mvy_42395889.mp3	5616
common_voice_mvy_42556811.mp3	4680
common_voice_mvy_42370201.mp3	4140
common_voice_mvy_42079879.mp3	5580
common_voice_mvy_42060780.mp3	3888
common_voice_mvy_42080206.mp3	3600
common_voice_mvy_42368966.mp3	4788
common_voice_mvy_42089395.mp3	8928
common_voice_mvy_42397871.mp3	5400
common_voice_mvy_42386096.mp3	6480
common_voice_mvy_42414370.mp3	5436
common_voice_mvy_42042535.mp3	7380
common_voice_mvy_42080445.mp3	2340
common_voice_mvy_42014991.mp3	3708
common_voice_mvy_42520355.mp3	5040
common_voice_mvy_42370205.mp3	4896
common_voice_mvy_42397321.mp3	4068
common_voice_mvy_42365769.mp3	6408
common_voice_mvy_42060484.mp3	4608
common_voice_mvy_42375744.mp3	3060
common_voice_mvy_42077336.mp3	2628
common_voice_mvy_42080769.mp3	3420
common_voice_mvy_42361834.mp3	4140
common_voice_mvy_42080773.mp3	3168
common_voice_mvy_42021332.mp3	3420
common_voice_mvy_42403837.mp3	3600
common_voice_mvy_42053517.mp3	3276
common_voice_mvy_42011781.mp3	8388
common_voice_mvy_42373478.mp3	4536
common_voice_mvy_42073814.mp3	4176
common_voice_mvy_42393441.mp3	4500
common_voice_mvy_42053527.mp3	5436
common_voice_mvy_42556874.mp3	6336
common_voice_mvy_42012201.mp3	4716
common_voice_mvy_42042918.mp3	5220
common_voice_mvy_42346871.mp3	4248
common_voice_mvy_42078621.mp3	4356
common_voice_mvy_42374271.mp3	3600
common_voice_mvy_42547629.mp3	5400
common_voice_mvy_42007569.mp3	4536
common_voice_mvy_42021597.mp3	4176
common_voice_mvy_42080464.mp3	3276
common_voice_mvy_42074843.mp3	2808
common_voice_mvy_42413583.mp3	2988
common_voice_mvy_42515031.mp3	5076
common_voice_mvy_42365819.mp3	3996
common_voice_mvy_42072365.mp3	3276
common_voice_mvy_42053030.mp3	7956
common_voice_mvy_42350658.mp3	3060
common_voice_mvy_42093084.mp3	4680
common_voice_mvy_48992962.mp3	3600
common_voice_mvy_42346837.mp3	2988
common_voice_mvy_42008631.mp3	4968
common_voice_mvy_42393449.mp3	5868
common_voice_mvy_42013078.mp3	7560
common_voice_mvy_42347259.mp3	6048
common_voice_mvy_42357161.mp3	3996
common_voice_mvy_42369099.mp3	3816
common_voice_mvy_42180378.mp3	3960
common_voice_mvy_42397851.mp3	4320
common_voice_mvy_42346427.mp3	3888
common_voice_mvy_42052741.mp3	3960
common_voice_mvy_42363162.mp3	5868
common_voice_mvy_42014992.mp3	6840
common_voice_mvy_42346998.mp3	3456
common_voice_mvy_42520384.mp3	4536
common_voice_mvy_42064220.mp3	6696
common_voice_mvy_42370093.mp3	3708
common_voice_mvy_42383607.mp3	9828
common_voice_mvy_42389721.mp3	4428
common_voice_mvy_42396098.mp3	4896
common_voice_mvy_42384111.mp3	3960
common_voice_mvy_42373835.mp3	4248
common_voice_mvy_42063795.mp3	7416
common_voice_mvy_42451901.mp3	3960
common_voice_mvy_42376604.mp3	3780
common_voice_mvy_42363651.mp3	5040
common_voice_mvy_42346838.mp3	3096
common_voice_mvy_42007910.mp3	9216
common_voice_mvy_42351231.mp3	3888
common_voice_mvy_42363921.mp3	3348
common_voice_mvy_42064227.mp3	4068
common_voice_mvy_42392035.mp3	4176
common_voice_mvy_42395345.mp3	3708
common_voice_mvy_42604461.mp3	4788
common_voice_mvy_42395701.mp3	3996
common_voice_mvy_42389717.mp3	6300
common_voice_mvy_42375759.mp3	6840
common_voice_mvy_42363869.mp3	4608
common_voice_mvy_42383593.mp3	3096
common_voice_mvy_42393775.mp3	2700
common_voice_mvy_42348877.mp3	3708
common_voice_mvy_42381220.mp3	4068
common_voice_mvy_42414462.mp3	6660
common_voice_mvy_42064087.mp3	5688
common_voice_mvy_42380390.mp3	6300
common_voice_mvy_42013070.mp3	3060
common_voice_mvy_42351970.mp3	6048
common_voice_mvy_42180440.mp3	3456
common_voice_mvy_42365008.mp3	5436
common_voice_mvy_42375870.mp3	6840
common_voice_mvy_42368903.mp3	3456
common_voice_mvy_42010196.mp3	3636
common_voice_mvy_42367447.mp3	4896
common_voice_mvy_42374266.mp3	3420
common_voice_mvy_42383558.mp3	4536
common_voice_mvy_42006659.mp3	3420
common_voice_mvy_42180463.mp3	3528
common_voice_mvy_42053038.mp3	5220
common_voice_mvy_42008649.mp3	5760
common_voice_mvy_42384007.mp3	2808
common_voice_mvy_42080428.mp3	3960
common_voice_mvy_42007937.mp3	3888
common_voice_mvy_42397662.mp3	7668
common_voice_mvy_42391866.mp3	1980
common_voice_mvy_42363654.mp3	6480
common_voice_mvy_42428155.mp3	7668
common_voice_mvy_42414987.mp3	5580
common_voice_mvy_42053219.mp3	3816
common_voice_mvy_42392995.mp3	3420
common_voice_mvy_42379156.mp3	4248
common_voice_mvy_42360402.mp3	5148
common_voice_mvy_42042142.mp3	5580
common_voice_mvy_42413635.mp3	3348
common_voice_mvy_42080774.mp3	6480
common_voice_mvy_42074890.mp3	4464
common_voice_mvy_42567950.mp3	5076
common_voice_mvy_42438120.mp3	4968
common_voice_mvy_42064819.mp3	3600
common_voice_mvy_42386072.mp3	7380
common_voice_mvy_42043227.mp3	4896
common_voice_mvy_42383883.mp3	6336
common_voice_mvy_42010380.mp3	4140
common_voice_mvy_42403100.mp3	6156
common_voice_mvy_42391551.mp3	3096
common_voice_mvy_42373972.mp3	4140
common_voice_mvy_42079674.mp3	5580
common_voice_mvy_42369226.mp3	5508
common_voice_mvy_42391131.mp3	4428
common_voice_mvy_42394929.mp3	2520
common_voice_mvy_42370151.mp3	4680
common_voice_mvy_42370025.mp3	4968
common_voice_mvy_42386037.mp3	3348
common_voice_mvy_42363489.mp3	5940
common_voice_mvy_42075696.mp3	3492
common_voice_mvy_42063026.mp3	2736
common_voice_mvy_42089224.mp3	5328
common_voice_mvy_42023164.mp3	6048
common_voice_mvy_42067019.mp3	4140
common_voice_mvy_42595023.mp3	4536
common_voice_mvy_42080086.mp3	7308
common_voice_mvy_42351879.mp3	4500
common_voice_mvy_42075766.mp3	3420
common_voice_mvy_42557200.mp3	3816
common_voice_mvy_42061253.mp3	4284
common_voice_mvy_42079646.mp3	4176
common_voice_mvy_42080287.mp3	3456
common_voice_mvy_42391943.mp3	3564
common_voice_mvy_42351672.mp3	7668
common_voice_mvy_42007371.mp3	6480
common_voice_mvy_42347606.mp3	4140
common_voice_mvy_42346471.mp3	3816
common_voice_mvy_42006521.mp3	3960
common_voice_mvy_42007801.mp3	11700
common_voice_mvy_42365558.mp3	7380
common_voice_mvy_42060383.mp3	5436
common_voice_mvy_42376602.mp3	3960
common_voice_mvy_42573234.mp3	5148
common_voice_mvy_42376395.mp3	6048
common_voice_mvy_42380878.mp3	4428
common_voice_mvy_42379937.mp3	3456
common_voice_mvy_42396264.mp3	5760
common_voice_mvy_42010477.mp3	2916
common_voice_mvy_42024830.mp3	3816
common_voice_mvy_42060798.mp3	5976
common_voice_mvy_42376385.mp3	4500
common_voice_mvy_42347325.mp3	5508
common_voice_mvy_42089327.mp3	4680
common_voice_mvy_42396171.mp3	4500
common_voice_mvy_42429406.mp3	6156
common_voice_mvy_42074956.mp3	4068
common_voice_mvy_42370668.mp3	4356
common_voice_mvy_42438117.mp3	5220
common_voice_mvy_42370235.mp3	3636
common_voice_mvy_42393828.mp3	3240
common_voice_mvy_42397578.mp3	7380
common_voice_mvy_42363900.mp3	3528
common_voice_mvy_42065941.mp3	3168
common_voice_mvy_42387772.mp3	4500
common_voice_mvy_42393985.mp3	3456
common_voice_mvy_42370371.mp3	3636
common_voice_mvy_42361196.mp3	4788
common_voice_mvy_42345945.mp3	5148
common_voice_mvy_42011339.mp3	5976
common_voice_mvy_42392962.mp3	5508
common_voice_mvy_42078600.mp3	3636
common_voice_mvy_42084105.mp3	3996
common_voice_mvy_42080792.mp3	5616
common_voice_mvy_42556900.mp3	7056
common_voice_mvy_42378922.mp3	3996
common_voice_mvy_42370240.mp3	3600
common_voice_mvy_42380445.mp3	3420
common_voice_mvy_42024848.mp3	4140
common_voice_mvy_42387942.mp3	4248
common_voice_mvy_42063048.mp3	7956
common_voice_mvy_42388255.mp3	4536
common_voice_mvy_42364234.mp3	3600
common_voice_mvy_42395148.mp3	2988
common_voice_mvy_42360087.mp3	4428
common_voice_mvy_42376593.mp3	3420
common_voice_mvy_42380229.mp3	3168
common_voice_mvy_42363215.mp3	3528
common_voice_mvy_42376465.mp3	4608
common_voice_mvy_42365352.mp3	6876
common_voice_mvy_42089375.mp3	5328
common_voice_mvy_42360638.mp3	5040
common_voice_mvy_42397054.mp3	3600
common_voice_mvy_42349820.mp3	3420
common_voice_mvy_42097889.mp3	4248
common_voice_mvy_42376338.mp3	3276
common_voice_mvy_42377924.mp3	5868
common_voice_mvy_42081254.mp3	4680
common_voice_mvy_42382249.mp3	4068
common_voice_mvy_42347726.mp3	2808
common_voice_mvy_42079632.mp3	3276
common_voice_mvy_42365157.mp3	4860
common_voice_mvy_42368829.mp3	2988
common_voice_mvy_42379195.mp3	4860
common_voice_mvy_42380700.mp3	7848
common_voice_mvy_42398319.mp3	3240
common_voice_mvy_42350642.mp3	2520
common_voice_mvy_42370650.mp3	2988
common_voice_mvy_42080116.mp3	3384
common_voice_mvy_42009966.mp3	3996
common_voice_mvy_42395358.mp3	3960
common_voice_mvy_42124328.mp3	2700
common_voice_mvy_42393697.mp3	2880
common_voice_mvy_42367329.mp3	3780
common_voice_mvy_42024437.mp3	5508
common_voice_mvy_42351428.mp3	2880
common_voice_mvy_42363842.mp3	5328
common_voice_mvy_42515053.mp3	3348
common_voice_mvy_42552936.mp3	4680
common_voice_mvy_42374130.mp3	4860
common_voice_mvy_42396027.mp3	4068
common_voice_mvy_42060960.mp3	4680
common_voice_mvy_42380633.mp3	4716
common_voice_mvy_42093001.mp3	4608
common_voice_mvy_42375961.mp3	4248
common_voice_mvy_42079403.mp3	4716
common_voice_mvy_42085232.mp3	2916
common_voice_mvy_42079697.mp3	4680
common_voice_mvy_42042170.mp3	4536
common_voice_mvy_42368438.mp3	4896
common_voice_mvy_42092857.mp3	9000
common_voice_mvy_42390104.mp3	3816
common_voice_mvy_42388908.mp3	6516
common_voice_mvy_42084808.mp3	3816
common_voice_mvy_42356853.mp3	4788
common_voice_mvy_42083976.mp3	8748
common_voice_mvy_42062230.mp3	3672
common_voice_mvy_42429394.mp3	3528
common_voice_mvy_42079838.mp3	4032
common_voice_mvy_42397262.mp3	6300
common_voice_mvy_42055376.mp3	3888
common_voice_mvy_42381255.mp3	3960
common_voice_mvy_42367234.mp3	5508
common_voice_mvy_42392148.mp3	3024
common_voice_mvy_42392963.mp3	3348
common_voice_mvy_42078978.mp3	9108
common_voice_mvy_42080509.mp3	5508
common_voice_mvy_42357680.mp3	7740
common_voice_mvy_42396809.mp3	4860
common_voice_mvy_42386075.mp3	4608
common_voice_mvy_42008409.mp3	3240
common_voice_mvy_42007204.mp3	2916
common_voice_mvy_42413309.mp3	3816
common_voice_mvy_42387940.mp3	4680
common_voice_mvy_42413349.mp3	5436
common_voice_mvy_42060861.mp3	3636
common_voice_mvy_42367758.mp3	6660
common_voice_mvy_42367884.mp3	4860
common_voice_mvy_42007045.mp3	4716
common_voice_mvy_42395741.mp3	2988
common_voice_mvy_42089501.mp3	6588
common_voice_mvy_42367500.mp3	9288
common_voice_mvy_42079430.mp3	8856
common_voice_mvy_42366533.mp3	5436
common_voice_mvy_42375657.mp3	4356
common_voice_mvy_42367828.mp3	5436
common_voice_mvy_42347327.mp3	6300
common_voice_mvy_42088798.mp3	4248
common_voice_mvy_42395036.mp3	3420
common_voice_mvy_42376586.mp3	4356
common_voice_mvy_42352164.mp3	5796
common_voice_mvy_42547633.mp3	4176
common_voice_mvy_42073804.mp3	5580
common_voice_mvy_42079394.mp3	2988
common_voice_mvy_42373878.mp3	4716
common_voice_mvy_42374329.mp3	3996
common_voice_mvy_42180408.mp3	4140
common_voice_mvy_42052972.mp3	4536
common_voice_mvy_42397469.mp3	3708
common_voice_mvy_42008328.mp3	3888
common_voice_mvy_42064260.mp3	3960
common_voice_mvy_42361717.mp3	9180
common_voice_mvy_42007794.mp3	4500
common_voice_mvy_42361493.mp3	4500
common_voice_mvy_42383515.mp3	8208
common_voice_mvy_42008139.mp3	7416
common_voice_mvy_42478915.mp3	4788
common_voice_mvy_42079916.mp3	2988
common_voice_mvy_42413291.mp3	4788
common_voice_mvy_42362449.mp3	6768
common_voice_mvy_42080352.mp3	3528
common_voice_mvy_42357837.mp3	7056
common_voice_mvy_42389419.mp3	5868
common_voice_mvy_42550609.mp3	3060
common_voice_mvy_42368858.mp3	4428
common_voice_mvy_42367521.mp3	4716
common_voice_mvy_42364867.mp3	3780
common_voice_mvy_42370013.mp3	4428
common_voice_mvy_42349926.mp3	3600
common_voice_mvy_42085563.mp3	4536
common_voice_mvy_42351168.mp3	6696
common_voice_mvy_42358477.mp3	7200
common_voice_mvy_42361223.mp3	7848
common_voice_mvy_42363850.mp3	3528
common_voice_mvy_42363426.mp3	5688
common_voice_mvy_42043300.mp3	4320
common_voice_mvy_42398282.mp3	4716
common_voice_mvy_42370174.mp3	2808
common_voice_mvy_42391942.mp3	3744
common_voice_mvy_42370389.mp3	3816
common_voice_mvy_42363482.mp3	3996
common_voice_mvy_42397500.mp3	4788
common_voice_mvy_42079946.mp3	3528
common_voice_mvy_42081582.mp3	7596
common_voice_mvy_42351557.mp3	5436
common_voice_mvy_42042870.mp3	4968
common_voice_mvy_42345878.mp3	3636
common_voice_mvy_42080032.mp3	3600
common_voice_mvy_42397376.mp3	7380
common_voice_mvy_42364143.mp3	4500
common_voice_mvy_42079109.mp3	4608
common_voice_mvy_42024398.mp3	9036
common_voice_mvy_42392855.mp3	2628
common_voice_mvy_42078769.mp3	3168
common_voice_mvy_42348141.mp3	3060
common_voice_mvy_42379975.mp3	7308
common_voice_mvy_42360755.mp3	4860
common_voice_mvy_42397305.mp3	5580
common_voice_mvy_42363389.mp3	4068
common_voice_mvy_42010177.mp3	4176
common_voice_mvy_42412753.mp3	4068
common_voice_mvy_42391042.mp3	1836
common_voice_mvy_42397942.mp3	2376
common_voice_mvy_42079074.mp3	2376
common_voice_mvy_42007715.mp3	4428
common_voice_mvy_42013093.mp3	2916
common_voice_mvy_42130516.mp3	8928
common_voice_mvy_42393240.mp3	3780
common_voice_mvy_42361904.mp3	6840
common_voice_mvy_42375483.mp3	5436
common_voice_mvy_42383413.mp3	7308
common_voice_mvy_42056772.mp3	4896
common_voice_mvy_42073819.mp3	6840
common_voice_mvy_42093056.mp3	6588
common_voice_mvy_42384112.mp3	3240
common_voice_mvy_42008403.mp3	3096
common_voice_mvy_42478882.mp3	9216
common_voice_mvy_42396512.mp3	6336
common_voice_mvy_42392058.mp3	3528
common_voice_mvy_42080333.mp3	3276
common_voice_mvy_42560157.mp3	4608
common_voice_mvy_42385707.mp3	3888
common_voice_mvy_42390668.mp3	3060
common_voice_mvy_42547833.mp3	3708
common_voice_mvy_42080462.mp3	4896
common_voice_mvy_42012655.mp3	3636
common_voice_mvy_42351407.mp3	3096
common_voice_mvy_42364295.mp3	4680
common_voice_mvy_42362939.mp3	7308
common_voice_mvy_42366547.mp3	5040
common_voice_mvy_42213365.mp3	6480
common_voice_mvy_42364808.mp3	7308
common_voice_mvy_42392450.mp3	4536
common_voice_mvy_42390716.mp3	6048
common_voice_mvy_42057387.mp3	5256
common_voice_mvy_42387883.mp3	4788
common_voice_mvy_42348326.mp3	3420
common_voice_mvy_42393795.mp3	2376
common_voice_mvy_42393527.mp3	4320
common_voice_mvy_42546256.mp3	5616
common_voice_mvy_42414443.mp3	4428
common_voice_mvy_42382459.mp3	3528
common_voice_mvy_42360639.mp3	4860
common_voice_mvy_42363566.mp3	5256
common_voice_mvy_42397062.mp3	5328
common_voice_mvy_42384605.mp3	5256
common_voice_mvy_42370187.mp3	4140
common_voice_mvy_42706542.mp3	3708
common_voice_mvy_42368525.mp3	5040
common_voice_mvy_42380570.mp3	6048
common_voice_mvy_42383818.mp3	3636
common_voice_mvy_42604444.mp3	4248
common_voice_mvy_42089511.mp3	2808
common_voice_mvy_42080271.mp3	9000
common_voice_mvy_42011843.mp3	5580
common_voice_mvy_42366915.mp3	5436
common_voice_mvy_42012193.mp3	2916
common_voice_mvy_42384887.mp3	3528
common_voice_mvy_42368681.mp3	5760
common_voice_mvy_42393486.mp3	2916
common_voice_mvy_42079923.mp3	7128
common_voice_mvy_42348688.mp3	2808
common_voice_mvy_42375566.mp3	4896
common_voice_mvy_42130423.mp3	5256
common_voice_mvy_42376585.mp3	5976
common_voice_mvy_42072972.mp3	4356
common_voice_mvy_42438286.mp3	6840
common_voice_mvy_42384623.mp3	3996
common_voice_mvy_42520337.mp3	5076
common_voice_mvy_42093115.mp3	5148
common_voice_mvy_42422465.mp3	4176
common_voice_mvy_42084725.mp3	4068
common_voice_mvy_42053027.mp3	3960
common_voice_mvy_42024552.mp3	9360
common_voice_mvy_42376678.mp3	3528
common_voice_mvy_42064149.mp3	7056
common_voice_mvy_42357814.mp3	4248
common_voice_mvy_42350706.mp3	3996
common_voice_mvy_42451899.mp3	4320
common_voice_mvy_42364198.mp3	4608
common_voice_mvy_42011265.mp3	4536
common_voice_mvy_42008443.mp3	3780
common_voice_mvy_42079525.mp3	4500
common_voice_mvy_42052707.mp3	4320
common_voice_mvy_42064235.mp3	9360
common_voice_mvy_42363047.mp3	7020
common_voice_mvy_42390828.mp3	3420
common_voice_mvy_42064751.mp3	2700
common_voice_mvy_42213684.mp3	11196
common_voice_mvy_42361321.mp3	5148
common_voice_mvy_42413764.mp3	3600
common_voice_mvy_42384032.mp3	3096
common_voice_mvy_42363757.mp3	4176
common_voice_mvy_42076273.mp3	2520
common_voice_mvy_42061308.mp3	2376
common_voice_mvy_42363606.mp3	4140
common_voice_mvy_42078822.mp3	3672
common_voice_mvy_42093002.mp3	7956
common_voice_mvy_42347106.mp3	3780
common_voice_mvy_42075597.mp3	10476
common_voice_mvy_42414475.mp3	3636
common_voice_mvy_42062762.mp3	8820
common_voice_mvy_42093102.mp3	4356
common_voice_mvy_42533306.mp3	4680
common_voice_mvy_42365307.mp3	7668
common_voice_mvy_42375472.mp3	6768
common_voice_mvy_42079653.mp3	2448
common_voice_mvy_42065727.mp3	3708
common_voice_mvy_42396441.mp3	4608
common_voice_mvy_42515030.mp3	3816
common_voice_mvy_42080295.mp3	7488
common_voice_mvy_42007279.mp3	4176
common_voice_mvy_42079468.mp3	6516
common_voice_mvy_42053523.mp3	4608
common_voice_mvy_42363457.mp3	3960
common_voice_mvy_42388895.mp3	3276
common_voice_mvy_42533365.mp3	5040
common_voice_mvy_42072278.mp3	5040
common_voice_mvy_42361523.mp3	3168
common_voice_mvy_42390655.mp3	3276
common_voice_mvy_42396144.mp3	3708
common_voice_mvy_42348973.mp3	3960
common_voice_mvy_42079236.mp3	4788
common_voice_mvy_42072356.mp3	4248
common_voice_mvy_42063721.mp3	6408
common_voice_mvy_42410283.mp3	3708
common_voice_mvy_42568143.mp3	6588
common_voice_mvy_42042263.mp3	4428
common_voice_mvy_42394737.mp3	3960
common_voice_mvy_42363856.mp3	6228
common_voice_mvy_42365556.mp3	3600
common_voice_mvy_42392852.mp3	3240
common_voice_mvy_42373665.mp3	6516
common_voice_mvy_42394121.mp3	5688
common_voice_mvy_42391920.mp3	4500
common_voice_mvy_42347427.mp3	5328
common_voice_mvy_42386521.mp3	3960
common_voice_mvy_42556765.mp3	4896
common_voice_mvy_42551692.mp3	4788
common_voice_mvy_42556899.mp3	4968
common_voice_mvy_42349621.mp3	3996
common_voice_mvy_42394496.mp3	3888
common_voice_mvy_42403430.mp3	4140
common_voice_mvy_42380724.mp3	4320
common_voice_mvy_42053025.mp3	5076
common_voice_mvy_42363655.mp3	7848
common_voice_mvy_42351706.mp3	4428
common_voice_mvy_42064836.mp3	3240
common_voice_mvy_42350731.mp3	3240
common_voice_mvy_42089216.mp3	4896
common_voice_mvy_42376326.mp3	4356
common_voice_mvy_42348512.mp3	4896
common_voice_mvy_42059856.mp3	3708
common_voice_mvy_42363253.mp3	5220
common_voice_mvy_42085267.mp3	5040
common_voice_mvy_42391957.mp3	3348
common_voice_mvy_42360696.mp3	4176
common_voice_mvy_42380897.mp3	3780
common_voice_mvy_42351163.mp3	3528
common_voice_mvy_42414622.mp3	3060
common_voice_mvy_42351422.mp3	3996
common_voice_mvy_42351749.mp3	5040
common_voice_mvy_42067286.mp3	2988
common_voice_mvy_42364351.mp3	2808
common_voice_mvy_42347236.mp3	6336
common_voice_mvy_42376408.mp3	6120
common_voice_mvy_42557207.mp3	7416
common_voice_mvy_42364035.mp3	4500
common_voice_mvy_42370628.mp3	3096
common_voice_mvy_42021282.mp3	4356
common_voice_mvy_42392575.mp3	3888
common_voice_mvy_42062805.mp3	8136
common_voice_mvy_42515074.mp3	4068
common_voice_mvy_42520370.mp3	4248
common_voice_mvy_42079706.mp3	3888
common_voice_mvy_42363868.mp3	6768
common_voice_mvy_42073012.mp3	5436
common_voice_mvy_42060465.mp3	2988
common_voice_mvy_42011140.mp3	5256
common_voice_mvy_42363661.mp3	4500
common_voice_mvy_42373848.mp3	3168
common_voice_mvy_42376369.mp3	2736
common_voice_mvy_42370370.mp3	4536
common_voice_mvy_42011144.mp3	4788
common_voice_mvy_42361489.mp3	4536
common_voice_mvy_42006662.mp3	3636
common_voice_mvy_42396083.mp3	4356
common_voice_mvy_42374200.mp3	3600
common_voice_mvy_42415165.mp3	4140
common_voice_mvy_42362467.mp3	11376
common_voice_mvy_42347429.mp3	6156
common_voice_mvy_42075697.mp3	4140
common_voice_mvy_42373609.mp3	4608
common_voice_mvy_42060405.mp3	4716
common_voice_mvy_42370060.mp3	5868
common_voice_mvy_42384100.mp3	4356
common_voice_mvy_42396514.mp3	3708
common_voice_mvy_42060416.mp3	5400
common_voice_mvy_42011735.mp3	4176
common_voice_mvy_42386098.mp3	4068
common_voice_mvy_42363272.mp3	5760
common_voice_mvy_42363300.mp3	8496
common_voice_mvy_42008566.mp3	6768
common_voice_mvy_42377647.mp3	4176
common_voice_mvy_42438287.mp3	3960
common_voice_mvy_42366829.mp3	6120
common_voice_mvy_42063679.mp3	3636
common_voice_mvy_42386107.mp3	7740
common_voice_mvy_42361906.mp3	5868
common_voice_mvy_42362945.mp3	4896
common_voice_mvy_42067059.mp3	6228
common_voice_mvy_42063753.mp3	7308
common_voice_mvy_42413085.mp3	5040
common_voice_mvy_42375594.mp3	3636
common_voice_mvy_42357196.mp3	3528
common_voice_mvy_42383859.mp3	2808
common_voice_mvy_42350277.mp3	4608
common_voice_mvy_42377812.mp3	4968
common_voice_mvy_42062800.mp3	5256
common_voice_mvy_42021465.mp3	6120
common_voice_mvy_42011240.mp3	3276
common_voice_mvy_42067328.mp3	6228
common_voice_mvy_42396147.mp3	8100
common_voice_mvy_42392943.mp3	2880
common_voice_mvy_42060260.mp3	5040
common_voice_mvy_42363406.mp3	4896
common_voice_mvy_42078858.mp3	5940
common_voice_mvy_42363648.mp3	4860
common_voice_mvy_42392993.mp3	4356
common_voice_mvy_42063639.mp3	8856
common_voice_mvy_42396453.mp3	3996
common_voice_mvy_42079680.mp3	3600
common_voice_mvy_42395915.mp3	4428
common_voice_mvy_42349858.mp3	4860
common_voice_mvy_42379850.mp3	5508
common_voice_mvy_42376445.mp3	5868
common_voice_mvy_42062987.mp3	5220
common_voice_mvy_42392144.mp3	4392
common_voice_mvy_42348764.mp3	3600
common_voice_mvy_42381003.mp3	4068
common_voice_mvy_42361677.mp3	6696
common_voice_mvy_42348107.mp3	3996
common_voice_mvy_42391153.mp3	2880
common_voice_mvy_42015042.mp3	10656
common_voice_mvy_42364765.mp3	5760
common_voice_mvy_42413656.mp3	3168
common_voice_mvy_42418724.mp3	5580
common_voice_mvy_42515116.mp3	3888
common_voice_mvy_42042309.mp3	4428
common_voice_mvy_42415010.mp3	4896
common_voice_mvy_42376392.mp3	4248
common_voice_mvy_42055638.mp3	5436
common_voice_mvy_42361130.mp3	4680
common_voice_mvy_42080699.mp3	4500
common_voice_mvy_42011856.mp3	3456
common_voice_mvy_42351012.mp3	5400
common_voice_mvy_42604468.mp3	4968
common_voice_mvy_42080033.mp3	6336
common_voice_mvy_42360297.mp3	3636
common_voice_mvy_42008437.mp3	6696
common_voice_mvy_42378550.mp3	5400
common_voice_mvy_42264490.mp3	3420
common_voice_mvy_42061307.mp3	4680
common_voice_mvy_42363470.mp3	4068
common_voice_mvy_42180500.mp3	3348
common_voice_mvy_42021154.mp3	3600
common_voice_mvy_42078623.mp3	3636
common_voice_mvy_42367135.mp3	4716
common_voice_mvy_42546236.mp3	6228
common_voice_mvy_42547529.mp3	2916
common_voice_mvy_42351740.mp3	3996
common_voice_mvy_42350730.mp3	5328
common_voice_mvy_42364603.mp3	3996
common_voice_mvy_42010541.mp3	5256
common_voice_mvy_42392914.mp3	2556
common_voice_mvy_42008214.mp3	3276
common_voice_mvy_42375960.mp3	2736
common_voice_mvy_42055394.mp3	5580
common_voice_mvy_42360224.mp3	4788
common_voice_mvy_42381085.mp3	7488
common_voice_mvy_42006630.mp3	4248
common_voice_mvy_42595016.mp3	4680
common_voice_mvy_42414250.mp3	2880
common_voice_mvy_42376458.mp3	5328
common_voice_mvy_42078977.mp3	4968
common_voice_mvy_42395683.mp3	3168
common_voice_mvy_42093219.mp3	4860
common_voice_mvy_42063757.mp3	4608
common_voice_mvy_42394123.mp3	3708
common_voice_mvy_42380791.mp3	6336
common_voice_mvy_42080879.mp3	8568
common_voice_mvy_42080429.mp3	3456
common_voice_mvy_42387839.mp3	4140
common_voice_mvy_42352015.mp3	3996
common_voice_mvy_42374326.mp3	3276
common_voice_mvy_42370127.mp3	5508
common_voice_mvy_42454040.mp3	3456
common_voice_mvy_42124224.mp3	6480
common_voice_mvy_42414246.mp3	3600
common_voice_mvy_42053532.mp3	5220
common_voice_mvy_42053064.mp3	4968
common_voice_mvy_42007585.mp3	4860
common_voice_mvy_42370184.mp3	3708
common_voice_mvy_42060272.mp3	7056
common_voice_mvy_42389223.mp3	5148
common_voice_mvy_42062277.mp3	4572
common_voice_mvy_42008746.mp3	5076
common_voice_mvy_42414166.mp3	5436
common_voice_mvy_42382707.mp3	7128
common_voice_mvy_42363039.mp3	6156
common_voice_mvy_42363179.mp3	5508
common_voice_mvy_42350120.mp3	4788
common_voice_mvy_42393484.mp3	3888
common_voice_mvy_42085280.mp3	3168
common_voice_mvy_42347718.mp3	6516
common_voice_mvy_42365187.mp3	5796
common_voice_mvy_42396425.mp3	4716
common_voice_mvy_42392018.mp3	5220
common_voice_mvy_42124219.mp3	3708
common_voice_mvy_42374034.mp3	4500
common_voice_mvy_42370305.mp3	3420
common_voice_mvy_42080034.mp3	5076
common_voice_mvy_42053489.mp3	4680
common_voice_mvy_42348795.mp3	2916
common_voice_mvy_42011281.mp3	7200
common_voice_mvy_42397306.mp3	3816
common_voice_mvy_42383345.mp3	3600
common_voice_mvy_42077360.mp3	3456
common_voice_mvy_42007165.mp3	7236
common_voice_mvy_42392987.mp3	5796
common_voice_mvy_42393329.mp3	4176
common_voice_mvy_42395326.mp3	6768
common_voice_mvy_42385646.mp3	8496
common_voice_mvy_42348789.mp3	3456
common_voice_mvy_42008287.mp3	5256
common_voice_mvy_42397058.mp3	7020
common_voice_mvy_42079779.mp3	3060
common_voice_mvy_42356436.mp3	11196
common_voice_mvy_42074919.mp3	6336
common_voice_mvy_42363721.mp3	4716
common_voice_mvy_42077391.mp3	3420
common_voice_mvy_42398283.mp3	3240
common_voice_mvy_42557794.mp3	5148
common_voice_mvy_42376327.mp3	4608
common_voice_mvy_42376425.mp3	5328
common_voice_mvy_42080058.mp3	5868
common_voice_mvy_42414131.mp3	6300
common_voice_mvy_42363292.mp3	4896
common_voice_mvy_42364589.mp3	3996
common_voice_mvy_42080385.mp3	5616
common_voice_mvy_42393508.mp3	4536
common_voice_mvy_42370682.mp3	6300
common_voice_mvy_42380265.mp3	4788
common_voice_mvy_42349887.mp3	3240
common_voice_mvy_42351018.mp3	5436
common_voice_mvy_42368524.mp3	5616
common_voice_mvy_42396887.mp3	4068
common_voice_mvy_42545067.mp3	4968
common_voice_mvy_42376498.mp3	2448
common_voice_mvy_42052635.mp3	4068
common_voice_mvy_42351631.mp3	5220
common_voice_mvy_42386504.mp3	4248
common_voice_mvy_42079352.mp3	6048
common_voice_mvy_42356262.mp3	3168
common_voice_mvy_42080466.mp3	2016
common_voice_mvy_42560187.mp3	5976
common_voice_mvy_42055794.mp3	4320
common_voice_mvy_42367610.mp3	3888
common_voice_mvy_42073820.mp3	2340
common_voice_mvy_42357845.mp3	3708
common_voice_mvy_42368493.mp3	4428
common_voice_mvy_42079866.mp3	4248
common_voice_mvy_42405530.mp3	3600
common_voice_mvy_42363247.mp3	4500
common_voice_mvy_42365344.mp3	5760
common_voice_mvy_42414251.mp3	5220
common_voice_mvy_42376524.mp3	4140
common_voice_mvy_42010192.mp3	3888
common_voice_mvy_42547817.mp3	3528
common_voice_mvy_42079441.mp3	8388
common_voice_mvy_42363506.mp3	4896
common_voice_mvy_42350771.mp3	4788
common_voice_mvy_42361165.mp3	5400
common_voice_mvy_42074728.mp3	3924
common_voice_mvy_42063994.mp3	3276
common_voice_mvy_42395798.mp3	4428
common_voice_mvy_42042257.mp3	3636
common_voice_mvy_42392960.mp3	2628
common_voice_mvy_42053181.mp3	4356
common_voice_mvy_42413155.mp3	5976
common_voice_mvy_42084842.mp3	5400
common_voice_mvy_42395020.mp3	3780
common_voice_mvy_42366882.mp3	3528
common_voice_mvy_42415240.mp3	3276
common_voice_mvy_42394109.mp3	4788
common_voice_mvy_42367041.mp3	3276
common_voice_mvy_42056207.mp3	2988
common_voice_mvy_42080628.mp3	5220
common_voice_mvy_42345962.mp3	7920
common_voice_mvy_42067175.mp3	5256
common_voice_mvy_42547587.mp3	6120
common_voice_mvy_42387840.mp3	5148
common_voice_mvy_42560184.mp3	5400
common_voice_mvy_42056241.mp3	4320
common_voice_mvy_42373804.mp3	3276
common_voice_mvy_42078731.mp3	3240
common_voice_mvy_42079571.mp3	2016
common_voice_mvy_42413094.mp3	2988
common_voice_mvy_42646752.mp3	6588
common_voice_mvy_42097177.mp3	4248
common_voice_mvy_42086365.mp3	7596
common_voice_mvy_42356294.mp3	5076
common_voice_mvy_42362212.mp3	5256
common_voice_mvy_42074886.mp3	7056
common_voice_mvy_42362885.mp3	6840
common_voice_mvy_42062856.mp3	4176
common_voice_mvy_42348691.mp3	3960
common_voice_mvy_42369307.mp3	5940
common_voice_mvy_42363185.mp3	3996
common_voice_mvy_42394984.mp3	3348
common_voice_mvy_42383456.mp3	5148
common_voice_mvy_42351262.mp3	6300
common_voice_mvy_42556866.mp3	3600
common_voice_mvy_42478895.mp3	5688
common_voice_mvy_42089696.mp3	3240
common_voice_mvy_42042199.mp3	4500
common_voice_mvy_42347677.mp3	3456
common_voice_mvy_42391915.mp3	3816
common_voice_mvy_42350126.mp3	5040
common_voice_mvy_42392895.mp3	3168
common_voice_mvy_42454036.mp3	6156
common_voice_mvy_42063105.mp3	5940
common_voice_mvy_42383787.mp3	2988
common_voice_mvy_42042992.mp3	4716
common_voice_mvy_42076037.mp3	6300
common_voice_mvy_42361325.mp3	5400
common_voice_mvy_42351332.mp3	3276
common_voice_mvy_42092696.mp3	5688
common_voice_mvy_42346408.mp3	3636
common_voice_mvy_42545127.mp3	4680
common_voice_mvy_42396480.mp3	2808
common_voice_mvy_42366531.mp3	6516
common_voice_mvy_42063202.mp3	5400
common_voice_mvy_42367811.mp3	4068
common_voice_mvy_42007849.mp3	5616
common_voice_mvy_42546268.mp3	7668
common_voice_mvy_42385093.mp3	4320
common_voice_mvy_42346743.mp3	3096
common_voice_mvy_42557284.mp3	4068
common_voice_mvy_42363724.mp3	4716
common_voice_mvy_42370354.mp3	4536
common_voice_mvy_42363005.mp3	4608
common_voice_mvy_42024692.mp3	7668
common_voice_mvy_42006660.mp3	3600
common_voice_mvy_42078739.mp3	7560
common_voice_mvy_42350036.mp3	4068
common_voice_mvy_42006558.mp3	7128
common_voice_mvy_42370229.mp3	2916
common_voice_mvy_42060059.mp3	5076
common_voice_mvy_42080630.mp3	3888
common_voice_mvy_42357299.mp3	3060
common_voice_mvy_42533344.mp3	7920
common_voice_mvy_42393239.mp3	3276
common_voice_mvy_42360273.mp3	2628
common_voice_mvy_42370176.mp3	3348
common_voice_mvy_42454020.mp3	8100
common_voice_mvy_42384228.mp3	5076
common_voice_mvy_42021414.mp3	4680
common_voice_mvy_42376502.mp3	3708
common_voice_mvy_42346744.mp3	4536
common_voice_mvy_42066870.mp3	4860
common_voice_mvy_42393582.mp3	2988
common_voice_mvy_42362474.mp3	4860
common_voice_mvy_42084726.mp3	3816
common_voice_mvy_42055426.mp3	2916
common_voice_mvy_42496695.mp3	6408
common_voice_mvy_42387770.mp3	3348
common_voice_mvy_42346719.mp3	2988
common_voice_mvy_42079238.mp3	9756
common_voice_mvy_42053708.mp3	1728
common_voice_mvy_43136373.mp3	4968
common_voice_mvy_42547557.mp3	5976
common_voice_mvy_42546175.mp3	6660
common_voice_mvy_42092616.mp3	9468
common_voice_mvy_42380778.mp3	6480
common_voice_mvy_42011626.mp3	5436
common_voice_mvy_42043251.mp3	5508
common_voice_mvy_42395004.mp3	3960
common_voice_mvy_42085250.mp3	5616
common_voice_mvy_42088954.mp3	3420
common_voice_mvy_42395768.mp3	3348
common_voice_mvy_42012012.mp3	3636
common_voice_mvy_42383644.mp3	2808
common_voice_mvy_42384643.mp3	3240
common_voice_mvy_42080692.mp3	3456
common_voice_mvy_42009939.mp3	6300
common_voice_mvy_42063671.mp3	4428
common_voice_mvy_42086647.mp3	3600
common_voice_mvy_42396074.mp3	2700
common_voice_mvy_42008413.mp3	3780
common_voice_mvy_42370231.mp3	2916
common_voice_mvy_42067040.mp3	4680
common_voice_mvy_42363571.mp3	3708
common_voice_mvy_42363825.mp3	5508
common_voice_mvy_42421673.mp3	4536
common_voice_mvy_42532292.mp3	2556
common_voice_mvy_42403840.mp3	2916
common_voice_mvy_42067022.mp3	3348
common_voice_mvy_42429385.mp3	4248
common_voice_mvy_42392758.mp3	3348
common_voice_mvy_42363304.mp3	5328
common_voice_mvy_42347632.mp3	5040
common_voice_mvy_42351894.mp3	6408
common_voice_mvy_42362475.mp3	3600
common_voice_mvy_42397572.mp3	3636
common_voice_mvy_42389042.mp3	8496
common_voice_mvy_42055740.mp3	3528
common_voice_mvy_42478920.mp3	3276
common_voice_mvy_42384826.mp3	5940
common_voice_mvy_42393108.mp3	3348
common_voice_mvy_42063668.mp3	6120
common_voice_mvy_42367473.mp3	6408
common_voice_mvy_42389559.mp3	3636
common_voice_mvy_42056205.mp3	4176
common_voice_mvy_42374288.mp3	4500
common_voice_mvy_42557213.mp3	6120
common_voice_mvy_42012072.mp3	3888
common_voice_mvy_42063622.mp3	8928
common_voice_mvy_42547781.mp3	4320
common_voice_mvy_42024574.mp3	9216
common_voice_mvy_42414153.mp3	6300
common_voice_mvy_42376596.mp3	4320
common_voice_mvy_42395019.mp3	4860
common_voice_mvy_42055602.mp3	6300
common_voice_mvy_42553011.mp3	3888
common_voice_mvy_42376391.mp3	7596
common_voice_mvy_42360785.mp3	2736
common_voice_mvy_42073700.mp3	3240
common_voice_mvy_42370041.mp3	2808
common_voice_mvy_42055439.mp3	3816
common_voice_mvy_42370173.mp3	7668
common_voice_mvy_42546209.mp3	5148
common_voice_mvy_42374026.mp3	3888
common_voice_mvy_42376384.mp3	6516
common_voice_mvy_42096240.mp3	4500
common_voice_mvy_42077314.mp3	2916
common_voice_mvy_42391892.mp3	2916
common_voice_mvy_42010470.mp3	4716
common_voice_mvy_42074971.mp3	2916
common_voice_mvy_42357825.mp3	3528
common_voice_mvy_42007587.mp3	5868
common_voice_mvy_42351865.mp3	3996
common_voice_mvy_42373990.mp3	6228
common_voice_mvy_42385896.mp3	5040
common_voice_mvy_42414465.mp3	3960
common_voice_mvy_42397568.mp3	6408
common_voice_mvy_42079671.mp3	3960
common_voice_mvy_42345901.mp3	8568
common_voice_mvy_42089294.mp3	5148
common_voice_mvy_42370400.mp3	4680
common_voice_mvy_42008147.mp3	5796
common_voice_mvy_42378889.mp3	3420
common_voice_mvy_42438237.mp3	4716
common_voice_mvy_42414997.mp3	6120
common_voice_mvy_42366305.mp3	4068
common_voice_mvy_42010449.mp3	3960
common_voice_mvy_42363795.mp3	6300
common_voice_mvy_42396443.mp3	3960
common_voice_mvy_42386524.mp3	4428
common_voice_mvy_42010353.mp3	3996
common_voice_mvy_42053484.mp3	4860
common_voice_mvy_42042563.mp3	4536
common_voice_mvy_42389322.mp3	6696
common_voice_mvy_42370517.mp3	6660
common_voice_mvy_42066881.mp3	2736
common_voice_mvy_42348590.mp3	2736
common_voice_mvy_42391765.mp3	3276
common_voice_mvy_42363883.mp3	4068
common_voice_mvy_42390455.mp3	7020
common_voice_mvy_42042868.mp3	4608
common_voice_mvy_42364221.mp3	3960
common_voice_mvy_42364588.mp3	8100
common_voice_mvy_42373943.mp3	5688
common_voice_mvy_42080269.mp3	8028
common_voice_mvy_42363931.mp3	5868
common_voice_mvy_42055438.mp3	2700
common_voice_mvy_42547708.mp3	4968
common_voice_mvy_42391696.mp3	5688
common_voice_mvy_42367416.mp3	3780
common_voice_mvy_42363037.mp3	3708
common_voice_mvy_42361285.mp3	5760
common_voice_mvy_42393585.mp3	5148
common_voice_mvy_42360260.mp3	5796
common_voice_mvy_48992957.mp3	5256
common_voice_mvy_42376324.mp3	4788
common_voice_mvy_42421605.mp3	3528
common_voice_mvy_42363003.mp3	5796
common_voice_mvy_42383557.mp3	5040
common_voice_mvy_42373851.mp3	3960
common_voice_mvy_42387843.mp3	3240
common_voice_mvy_42080583.mp3	6876
common_voice_mvy_42350151.mp3	4536
common_voice_mvy_42097890.mp3	4716
common_voice_mvy_42053430.mp3	5328
common_voice_mvy_42380003.mp3	3996
common_voice_mvy_42368625.mp3	4320
common_voice_mvy_42080886.mp3	3888
common_voice_mvy_42080093.mp3	6156
common_voice_mvy_42122876.mp3	7956
common_voice_mvy_42056769.mp3	7920
common_voice_mvy_42369266.mp3	6228
common_voice_mvy_42194999.mp3	4068
common_voice_mvy_42370183.mp3	5256
common_voice_mvy_42350122.mp3	4788
common_voice_mvy_42370431.mp3	5616
common_voice_mvy_42379863.mp3	6156
common_voice_mvy_42376555.mp3	3240
common_voice_mvy_42403088.mp3	5796
common_voice_mvy_42392574.mp3	4068
common_voice_mvy_42079493.mp3	3348
common_voice_mvy_42180475.mp3	3096
common_voice_mvy_42380939.mp3	3636
common_voice_mvy_42060768.mp3	5256
common_voice_mvy_42478913.mp3	4896
common_voice_mvy_42393370.mp3	3708
common_voice_mvy_42042260.mp3	3096
common_voice_mvy_42043620.mp3	5220
common_voice_mvy_42397218.mp3	3420
common_voice_mvy_42007477.mp3	7236
common_voice_mvy_42375747.mp3	4140
common_voice_mvy_42012005.mp3	6768
common_voice_mvy_42391583.mp3	6228
common_voice_mvy_42376432.mp3	2700
common_voice_mvy_42364034.mp3	4248
common_voice_mvy_42345949.mp3	4896
common_voice_mvy_42089745.mp3	3996
common_voice_mvy_42055793.mp3	5760
common_voice_mvy_42076252.mp3	3348
common_voice_mvy_42375333.mp3	6696
common_voice_mvy_42072330.mp3	4140
common_voice_mvy_42393909.mp3	4860
common_voice_mvy_42007894.mp3	5616
common_voice_mvy_42061368.mp3	4968
common_voice_mvy_42064138.mp3	3636
common_voice_mvy_42131974.mp3	3168
common_voice_mvy_42380025.mp3	6228
common_voice_mvy_42092600.mp3	4428
common_voice_mvy_42385676.mp3	4140
common_voice_mvy_42532232.mp3	5796
common_voice_mvy_42376495.mp3	4428
common_voice_mvy_42552853.mp3	3528
common_voice_mvy_42077627.mp3	4716
common_voice_mvy_42376429.mp3	5220
common_voice_mvy_42008012.mp3	7380
common_voice_mvy_42063825.mp3	10296
common_voice_mvy_42081251.mp3	3780
common_voice_mvy_42052703.mp3	4176
common_voice_mvy_42388938.mp3	4356
common_voice_mvy_42085233.mp3	2988
common_voice_mvy_42393787.mp3	3708
common_voice_mvy_42010474.mp3	3600
common_voice_mvy_42520450.mp3	4176
common_voice_mvy_42394953.mp3	3960
common_voice_mvy_42363610.mp3	3960
common_voice_mvy_42387832.mp3	3816
common_voice_mvy_42008200.mp3	4248
common_voice_mvy_42351400.mp3	4680
common_voice_mvy_42083758.mp3	4068
common_voice_mvy_42043121.mp3	5436
common_voice_mvy_42042259.mp3	3420
common_voice_mvy_42387921.mp3	3096
common_voice_mvy_42396142.mp3	5580
common_voice_mvy_42080268.mp3	3816
common_voice_mvy_42374280.mp3	4068
common_voice_mvy_42042088.mp3	3996
common_voice_mvy_42089471.mp3	3636
common_voice_mvy_42384262.mp3	4248
common_voice_mvy_42092818.mp3	4896
common_voice_mvy_42079529.mp3	5976
common_voice_mvy_42370245.mp3	7308
common_voice_mvy_42363231.mp3	4500
common_voice_mvy_42081033.mp3	3060
common_voice_mvy_42369137.mp3	3348
common_voice_mvy_42494255.mp3	3420
common_voice_mvy_42370190.mp3	3996
common_voice_mvy_42388952.mp3	7560
common_voice_mvy_42077246.mp3	2520
common_voice_mvy_42348443.mp3	6948
common_voice_mvy_42023107.mp3	3420
common_voice_mvy_42077339.mp3	4500
common_voice_mvy_42073630.mp3	4968
common_voice_mvy_42369761.mp3	3456
common_voice_mvy_42065644.mp3	3816
common_voice_mvy_42394027.mp3	3960
common_voice_mvy_42429042.mp3	5976
common_voice_mvy_42387805.mp3	4176
common_voice_mvy_42389317.mp3	5796
common_voice_mvy_42361190.mp3	4680
common_voice_mvy_42546176.mp3	3960
common_voice_mvy_42008007.mp3	5580
common_voice_mvy_42042145.mp3	4140
common_voice_mvy_42393420.mp3	4788
common_voice_mvy_42074924.mp3	3420
common_voice_mvy_42093000.mp3	6336
common_voice_mvy_42061325.mp3	3888
common_voice_mvy_42389480.mp3	3888
common_voice_mvy_42387903.mp3	3060
common_voice_mvy_42042302.mp3	4896
common_voice_mvy_42053218.mp3	4680
common_voice_mvy_42556939.mp3	3240
common_voice_mvy_42390553.mp3	3276
common_voice_mvy_42347279.mp3	3420
common_voice_mvy_42382220.mp3	7056
common_voice_mvy_42414169.mp3	6228
common_voice_mvy_42073652.mp3	5508
common_voice_mvy_42345991.mp3	3060
common_voice_mvy_42056548.mp3	8676
common_voice_mvy_42383344.mp3	5040
common_voice_mvy_42042131.mp3	3888
common_voice_mvy_42367150.mp3	3636
common_voice_mvy_42392142.mp3	3384
common_voice_mvy_42414329.mp3	5256
common_voice_mvy_42380735.mp3	3168
common_voice_mvy_42393013.mp3	3528
common_voice_mvy_42056936.mp3	6696
common_voice_mvy_42573248.mp3	4428
common_voice_mvy_42011719.mp3	3960
common_voice_mvy_42347444.mp3	3636
common_voice_mvy_42414952.mp3	5436
common_voice_mvy_42376452.mp3	5760
common_voice_mvy_42367327.mp3	5868
common_voice_mvy_42494229.mp3	6156
common_voice_mvy_42042552.mp3	4788
common_voice_mvy_42373816.mp3	3276
common_voice_mvy_42079959.mp3	9468
common_voice_mvy_42377711.mp3	4896
common_voice_mvy_42008101.mp3	3780
common_voice_mvy_42023113.mp3	3168
common_voice_mvy_42052970.mp3	4680
common_voice_mvy_42079720.mp3	6120
common_voice_mvy_42395183.mp3	8676
common_voice_mvy_42064105.mp3	7056
common_voice_mvy_42379976.mp3	5148
common_voice_mvy_42079689.mp3	4140
common_voice_mvy_42089879.mp3	12348
common_voice_mvy_42364564.mp3	5400
common_voice_mvy_42392004.mp3	5328
common_voice_mvy_42380210.mp3	5976
common_voice_mvy_42008658.mp3	3276
common_voice_mvy_42062849.mp3	4356
common_voice_mvy_42369120.mp3	3600
common_voice_mvy_42376420.mp3	5580
common_voice_mvy_42010406.mp3	4608
common_voice_mvy_42079131.mp3	5868
common_voice_mvy_42059898.mp3	2916
common_voice_mvy_42055382.mp3	3888
common_voice_mvy_42052623.mp3	6480
common_voice_mvy_42395017.mp3	3996
common_voice_mvy_42360225.mp3	4428
common_voice_mvy_42093216.mp3	5940
common_voice_mvy_42042173.mp3	5580
common_voice_mvy_42357056.mp3	3780
common_voice_mvy_42363323.mp3	6120
common_voice_mvy_42368474.mp3	7380
common_voice_mvy_42363599.mp3	4536
common_voice_mvy_42370530.mp3	4176
common_voice_mvy_42360173.mp3	4140
common_voice_mvy_42380590.mp3	3528
common_voice_mvy_42360710.mp3	3996
common_voice_mvy_42079533.mp3	3960
common_voice_mvy_42383843.mp3	5508
common_voice_mvy_42398325.mp3	3888
common_voice_mvy_42346913.mp3	4320
common_voice_mvy_42532294.mp3	4968
common_voice_mvy_42389534.mp3	5940
common_voice_mvy_42348477.mp3	4896
common_voice_mvy_42376474.mp3	3996
common_voice_mvy_42394908.mp3	3888
common_voice_mvy_42043257.mp3	6768
common_voice_mvy_42078568.mp3	2988
common_voice_mvy_42373594.mp3	3780
common_voice_mvy_42382761.mp3	4968
common_voice_mvy_42363460.mp3	3636
common_voice_mvy_42385583.mp3	3168
common_voice_mvy_42089464.mp3	7956
common_voice_mvy_42078582.mp3	3636
common_voice_mvy_42079066.mp3	2340
common_voice_mvy_42062990.mp3	5796
common_voice_mvy_42363925.mp3	5508
common_voice_mvy_42074942.mp3	4536
common_voice_mvy_42067169.mp3	7596
common_voice_mvy_42064414.mp3	5436
common_voice_mvy_42350641.mp3	6696
common_voice_mvy_42361193.mp3	3888
common_voice_mvy_42064174.mp3	4500
common_voice_mvy_42096209.mp3	4248
common_voice_mvy_42061243.mp3	6192
common_voice_mvy_42064381.mp3	4140
common_voice_mvy_42394778.mp3	3096
common_voice_mvy_42024507.mp3	6408
common_voice_mvy_42042657.mp3	4788
common_voice_mvy_42079524.mp3	7308
common_voice_mvy_42060248.mp3	3888
common_voice_mvy_42081266.mp3	2916
common_voice_mvy_42077237.mp3	9000
common_voice_mvy_42347208.mp3	3060
common_voice_mvy_42556851.mp3	4536
common_voice_mvy_42392293.mp3	7380
common_voice_mvy_42383749.mp3	4320
common_voice_mvy_42370724.mp3	3600
common_voice_mvy_42369189.mp3	3096
common_voice_mvy_42377999.mp3	5148
common_voice_mvy_42368657.mp3	5148
common_voice_mvy_42380517.mp3	5976
common_voice_mvy_42346959.mp3	3420
common_voice_mvy_42414626.mp3	3276
common_voice_mvy_42363278.mp3	3780
common_voice_mvy_42010407.mp3	3168
common_voice_mvy_42393761.mp3	2880
common_voice_mvy_42055583.mp3	3636
common_voice_mvy_42348686.mp3	3636
common_voice_mvy_42384851.mp3	5688
common_voice_mvy_42063199.mp3	4068
common_voice_mvy_42397574.mp3	2988
common_voice_mvy_42089862.mp3	12348
common_voice_mvy_42053220.mp3	4356
common_voice_mvy_42394553.mp3	2808
common_voice_mvy_42077299.mp3	4356
common_voice_mvy_42348837.mp3	7128
common_voice_mvy_42375714.mp3	3960
common_voice_mvy_42072001.mp3	2880
common_voice_mvy_42351895.mp3	5076
common_voice_mvy_42382997.mp3	4680
common_voice_mvy_42533351.mp3	4500
common_voice_mvy_42478860.mp3	4788
common_voice_mvy_42397080.mp3	4248
common_voice_mvy_42395985.mp3	2340
common_voice_mvy_42392893.mp3	4680
common_voice_mvy_42053538.mp3	6300
common_voice_mvy_42362882.mp3	3240
common_voice_mvy_42011964.mp3	7020
common_voice_mvy_42093213.mp3	6156
common_voice_mvy_42010182.mp3	3060
common_voice_mvy_42357805.mp3	4788
common_voice_mvy_42081170.mp3	4716
common_voice_mvy_42042292.mp3	6156
common_voice_mvy_42063797.mp3	4896
common_voice_mvy_42368861.mp3	5076
common_voice_mvy_42063606.mp3	7560
common_voice_mvy_42414355.mp3	4176
common_voice_mvy_42347273.mp3	4428
common_voice_mvy_42074902.mp3	2988
common_voice_mvy_42077236.mp3	3420
common_voice_mvy_42010343.mp3	3060
common_voice_mvy_42413679.mp3	5076
common_voice_mvy_42055940.mp3	7020
common_voice_mvy_42096249.mp3	5328
common_voice_mvy_42007809.mp3	5940
common_voice_mvy_42053494.mp3	7848
common_voice_mvy_42394208.mp3	3528
common_voice_mvy_42385881.mp3	5616
common_voice_mvy_42065920.mp3	5148
common_voice_mvy_42368678.mp3	4896
common_voice_mvy_42011822.mp3	4068
common_voice_mvy_42053475.mp3	6336
common_voice_mvy_42021386.mp3	5868
common_voice_mvy_42380447.mp3	5220
common_voice_mvy_42093178.mp3	7740
common_voice_mvy_42351017.mp3	4248
common_voice_mvy_42362837.mp3	5256
common_voice_mvy_42363339.mp3	5148
common_voice_mvy_42079105.mp3	3636
common_voice_mvy_42053528.mp3	8820
common_voice_mvy_42077327.mp3	6660
common_voice_mvy_42394007.mp3	4608
common_voice_mvy_42063789.mp3	4680
common_voice_mvy_42373877.mp3	2880
common_voice_mvy_42394875.mp3	5616
common_voice_mvy_42367835.mp3	7308
common_voice_mvy_42396483.mp3	3456
common_voice_mvy_42377900.mp3	4536
common_voice_mvy_42385684.mp3	5688
common_voice_mvy_42385895.mp3	4680
common_voice_mvy_42585969.mp3	6120
common_voice_mvy_42375837.mp3	5220
common_voice_mvy_42053444.mp3	4968
common_voice_mvy_42415036.mp3	3420
common_voice_mvy_42064203.mp3	3420
common_voice_mvy_42365263.mp3	5256
common_voice_mvy_42075572.mp3	11520
common_voice_mvy_42077277.mp3	2628
common_voice_mvy_42073682.mp3	5688
common_voice_mvy_42061321.mp3	3600
common_voice_mvy_42357302.mp3	3960
common_voice_mvy_42381140.mp3	5256
common_voice_mvy_42073701.mp3	2376
common_voice_mvy_42478856.mp3	3456
common_voice_mvy_42060031.mp3	3420
common_voice_mvy_42386015.mp3	4068
common_voice_mvy_42374164.mp3	3096
common_voice_mvy_42382252.mp3	4248
common_voice_mvy_42079890.mp3	3600
common_voice_mvy_42080119.mp3	5148
common_voice_mvy_42080332.mp3	5976
common_voice_mvy_42011848.mp3	3780
common_voice_mvy_42078860.mp3	5472
common_voice_mvy_42413947.mp3	4536
common_voice_mvy_42096175.mp3	6516
common_voice_mvy_42370195.mp3	2736
common_voice_mvy_42363284.mp3	7740
common_voice_mvy_42007806.mp3	4788
common_voice_mvy_42366916.mp3	8748
common_voice_mvy_42055934.mp3	6516
common_voice_mvy_42067404.mp3	4356
common_voice_mvy_42124357.mp3	3708
common_voice_mvy_42352323.mp3	3888
common_voice_mvy_42403365.mp3	5220
common_voice_mvy_42350639.mp3	4608
common_voice_mvy_42367275.mp3	4356
common_voice_mvy_42363229.mp3	4608
common_voice_mvy_42065849.mp3	3348
common_voice_mvy_42358495.mp3	5868
common_voice_mvy_42366944.mp3	3888
common_voice_mvy_42075621.mp3	5328
common_voice_mvy_42532310.mp3	3456
common_voice_mvy_42365822.mp3	4140
common_voice_mvy_42364203.mp3	4860
common_voice_mvy_42352255.mp3	8100
common_voice_mvy_42557263.mp3	7488
common_voice_mvy_42008428.mp3	3708
common_voice_mvy_42383425.mp3	3780
common_voice_mvy_42078611.mp3	4788
common_voice_mvy_42084825.mp3	4968
common_voice_mvy_42370052.mp3	3816
common_voice_mvy_42384514.mp3	4680
common_voice_mvy_42568151.mp3	4680
common_voice_mvy_42347115.mp3	5256
common_voice_mvy_42413577.mp3	3888
common_voice_mvy_42414593.mp3	9288
common_voice_mvy_42376236.mp3	3168
common_voice_mvy_42369385.mp3	4680
common_voice_mvy_42011413.mp3	3456
common_voice_mvy_42375849.mp3	3348
common_voice_mvy_42370401.mp3	4536
common_voice_mvy_42063673.mp3	6300
common_voice_mvy_42097856.mp3	4968
common_voice_mvy_42390457.mp3	2340
common_voice_mvy_42130519.mp3	15048
common_voice_mvy_42380916.mp3	4680
common_voice_mvy_42074903.mp3	2916
common_voice_mvy_42052604.mp3	5436
common_voice_mvy_42361311.mp3	3816
common_voice_mvy_42060268.mp3	4860
common_voice_mvy_42474251.mp3	4860
common_voice_mvy_42365478.mp3	4500
common_voice_mvy_42080899.mp3	4716
common_voice_mvy_42060336.mp3	4068
common_voice_mvy_42180410.mp3	4356
common_voice_mvy_42363746.mp3	9108
common_voice_mvy_42552941.mp3	4320
common_voice_mvy_42383512.mp3	6696
common_voice_mvy_42365009.mp3	4716
common_voice_mvy_42362394.mp3	6336
common_voice_mvy_42364767.mp3	4608
common_voice_mvy_42076004.mp3	3888
common_voice_mvy_42396273.mp3	6480
common_voice_mvy_42374084.mp3	5040
common_voice_mvy_42395696.mp3	3276
common_voice_mvy_42568141.mp3	4860
common_voice_mvy_42394152.mp3	4176
common_voice_mvy_42397199.mp3	3960
common_voice_mvy_42064528.mp3	3240
common_voice_mvy_42370519.mp3	3348
common_voice_mvy_42093146.mp3	3528
common_voice_mvy_42365459.mp3	9396
common_voice_mvy_42351504.mp3	6840
common_voice_mvy_42351555.mp3	4320
common_voice_mvy_42376507.mp3	3960
common_voice_mvy_42020508.mp3	7128
common_voice_mvy_42395063.mp3	7416
common_voice_mvy_42092638.mp3	5796
common_voice_mvy_42350938.mp3	3420
common_voice_mvy_42061358.mp3	3600
common_voice_mvy_42347428.mp3	7380
common_voice_mvy_42055949.mp3	7668
common_voice_mvy_42093218.mp3	3996
common_voice_mvy_42556783.mp3	3780
common_voice_mvy_42393380.mp3	3960
common_voice_mvy_42072354.mp3	3456
common_voice_mvy_42006532.mp3	4860
common_voice_mvy_42007746.mp3	8388
common_voice_mvy_42557285.mp3	2700
common_voice_mvy_42013089.mp3	3960
common_voice_mvy_42043105.mp3	3996
common_voice_mvy_42367074.mp3	3960
common_voice_mvy_42042073.mp3	7416
common_voice_mvy_42011834.mp3	4608
common_voice_mvy_42060955.mp3	2628
common_voice_mvy_42474225.mp3	3816
common_voice_mvy_42398316.mp3	4356
common_voice_mvy_42394939.mp3	3996
common_voice_mvy_42382155.mp3	4536
common_voice_mvy_42377932.mp3	4860
common_voice_mvy_42394470.mp3	3420
common_voice_mvy_42393377.mp3	4140
common_voice_mvy_42429041.mp3	3060
common_voice_mvy_42604440.mp3	4176
common_voice_mvy_42360763.mp3	4860
common_voice_mvy_42042089.mp3	4536
common_voice_mvy_42392046.mp3	2736
common_voice_mvy_42414398.mp3	6480
common_voice_mvy_42393320.mp3	2736
common_voice_mvy_42360567.mp3	4680
common_voice_mvy_42079699.mp3	6336
common_voice_mvy_42096495.mp3	3528
common_voice_mvy_42367598.mp3	3816
common_voice_mvy_42421606.mp3	5508
common_voice_mvy_42052735.mp3	3348
common_voice_mvy_42394941.mp3	3456
common_voice_mvy_42393094.mp3	3456
common_voice_mvy_42392994.mp3	4608
common_voice_mvy_42008014.mp3	6156
common_voice_mvy_42367097.mp3	3888
common_voice_mvy_42532297.mp3	4608
common_voice_mvy_42364352.mp3	4608
common_voice_mvy_42392870.mp3	3420
common_voice_mvy_42042162.mp3	2988
common_voice_mvy_42386506.mp3	7956
common_voice_mvy_42396549.mp3	5508
common_voice_mvy_42376156.mp3	3636
common_voice_mvy_42396808.mp3	7596
common_voice_mvy_42063640.mp3	9360
common_voice_mvy_42363675.mp3	3240
common_voice_mvy_42079369.mp3	6588
common_voice_mvy_42348884.mp3	4608
common_voice_mvy_42367282.mp3	4680
common_voice_mvy_42478939.mp3	8568
common_voice_mvy_42066854.mp3	3348
common_voice_mvy_42387797.mp3	3636
common_voice_mvy_42374236.mp3	3780
common_voice_mvy_42092834.mp3	3420
common_voice_mvy_42021239.mp3	3420
common_voice_mvy_42079705.mp3	8100
common_voice_mvy_42074797.mp3	3636
common_voice_mvy_42351463.mp3	4320
common_voice_mvy_42014939.mp3	5436
common_voice_mvy_42078825.mp3	3240
common_voice_mvy_42086645.mp3	3168
common_voice_mvy_42736014.mp3	5040
common_voice_mvy_42363568.mp3	5436
common_voice_mvy_42042277.mp3	3780
common_voice_mvy_42736058.mp3	4788
common_voice_mvy_42414474.mp3	2808
common_voice_mvy_42736012.mp3	4500
common_voice_mvy_42348572.mp3	6300
common_voice_mvy_42369249.mp3	4716
common_voice_mvy_42380585.mp3	5076
common_voice_mvy_42080075.mp3	4608
common_voice_mvy_42067355.mp3	2448
common_voice_mvy_42079540.mp3	4392
common_voice_mvy_42351733.mp3	4968
common_voice_mvy_42412737.mp3	6480
common_voice_mvy_42496748.mp3	8568
common_voice_mvy_42394393.mp3	5040
common_voice_mvy_42080935.mp3	2880
common_voice_mvy_42568144.mp3	5148
common_voice_mvy_42079786.mp3	4356
common_voice_mvy_42380509.mp3	6336
common_voice_mvy_42478883.mp3	4860
common_voice_mvy_42080601.mp3	4716
common_voice_mvy_42096248.mp3	8460
common_voice_mvy_42079592.mp3	4500
common_voice_mvy_42362816.mp3	2880
common_voice_mvy_42096486.mp3	4968
common_voice_mvy_42547813.mp3	4896
common_voice_mvy_42007522.mp3	4248
common_voice_mvy_42356302.mp3	3636
common_voice_mvy_42367664.mp3	3348
common_voice_mvy_42084016.mp3	2628
common_voice_mvy_42079506.mp3	4320
common_voice_mvy_42475985.mp3	4356
common_voice_mvy_42546283.mp3	7020
common_voice_mvy_42393474.mp3	4068
common_voice_mvy_42390465.mp3	4176
common_voice_mvy_42557280.mp3	5688
common_voice_mvy_42347282.mp3	6660
common_voice_mvy_42557283.mp3	7236
common_voice_mvy_42079448.mp3	3600
common_voice_mvy_42520364.mp3	3960
common_voice_mvy_42604443.mp3	2556
common_voice_mvy_42384027.mp3	4896
common_voice_mvy_42363613.mp3	3348
common_voice_mvy_42363340.mp3	4536
common_voice_mvy_42012665.mp3	3420
common_voice_mvy_42586139.mp3	4608
common_voice_mvy_42373912.mp3	4428
common_voice_mvy_42369408.mp3	3096
common_voice_mvy_42547602.mp3	6228
common_voice_mvy_42367266.mp3	4680
common_voice_mvy_42532241.mp3	5868
common_voice_mvy_42052858.mp3	6840
common_voice_mvy_42350117.mp3	5400
common_voice_mvy_42349017.mp3	5040
common_voice_mvy_42063692.mp3	12456
common_voice_mvy_42042548.mp3	6948
common_voice_mvy_42392030.mp3	5760
common_voice_mvy_42374285.mp3	4356
common_voice_mvy_42393104.mp3	4176
common_voice_mvy_42520472.mp3	3420
common_voice_mvy_42008485.mp3	3420
common_voice_mvy_42350815.mp3	4968
common_voice_mvy_42363515.mp3	2808
common_voice_mvy_42568131.mp3	3960
common_voice_mvy_42374002.mp3	5436
common_voice_mvy_42364914.mp3	9540
common_voice_mvy_42357835.mp3	8028
common_voice_mvy_42053203.mp3	3348
common_voice_mvy_42556789.mp3	2880
common_voice_mvy_42077272.mp3	3060
common_voice_mvy_42389207.mp3	4140
common_voice_mvy_42347395.mp3	4140
common_voice_mvy_42496719.mp3	8496
common_voice_mvy_42374310.mp3	4320
common_voice_mvy_42083761.mp3	5040
common_voice_mvy_42363390.mp3	5148
common_voice_mvy_42393005.mp3	2556
common_voice_mvy_42360383.mp3	5220
common_voice_mvy_42007579.mp3	5904
common_voice_mvy_42385792.mp3	2880
common_voice_mvy_42383704.mp3	3096
common_voice_mvy_42348825.mp3	4356
common_voice_mvy_42351765.mp3	5796
common_voice_mvy_42515102.mp3	4248
common_voice_mvy_42049809.mp3	4968
common_voice_mvy_42350456.mp3	4536
common_voice_mvy_42008533.mp3	3276
common_voice_mvy_42042181.mp3	5220
common_voice_mvy_42377985.mp3	3636
common_voice_mvy_42011850.mp3	3636
common_voice_mvy_42474257.mp3	5148
common_voice_mvy_42383304.mp3	3420
common_voice_mvy_42380140.mp3	5040
common_voice_mvy_42024556.mp3	8136
common_voice_mvy_42520413.mp3	4500
common_voice_mvy_42347473.mp3	6156
common_voice_mvy_42390043.mp3	2916
common_voice_mvy_42532253.mp3	4428
common_voice_mvy_42547601.mp3	5040
common_voice_mvy_42363398.mp3	4428
common_voice_mvy_42064175.mp3	10836
common_voice_mvy_42080062.mp3	5796
common_voice_mvy_42079919.mp3	4680
common_voice_mvy_42378010.mp3	3348
common_voice_mvy_42056877.mp3	4428
common_voice_mvy_42063268.mp3	6300
common_voice_mvy_42075736.mp3	3528
common_voice_mvy_42390393.mp3	5328
common_voice_mvy_42008163.mp3	7056
common_voice_mvy_42364977.mp3	5796
common_voice_mvy_42066893.mp3	3276
common_voice_mvy_42053531.mp3	6120
common_voice_mvy_42349954.mp3	4968
common_voice_mvy_42418722.mp3	6156
common_voice_mvy_42399197.mp3	4788
common_voice_mvy_42369301.mp3	3240
common_voice_mvy_42060982.mp3	3708
common_voice_mvy_42085287.mp3	6948
common_voice_mvy_42370445.mp3	4896
common_voice_mvy_42073827.mp3	6480
common_voice_mvy_42060340.mp3	6408
common_voice_mvy_42384462.mp3	3708
common_voice_mvy_42066829.mp3	2340
common_voice_mvy_42374300.mp3	5580
common_voice_mvy_42079550.mp3	7200
common_voice_mvy_42387762.mp3	3960
common_voice_mvy_42053090.mp3	2988
common_voice_mvy_42389768.mp3	4968
common_voice_mvy_42394986.mp3	3600
common_voice_mvy_42386525.mp3	5148
common_voice_mvy_42363450.mp3	3816
common_voice_mvy_42012720.mp3	3708
common_voice_mvy_42364895.mp3	6120
common_voice_mvy_42007611.mp3	5328
common_voice_mvy_42403878.mp3	6768
common_voice_mvy_42396538.mp3	2916
common_voice_mvy_42364006.mp3	2520
common_voice_mvy_42364229.mp3	4968
common_voice_mvy_42362479.mp3	5760
common_voice_mvy_42063896.mp3	6336
common_voice_mvy_42357838.mp3	4896
common_voice_mvy_42060257.mp3	8388
common_voice_mvy_42394108.mp3	7740
common_voice_mvy_42374294.mp3	4500
common_voice_mvy_42567947.mp3	4896
common_voice_mvy_42351714.mp3	2700
common_voice_mvy_42394714.mp3	7776
common_voice_mvy_42351427.mp3	5436
common_voice_mvy_42347245.mp3	5148
common_voice_mvy_42055390.mp3	5616
common_voice_mvy_42381230.mp3	3240
common_voice_mvy_42363183.mp3	3528
common_voice_mvy_42347020.mp3	5148
common_voice_mvy_42021366.mp3	4320
common_voice_mvy_42395310.mp3	2880
common_voice_mvy_42356259.mp3	5976
common_voice_mvy_42350305.mp3	3168
common_voice_mvy_42075574.mp3	8100
common_voice_mvy_42347054.mp3	2988
common_voice_mvy_42347272.mp3	4500
common_voice_mvy_42365672.mp3	4716
common_voice_mvy_42374303.mp3	7488
common_voice_mvy_42079716.mp3	3528
common_voice_mvy_42010186.mp3	4248
common_voice_mvy_42024435.mp3	4356
common_voice_mvy_42391156.mp3	2916
common_voice_mvy_42085558.mp3	3060
common_voice_mvy_42706532.mp3	3816
common_voice_mvy_42080300.mp3	4608
common_voice_mvy_42397177.mp3	3168
common_voice_mvy_42096237.mp3	8568
common_voice_mvy_42080594.mp3	3168
common_voice_mvy_42367073.mp3	11268
common_voice_mvy_42369004.mp3	4968
common_voice_mvy_42394982.mp3	4428
common_voice_mvy_42386051.mp3	6228
common_voice_mvy_42042613.mp3	4320
common_voice_mvy_42373537.mp3	3960
common_voice_mvy_42073311.mp3	7200
common_voice_mvy_42074907.mp3	3636
common_voice_mvy_42080536.mp3	4248
common_voice_mvy_42364333.mp3	3888
common_voice_mvy_42379193.mp3	5508
common_voice_mvy_42008327.mp3	4140
common_voice_mvy_42361124.mp3	3708
common_voice_mvy_42557258.mp3	8496
common_voice_mvy_42393681.mp3	3060
common_voice_mvy_42369845.mp3	3420
common_voice_mvy_42060993.mp3	4968
common_voice_mvy_42347838.mp3	5256
common_voice_mvy_42060266.mp3	4716
common_voice_mvy_42383457.mp3	7596
common_voice_mvy_42351572.mp3	5400
common_voice_mvy_42008172.mp3	5940
common_voice_mvy_42012059.mp3	4140
common_voice_mvy_42385811.mp3	3168
common_voice_mvy_42362317.mp3	4788
common_voice_mvy_42350918.mp3	4824
common_voice_mvy_42363057.mp3	3636
common_voice_mvy_42075699.mp3	3060
common_voice_mvy_42413655.mp3	2880
common_voice_mvy_42130421.mp3	4896
common_voice_mvy_42370336.mp3	3420
common_voice_mvy_42356304.mp3	4428
common_voice_mvy_42064204.mp3	3816
common_voice_mvy_42389661.mp3	4968
common_voice_mvy_42007606.mp3	4392
common_voice_mvy_42063200.mp3	4248
common_voice_mvy_42007704.mp3	6696
common_voice_mvy_42413731.mp3	5868
common_voice_mvy_42367038.mp3	4248
common_voice_mvy_42373699.mp3	6336
common_voice_mvy_42520471.mp3	3096
common_voice_mvy_42383610.mp3	4140
common_voice_mvy_42384849.mp3	8136
common_voice_mvy_42374004.mp3	5220
common_voice_mvy_42546246.mp3	3240
common_voice_mvy_42373377.mp3	5148
common_voice_mvy_42060790.mp3	3348
common_voice_mvy_42042296.mp3	4716
common_voice_mvy_42079845.mp3	10620
common_voice_mvy_42060805.mp3	3240
common_voice_mvy_42604464.mp3	4716
common_voice_mvy_42478857.mp3	5400
common_voice_mvy_42055632.mp3	15120
common_voice_mvy_42020614.mp3	5796
common_voice_mvy_42378011.mp3	3600
common_voice_mvy_42096211.mp3	4716
common_voice_mvy_42376340.mp3	6048
common_voice_mvy_43579297.mp3	3096
common_voice_mvy_42348469.mp3	3456
common_voice_mvy_42012014.mp3	3816
common_voice_mvy_42053483.mp3	6588
common_voice_mvy_42080632.mp3	5076
common_voice_mvy_42389276.mp3	5616
common_voice_mvy_42074726.mp3	9648
common_voice_mvy_42056549.mp3	7200
common_voice_mvy_42546272.mp3	5328
common_voice_mvy_42066990.mp3	7056
common_voice_mvy_42556713.mp3	4320
common_voice_mvy_42361115.mp3	3960
common_voice_mvy_42011924.mp3	6336
common_voice_mvy_42080463.mp3	3024
common_voice_mvy_42369251.mp3	4716
common_voice_mvy_42089731.mp3	7128
common_voice_mvy_42085205.mp3	5976
common_voice_mvy_42007726.mp3	7740
common_voice_mvy_42376552.mp3	5040
common_voice_mvy_42373503.mp3	5400
common_voice_mvy_42077249.mp3	2160
common_voice_mvy_42079745.mp3	8676
common_voice_mvy_42124336.mp3	4716
common_voice_mvy_42363508.mp3	7308
common_voice_mvy_42064037.mp3	6156
common_voice_mvy_42547619.mp3	3528
common_voice_mvy_42076143.mp3	3240
common_voice_mvy_42010354.mp3	5940
common_voice_mvy_42393986.mp3	4356
common_voice_mvy_42360743.mp3	6048
common_voice_mvy_42397724.mp3	2880
common_voice_mvy_42072994.mp3	3528
common_voice_mvy_42060281.mp3	4176
common_voice_mvy_42079794.mp3	3096
common_voice_mvy_42008395.mp3	3960
common_voice_mvy_42061343.mp3	6660
common_voice_mvy_42060880.mp3	4968
common_voice_mvy_42393698.mp3	5328
common_voice_mvy_42067117.mp3	3528
common_voice_mvy_42008590.mp3	4608
common_voice_mvy_42010478.mp3	4788
common_voice_mvy_42363281.mp3	4716
common_voice_mvy_42383363.mp3	4536
common_voice_mvy_42403424.mp3	4716
common_voice_mvy_42064118.mp3	7308
common_voice_mvy_42067380.mp3	4608
common_voice_mvy_42380373.mp3	3276
common_voice_mvy_42008586.mp3	3600
common_voice_mvy_42052861.mp3	7416
common_voice_mvy_42099626.mp3	3780
common_voice_mvy_42396374.mp3	3276
common_voice_mvy_42363108.mp3	5400
common_voice_mvy_42346602.mp3	3420
common_voice_mvy_42375982.mp3	5616
common_voice_mvy_42060050.mp3	3096
common_voice_mvy_42369051.mp3	2916
common_voice_mvy_42049790.mp3	3312
common_voice_mvy_42055326.mp3	5220
common_voice_mvy_42398415.mp3	4428
common_voice_mvy_42345913.mp3	5148
common_voice_mvy_42021260.mp3	7668
common_voice_mvy_42053485.mp3	9756
common_voice_mvy_42024497.mp3	5940
common_voice_mvy_42042550.mp3	6120
common_voice_mvy_42376747.mp3	5580
common_voice_mvy_42062220.mp3	4572
common_voice_mvy_42042202.mp3	3888
common_voice_mvy_42396507.mp3	4176
common_voice_mvy_42395884.mp3	5400
common_voice_mvy_42367000.mp3	7416
common_voice_mvy_42524501.mp3	7236
common_voice_mvy_42394438.mp3	3420
common_voice_mvy_42414172.mp3	5436
common_voice_mvy_42055325.mp3	5256
common_voice_mvy_42085299.mp3	4968
common_voice_mvy_42363469.mp3	4788
common_voice_mvy_42524431.mp3	5328
common_voice_mvy_42363107.mp3	3888
common_voice_mvy_42060042.mp3	7776
common_voice_mvy_42377657.mp3	3708
common_voice_mvy_42390667.mp3	4860
common_voice_mvy_42347125.mp3	3780
common_voice_mvy_42064382.mp3	4680
common_voice_mvy_42515072.mp3	5148
common_voice_mvy_42053184.mp3	3168
common_voice_mvy_42076069.mp3	4392
common_voice_mvy_42066989.mp3	8100
common_voice_mvy_42395760.mp3	4536
common_voice_mvy_42024782.mp3	5940
common_voice_mvy_42063184.mp3	3420
common_voice_mvy_42383559.mp3	4068
common_voice_mvy_42062640.mp3	6408
common_voice_mvy_42395153.mp3	3888
common_voice_mvy_42362943.mp3	3960
common_voice_mvy_42533393.mp3	6120
common_voice_mvy_42357679.mp3	7128
common_voice_mvy_42396017.mp3	5256
common_voice_mvy_42361026.mp3	7056
common_voice_mvy_42474203.mp3	5796
common_voice_mvy_42437884.mp3	4320
common_voice_mvy_42021059.mp3	5688
common_voice_mvy_42011880.mp3	3600
common_voice_mvy_42361505.mp3	5436
common_voice_mvy_42079833.mp3	3780
common_voice_mvy_42391045.mp3	3528
common_voice_mvy_42081284.mp3	4860
common_voice_mvy_42080013.mp3	5760
common_voice_mvy_42546280.mp3	5220
common_voice_mvy_42080441.mp3	3456
common_voice_mvy_42388220.mp3	6948
common_voice_mvy_42394209.mp3	3060
common_voice_mvy_42080510.mp3	5220
common_voice_mvy_42557257.mp3	3960
common_voice_mvy_42397053.mp3	4716
common_voice_mvy_42350767.mp3	4500
common_voice_mvy_42370168.mp3	3456
common_voice_mvy_42362604.mp3	4500
common_voice_mvy_42067352.mp3	3240
common_voice_mvy_42515122.mp3	4176
common_voice_mvy_42092984.mp3	9576
common_voice_mvy_42089503.mp3	3420
common_voice_mvy_42056227.mp3	4788
common_voice_mvy_42008377.mp3	2988
common_voice_mvy_42010360.mp3	3600
common_voice_mvy_42180427.mp3	5220
common_voice_mvy_42373596.mp3	5220
common_voice_mvy_42350190.mp3	5256
common_voice_mvy_42389638.mp3	4608
common_voice_mvy_42376675.mp3	5760
common_voice_mvy_42085172.mp3	6336
common_voice_mvy_42363744.mp3	3888
common_voice_mvy_42079647.mp3	5220
common_voice_mvy_42053503.mp3	4860
common_voice_mvy_42064061.mp3	5148
common_voice_mvy_42008178.mp3	5364
common_voice_mvy_42363015.mp3	4500
common_voice_mvy_42074795.mp3	4536
common_voice_mvy_42011783.mp3	3600
common_voice_mvy_42079799.mp3	6768
common_voice_mvy_42063169.mp3	6876
common_voice_mvy_42515077.mp3	5436
common_voice_mvy_42052990.mp3	3600
common_voice_mvy_42373942.mp3	5328
common_voice_mvy_42024831.mp3	7380
common_voice_mvy_42412741.mp3	5868
common_voice_mvy_42011458.mp3	5580
common_voice_mvy_42397617.mp3	2808
common_voice_mvy_42362959.mp3	3780
common_voice_mvy_42079401.mp3	3996
common_voice_mvy_42382767.mp3	3996
common_voice_mvy_42077267.mp3	2736
common_voice_mvy_42392915.mp3	4608
common_voice_mvy_42413201.mp3	3348
common_voice_mvy_42380732.mp3	4176
common_voice_mvy_42389412.mp3	5076
common_voice_mvy_42552938.mp3	3816
common_voice_mvy_42397181.mp3	3960
common_voice_mvy_42370134.mp3	3240
common_voice_mvy_42064883.mp3	4176
common_voice_mvy_42008224.mp3	3348
common_voice_mvy_42568133.mp3	5220
common_voice_mvy_42085149.mp3	3600
common_voice_mvy_42065678.mp3	5940
common_voice_mvy_42367450.mp3	3816
common_voice_mvy_42347124.mp3	3600
common_voice_mvy_42403905.mp3	6048
common_voice_mvy_42043074.mp3	5040
common_voice_mvy_42010164.mp3	4356
common_voice_mvy_42356865.mp3	2988
common_voice_mvy_42042264.mp3	7200
common_voice_mvy_42380374.mp3	2988
common_voice_mvy_42397566.mp3	4608
common_voice_mvy_42042161.mp3	2880
common_voice_mvy_42053457.mp3	4608
common_voice_mvy_42736021.mp3	4500
common_voice_mvy_42397438.mp3	2916
common_voice_mvy_42380579.mp3	3348
common_voice_mvy_42072935.mp3	5580
common_voice_mvy_42412739.mp3	4248
common_voice_mvy_42392074.mp3	2736
common_voice_mvy_42062763.mp3	3240
common_voice_mvy_42403058.mp3	4500
common_voice_mvy_42067092.mp3	3780
common_voice_mvy_42362829.mp3	4356
common_voice_mvy_42384939.mp3	4248
common_voice_mvy_42393468.mp3	4536
common_voice_mvy_42414224.mp3	5508
common_voice_mvy_42382150.mp3	4140
common_voice_mvy_42089217.mp3	5580
common_voice_mvy_42063599.mp3	8028
common_voice_mvy_42552940.mp3	7668
common_voice_mvy_42072364.mp3	3600
common_voice_mvy_42361726.mp3	5076
common_voice_mvy_42494253.mp3	4788
common_voice_mvy_42412738.mp3	5760
common_voice_mvy_42573242.mp3	5868
common_voice_mvy_42413609.mp3	2916
common_voice_mvy_42413672.mp3	4608
common_voice_mvy_42396180.mp3	6876
common_voice_mvy_42391195.mp3	2520
common_voice_mvy_42394913.mp3	4068
common_voice_mvy_42373928.mp3	5328
common_voice_mvy_42394823.mp3	3276
common_voice_mvy_42383435.mp3	5148
common_voice_mvy_42079169.mp3	5148
common_voice_mvy_42042160.mp3	6336
common_voice_mvy_42060401.mp3	3888
common_voice_mvy_42064166.mp3	7380
common_voice_mvy_42008211.mp3	3060
common_voice_mvy_42515022.mp3	4140
common_voice_mvy_42451842.mp3	3096
common_voice_mvy_42011158.mp3	7380
common_voice_mvy_42021444.mp3	7488
common_voice_mvy_42093134.mp3	5076
common_voice_mvy_42348716.mp3	3456
common_voice_mvy_42010178.mp3	4140
common_voice_mvy_42042188.mp3	3240
common_voice_mvy_42358531.mp3	4500
common_voice_mvy_42391029.mp3	7488
common_voice_mvy_42467373.mp3	3456
common_voice_mvy_42062779.mp3	6696
common_voice_mvy_42369101.mp3	3528
common_voice_mvy_42379248.mp3	5796
common_voice_mvy_42084858.mp3	4176
common_voice_mvy_42023166.mp3	3636
common_voice_mvy_42012179.mp3	3996
common_voice_mvy_42194996.mp3	8820
common_voice_mvy_42348881.mp3	3708
common_voice_mvy_42065723.mp3	3168
common_voice_mvy_42362626.mp3	3780
common_voice_mvy_42053037.mp3	7380
common_voice_mvy_42370571.mp3	3456
common_voice_mvy_42264449.mp3	3960
common_voice_mvy_42042129.mp3	3528
common_voice_mvy_42364174.mp3	5328
common_voice_mvy_42364349.mp3	3168
common_voice_mvy_42021686.mp3	4536
common_voice_mvy_42060280.mp3	7560
common_voice_mvy_42364793.mp3	4608
common_voice_mvy_42055515.mp3	3780
common_voice_mvy_42007749.mp3	3780
common_voice_mvy_42362316.mp3	4176
common_voice_mvy_42067855.mp3	3096
common_voice_mvy_42060935.mp3	5076
common_voice_mvy_42393765.mp3	6408
common_voice_mvy_42532251.mp3	2736
common_voice_mvy_42347322.mp3	4896
common_voice_mvy_42180504.mp3	2880
common_voice_mvy_42053078.mp3	7596
common_voice_mvy_42052713.mp3	4680
common_voice_mvy_42078549.mp3	7920
common_voice_mvy_42365818.mp3	7956
common_voice_mvy_42382738.mp3	4068
common_voice_mvy_42364772.mp3	4680
common_voice_mvy_42015040.mp3	3888
common_voice_mvy_42366746.mp3	5292
common_voice_mvy_42397561.mp3	6408
common_voice_mvy_42020628.mp3	4500
common_voice_mvy_42367572.mp3	2880
common_voice_mvy_42560170.mp3	4068
common_voice_mvy_42381164.mp3	3060
common_voice_mvy_42351522.mp3	9216
common_voice_mvy_42363918.mp3	3816
common_voice_mvy_42092874.mp3	8028
common_voice_mvy_42080175.mp3	6048
common_voice_mvy_42368542.mp3	4320
common_voice_mvy_42055909.mp3	4536
common_voice_mvy_42369224.mp3	4176
common_voice_mvy_42383252.mp3	4248
common_voice_mvy_42085576.mp3	3096
common_voice_mvy_42083760.mp3	5256
common_voice_mvy_42092683.mp3	3456
common_voice_mvy_42413900.mp3	5148
common_voice_mvy_42369750.mp3	3060
common_voice_mvy_42387922.mp3	7128
common_voice_mvy_42063675.mp3	8028
common_voice_mvy_42392015.mp3	4788
common_voice_mvy_42369281.mp3	3528
common_voice_mvy_42438285.mp3	5040
common_voice_mvy_42052731.mp3	4248
common_voice_mvy_42053452.mp3	4788
common_voice_mvy_42080272.mp3	3060
common_voice_mvy_42073392.mp3	6948
common_voice_mvy_42264523.mp3	4860
common_voice_mvy_42706534.mp3	5436
common_voice_mvy_42380499.mp3	6660
common_voice_mvy_42376613.mp3	3168
common_voice_mvy_42375482.mp3	5076
common_voice_mvy_42415207.mp3	4428
common_voice_mvy_42093172.mp3	6048
common_voice_mvy_42383439.mp3	3528
common_voice_mvy_42396504.mp3	4500
common_voice_mvy_42024814.mp3	4140
common_voice_mvy_42006518.mp3	6480
common_voice_mvy_42413214.mp3	3636
common_voice_mvy_42079497.mp3	8460
common_voice_mvy_42413286.mp3	3348
common_voice_mvy_42010418.mp3	3420
common_voice_mvy_42373574.mp3	12348
common_voice_mvy_42024648.mp3	6696
common_voice_mvy_42062889.mp3	4860
common_voice_mvy_42060464.mp3	5940
common_voice_mvy_42007191.mp3	3348
common_voice_mvy_42363663.mp3	4788
common_voice_mvy_42065602.mp3	2988
common_voice_mvy_42373662.mp3	3600
common_voice_mvy_42008451.mp3	3780
common_voice_mvy_42042175.mp3	3060
common_voice_mvy_42478877.mp3	5148
common_voice_mvy_42060061.mp3	3096
common_voice_mvy_42413170.mp3	3996
common_voice_mvy_42089125.mp3	4356
common_voice_mvy_42074793.mp3	5328
common_voice_mvy_42377885.mp3	5220
common_voice_mvy_42604479.mp3	4248
common_voice_mvy_42360246.mp3	3780
common_voice_mvy_42075998.mp3	8100
common_voice_mvy_42375326.mp3	4968
common_voice_mvy_42078542.mp3	3420
common_voice_mvy_42375591.mp3	3096
common_voice_mvy_42052653.mp3	6516
common_voice_mvy_42545136.mp3	4860
common_voice_mvy_42373680.mp3	7488
common_voice_mvy_42547704.mp3	3600
common_voice_mvy_42351624.mp3	7668
common_voice_mvy_42556877.mp3	5688
common_voice_mvy_42078830.mp3	3276
common_voice_mvy_42391157.mp3	5256
common_voice_mvy_42008358.mp3	4140
common_voice_mvy_42379194.mp3	2916
common_voice_mvy_42395160.mp3	3168
common_voice_mvy_42556889.mp3	4860
common_voice_mvy_42092968.mp3	4140
common_voice_mvy_42370045.mp3	6228
common_voice_mvy_42361245.mp3	3600
common_voice_mvy_42042289.mp3	5508
common_voice_mvy_42052637.mp3	5580
common_voice_mvy_42363558.mp3	7596
common_voice_mvy_42042312.mp3	3996
common_voice_mvy_42042311.mp3	3600
common_voice_mvy_42012212.mp3	6480
common_voice_mvy_42042169.mp3	3636
common_voice_mvy_42392724.mp3	5328
common_voice_mvy_42073335.mp3	6480
common_voice_mvy_42346970.mp3	3060
common_voice_mvy_42366964.mp3	8496
common_voice_mvy_42074600.mp3	4140
common_voice_mvy_42092843.mp3	6588
common_voice_mvy_42348945.mp3	3096
common_voice_mvy_42064094.mp3	3168
common_voice_mvy_42124343.mp3	4140
common_voice_mvy_42346950.mp3	3600
common_voice_mvy_42021558.mp3	4536
common_voice_mvy_42391912.mp3	5688
common_voice_mvy_42381161.mp3	3600
common_voice_mvy_42384050.mp3	3600
common_voice_mvy_42376535.mp3	2988
common_voice_mvy_42392881.mp3	2880
common_voice_mvy_42055417.mp3	3960
common_voice_mvy_42021483.mp3	6696
common_voice_mvy_42428157.mp3	9180
common_voice_mvy_42395728.mp3	3780
common_voice_mvy_42451846.mp3	6588
common_voice_mvy_42363350.mp3	4356
common_voice_mvy_42364047.mp3	2880
common_voice_mvy_42370155.mp3	4680
common_voice_mvy_42384620.mp3	4896
common_voice_mvy_42403073.mp3	4248
common_voice_mvy_42396035.mp3	2736
common_voice_mvy_42060252.mp3	3996
common_voice_mvy_42357806.mp3	3708
common_voice_mvy_42524430.mp3	5256
common_voice_mvy_42547814.mp3	4680
common_voice_mvy_42368417.mp3	2988
common_voice_mvy_42055585.mp3	5400
common_voice_mvy_42361082.mp3	5616
common_voice_mvy_42006568.mp3	3888
common_voice_mvy_42092601.mp3	5868
common_voice_mvy_42515002.mp3	3816
common_voice_mvy_42079345.mp3	9036
common_voice_mvy_42380006.mp3	4428
common_voice_mvy_42395957.mp3	3096
common_voice_mvy_42010469.mp3	3636
common_voice_mvy_42055951.mp3	4608
common_voice_mvy_42413255.mp3	4320
common_voice_mvy_42093160.mp3	7380
common_voice_mvy_42391890.mp3	3708
common_voice_mvy_42080960.mp3	2628
common_voice_mvy_42056701.mp3	6048
common_voice_mvy_42022399.mp3	7236
common_voice_mvy_42394928.mp3	4428
common_voice_mvy_42376393.mp3	4788
common_voice_mvy_42373730.mp3	4248
common_voice_mvy_42591166.mp3	6228
common_voice_mvy_42395283.mp3	3276
common_voice_mvy_42356341.mp3	3888
common_voice_mvy_42524500.mp3	6516
common_voice_mvy_42356998.mp3	3168
common_voice_mvy_42053077.mp3	4500
common_voice_mvy_42393725.mp3	3240
common_voice_mvy_42376568.mp3	4860
common_voice_mvy_42370448.mp3	5760
common_voice_mvy_42413908.mp3	3060
common_voice_mvy_42362564.mp3	5796
common_voice_mvy_42008208.mp3	3780
common_voice_mvy_42364334.mp3	4248
common_voice_mvy_42363764.mp3	5148
common_voice_mvy_42092820.mp3	5436
common_voice_mvy_42357678.mp3	8280
common_voice_mvy_42180424.mp3	3240
common_voice_mvy_42369829.mp3	2916
common_voice_mvy_42384493.mp3	4356
common_voice_mvy_42367556.mp3	3528
common_voice_mvy_42389242.mp3	3636
common_voice_mvy_42349885.mp3	4500
common_voice_mvy_42352361.mp3	7668
common_voice_mvy_42348441.mp3	6156
common_voice_mvy_42368309.mp3	4140
common_voice_mvy_42012217.mp3	3456
common_voice_mvy_42397398.mp3	3528
common_voice_mvy_42085579.mp3	4896
common_voice_mvy_42085373.mp3	4140
common_voice_mvy_42349654.mp3	3528
common_voice_mvy_42378480.mp3	4680
common_voice_mvy_42042183.mp3	3456
common_voice_mvy_42364181.mp3	5076
common_voice_mvy_42397460.mp3	3960
common_voice_mvy_42080541.mp3	4500
common_voice_mvy_42368862.mp3	4680
common_voice_mvy_42413673.mp3	5616
common_voice_mvy_42392738.mp3	4356
common_voice_mvy_42011508.mp3	8100
common_voice_mvy_42390722.mp3	2700
common_voice_mvy_42097180.mp3	3348
common_voice_mvy_42575034.mp3	4428
common_voice_mvy_42008241.mp3	3888
common_voice_mvy_42360764.mp3	3600
common_voice_mvy_42370568.mp3	5148
common_voice_mvy_42363170.mp3	5760
common_voice_mvy_42361861.mp3	5616
common_voice_mvy_42389410.mp3	2916
common_voice_mvy_42392084.mp3	7416
common_voice_mvy_42364353.mp3	5256
common_voice_mvy_42363517.mp3	4716
common_voice_mvy_42015032.mp3	2988
common_voice_mvy_42079512.mp3	2772
common_voice_mvy_42362538.mp3	4320
common_voice_mvy_42370068.mp3	4176
common_voice_mvy_42052740.mp3	3636
common_voice_mvy_42403839.mp3	4968
common_voice_mvy_42055823.mp3	5040
common_voice_mvy_42346821.mp3	3528
common_voice_mvy_42395295.mp3	3888
common_voice_mvy_42064062.mp3	6228
common_voice_mvy_42347539.mp3	3528
common_voice_mvy_42396400.mp3	3996
common_voice_mvy_42080172.mp3	4068
common_voice_mvy_42061006.mp3	3420
common_voice_mvy_42096210.mp3	5148
common_voice_mvy_42591164.mp3	5436
common_voice_mvy_42383672.mp3	3240
common_voice_mvy_42363509.mp3	7668
common_voice_mvy_42084773.mp3	4536
common_voice_mvy_42389296.mp3	1980
common_voice_mvy_42429386.mp3	7596
common_voice_mvy_42363124.mp3	3348
common_voice_mvy_42063995.mp3	6480
common_voice_mvy_42367836.mp3	3816
common_voice_mvy_42376475.mp3	4320
common_voice_mvy_42382412.mp3	3348
common_voice_mvy_42362375.mp3	5256
common_voice_mvy_42546220.mp3	5796
common_voice_mvy_42381166.mp3	4248
common_voice_mvy_42066831.mp3	3168
common_voice_mvy_42478916.mp3	3780
common_voice_mvy_42391885.mp3	2988
common_voice_mvy_42383837.mp3	5940
common_voice_mvy_42086320.mp3	5400
common_voice_mvy_42384114.mp3	3708
common_voice_mvy_42349870.mp3	5076
common_voice_mvy_42553022.mp3	4176
common_voice_mvy_42384026.mp3	3348
common_voice_mvy_42360676.mp3	4716
common_voice_mvy_42363417.mp3	3600
common_voice_mvy_42396237.mp3	3636
common_voice_mvy_42369860.mp3	5328
common_voice_mvy_42072307.mp3	3600
common_voice_mvy_42428153.mp3	8136
common_voice_mvy_42386139.mp3	8316
common_voice_mvy_42042166.mp3	4788
common_voice_mvy_42347407.mp3	5076
common_voice_mvy_42093225.mp3	5796
common_voice_mvy_42363674.mp3	4896
common_voice_mvy_42064254.mp3	3600
common_voice_mvy_42367480.mp3	5400
common_voice_mvy_42063651.mp3	6048
common_voice_mvy_42062904.mp3	6300
common_voice_mvy_42078718.mp3	5616
common_voice_mvy_42089465.mp3	3960
common_voice_mvy_42053497.mp3	10116
common_voice_mvy_42096177.mp3	5148
common_voice_mvy_42364196.mp3	5400
common_voice_mvy_42180407.mp3	3600
common_voice_mvy_42378884.mp3	3708
common_voice_mvy_42060926.mp3	4716
common_voice_mvy_42080865.mp3	6588
common_voice_mvy_42361244.mp3	3888
common_voice_mvy_42021387.mp3	4608
common_voice_mvy_42393929.mp3	3600
common_voice_mvy_42378908.mp3	3708
common_voice_mvy_42074694.mp3	5112
common_voice_mvy_42065722.mp3	4176
common_voice_mvy_42361194.mp3	3528
common_voice_mvy_42391990.mp3	4932
common_voice_mvy_42053705.mp3	6768
common_voice_mvy_42074952.mp3	4860
common_voice_mvy_42021129.mp3	6048
common_voice_mvy_42064813.mp3	4248
common_voice_mvy_42383473.mp3	4320
common_voice_mvy_42062251.mp3	3060
common_voice_mvy_42011282.mp3	4428
common_voice_mvy_42348614.mp3	5940
common_voice_mvy_42403103.mp3	4428
common_voice_mvy_42375838.mp3	4356
common_voice_mvy_42124303.mp3	2736
common_voice_mvy_42053710.mp3	5220
common_voice_mvy_42367638.mp3	3816
common_voice_mvy_42376418.mp3	2736
common_voice_mvy_42079917.mp3	4500
common_voice_mvy_42356291.mp3	5580
common_voice_mvy_42393666.mp3	3816
common_voice_mvy_42396111.mp3	5580
common_voice_mvy_42396399.mp3	5760
common_voice_mvy_42007164.mp3	8100
common_voice_mvy_42079421.mp3	2664
common_voice_mvy_42389445.mp3	3780
common_voice_mvy_42085621.mp3	5040
common_voice_mvy_42361304.mp3	3780
common_voice_mvy_42060259.mp3	6480
common_voice_mvy_42007194.mp3	3816
common_voice_mvy_42008207.mp3	4680
common_voice_mvy_42394680.mp3	5220
common_voice_mvy_42395703.mp3	3888
common_voice_mvy_42066857.mp3	2916
common_voice_mvy_42376571.mp3	4716
common_voice_mvy_42365611.mp3	3600
common_voice_mvy_42080622.mp3	3420
common_voice_mvy_42363876.mp3	3996
common_voice_mvy_42347425.mp3	8280
common_voice_mvy_42370520.mp3	4140
common_voice_mvy_42364896.mp3	5220
common_voice_mvy_42362272.mp3	4176
common_voice_mvy_42061003.mp3	4248
common_voice_mvy_42366664.mp3	4176
common_voice_mvy_42533342.mp3	5616
common_voice_mvy_42547562.mp3	4716
common_voice_mvy_42055941.mp3	2736
common_voice_mvy_42078797.mp3	4788
common_voice_mvy_42385602.mp3	3240
common_voice_mvy_42089467.mp3	1836
common_voice_mvy_42350301.mp3	3888
common_voice_mvy_42066841.mp3	3528
common_voice_mvy_42084538.mp3	8568
common_voice_mvy_42063707.mp3	5040
common_voice_mvy_42362559.mp3	8316
common_voice_mvy_42363762.mp3	4176
common_voice_mvy_42021084.mp3	5688
common_voice_mvy_42363858.mp3	4140
common_voice_mvy_42373629.mp3	4176
common_voice_mvy_42557242.mp3	4860
common_voice_mvy_42008629.mp3	3996
common_voice_mvy_42398297.mp3	3996
common_voice_mvy_42079116.mp3	8928
common_voice_mvy_42405393.mp3	3636
common_voice_mvy_42553002.mp3	3420
common_voice_mvy_42007175.mp3	4176
common_voice_mvy_42078708.mp3	8748
common_voice_mvy_42373584.mp3	4968
common_voice_mvy_42392920.mp3	4428
common_voice_mvy_42393944.mp3	6048
common_voice_mvy_42478861.mp3	7776
common_voice_mvy_42350659.mp3	4068
common_voice_mvy_42055359.mp3	3600
common_voice_mvy_42395299.mp3	2880
common_voice_mvy_42361461.mp3	5220
common_voice_mvy_42391884.mp3	2880
common_voice_mvy_42073844.mp3	5976
common_voice_mvy_42067398.mp3	3816
common_voice_mvy_42413780.mp3	2916
common_voice_mvy_42364743.mp3	4536
common_voice_mvy_42008217.mp3	7236
common_voice_mvy_42413931.mp3	3420
common_voice_mvy_42375825.mp3	3528
common_voice_mvy_42081088.mp3	3600
common_voice_mvy_42348513.mp3	4068
common_voice_mvy_42363419.mp3	6300
common_voice_mvy_42076005.mp3	3600
common_voice_mvy_42007195.mp3	2916
common_voice_mvy_42060409.mp3	5940
common_voice_mvy_42370391.mp3	6660
common_voice_mvy_42024646.mp3	4068
common_voice_mvy_42410267.mp3	5616
common_voice_mvy_42078923.mp3	2556
common_voice_mvy_42380230.mp3	2880
common_voice_mvy_42394653.mp3	4068
common_voice_mvy_42545034.mp3	4428
common_voice_mvy_42007608.mp3	5328
common_voice_mvy_42390031.mp3	2988
common_voice_mvy_42591160.mp3	6768
common_voice_mvy_42079367.mp3	8280
common_voice_mvy_42363206.mp3	2916
common_voice_mvy_42060282.mp3	5760
common_voice_mvy_42370283.mp3	5976
common_voice_mvy_42011137.mp3	7200
common_voice_mvy_42363722.mp3	4320
common_voice_mvy_42063659.mp3	8100
common_voice_mvy_42381178.mp3	3168
common_voice_mvy_42363076.mp3	3168
common_voice_mvy_42079847.mp3	8136
common_voice_mvy_42363614.mp3	5688
common_voice_mvy_42385759.mp3	3708
common_voice_mvy_42347194.mp3	7380
common_voice_mvy_42056440.mp3	8748
common_voice_mvy_42365820.mp3	6300
common_voice_mvy_42072280.mp3	3240
common_voice_mvy_42361264.mp3	5796
common_voice_mvy_42056547.mp3	4068
common_voice_mvy_42405515.mp3	3240
common_voice_mvy_42395007.mp3	3816
common_voice_mvy_42363385.mp3	4320
common_voice_mvy_42373348.mp3	3456
common_voice_mvy_42021060.mp3	6588
common_voice_mvy_42377984.mp3	3168
common_voice_mvy_42011845.mp3	6120
common_voice_mvy_42377825.mp3	5076
common_voice_mvy_42073806.mp3	2916
common_voice_mvy_42347385.mp3	6588
common_voice_mvy_42064179.mp3	5760
common_voice_mvy_42532293.mp3	6516
common_voice_mvy_42392111.mp3	3780
common_voice_mvy_42347298.mp3	4428
common_voice_mvy_42396247.mp3	6120
common_voice_mvy_42393116.mp3	3816
common_voice_mvy_42494247.mp3	4788
common_voice_mvy_42363055.mp3	5436
common_voice_mvy_42119222.mp3	4356
common_voice_mvy_42375959.mp3	3240
common_voice_mvy_42066903.mp3	2268
common_voice_mvy_42053520.mp3	4680
common_voice_mvy_42397450.mp3	3888
common_voice_mvy_42049791.mp3	3924
common_voice_mvy_42067842.mp3	6300
common_voice_mvy_42396468.mp3	3276
common_voice_mvy_42079510.mp3	2916
common_voice_mvy_42351673.mp3	4140
common_voice_mvy_42552908.mp3	3888
common_voice_mvy_42375301.mp3	5616
common_voice_mvy_42363692.mp3	5436
common_voice_mvy_42451847.mp3	2448
common_voice_mvy_42348257.mp3	4536
common_voice_mvy_42077329.mp3	2880
common_voice_mvy_42007467.mp3	10260
common_voice_mvy_42391726.mp3	5328
common_voice_mvy_42063749.mp3	5976
common_voice_mvy_42347213.mp3	5868
common_voice_mvy_42421636.mp3	8460
common_voice_mvy_42346995.mp3	3600
common_voice_mvy_42383703.mp3	3528
common_voice_mvy_42369346.mp3	3708
common_voice_mvy_42124349.mp3	4608
common_voice_mvy_42365727.mp3	5148
common_voice_mvy_42369379.mp3	3096
common_voice_mvy_42364237.mp3	3600
common_voice_mvy_42370487.mp3	4140
common_voice_mvy_42392997.mp3	3528
common_voice_mvy_42364201.mp3	4140
common_voice_mvy_42389230.mp3	4500
common_voice_mvy_42010171.mp3	3816
common_voice_mvy_42399640.mp3	5508
common_voice_mvy_42395788.mp3	4356
common_voice_mvy_42067339.mp3	4536
common_voice_mvy_42377831.mp3	5040
common_voice_mvy_42394429.mp3	3780
common_voice_mvy_42370034.mp3	3420
common_voice_mvy_42361907.mp3	7920
common_voice_mvy_42089505.mp3	4896
common_voice_mvy_42089018.mp3	3780
common_voice_mvy_42007042.mp3	2448
common_voice_mvy_42052746.mp3	3456
common_voice_mvy_42394601.mp3	4248
common_voice_mvy_42055397.mp3	2700
common_voice_mvy_42180420.mp3	4068
common_voice_mvy_42007498.mp3	4176
common_voice_mvy_42043298.mp3	6948
common_voice_mvy_42393485.mp3	3060
common_voice_mvy_42370207.mp3	2880
common_voice_mvy_42397259.mp3	4500
common_voice_mvy_42396766.mp3	6516
common_voice_mvy_42010444.mp3	3456
common_voice_mvy_42397433.mp3	5400
common_voice_mvy_42383762.mp3	3348
common_voice_mvy_42403080.mp3	4896
common_voice_mvy_42093080.mp3	3636
common_voice_mvy_42078511.mp3	6120
common_voice_mvy_42370669.mp3	5508
common_voice_mvy_42364612.mp3	7236
common_voice_mvy_42080559.mp3	3420
common_voice_mvy_42093201.mp3	5436
common_voice_mvy_42532289.mp3	2376
common_voice_mvy_42394351.mp3	3420
common_voice_mvy_42369763.mp3	6696
common_voice_mvy_42520473.mp3	2736
common_voice_mvy_42494232.mp3	4320
common_voice_mvy_42011229.mp3	5616
common_voice_mvy_42376374.mp3	3168
common_voice_mvy_42394820.mp3	4356
common_voice_mvy_42374251.mp3	5688
common_voice_mvy_42023153.mp3	3708
common_voice_mvy_42055517.mp3	3060
common_voice_mvy_42054703.mp3	7488
common_voice_mvy_42056716.mp3	3960
common_voice_mvy_42556865.mp3	4860
common_voice_mvy_42370125.mp3	3888
common_voice_mvy_42080459.mp3	6336
common_voice_mvy_42079504.mp3	3456
common_voice_mvy_42520405.mp3	4608
common_voice_mvy_42383746.mp3	6588
common_voice_mvy_42395816.mp3	3636
common_voice_mvy_42020578.mp3	7380
common_voice_mvy_42006632.mp3	3636
common_voice_mvy_42349771.mp3	3816
common_voice_mvy_42390262.mp3	10260
common_voice_mvy_42084845.mp3	5256
common_voice_mvy_42363166.mp3	6336
common_voice_mvy_42380345.mp3	4356
common_voice_mvy_42093171.mp3	6408
common_voice_mvy_42063732.mp3	4176
common_voice_mvy_42383882.mp3	8208
common_voice_mvy_42062780.mp3	3888
common_voice_mvy_42389443.mp3	4068
common_voice_mvy_42397535.mp3	4608
common_voice_mvy_42052694.mp3	5976
common_voice_mvy_42364816.mp3	4536
common_voice_mvy_42043188.mp3	6768
common_voice_mvy_42377882.mp3	5148
common_voice_mvy_42079654.mp3	5580
common_voice_mvy_42415008.mp3	4320
common_voice_mvy_42595011.mp3	5868
common_voice_mvy_42413933.mp3	3528
common_voice_mvy_42080444.mp3	5760
common_voice_mvy_42086319.mp3	3888
common_voice_mvy_42397498.mp3	5040
common_voice_mvy_42397506.mp3	3348
common_voice_mvy_42382250.mp3	4428
common_voice_mvy_42394924.mp3	3168
common_voice_mvy_42055478.mp3	3456
common_voice_mvy_42397286.mp3	3960
common_voice_mvy_42042132.mp3	3240
common_voice_mvy_42021542.mp3	9180
common_voice_mvy_42089753.mp3	7776
common_voice_mvy_42360674.mp3	4176
common_voice_mvy_42389444.mp3	3096
common_voice_mvy_42097176.mp3	4968
common_voice_mvy_42064258.mp3	8100
common_voice_mvy_42375848.mp3	5220
common_voice_mvy_42396440.mp3	4608
common_voice_mvy_42364343.mp3	5076
common_voice_mvy_42395995.mp3	2700
common_voice_mvy_42064128.mp3	4248
common_voice_mvy_42382266.mp3	5436
common_voice_mvy_42373678.mp3	5040
common_voice_mvy_42073766.mp3	4608
common_voice_mvy_42397493.mp3	3960
common_voice_mvy_42364949.mp3	3456
common_voice_mvy_42373697.mp3	4968
common_voice_mvy_42077240.mp3	3780
common_voice_mvy_42394638.mp3	3060
common_voice_mvy_42356272.mp3	3600
common_voice_mvy_42397517.mp3	5256
common_voice_mvy_42007851.mp3	4968
common_voice_mvy_42053464.mp3	4968
common_voice_mvy_42367322.mp3	3600
common_voice_mvy_42014888.mp3	7200
common_voice_mvy_42533405.mp3	3636
common_voice_mvy_42079521.mp3	7956
common_voice_mvy_42064509.mp3	4896
common_voice_mvy_42363498.mp3	3456
common_voice_mvy_42079996.mp3	6516
common_voice_mvy_42376457.mp3	4428
common_voice_mvy_42007975.mp3	5328
common_voice_mvy_42421689.mp3	5580
common_voice_mvy_42397475.mp3	2880
common_voice_mvy_42065963.mp3	2988
common_voice_mvy_42393937.mp3	2988
common_voice_mvy_42377805.mp3	3888
common_voice_mvy_42706538.mp3	7380
common_voice_mvy_42055757.mp3	3420
common_voice_mvy_42056595.mp3	5760
common_voice_mvy_42062291.mp3	7164
common_voice_mvy_42092875.mp3	4608
common_voice_mvy_42368629.mp3	4500
common_voice_mvy_42064119.mp3	5076
common_voice_mvy_42393001.mp3	4068
common_voice_mvy_42348352.mp3	7416
common_voice_mvy_42394704.mp3	5868
common_voice_mvy_42560120.mp3	5400
common_voice_mvy_42007893.mp3	4176
common_voice_mvy_42124338.mp3	7200
common_voice_mvy_42393595.mp3	3528
common_voice_mvy_42085567.mp3	3636
common_voice_mvy_42347713.mp3	4896
common_voice_mvy_42043230.mp3	6300
common_voice_mvy_42383430.mp3	2988
common_voice_mvy_42393565.mp3	2880
common_voice_mvy_42363703.mp3	5040
common_voice_mvy_42373657.mp3	4248
common_voice_mvy_42373597.mp3	3888
common_voice_mvy_42380500.mp3	3096
common_voice_mvy_42351550.mp3	5436
common_voice_mvy_42414399.mp3	5076
common_voice_mvy_42007179.mp3	3528
common_voice_mvy_42376778.mp3	3168
common_voice_mvy_42074599.mp3	3888
common_voice_mvy_42130559.mp3	4608
common_voice_mvy_42347562.mp3	7200
common_voice_mvy_42042851.mp3	3996
common_voice_mvy_42375637.mp3	8280
common_voice_mvy_42392133.mp3	2808
common_voice_mvy_42078950.mp3	8496
common_voice_mvy_42195000.mp3	5760
common_voice_mvy_42007184.mp3	3996
common_voice_mvy_42360597.mp3	3600
common_voice_mvy_42055741.mp3	6840
common_voice_mvy_42392289.mp3	6228
common_voice_mvy_42060818.mp3	9720
common_voice_mvy_42075540.mp3	4500
common_voice_mvy_42053477.mp3	4248
common_voice_mvy_42061441.mp3	4860
common_voice_mvy_42370515.mp3	5040
common_voice_mvy_42397108.mp3	2808
common_voice_mvy_42362519.mp3	6840
common_voice_mvy_42370578.mp3	3960
common_voice_mvy_42011374.mp3	7776
common_voice_mvy_42362623.mp3	6696
common_voice_mvy_42011662.mp3	4068
common_voice_mvy_42421637.mp3	5580
common_voice_mvy_42023108.mp3	4356
common_voice_mvy_42063897.mp3	4860
common_voice_mvy_42376677.mp3	4788
common_voice_mvy_42395288.mp3	3096
common_voice_mvy_42346997.mp3	3708
common_voice_mvy_42072886.mp3	4860
common_voice_mvy_42392163.mp3	7488
common_voice_mvy_42067100.mp3	4428
common_voice_mvy_42360408.mp3	3456
common_voice_mvy_42007241.mp3	4500
common_voice_mvy_42014978.mp3	9108
common_voice_mvy_42011412.mp3	4968
common_voice_mvy_42347691.mp3	4176
common_voice_mvy_42391963.mp3	7560
common_voice_mvy_42382917.mp3	5688
common_voice_mvy_42376781.mp3	3456
common_voice_mvy_42373432.mp3	5796
common_voice_mvy_42064441.mp3	4356
common_voice_mvy_42560173.mp3	3708
common_voice_mvy_42392064.mp3	5400
common_voice_mvy_42089448.mp3	4860
common_voice_mvy_42360291.mp3	5328
common_voice_mvy_42394920.mp3	3636
common_voice_mvy_42496615.mp3	4356
common_voice_mvy_42380138.mp3	4176
common_voice_mvy_42363530.mp3	7560
common_voice_mvy_42380589.mp3	2988
common_voice_mvy_42547698.mp3	5076
common_voice_mvy_42061299.mp3	3528
common_voice_mvy_42007229.mp3	5040
common_voice_mvy_42363454.mp3	3528
common_voice_mvy_42066828.mp3	3816
common_voice_mvy_42392028.mp3	3960
common_voice_mvy_42362802.mp3	3456
common_voice_mvy_42413297.mp3	3888
common_voice_mvy_42074808.mp3	4608
common_voice_mvy_42060265.mp3	5040
common_voice_mvy_43085493.mp3	3816
common_voice_mvy_42396481.mp3	2556
common_voice_mvy_42370478.mp3	4608
common_voice_mvy_42077354.mp3	3708
common_voice_mvy_42076135.mp3	3312
common_voice_mvy_42062992.mp3	3276
common_voice_mvy_42390069.mp3	2196
common_voice_mvy_42524508.mp3	5400
common_voice_mvy_42350332.mp3	4608
common_voice_mvy_42348545.mp3	7308
common_voice_mvy_42381179.mp3	4536
common_voice_mvy_42085825.mp3	4788
common_voice_mvy_42066830.mp3	2808
common_voice_mvy_42024773.mp3	8460
common_voice_mvy_42478902.mp3	7740
common_voice_mvy_42383308.mp3	2700
common_voice_mvy_42349653.mp3	4968
common_voice_mvy_42064690.mp3	2988
common_voice_mvy_42380158.mp3	4968
common_voice_mvy_42396708.mp3	6516
common_voice_mvy_42073823.mp3	6876
common_voice_mvy_42397921.mp3	4500
common_voice_mvy_42081246.mp3	3240
common_voice_mvy_42397463.mp3	3996
common_voice_mvy_42021269.mp3	5616
common_voice_mvy_42361303.mp3	4356
common_voice_mvy_42089749.mp3	2808
common_voice_mvy_42413203.mp3	4536
common_voice_mvy_42362319.mp3	5256
common_voice_mvy_42345978.mp3	12996
common_voice_mvy_42370015.mp3	3456
common_voice_mvy_42389096.mp3	4428
common_voice_mvy_42369827.mp3	3600
common_voice_mvy_42360373.mp3	6156
common_voice_mvy_42024389.mp3	6048
common_voice_mvy_42372814.mp3	4428
common_voice_mvy_42394136.mp3	3708
common_voice_mvy_42374282.mp3	5076
common_voice_mvy_42079163.mp3	11016
common_voice_mvy_42042193.mp3	3420
common_voice_mvy_42063007.mp3	5976
common_voice_mvy_42067785.mp3	2340
common_voice_mvy_42361207.mp3	4680
common_voice_mvy_42374018.mp3	4176
common_voice_mvy_42380767.mp3	5220
common_voice_mvy_42404612.mp3	7776
common_voice_mvy_42086120.mp3	2808
common_voice_mvy_42496694.mp3	5076
common_voice_mvy_42348690.mp3	3780
common_voice_mvy_42089264.mp3	7740
common_voice_mvy_42012061.mp3	3636
common_voice_mvy_42007131.mp3	4680
common_voice_mvy_42363700.mp3	8496
common_voice_mvy_42080308.mp3	2844
common_voice_mvy_42360130.mp3	2988
common_voice_mvy_42079277.mp3	4536
common_voice_mvy_42390831.mp3	6300
common_voice_mvy_42381206.mp3	4968
common_voice_mvy_42361775.mp3	4536
common_voice_mvy_42079921.mp3	8028
common_voice_mvy_42380741.mp3	3780
common_voice_mvy_42395769.mp3	4068
common_voice_mvy_42395819.mp3	3420
common_voice_mvy_42372920.mp3	4500
common_voice_mvy_42363845.mp3	3600
common_voice_mvy_42347856.mp3	3636
common_voice_mvy_42385894.mp3	6660
common_voice_mvy_42063965.mp3	9576
common_voice_mvy_42061039.mp3	4608
common_voice_mvy_42362838.mp3	2880
common_voice_mvy_42055339.mp3	3528
common_voice_mvy_42052620.mp3	3636
common_voice_mvy_42389567.mp3	3456
common_voice_mvy_42055710.mp3	3348
common_voice_mvy_42089730.mp3	5148
common_voice_mvy_42055395.mp3	4068
common_voice_mvy_42010328.mp3	3600
common_voice_mvy_42078566.mp3	3456
common_voice_mvy_42076279.mp3	3960
common_voice_mvy_42414393.mp3	2988
common_voice_mvy_42360678.mp3	4968
common_voice_mvy_42024686.mp3	5796
common_voice_mvy_42367851.mp3	4608
common_voice_mvy_42065911.mp3	8496
common_voice_mvy_42394133.mp3	3276
common_voice_mvy_42370162.mp3	3240
common_voice_mvy_42042924.mp3	6912
common_voice_mvy_42547627.mp3	4860
common_voice_mvy_42361128.mp3	5688
common_voice_mvy_42366545.mp3	4356
common_voice_mvy_42438238.mp3	3096
common_voice_mvy_42020640.mp3	4176
common_voice_mvy_42414354.mp3	3168
common_voice_mvy_42124285.mp3	5760
common_voice_mvy_42397596.mp3	4356
common_voice_mvy_42348348.mp3	4500
common_voice_mvy_42370670.mp3	3816
common_voice_mvy_42379344.mp3	5148
common_voice_mvy_42074598.mp3	3492
common_voice_mvy_42014938.mp3	3780
common_voice_mvy_42370507.mp3	3636
common_voice_mvy_42008473.mp3	7416
common_voice_mvy_42551698.mp3	3168
common_voice_mvy_42021281.mp3	4140
common_voice_mvy_42063764.mp3	5040
common_voice_mvy_42363843.mp3	3348
common_voice_mvy_42376617.mp3	5256
common_voice_mvy_42074827.mp3	2628
common_voice_mvy_42074918.mp3	2628
common_voice_mvy_42079843.mp3	2952
common_voice_mvy_42062678.mp3	6300
common_voice_mvy_42356340.mp3	5436
common_voice_mvy_42363938.mp3	5796
common_voice_mvy_42075596.mp3	5796
common_voice_mvy_42360300.mp3	4896
common_voice_mvy_42396422.mp3	3636
common_voice_mvy_42389408.mp3	4716
common_voice_mvy_42092698.mp3	3528
common_voice_mvy_42072366.mp3	3600
common_voice_mvy_42180517.mp3	3600
common_voice_mvy_42079789.mp3	4644
common_voice_mvy_42008452.mp3	4500
common_voice_mvy_42055946.mp3	3600
common_voice_mvy_42348738.mp3	4356
common_voice_mvy_42007766.mp3	4500
common_voice_mvy_42180393.mp3	4896
common_voice_mvy_42363551.mp3	4320
common_voice_mvy_42072971.mp3	5796
common_voice_mvy_42010539.mp3	2916
common_voice_mvy_42061348.mp3	4176
common_voice_mvy_42387950.mp3	5328
common_voice_mvy_42376655.mp3	4968
common_voice_mvy_42389550.mp3	4320
common_voice_mvy_42370390.mp3	3348
common_voice_mvy_42389238.mp3	3456
common_voice_mvy_42072920.mp3	6948
common_voice_mvy_42011872.mp3	5688
common_voice_mvy_42358656.mp3	5616
common_voice_mvy_48992965.mp3	4500
common_voice_mvy_42122874.mp3	5400
common_voice_mvy_42060958.mp3	2916
common_voice_mvy_42064210.mp3	9216
common_voice_mvy_42375756.mp3	4068
common_voice_mvy_42373926.mp3	5400
common_voice_mvy_42586124.mp3	5400
common_voice_mvy_42072896.mp3	4176
common_voice_mvy_42006565.mp3	3996
common_voice_mvy_42384599.mp3	3096
common_voice_mvy_42431671.mp3	4428
common_voice_mvy_42414919.mp3	2556
common_voice_mvy_42053223.mp3	5328
common_voice_mvy_42397518.mp3	4140
common_voice_mvy_42382996.mp3	5760
common_voice_mvy_42396432.mp3	2916
common_voice_mvy_42377663.mp3	6588
common_voice_mvy_42363617.mp3	3996
common_voice_mvy_42063949.mp3	9648
common_voice_mvy_42361248.mp3	5436
common_voice_mvy_42389664.mp3	4968
common_voice_mvy_42062178.mp3	2916
common_voice_mvy_42379183.mp3	5256
common_voice_mvy_42374261.mp3	6120
common_voice_mvy_42053431.mp3	4716
common_voice_mvy_42413338.mp3	3636
common_voice_mvy_42024737.mp3	7416
common_voice_mvy_42080806.mp3	4176
common_voice_mvy_42368304.mp3	4896
common_voice_mvy_42080320.mp3	4608
common_voice_mvy_42363137.mp3	3960
common_voice_mvy_42052619.mp3	5580
common_voice_mvy_42084753.mp3	5436
common_voice_mvy_42364430.mp3	3996
common_voice_mvy_42053075.mp3	4356
common_voice_mvy_42020612.mp3	8136
common_voice_mvy_42393788.mp3	2196
common_voice_mvy_42376531.mp3	3168
common_voice_mvy_42646796.mp3	5040
common_voice_mvy_42395047.mp3	3600
common_voice_mvy_42080430.mp3	7236
common_voice_mvy_42390263.mp3	4860
common_voice_mvy_42043017.mp3	4140
common_voice_mvy_42549261.mp3	7488
common_voice_mvy_42093164.mp3	7740
common_voice_mvy_42362553.mp3	5256
common_voice_mvy_42390438.mp3	3636
common_voice_mvy_42060048.mp3	10296
common_voice_mvy_42374290.mp3	3816
common_voice_mvy_42351616.mp3	5940
common_voice_mvy_42369810.mp3	4536
common_voice_mvy_42412783.mp3	5256
common_voice_mvy_42393387.mp3	3276
common_voice_mvy_42383816.mp3	4140
common_voice_mvy_42020510.mp3	5508
common_voice_mvy_42389462.mp3	3528
common_voice_mvy_42361029.mp3	3456
common_voice_mvy_42370027.mp3	5436
common_voice_mvy_42346934.mp3	2916
common_voice_mvy_42402955.mp3	3636
common_voice_mvy_42043013.mp3	5868
common_voice_mvy_42478928.mp3	7380
common_voice_mvy_42063889.mp3	3960
common_voice_mvy_42374286.mp3	4500
common_voice_mvy_42397190.mp3	4716
common_voice_mvy_42397507.mp3	6948
common_voice_mvy_42080732.mp3	3456
common_voice_mvy_42363871.mp3	3420
common_voice_mvy_42387990.mp3	3636
common_voice_mvy_42395067.mp3	3096
common_voice_mvy_42383615.mp3	4860
common_voice_mvy_42380177.mp3	8028
common_voice_mvy_42024616.mp3	9360
common_voice_mvy_42395171.mp3	3528
common_voice_mvy_42357789.mp3	4716
common_voice_mvy_42348273.mp3	5040
common_voice_mvy_42362477.mp3	3636
common_voice_mvy_42052668.mp3	3960
common_voice_mvy_42007298.mp3	5148
common_voice_mvy_42077341.mp3	2088
common_voice_mvy_42393529.mp3	3636
common_voice_mvy_42395708.mp3	4176
common_voice_mvy_42394430.mp3	8280
common_voice_mvy_42397946.mp3	5040
common_voice_mvy_42055637.mp3	5076
common_voice_mvy_42532252.mp3	3456
common_voice_mvy_42042099.mp3	2520
common_voice_mvy_42363459.mp3	4536
common_voice_mvy_42375721.mp3	3276
common_voice_mvy_42520408.mp3	5688
common_voice_mvy_42062752.mp3	9396
common_voice_mvy_42062657.mp3	5328
common_voice_mvy_42496690.mp3	7056
common_voice_mvy_42379164.mp3	3996
common_voice_mvy_42396143.mp3	4680
common_voice_mvy_42063122.mp3	6228
common_voice_mvy_42374126.mp3	6948
common_voice_mvy_42352085.mp3	5400
common_voice_mvy_42073797.mp3	6948
common_voice_mvy_42024816.mp3	5508
common_voice_mvy_42396448.mp3	3960
common_voice_mvy_42345931.mp3	4968
common_voice_mvy_42375201.mp3	6336
common_voice_mvy_42379139.mp3	6336
common_voice_mvy_42077322.mp3	5940
common_voice_mvy_42079967.mp3	5616
common_voice_mvy_42367271.mp3	4320
common_voice_mvy_42363531.mp3	4320
common_voice_mvy_42079452.mp3	4176
common_voice_mvy_42012071.mp3	3600
common_voice_mvy_42093179.mp3	12276
common_voice_mvy_42520373.mp3	3960
common_voice_mvy_42346045.mp3	2700
common_voice_mvy_42376361.mp3	4356
common_voice_mvy_42369268.mp3	3636
common_voice_mvy_42052742.mp3	3708
common_voice_mvy_42347733.mp3	3600
common_voice_mvy_42391870.mp3	4428
common_voice_mvy_42385687.mp3	5688
common_voice_mvy_42084777.mp3	4860
common_voice_mvy_42346607.mp3	4356
common_voice_mvy_42096252.mp3	5076
common_voice_mvy_42368508.mp3	4140
common_voice_mvy_42080497.mp3	5760
common_voice_mvy_42370112.mp3	2628
common_voice_mvy_42547549.mp3	5976
common_voice_mvy_42367126.mp3	6156
common_voice_mvy_42397055.mp3	4248
common_voice_mvy_42182595.mp3	2376
common_voice_mvy_42053186.mp3	5976
common_voice_mvy_42429029.mp3	3960
common_voice_mvy_42374170.mp3	5616
common_voice_mvy_42080747.mp3	3528
common_voice_mvy_42055457.mp3	3168
common_voice_mvy_42360934.mp3	5688
common_voice_mvy_42020588.mp3	4428
common_voice_mvy_42364142.mp3	7848
common_voice_mvy_42351461.mp3	4176
common_voice_mvy_42364684.mp3	6228
common_voice_mvy_42364757.mp3	4860
common_voice_mvy_42381126.mp3	3816
common_voice_mvy_42352321.mp3	5688
common_voice_mvy_42557211.mp3	4896
common_voice_mvy_42060846.mp3	7020
common_voice_mvy_42376469.mp3	3996
common_voice_mvy_42379279.mp3	6696
common_voice_mvy_42363788.mp3	3996
common_voice_mvy_42008438.mp3	3096
common_voice_mvy_42397296.mp3	4320
common_voice_mvy_42367225.mp3	4248
common_voice_mvy_42364841.mp3	4716
common_voice_mvy_42081189.mp3	3888
common_voice_mvy_42067803.mp3	5868
common_voice_mvy_42078905.mp3	7236
common_voice_mvy_42397268.mp3	2808
common_voice_mvy_42055520.mp3	3060
common_voice_mvy_42367394.mp3	4680
common_voice_mvy_42387695.mp3	4860
common_voice_mvy_42363902.mp3	3240
common_voice_mvy_42370223.mp3	5796
common_voice_mvy_42060999.mp3	3420
common_voice_mvy_42350429.mp3	3636
common_voice_mvy_42376645.mp3	4500
common_voice_mvy_42009962.mp3	5868
common_voice_mvy_42042101.mp3	4860
common_voice_mvy_42478880.mp3	7128
common_voice_mvy_42370441.mp3	5760
common_voice_mvy_42080071.mp3	5040
common_voice_mvy_42365620.mp3	6120
common_voice_mvy_42363518.mp3	5076
common_voice_mvy_42023121.mp3	6048
common_voice_mvy_42042232.mp3	7848
common_voice_mvy_42056879.mp3	3348
common_voice_mvy_42010168.mp3	5616
common_voice_mvy_42351750.mp3	5328
common_voice_mvy_42008001.mp3	4644
common_voice_mvy_42387773.mp3	7920
common_voice_mvy_42376319.mp3	3528
common_voice_mvy_42014210.mp3	3636
common_voice_mvy_42383377.mp3	4860
common_voice_mvy_42362946.mp3	3636
common_voice_mvy_42388953.mp3	3168
common_voice_mvy_42413779.mp3	3708
common_voice_mvy_42078969.mp3	4716
common_voice_mvy_42042865.mp3	4572
common_voice_mvy_42360377.mp3	6300
common_voice_mvy_42520396.mp3	4536
common_voice_mvy_42053504.mp3	4500
common_voice_mvy_42060245.mp3	4176
common_voice_mvy_42370278.mp3	4860
common_voice_mvy_42079913.mp3	4608
common_voice_mvy_42124251.mp3	2520
common_voice_mvy_42055641.mp3	2916
common_voice_mvy_42391218.mp3	4356
common_voice_mvy_42042301.mp3	3888
common_voice_mvy_42392047.mp3	5040
common_voice_mvy_42393563.mp3	3240
common_voice_mvy_42093158.mp3	7200
common_voice_mvy_42405489.mp3	4176
common_voice_mvy_42361460.mp3	4896
common_voice_mvy_42345939.mp3	2988
common_voice_mvy_42057386.mp3	5688
common_voice_mvy_42010184.mp3	4860
common_voice_mvy_42348721.mp3	3060
common_voice_mvy_42403084.mp3	6876
common_voice_mvy_42060402.mp3	3276
common_voice_mvy_42515047.mp3	5868
common_voice_mvy_42008151.mp3	5040
common_voice_mvy_42352063.mp3	5688
common_voice_mvy_42073825.mp3	2196
common_voice_mvy_42385023.mp3	3636
common_voice_mvy_42083978.mp3	7020
common_voice_mvy_42391868.mp3	4680
common_voice_mvy_42370197.mp3	3816
common_voice_mvy_42363677.mp3	6228
common_voice_mvy_42392737.mp3	2808
common_voice_mvy_42396398.mp3	6228
common_voice_mvy_42370376.mp3	6696
common_voice_mvy_42350971.mp3	4428
common_voice_mvy_42349856.mp3	4428
common_voice_mvy_42360177.mp3	5076
common_voice_mvy_42547513.mp3	5868
common_voice_mvy_42405481.mp3	3888
common_voice_mvy_42072319.mp3	4140
common_voice_mvy_42467385.mp3	4500
common_voice_mvy_42368490.mp3	5760
common_voice_mvy_42394311.mp3	3708
common_voice_mvy_42396373.mp3	3888
common_voice_mvy_42357836.mp3	4500
common_voice_mvy_42060349.mp3	4608
common_voice_mvy_42364021.mp3	4500
common_voice_mvy_42393480.mp3	5076
common_voice_mvy_42350013.mp3	5328
common_voice_mvy_42042253.mp3	3888
common_voice_mvy_42072015.mp3	3528
common_voice_mvy_42079977.mp3	6048
common_voice_mvy_42384888.mp3	5328
common_voice_mvy_42008100.mp3	4356
common_voice_mvy_42350783.mp3	4428
common_voice_mvy_42064107.mp3	6336
common_voice_mvy_42365559.mp3	3708
common_voice_mvy_42363524.mp3	5436
common_voice_mvy_42394946.mp3	3636
common_voice_mvy_42374179.mp3	5796
common_voice_mvy_42042186.mp3	5040
common_voice_mvy_42356868.mp3	5220
common_voice_mvy_42360046.mp3	2736
common_voice_mvy_42395236.mp3	2880
common_voice_mvy_42061311.mp3	3168
common_voice_mvy_42396099.mp3	3636
common_voice_mvy_42172109.mp3	4356
common_voice_mvy_42394494.mp3	6480
common_voice_mvy_42368642.mp3	5220
common_voice_mvy_42096492.mp3	2988
common_voice_mvy_42370693.mp3	5760
common_voice_mvy_42089215.mp3	3168
common_voice_mvy_42124190.mp3	5508
common_voice_mvy_42052973.mp3	5436
common_voice_mvy_42395130.mp3	4680
common_voice_mvy_42072367.mp3	3420
common_voice_mvy_42277904.mp3	5760
common_voice_mvy_42393498.mp3	2628
common_voice_mvy_42042867.mp3	4716
common_voice_mvy_42393418.mp3	6876
common_voice_mvy_42383427.mp3	5760
common_voice_mvy_42079342.mp3	5256
common_voice_mvy_42008161.mp3	4860
common_voice_mvy_42396378.mp3	3636
common_voice_mvy_42011453.mp3	3456
common_voice_mvy_42056620.mp3	4428
common_voice_mvy_42533346.mp3	4860
common_voice_mvy_42379306.mp3	5760
common_voice_mvy_42392918.mp3	3240
common_voice_mvy_42080898.mp3	5616
common_voice_mvy_42375850.mp3	5868
common_voice_mvy_42395933.mp3	5436
common_voice_mvy_42055603.mp3	4320
common_voice_mvy_42520429.mp3	5040
common_voice_mvy_42546221.mp3	5976
common_voice_mvy_42006522.mp3	6048
common_voice_mvy_42390456.mp3	3780
common_voice_mvy_42373988.mp3	5256
common_voice_mvy_42375975.mp3	3420
common_voice_mvy_42380699.mp3	4068
common_voice_mvy_43085494.mp3	3600
common_voice_mvy_42350606.mp3	4320
common_voice_mvy_42386106.mp3	3276
common_voice_mvy_42380183.mp3	3276
common_voice_mvy_42391145.mp3	4356
common_voice_mvy_42351600.mp3	3708
common_voice_mvy_42395034.mp3	10656
common_voice_mvy_42387944.mp3	3168
common_voice_mvy_42386069.mp3	4068
common_voice_mvy_42394858.mp3	3996
common_voice_mvy_42556848.mp3	4716
common_voice_mvy_42060923.mp3	7308
common_voice_mvy_42084861.mp3	4356
common_voice_mvy_42362614.mp3	4860
common_voice_mvy_42376254.mp3	2700
common_voice_mvy_42351462.mp3	2448
common_voice_mvy_42387711.mp3	6228
common_voice_mvy_42080276.mp3	6336
common_voice_mvy_42079191.mp3	3708
common_voice_mvy_42385900.mp3	4248
common_voice_mvy_42413930.mp3	4608
common_voice_mvy_42348542.mp3	5580
common_voice_mvy_42369121.mp3	3276
common_voice_mvy_42079609.mp3	3780
common_voice_mvy_42078608.mp3	3456
common_voice_mvy_42385630.mp3	5976
common_voice_mvy_42367525.mp3	5256
common_voice_mvy_42362769.mp3	4788
common_voice_mvy_42573235.mp3	8460
common_voice_mvy_42347305.mp3	6336
common_voice_mvy_42393494.mp3	4680
common_voice_mvy_42391639.mp3	4176
common_voice_mvy_42007399.mp3	4680
common_voice_mvy_42362812.mp3	6948
common_voice_mvy_42391064.mp3	3168
common_voice_mvy_42363789.mp3	4176
common_voice_mvy_42356858.mp3	5436
common_voice_mvy_42393109.mp3	4356
common_voice_mvy_42080060.mp3	5076
common_voice_mvy_42370553.mp3	3348
common_voice_mvy_42380837.mp3	5688
common_voice_mvy_42394682.mp3	5220
common_voice_mvy_42076001.mp3	2808
common_voice_mvy_42364570.mp3	3960
common_voice_mvy_42362966.mp3	2736
common_voice_mvy_42008489.mp3	3348
common_voice_mvy_42363794.mp3	3420
common_voice_mvy_42362557.mp3	3780
common_voice_mvy_42008635.mp3	3168
common_voice_mvy_42362501.mp3	5616
common_voice_mvy_42080626.mp3	5076
common_voice_mvy_42547523.mp3	4896
common_voice_mvy_42413164.mp3	3456
common_voice_mvy_42394731.mp3	7560
common_voice_mvy_42064115.mp3	4608
common_voice_mvy_42363212.mp3	7740
common_voice_mvy_42349582.mp3	4320
common_voice_mvy_42389429.mp3	9540
common_voice_mvy_42008174.mp3	2988
common_voice_mvy_42067367.mp3	7848
common_voice_mvy_42074893.mp3	3996
common_voice_mvy_42396141.mp3	4608
common_voice_mvy_42496679.mp3	4320
common_voice_mvy_42346429.mp3	5688
common_voice_mvy_42360702.mp3	3888
common_voice_mvy_42347195.mp3	5400
common_voice_mvy_42067060.mp3	3096
common_voice_mvy_42396188.mp3	4176
common_voice_mvy_42496638.mp3	6948
common_voice_mvy_42383786.mp3	2520
common_voice_mvy_42011149.mp3	7560
common_voice_mvy_42360211.mp3	3060
common_voice_mvy_42092982.mp3	7956
common_voice_mvy_42363609.mp3	4716
common_voice_mvy_42247002.mp3	4320
common_voice_mvy_42394786.mp3	3456
common_voice_mvy_42392946.mp3	4320
common_voice_mvy_42079770.mp3	6480
common_voice_mvy_42370314.mp3	2916
common_voice_mvy_42395962.mp3	2988
common_voice_mvy_42370532.mp3	5256
common_voice_mvy_42065600.mp3	6480
common_voice_mvy_42348330.mp3	3420
common_voice_mvy_42021563.mp3	3528
common_voice_mvy_42377952.mp3	4068
common_voice_mvy_42347689.mp3	4140
common_voice_mvy_42079321.mp3	8280
common_voice_mvy_42363065.mp3	3060
common_voice_mvy_42547651.mp3	4680
common_voice_mvy_42379917.mp3	3420
common_voice_mvy_42078805.mp3	3636
common_voice_mvy_42380558.mp3	5688
common_voice_mvy_42367813.mp3	4536
common_voice_mvy_42351925.mp3	7920
common_voice_mvy_42076247.mp3	4032
common_voice_mvy_42374323.mp3	4896
common_voice_mvy_42074525.mp3	4320
common_voice_mvy_42012662.mp3	3528
common_voice_mvy_42363608.mp3	3420
common_voice_mvy_42376615.mp3	3888
common_voice_mvy_42363332.mp3	4716
common_voice_mvy_42042144.mp3	3420
common_voice_mvy_42357843.mp3	4896
common_voice_mvy_42379985.mp3	4716
common_voice_mvy_42396860.mp3	5220
common_voice_mvy_42362253.mp3	5688
common_voice_mvy_42384604.mp3	5508
common_voice_mvy_42063799.mp3	7776
common_voice_mvy_42532235.mp3	4860
common_voice_mvy_42007476.mp3	3240
common_voice_mvy_42080620.mp3	3528
common_voice_mvy_42076026.mp3	5868
common_voice_mvy_42042070.mp3	3240
common_voice_mvy_42474226.mp3	7740
common_voice_mvy_42373989.mp3	7740
common_voice_mvy_42348446.mp3	4680
common_voice_mvy_42396486.mp3	3780
common_voice_mvy_42390308.mp3	4140
common_voice_mvy_42532291.mp3	3888
common_voice_mvy_42056229.mp3	4968
common_voice_mvy_42367268.mp3	3528
common_voice_mvy_42066880.mp3	6948
common_voice_mvy_42360051.mp3	4356
common_voice_mvy_42375973.mp3	3816
common_voice_mvy_42014185.mp3	4320
common_voice_mvy_42060845.mp3	4968
common_voice_mvy_42398318.mp3	3816
common_voice_mvy_42532244.mp3	3960
common_voice_mvy_42064162.mp3	9180
common_voice_mvy_42350931.mp3	4068
common_voice_mvy_42052994.mp3	5148
common_voice_mvy_42494237.mp3	5328
common_voice_mvy_42557277.mp3	5328
common_voice_mvy_42368823.mp3	6408
common_voice_mvy_42414636.mp3	3600
common_voice_mvy_42591145.mp3	7056
common_voice_mvy_42379341.mp3	4320
common_voice_mvy_42062824.mp3	3600
common_voice_mvy_42055392.mp3	3168
common_voice_mvy_42064383.mp3	4716
common_voice_mvy_42397664.mp3	2628
common_voice_mvy_42385641.mp3	6588
common_voice_mvy_42067091.mp3	2628
common_voice_mvy_42079635.mp3	3996
common_voice_mvy_42396244.mp3	3276
common_voice_mvy_42547625.mp3	2628
common_voice_mvy_42063118.mp3	3816
common_voice_mvy_42376801.mp3	5220
common_voice_mvy_42547618.mp3	3708
common_voice_mvy_42074709.mp3	4032
common_voice_mvy_42373839.mp3	6120
common_voice_mvy_42646795.mp3	6588
common_voice_mvy_42356343.mp3	5400
common_voice_mvy_42367190.mp3	5796
common_voice_mvy_42496587.mp3	5760
common_voice_mvy_42346949.mp3	3600
common_voice_mvy_42085364.mp3	15156
common_voice_mvy_42055915.mp3	4536
common_voice_mvy_42370493.mp3	4068
common_voice_mvy_42364013.mp3	4140
common_voice_mvy_42347297.mp3	8028
common_voice_mvy_42345938.mp3	4968
common_voice_mvy_42392123.mp3	7668
common_voice_mvy_42391733.mp3	4176
common_voice_mvy_42347510.mp3	3600
common_voice_mvy_42368859.mp3	5220
common_voice_mvy_42065647.mp3	4608
common_voice_mvy_42389668.mp3	8316
common_voice_mvy_42023154.mp3	3816
common_voice_mvy_42053521.mp3	4176
common_voice_mvy_42079970.mp3	4140
common_voice_mvy_42413088.mp3	3888
common_voice_mvy_42397319.mp3	5256
common_voice_mvy_42063630.mp3	5148
common_voice_mvy_42369997.mp3	3240
common_voice_mvy_42397049.mp3	5220
common_voice_mvy_42085823.mp3	3780
common_voice_mvy_42367250.mp3	6228
common_voice_mvy_42380255.mp3	4320
common_voice_mvy_42377986.mp3	4140
common_voice_mvy_42067033.mp3	2736
common_voice_mvy_42375964.mp3	5868
common_voice_mvy_42053221.mp3	5688
common_voice_mvy_42052664.mp3	6156
common_voice_mvy_42376481.mp3	5076
common_voice_mvy_42385847.mp3	3456
common_voice_mvy_42096176.mp3	5688
common_voice_mvy_42349301.mp3	3996
common_voice_mvy_42011624.mp3	7056
common_voice_mvy_42079252.mp3	8100
common_voice_mvy_42414459.mp3	4248
common_voice_mvy_42404822.mp3	4248
common_voice_mvy_42394435.mp3	3348
common_voice_mvy_42451862.mp3	4716
common_voice_mvy_42067090.mp3	7308
common_voice_mvy_42065850.mp3	6120
common_voice_mvy_42397737.mp3	3096
common_voice_mvy_42352256.mp3	8856
common_voice_mvy_42078758.mp3	7956
common_voice_mvy_42375568.mp3	5796
common_voice_mvy_42520419.mp3	3420
common_voice_mvy_42389962.mp3	8928
common_voice_mvy_42362281.mp3	6336
common_voice_mvy_42393792.mp3	3888
common_voice_mvy_42092615.mp3	3420
common_voice_mvy_42021343.mp3	7200
common_voice_mvy_42373543.mp3	3096
common_voice_mvy_42084799.mp3	7056
common_voice_mvy_42363646.mp3	5508
common_voice_mvy_42395085.mp3	3528
common_voice_mvy_42079662.mp3	7488
common_voice_mvy_42405487.mp3	2880
common_voice_mvy_42591149.mp3	7596
common_voice_mvy_42383842.mp3	3708
common_voice_mvy_42363542.mp3	7596
common_voice_mvy_42379956.mp3	6228
common_voice_mvy_42080083.mp3	5868
common_voice_mvy_42390318.mp3	3816
common_voice_mvy_42395972.mp3	3600
common_voice_mvy_42065888.mp3	3348
common_voice_mvy_42374292.mp3	4248
common_voice_mvy_42396140.mp3	3888
common_voice_mvy_42392498.mp3	3168
common_voice_mvy_42023155.mp3	3600
common_voice_mvy_42394554.mp3	3960
common_voice_mvy_42407908.mp3	6156
common_voice_mvy_42062609.mp3	8100
common_voice_mvy_42384936.mp3	7020
common_voice_mvy_42454019.mp3	7596
common_voice_mvy_42014979.mp3	6300
common_voice_mvy_42077281.mp3	2628
common_voice_mvy_42374202.mp3	4896
common_voice_mvy_42024891.mp3	6480
common_voice_mvy_42390795.mp3	5688
common_voice_mvy_42414324.mp3	4896
common_voice_mvy_42363711.mp3	4716
common_voice_mvy_42055587.mp3	3420
common_voice_mvy_42496667.mp3	5040
common_voice_mvy_42008194.mp3	5040
common_voice_mvy_42370086.mp3	4716
common_voice_mvy_42060921.mp3	4500
common_voice_mvy_42077211.mp3	4320
common_voice_mvy_42364791.mp3	3420
common_voice_mvy_42048878.mp3	7416
common_voice_mvy_42075554.mp3	6156
common_voice_mvy_42072375.mp3	4248
common_voice_mvy_42042117.mp3	3348
common_voice_mvy_42010199.mp3	3816
common_voice_mvy_42414405.mp3	7560
common_voice_mvy_42386074.mp3	6516
common_voice_mvy_42384373.mp3	3168
common_voice_mvy_42396429.mp3	4176
common_voice_mvy_42008122.mp3	4428
common_voice_mvy_42346742.mp3	5328
common_voice_mvy_42093191.mp3	5688
common_voice_mvy_42079898.mp3	3096
common_voice_mvy_42388247.mp3	2808
common_voice_mvy_42061366.mp3	3708
common_voice_mvy_42052721.mp3	2988
common_voice_mvy_42357184.mp3	6768
common_voice_mvy_42347274.mp3	4428
common_voice_mvy_42360007.mp3	1800
common_voice_mvy_42350738.mp3	3816
common_voice_mvy_42369401.mp3	4068
common_voice_mvy_42014911.mp3	6120
common_voice_mvy_42363445.mp3	3528
common_voice_mvy_42124222.mp3	3348
common_voice_mvy_42380623.mp3	5868
common_voice_mvy_42375749.mp3	3456
common_voice_mvy_42392535.mp3	7200
common_voice_mvy_42391953.mp3	7020
common_voice_mvy_42006658.mp3	6336
common_voice_mvy_42080461.mp3	7056
common_voice_mvy_42060978.mp3	4320
common_voice_mvy_42396336.mp3	2916
common_voice_mvy_42180380.mp3	5256
common_voice_mvy_42056411.mp3	7200
common_voice_mvy_42347117.mp3	5616
common_voice_mvy_42556808.mp3	4536
common_voice_mvy_42073798.mp3	4248
common_voice_mvy_42010000.mp3	4140
common_voice_mvy_42383340.mp3	4356
common_voice_mvy_42414974.mp3	4536
common_voice_mvy_42075712.mp3	4320
common_voice_mvy_42360485.mp3	4968
common_voice_mvy_42496662.mp3	7308
common_voice_mvy_42374102.mp3	3996
common_voice_mvy_42011736.mp3	5400
common_voice_mvy_42007610.mp3	5328
common_voice_mvy_42079067.mp3	4500
common_voice_mvy_42085168.mp3	6120
common_voice_mvy_42055842.mp3	4896
common_voice_mvy_42439972.mp3	5040
common_voice_mvy_42347678.mp3	4860
common_voice_mvy_42357823.mp3	5076
common_voice_mvy_42399609.mp3	6048
common_voice_mvy_42351576.mp3	4536
common_voice_mvy_42367116.mp3	5760
common_voice_mvy_42060338.mp3	4896
common_voice_mvy_42373664.mp3	5400
common_voice_mvy_42366881.mp3	3168
common_voice_mvy_42093217.mp3	3060
common_voice_mvy_42077325.mp3	4680
common_voice_mvy_42089192.mp3	7956
common_voice_mvy_42376422.mp3	3996
common_voice_mvy_42060043.mp3	4536
common_voice_mvy_42407892.mp3	2736
common_voice_mvy_42074923.mp3	3600
common_voice_mvy_42042567.mp3	7380
common_voice_mvy_42079619.mp3	4896
common_voice_mvy_42389344.mp3	4428
common_voice_mvy_42060332.mp3	4968
common_voice_mvy_42390832.mp3	4608
common_voice_mvy_42364840.mp3	4608
common_voice_mvy_42351229.mp3	4176
common_voice_mvy_42061346.mp3	3348
common_voice_mvy_42383229.mp3	3420
common_voice_mvy_42008068.mp3	4068
common_voice_mvy_42042317.mp3	4680
common_voice_mvy_42557261.mp3	3456
common_voice_mvy_42379228.mp3	5256
common_voice_mvy_42364699.mp3	4788
common_voice_mvy_42405396.mp3	4716
common_voice_mvy_42052682.mp3	4716
common_voice_mvy_42369325.mp3	5508
common_voice_mvy_42081243.mp3	5616
common_voice_mvy_42074667.mp3	4032
common_voice_mvy_42078806.mp3	8316
common_voice_mvy_42080335.mp3	6300
common_voice_mvy_42369053.mp3	5400
common_voice_mvy_42078520.mp3	4608
common_voice_mvy_42064488.mp3	4680
common_voice_mvy_42042313.mp3	5220
common_voice_mvy_42395818.mp3	4140
common_voice_mvy_42011199.mp3	7200
common_voice_mvy_42394090.mp3	4140
common_voice_mvy_42368480.mp3	4968
common_voice_mvy_42361176.mp3	3456
common_voice_mvy_42362941.mp3	4500
common_voice_mvy_42397919.mp3	2988
common_voice_mvy_42086108.mp3	6696
common_voice_mvy_42391573.mp3	4248
common_voice_mvy_42414328.mp3	6408
common_voice_mvy_42407911.mp3	3888
common_voice_mvy_42389409.mp3	3168
common_voice_mvy_42370126.mp3	3996
common_voice_mvy_42080834.mp3	7956
common_voice_mvy_42386031.mp3	8280
common_voice_mvy_42015013.mp3	7200
common_voice_mvy_42560088.mp3	4248
common_voice_mvy_42362843.mp3	5616
common_voice_mvy_42390481.mp3	4716
common_voice_mvy_42438248.mp3	4140
common_voice_mvy_42364981.mp3	4068
common_voice_mvy_42348262.mp3	4248
common_voice_mvy_42052969.mp3	4428
common_voice_mvy_42429037.mp3	4968
common_voice_mvy_42067838.mp3	3420
common_voice_mvy_42077239.mp3	5976
common_voice_mvy_42350215.mp3	3348
common_voice_mvy_42370485.mp3	3528
common_voice_mvy_42408362.mp3	3708
common_voice_mvy_42390000.mp3	4356
common_voice_mvy_42093058.mp3	3888
common_voice_mvy_42360220.mp3	6228
common_voice_mvy_42349766.mp3	5508
common_voice_mvy_42393714.mp3	4068
common_voice_mvy_42397065.mp3	5220
common_voice_mvy_42078659.mp3	14436
common_voice_mvy_42008647.mp3	4608
common_voice_mvy_42350822.mp3	6588
common_voice_mvy_42349839.mp3	5220
common_voice_mvy_42374014.mp3	3276
common_voice_mvy_42478905.mp3	4608
common_voice_mvy_42369814.mp3	3816
common_voice_mvy_42368839.mp3	3780
common_voice_mvy_42064190.mp3	3240
common_voice_mvy_42397266.mp3	2916
common_voice_mvy_42024888.mp3	8640
common_voice_mvy_42385761.mp3	6588
common_voice_mvy_42060998.mp3	3276
common_voice_mvy_42377646.mp3	4320
common_voice_mvy_42389366.mp3	4500
common_voice_mvy_42363075.mp3	4356
common_voice_mvy_42386491.mp3	3528
common_voice_mvy_42042172.mp3	3780
common_voice_mvy_42064219.mp3	6156
common_voice_mvy_42367850.mp3	6480
common_voice_mvy_42379069.mp3	7200
common_voice_mvy_42010540.mp3	3276
common_voice_mvy_42079661.mp3	8496
common_voice_mvy_42496595.mp3	5220
common_voice_mvy_42007802.mp3	7128
common_voice_mvy_42370506.mp3	4536
common_voice_mvy_42055422.mp3	6516
common_voice_mvy_42348878.mp3	5256
common_voice_mvy_42391611.mp3	4068
common_voice_mvy_42079764.mp3	2736
common_voice_mvy_42351257.mp3	7740
common_voice_mvy_42380573.mp3	2880
common_voice_mvy_42375841.mp3	4428
common_voice_mvy_42081538.mp3	4140
common_voice_mvy_42380577.mp3	5760
common_voice_mvy_42391914.mp3	3348
common_voice_mvy_42362901.mp3	6228
common_voice_mvy_42350333.mp3	5256
common_voice_mvy_42364825.mp3	5220
common_voice_mvy_42364259.mp3	3240
common_voice_mvy_42367149.mp3	6480
common_voice_mvy_42376500.mp3	6408
common_voice_mvy_42392954.mp3	3600
common_voice_mvy_42390296.mp3	6480
common_voice_mvy_42373586.mp3	4140
common_voice_mvy_42080976.mp3	2988
common_voice_mvy_42042082.mp3	2808
common_voice_mvy_42376357.mp3	4500
common_voice_mvy_42361803.mp3	5688
common_voice_mvy_42347053.mp3	4788
common_voice_mvy_42043144.mp3	3456
common_voice_mvy_42011157.mp3	3888
common_voice_mvy_42089276.mp3	3456
common_voice_mvy_42585971.mp3	5400
common_voice_mvy_42012053.mp3	7308
common_voice_mvy_42547589.mp3	3816
common_voice_mvy_42367044.mp3	5148
common_voice_mvy_42373585.mp3	6660
common_voice_mvy_42042140.mp3	3096
common_voice_mvy_42384767.mp3	4320
common_voice_mvy_42364792.mp3	6516
common_voice_mvy_42356224.mp3	8676
common_voice_mvy_42385053.mp3	4320
common_voice_mvy_42015011.mp3	3528
common_voice_mvy_42063009.mp3	6048
common_voice_mvy_48992958.mp3	4068
common_voice_mvy_42363311.mp3	5076
common_voice_mvy_42382643.mp3	3636
common_voice_mvy_42008150.mp3	3780
common_voice_mvy_42385098.mp3	4428
common_voice_mvy_42379160.mp3	6048
common_voice_mvy_42097855.mp3	2736
common_voice_mvy_42007603.mp3	3960
common_voice_mvy_42515054.mp3	4860
common_voice_mvy_42413228.mp3	6336
common_voice_mvy_42362192.mp3	4068
common_voice_mvy_42403732.mp3	3816
common_voice_mvy_42390621.mp3	5076
common_voice_mvy_42008302.mp3	3528
common_voice_mvy_42546212.mp3	6336
common_voice_mvy_42080837.mp3	6408
common_voice_mvy_42077352.mp3	5400
common_voice_mvy_42395365.mp3	5220
common_voice_mvy_42363269.mp3	3708
common_voice_mvy_42042149.mp3	3636
common_voice_mvy_42368685.mp3	6048
common_voice_mvy_42394711.mp3	3780
common_voice_mvy_42086119.mp3	3348
common_voice_mvy_42391933.mp3	4860
common_voice_mvy_42380803.mp3	2808
common_voice_mvy_42404644.mp3	3420
common_voice_mvy_42079215.mp3	2808
common_voice_mvy_42081564.mp3	7128
common_voice_mvy_42007187.mp3	4608
common_voice_mvy_42413600.mp3	4320
common_voice_mvy_42053445.mp3	3996
common_voice_mvy_42085574.mp3	3888
common_voice_mvy_42413250.mp3	5508
common_voice_mvy_42399165.mp3	4176
common_voice_mvy_42361769.mp3	4608
common_voice_mvy_42367285.mp3	3276
common_voice_mvy_42067181.mp3	2340
common_voice_mvy_42373801.mp3	3060
common_voice_mvy_42370186.mp3	4680
common_voice_mvy_42546253.mp3	5400
common_voice_mvy_42409774.mp3	3096
common_voice_mvy_42376402.mp3	5436
common_voice_mvy_42375720.mp3	3096
common_voice_mvy_42585973.mp3	4968
common_voice_mvy_42063774.mp3	4860
common_voice_mvy_42395888.mp3	6876
common_voice_mvy_42079936.mp3	5220
common_voice_mvy_42376590.mp3	4860
common_voice_mvy_42010187.mp3	4248
common_voice_mvy_42079839.mp3	5220
common_voice_mvy_42049788.mp3	5688
common_voice_mvy_42369400.mp3	5868
common_voice_mvy_42124221.mp3	3096
common_voice_mvy_42080623.mp3	3348
common_voice_mvy_42021385.mp3	6408
common_voice_mvy_42042100.mp3	3600
common_voice_mvy_42362598.mp3	4680
common_voice_mvy_42096247.mp3	6660
common_voice_mvy_42413191.mp3	2988
common_voice_mvy_42395035.mp3	3096
common_voice_mvy_42357198.mp3	4320
common_voice_mvy_42079715.mp3	5868
common_voice_mvy_42348280.mp3	4176
common_voice_mvy_42383250.mp3	3096
common_voice_mvy_42072904.mp3	5148
common_voice_mvy_42363792.mp3	5436
common_voice_mvy_42373474.mp3	5436
common_voice_mvy_42012654.mp3	7236
common_voice_mvy_42396452.mp3	4608
common_voice_mvy_42081600.mp3	7488
common_voice_mvy_42351708.mp3	4500
common_voice_mvy_42370701.mp3	4428
common_voice_mvy_42072892.mp3	9216
common_voice_mvy_42081539.mp3	7128
common_voice_mvy_42079440.mp3	8280
common_voice_mvy_42478919.mp3	3780
common_voice_mvy_42515073.mp3	4680
common_voice_mvy_42362918.mp3	2916
common_voice_mvy_42349622.mp3	4248
common_voice_mvy_42363275.mp3	5040
common_voice_mvy_42363752.mp3	4320
common_voice_mvy_42363270.mp3	4140
common_voice_mvy_42347388.mp3	3636
common_voice_mvy_42379330.mp3	4680
common_voice_mvy_42414442.mp3	5148
common_voice_mvy_42363796.mp3	4788
common_voice_mvy_42380071.mp3	6156
common_voice_mvy_42351166.mp3	3996
common_voice_mvy_42072936.mp3	2628
common_voice_mvy_42064167.mp3	4536
common_voice_mvy_42066438.mp3	3168
common_voice_mvy_42392892.mp3	5508
common_voice_mvy_42557209.mp3	5256
common_voice_mvy_42395772.mp3	4680
common_voice_mvy_42014990.mp3	5256
common_voice_mvy_42351010.mp3	5688
common_voice_mvy_42074705.mp3	3384
common_voice_mvy_42055446.mp3	4608
common_voice_mvy_42591147.mp3	6588
common_voice_mvy_42365259.mp3	7308
common_voice_mvy_42348787.mp3	3996
common_voice_mvy_42380359.mp3	3348
common_voice_mvy_42380436.mp3	3708
common_voice_mvy_42077361.mp3	3816
common_voice_mvy_42024390.mp3	6048
common_voice_mvy_42547558.mp3	4356
common_voice_mvy_42053482.mp3	4428
common_voice_mvy_42366761.mp3	5400
common_voice_mvy_42385028.mp3	5760
common_voice_mvy_42382259.mp3	4968
common_voice_mvy_42362560.mp3	5256
common_voice_mvy_42073812.mp3	2448
common_voice_mvy_42078551.mp3	4968
common_voice_mvy_42348948.mp3	3888
common_voice_mvy_42389430.mp3	4896
common_voice_mvy_42382953.mp3	5976
common_voice_mvy_42080388.mp3	3420
common_voice_mvy_42080338.mp3	4464
common_voice_mvy_42008354.mp3	4140
common_voice_mvy_42077296.mp3	2916
common_voice_mvy_42075494.mp3	5256
common_voice_mvy_42365665.mp3	4536
common_voice_mvy_42369255.mp3	2736
common_voice_mvy_42060905.mp3	4968
common_voice_mvy_42079702.mp3	6768
common_voice_mvy_42061027.mp3	6876
common_voice_mvy_42347256.mp3	4860
common_voice_mvy_42397216.mp3	3816
common_voice_mvy_42374275.mp3	3276
common_voice_mvy_42346766.mp3	3240
common_voice_mvy_42397224.mp3	6840
common_voice_mvy_42532290.mp3	3276
common_voice_mvy_42073584.mp3	4968
common_voice_mvy_42412748.mp3	6120
common_voice_mvy_42374250.mp3	3996
common_voice_mvy_42384769.mp3	6840
common_voice_mvy_42092985.mp3	5436
common_voice_mvy_42096228.mp3	5868
common_voice_mvy_42363649.mp3	5220
common_voice_mvy_42363801.mp3	3960
common_voice_mvy_42064191.mp3	3636
common_voice_mvy_42532272.mp3	3816
common_voice_mvy_42386105.mp3	7020
common_voice_mvy_42080274.mp3	5076
common_voice_mvy_42396145.mp3	4680
common_voice_mvy_42346524.mp3	3348
common_voice_mvy_42381098.mp3	3780
common_voice_mvy_42347445.mp3	5148
common_voice_mvy_42067856.mp3	2916
common_voice_mvy_42373385.mp3	6120
common_voice_mvy_42364014.mp3	3708
common_voice_mvy_42063637.mp3	4176
common_voice_mvy_42397835.mp3	3528
common_voice_mvy_42385026.mp3	4320
common_voice_mvy_42429384.mp3	3240
common_voice_mvy_42414321.mp3	6840
common_voice_mvy_42084742.mp3	4356
common_voice_mvy_42072982.mp3	3708
common_voice_mvy_42053031.mp3	3168
common_voice_mvy_42394619.mp3	3636
common_voice_mvy_42364637.mp3	5688
common_voice_mvy_42397059.mp3	5220
common_voice_mvy_42390829.mp3	4320
common_voice_mvy_42346442.mp3	3060
common_voice_mvy_42474274.mp3	4176
common_voice_mvy_42010179.mp3	4248
common_voice_mvy_42079819.mp3	5400
common_voice_mvy_42390854.mp3	3420
common_voice_mvy_42013086.mp3	3780
common_voice_mvy_42368940.mp3	3888
common_voice_mvy_42075553.mp3	7560
common_voice_mvy_42350141.mp3	4968
common_voice_mvy_42080102.mp3	4320
common_voice_mvy_42064187.mp3	4716
common_voice_mvy_42403386.mp3	4680
common_voice_mvy_42084682.mp3	2916
common_voice_mvy_42053470.mp3	5220
common_voice_mvy_42387972.mp3	4140
common_voice_mvy_42042274.mp3	4680
common_voice_mvy_42089482.mp3	5868
common_voice_mvy_42080056.mp3	7920
common_voice_mvy_42393931.mp3	5040
common_voice_mvy_42043114.mp3	4608
common_voice_mvy_42515098.mp3	4176
common_voice_mvy_42096208.mp3	8496
common_voice_mvy_42375995.mp3	4248
common_voice_mvy_42083757.mp3	2340
common_voice_mvy_42405493.mp3	3816
common_voice_mvy_42403102.mp3	5256
common_voice_mvy_42391886.mp3	2808
common_voice_mvy_42385899.mp3	3240
common_voice_mvy_42006628.mp3	3636
common_voice_mvy_42390274.mp3	4968
common_voice_mvy_42351811.mp3	4068
common_voice_mvy_42072995.mp3	3420
common_voice_mvy_42379184.mp3	2628
common_voice_mvy_42049789.mp3	6012
common_voice_mvy_42362318.mp3	4500
common_voice_mvy_42438020.mp3	6120
common_voice_mvy_42376501.mp3	4536
common_voice_mvy_42080305.mp3	2628
common_voice_mvy_42063992.mp3	7200
common_voice_mvy_42370300.mp3	3528
common_voice_mvy_42387987.mp3	4068
common_voice_mvy_42515020.mp3	3096
common_voice_mvy_42080484.mp3	3996
common_voice_mvy_42374069.mp3	4896
common_voice_mvy_42352059.mp3	5868
common_voice_mvy_42348092.mp3	3348
common_voice_mvy_42429390.mp3	3996
common_voice_mvy_42089219.mp3	6300
common_voice_mvy_42547556.mp3	5148
common_voice_mvy_42350751.mp3	3348
common_voice_mvy_42395027.mp3	3060
common_voice_mvy_42348841.mp3	3816
common_voice_mvy_42363522.mp3	6300
common_voice_mvy_42369248.mp3	5400
common_voice_mvy_42011894.mp3	5256
common_voice_mvy_42348719.mp3	4356
common_voice_mvy_42414895.mp3	4896
common_voice_mvy_42396172.mp3	5976
common_voice_mvy_42360786.mp3	6228
common_voice_mvy_42350321.mp3	4536
common_voice_mvy_42348689.mp3	4968
common_voice_mvy_42389041.mp3	4068
common_voice_mvy_42395273.mp3	5940
common_voice_mvy_42080294.mp3	3456
common_voice_mvy_42391881.mp3	3096
common_voice_mvy_42496788.mp3	5688
common_voice_mvy_42362826.mp3	3636
common_voice_mvy_42079280.mp3	3528
common_voice_mvy_42064140.mp3	3996
common_voice_mvy_42008238.mp3	4500
common_voice_mvy_42052748.mp3	3168
common_voice_mvy_42386488.mp3	7416
common_voice_mvy_42055671.mp3	3240
common_voice_mvy_42352391.mp3	5436
common_voice_mvy_42389549.mp3	4320
common_voice_mvy_42062288.mp3	3204
common_voice_mvy_42351766.mp3	3348
common_voice_mvy_42366955.mp3	3708
common_voice_mvy_42380638.mp3	4320
common_voice_mvy_42357024.mp3	4968
common_voice_mvy_42085559.mp3	5076
common_voice_mvy_42079951.mp3	4680
common_voice_mvy_42380226.mp3	6876
common_voice_mvy_42006665.mp3	4176
common_voice_mvy_42075513.mp3	10656
common_voice_mvy_42552906.mp3	7668
common_voice_mvy_42053091.mp3	5868
common_voice_mvy_42378003.mp3	3240
common_voice_mvy_42073846.mp3	4896
common_voice_mvy_42520435.mp3	4680
common_voice_mvy_42360065.mp3	4536
common_voice_mvy_42350060.mp3	4248
common_voice_mvy_42387717.mp3	5400
common_voice_mvy_42370047.mp3	4356
common_voice_mvy_42595025.mp3	5616
common_voice_mvy_42395030.mp3	5148
common_voice_mvy_42064687.mp3	7308
common_voice_mvy_42053703.mp3	6768
common_voice_mvy_42368456.mp3	4500
common_voice_mvy_42378845.mp3	3276
common_voice_mvy_42021318.mp3	4860
common_voice_mvy_42348963.mp3	2916
common_voice_mvy_42367343.mp3	4608
common_voice_mvy_42383758.mp3	3456
common_voice_mvy_42052633.mp3	3780
common_voice_mvy_42011166.mp3	6048
common_voice_mvy_42364172.mp3	4680
common_voice_mvy_42064130.mp3	6516
common_voice_mvy_42072965.mp3	3960
common_voice_mvy_42078850.mp3	5796
common_voice_mvy_42053540.mp3	5076
common_voice_mvy_42007145.mp3	4536
common_voice_mvy_42180449.mp3	3240
common_voice_mvy_42056700.mp3	7020
common_voice_mvy_42061214.mp3	7920
common_voice_mvy_42062801.mp3	4716
common_voice_mvy_42023175.mp3	6120
common_voice_mvy_42089751.mp3	4716
common_voice_mvy_42557272.mp3	10368
common_voice_mvy_42062275.mp3	4716
common_voice_mvy_42021359.mp3	4896
common_voice_mvy_42368824.mp3	4356
common_voice_mvy_42376479.mp3	4320
common_voice_mvy_42397690.mp3	3636
common_voice_mvy_42364950.mp3	4680
common_voice_mvy_42375569.mp3	9180
common_voice_mvy_42012185.mp3	4500
common_voice_mvy_42075723.mp3	5544
common_voice_mvy_42130581.mp3	4248
common_voice_mvy_42357005.mp3	3636
common_voice_mvy_42080474.mp3	5580
common_voice_mvy_42393346.mp3	2880
common_voice_mvy_42369236.mp3	4716
common_voice_mvy_42392894.mp3	3960
common_voice_mvy_42008406.mp3	3456
common_voice_mvy_42073017.mp3	4716
common_voice_mvy_42376779.mp3	4140
common_voice_mvy_42180532.mp3	2916
common_voice_mvy_42008301.mp3	4608
common_voice_mvy_42370198.mp3	3888
common_voice_mvy_42393645.mp3	3996
common_voice_mvy_42383744.mp3	8928
common_voice_mvy_42370687.mp3	3996
common_voice_mvy_42063856.mp3	7020
common_voice_mvy_42496644.mp3	9000
common_voice_mvy_42063621.mp3	6480
common_voice_mvy_42412810.mp3	3276
common_voice_mvy_42063900.mp3	3888
common_voice_mvy_42021319.mp3	8460
common_voice_mvy_42351671.mp3	4140
common_voice_mvy_42351357.mp3	5256
common_voice_mvy_42011501.mp3	6300
common_voice_mvy_42075735.mp3	6300
common_voice_mvy_42356277.mp3	3888
common_voice_mvy_42347623.mp3	3348
common_voice_mvy_42388249.mp3	6408
common_voice_mvy_42394391.mp3	4356
common_voice_mvy_42395327.mp3	4680
common_voice_mvy_42360516.mp3	4068
common_voice_mvy_42396269.mp3	4320
common_voice_mvy_42079392.mp3	4536
common_voice_mvy_42052716.mp3	6336
common_voice_mvy_42396123.mp3	5796
common_voice_mvy_42370167.mp3	4356
common_voice_mvy_42079281.mp3	4968
common_voice_mvy_42064442.mp3	4176
common_voice_mvy_42368871.mp3	6156
common_voice_mvy_42093095.mp3	6876
common_voice_mvy_42414898.mp3	4500
common_voice_mvy_42050289.mp3	5796
common_voice_mvy_42011638.mp3	4860
common_voice_mvy_42496597.mp3	4896
common_voice_mvy_42345861.mp3	4860
common_voice_mvy_42383334.mp3	7020
common_voice_mvy_42363387.mp3	5328
common_voice_mvy_42008336.mp3	7020
common_voice_mvy_42053026.mp3	5616
common_voice_mvy_42451860.mp3	4860
common_voice_mvy_42396015.mp3	3528
common_voice_mvy_42064670.mp3	5256
common_voice_mvy_42367253.mp3	4716
common_voice_mvy_42010375.mp3	5328
common_voice_mvy_42346789.mp3	4788
common_voice_mvy_42010443.mp3	4176
common_voice_mvy_42395279.mp3	4608
common_voice_mvy_42042655.mp3	4536
common_voice_mvy_42474236.mp3	5400
common_voice_mvy_42393664.mp3	3060
common_voice_mvy_42363395.mp3	4068
common_voice_mvy_42052761.mp3	3348
common_voice_mvy_42363181.mp3	6588
common_voice_mvy_42363238.mp3	2520
common_voice_mvy_42042236.mp3	4788
common_voice_mvy_42021731.mp3	3528
common_voice_mvy_42368658.mp3	6156
common_voice_mvy_42360083.mp3	4356
common_voice_mvy_42008004.mp3	3240
common_voice_mvy_42347621.mp3	4680
common_voice_mvy_42056699.mp3	4680
common_voice_mvy_42520426.mp3	7668
common_voice_mvy_42376578.mp3	4896
common_voice_mvy_42067757.mp3	3420
common_voice_mvy_42347142.mp3	5328
common_voice_mvy_42060254.mp3	4356
common_voice_mvy_42373660.mp3	4536
common_voice_mvy_42067111.mp3	5256
common_voice_mvy_42049811.mp3	4752
common_voice_mvy_42077269.mp3	2556
common_voice_mvy_42378906.mp3	4140
common_voice_mvy_42390780.mp3	3528
common_voice_mvy_42373610.mp3	5328
common_voice_mvy_42397799.mp3	4068
common_voice_mvy_42348612.mp3	4716
common_voice_mvy_42195001.mp3	3456
common_voice_mvy_42367252.mp3	3888
common_voice_mvy_42414237.mp3	4536
common_voice_mvy_42392062.mp3	2988
common_voice_mvy_42386490.mp3	5220
common_voice_mvy_42376612.mp3	3168
common_voice_mvy_42072318.mp3	3708
common_voice_mvy_42064251.mp3	9108
common_voice_mvy_42055333.mp3	5976
common_voice_mvy_42520398.mp3	4680
common_voice_mvy_42368603.mp3	5868
common_voice_mvy_42062274.mp3	4176
common_voice_mvy_42367760.mp3	4788
common_voice_mvy_42376478.mp3	5076
common_voice_mvy_42376356.mp3	4356
common_voice_mvy_42366969.mp3	7956
common_voice_mvy_42079759.mp3	4248
common_voice_mvy_42042331.mp3	4176
common_voice_mvy_42007703.mp3	4716
common_voice_mvy_42361312.mp3	5328
common_voice_mvy_42379802.mp3	5436
common_voice_mvy_42072308.mp3	3636
common_voice_mvy_42363169.mp3	4716
common_voice_mvy_42093224.mp3	4176
common_voice_mvy_42392986.mp3	3420
common_voice_mvy_42122877.mp3	3600
common_voice_mvy_42520443.mp3	2916
common_voice_mvy_42370288.mp3	4176
common_voice_mvy_42378901.mp3	3888
common_voice_mvy_42079355.mp3	9936
common_voice_mvy_42053441.mp3	5400
common_voice_mvy_42393617.mp3	3996
common_voice_mvy_42533345.mp3	5040
common_voice_mvy_42363889.mp3	4500
common_voice_mvy_42389964.mp3	2988
common_voice_mvy_42084744.mp3	5400
common_voice_mvy_42556906.mp3	5868
common_voice_mvy_42006663.mp3	4536
common_voice_mvy_42012206.mp3	3168
common_voice_mvy_42347624.mp3	3636
common_voice_mvy_42347123.mp3	5076
common_voice_mvy_42011145.mp3	7956
common_voice_mvy_42010169.mp3	3348
common_voice_mvy_42043051.mp3	4068
common_voice_mvy_42080349.mp3	5436
common_voice_mvy_42413294.mp3	4140
common_voice_mvy_42370262.mp3	4248
common_voice_mvy_42124324.mp3	4968
common_voice_mvy_42347189.mp3	4140
common_voice_mvy_42060019.mp3	5976
common_voice_mvy_42368380.mp3	4176
common_voice_mvy_42383269.mp3	2736
common_voice_mvy_42546232.mp3	6588
common_voice_mvy_42363072.mp3	3960
common_voice_mvy_42389224.mp3	3636
common_voice_mvy_42392930.mp3	3636
common_voice_mvy_42418725.mp3	4608
common_voice_mvy_42374039.mp3	2520
common_voice_mvy_42067063.mp3	3240
common_voice_mvy_42370550.mp3	4140
common_voice_mvy_42363186.mp3	4500
common_voice_mvy_42062893.mp3	6408
common_voice_mvy_42585970.mp3	6948
common_voice_mvy_42007605.mp3	3096
common_voice_mvy_42515001.mp3	4716
common_voice_mvy_42080801.mp3	4860
common_voice_mvy_42369091.mp3	3888
common_voice_mvy_42394463.mp3	3060
common_voice_mvy_42396063.mp3	3060
common_voice_mvy_42062985.mp3	4608
common_voice_mvy_42348879.mp3	4140
common_voice_mvy_42073794.mp3	5940
common_voice_mvy_42351539.mp3	9936
common_voice_mvy_42376325.mp3	4320
common_voice_mvy_42093035.mp3	3780
common_voice_mvy_42007220.mp3	4536
common_voice_mvy_42437995.mp3	5076
common_voice_mvy_42008482.mp3	4248
common_voice_mvy_42063952.mp3	6876
common_voice_mvy_42552954.mp3	5976
common_voice_mvy_42351297.mp3	6876
common_voice_mvy_42363268.mp3	4176
common_voice_mvy_42042298.mp3	6336
common_voice_mvy_42393417.mp3	3276
common_voice_mvy_42264480.mp3	6048
common_voice_mvy_42395131.mp3	5220
common_voice_mvy_42042874.mp3	12276
common_voice_mvy_42056770.mp3	4608
common_voice_mvy_42008562.mp3	4680
common_voice_mvy_42394085.mp3	4788
common_voice_mvy_42010036.mp3	5148
common_voice_mvy_42533326.mp3	5508
common_voice_mvy_42064238.mp3	3888
common_voice_mvy_42008243.mp3	3816
common_voice_mvy_42079527.mp3	9828
common_voice_mvy_42478922.mp3	5796
common_voice_mvy_42533386.mp3	4176
common_voice_mvy_42364010.mp3	3060
common_voice_mvy_42374316.mp3	5328
common_voice_mvy_42042251.mp3	3528
common_voice_mvy_42010183.mp3	4788
common_voice_mvy_42363500.mp3	3996
common_voice_mvy_42350635.mp3	5436
common_voice_mvy_42391776.mp3	4500
common_voice_mvy_42066994.mp3	3456
common_voice_mvy_42365349.mp3	5076
common_voice_mvy_42387694.mp3	4176
common_voice_mvy_42078985.mp3	3132
common_voice_mvy_42395108.mp3	4176
common_voice_mvy_42064212.mp3	7308
common_voice_mvy_42369075.mp3	3240
common_voice_mvy_42451864.mp3	5040
common_voice_mvy_42053062.mp3	4860
common_voice_mvy_42376158.mp3	5940
common_voice_mvy_42373817.mp3	6300
common_voice_mvy_42383455.mp3	7128
common_voice_mvy_42042848.mp3	7740
common_voice_mvy_42010356.mp3	4068
common_voice_mvy_42412771.mp3	3600
common_voice_mvy_42421672.mp3	3060
common_voice_mvy_42385758.mp3	7308
common_voice_mvy_42042155.mp3	3636
common_voice_mvy_42376258.mp3	2736
common_voice_mvy_42074666.mp3	4428
common_voice_mvy_42369838.mp3	4536
common_voice_mvy_42364594.mp3	2520
common_voice_mvy_42008303.mp3	3888
common_voice_mvy_42076002.mp3	5580
common_voice_mvy_42370050.mp3	4500
common_voice_mvy_42364819.mp3	2988
common_voice_mvy_42362992.mp3	4068
common_voice_mvy_42363067.mp3	3960
common_voice_mvy_42360640.mp3	5868
common_voice_mvy_42364587.mp3	4968
common_voice_mvy_42061015.mp3	5688
common_voice_mvy_42021090.mp3	6660
common_voice_mvy_42390469.mp3	3708
common_voice_mvy_42348763.mp3	4176
common_voice_mvy_42386519.mp3	5436
common_voice_mvy_42075782.mp3	2880
common_voice_mvy_42042250.mp3	2700
common_voice_mvy_42053050.mp3	3456
common_voice_mvy_42007394.mp3	5868
common_voice_mvy_42056931.mp3	3960
common_voice_mvy_42397536.mp3	3816
common_voice_mvy_42393431.mp3	5616
common_voice_mvy_42007181.mp3	3636
common_voice_mvy_42397623.mp3	3816
common_voice_mvy_42011138.mp3	3780
common_voice_mvy_42374328.mp3	3168
common_voice_mvy_42546254.mp3	7740
common_voice_mvy_42361905.mp3	6516
common_voice_mvy_42052985.mp3	4788
common_voice_mvy_42124270.mp3	4788
common_voice_mvy_42360756.mp3	3960
common_voice_mvy_42384102.mp3	4536
common_voice_mvy_42080560.mp3	4068
common_voice_mvy_42385086.mp3	4248
common_voice_mvy_42080606.mp3	5400
common_voice_mvy_42363388.mp3	5040
common_voice_mvy_42358475.mp3	3780
common_voice_mvy_42351801.mp3	4608
common_voice_mvy_42350763.mp3	4680
common_voice_mvy_42380376.mp3	4968
common_voice_mvy_42074785.mp3	3240
common_voice_mvy_42379362.mp3	4896
common_voice_mvy_42374333.mp3	2556
common_voice_mvy_42376606.mp3	3708
common_voice_mvy_42396072.mp3	4860
common_voice_mvy_42369768.mp3	4248
common_voice_mvy_42394563.mp3	3348
common_voice_mvy_42080744.mp3	9576
common_voice_mvy_42360565.mp3	4968
common_voice_mvy_42053543.mp3	4608
common_voice_mvy_42389299.mp3	5868
common_voice_mvy_42413263.mp3	4788
common_voice_mvy_42081120.mp3	4356
common_voice_mvy_42079915.mp3	3348
common_voice_mvy_42360577.mp3	2988
common_voice_mvy_42064256.mp3	5616
common_voice_mvy_42391212.mp3	6516
common_voice_mvy_42348448.mp3	8100
common_voice_mvy_42478866.mp3	3456
common_voice_mvy_42547795.mp3	6120
common_voice_mvy_42060481.mp3	3888
common_voice_mvy_42396016.mp3	3528
common_voice_mvy_42361030.mp3	5760
common_voice_mvy_42376554.mp3	4968
common_voice_mvy_42375618.mp3	2448
common_voice_mvy_42042097.mp3	3096
common_voice_mvy_42380415.mp3	5868
common_voice_mvy_42023172.mp3	6156
common_voice_mvy_42363488.mp3	4320
common_voice_mvy_42363155.mp3	8316
common_voice_mvy_42383442.mp3	3960
common_voice_mvy_42376317.mp3	4608
common_voice_mvy_42383362.mp3	2700
common_voice_mvy_42011831.mp3	3168
common_voice_mvy_42080311.mp3	10980
common_voice_mvy_42064716.mp3	4356
common_voice_mvy_42736067.mp3	5760
common_voice_mvy_42080252.mp3	5040
common_voice_mvy_42077371.mp3	5436
common_voice_mvy_42386140.mp3	4968
common_voice_mvy_42060995.mp3	3708
common_voice_mvy_42066890.mp3	5328
common_voice_mvy_42363421.mp3	5328
common_voice_mvy_42384429.mp3	3960
common_voice_mvy_42386493.mp3	7668
common_voice_mvy_42368601.mp3	4068
common_voice_mvy_42077624.mp3	4464
common_voice_mvy_42056228.mp3	3816
common_voice_mvy_42060397.mp3	3528
common_voice_mvy_42055952.mp3	3600
common_voice_mvy_42080587.mp3	3636
common_voice_mvy_42398304.mp3	3276
common_voice_mvy_42074799.mp3	5256
common_voice_mvy_42406560.mp3	3276
common_voice_mvy_42368956.mp3	6048
common_voice_mvy_42084822.mp3	5256
common_voice_mvy_42021283.mp3	7380
common_voice_mvy_42385581.mp3	5616
common_voice_mvy_42478910.mp3	4860
common_voice_mvy_42060417.mp3	4320
common_voice_mvy_42383820.mp3	5688
common_voice_mvy_42064205.mp3	5616
common_voice_mvy_42367448.mp3	4068
common_voice_mvy_42366950.mp3	4536
common_voice_mvy_42360620.mp3	3816
common_voice_mvy_42413350.mp3	2376
common_voice_mvy_42392271.mp3	5400
common_voice_mvy_42604488.mp3	3780
common_voice_mvy_42438272.mp3	3996
common_voice_mvy_42079165.mp3	9396
common_voice_mvy_42515016.mp3	4680
common_voice_mvy_42007247.mp3	2916
common_voice_mvy_42374151.mp3	4860
common_voice_mvy_42351787.mp3	4968
common_voice_mvy_42367590.mp3	6300
common_voice_mvy_42397264.mp3	3420
common_voice_mvy_42362964.mp3	4680
common_voice_mvy_42076038.mp3	3276
common_voice_mvy_42380788.mp3	3636
common_voice_mvy_42080923.mp3	4176
common_voice_mvy_42389099.mp3	3708
common_voice_mvy_42011371.mp3	7488
common_voice_mvy_42014189.mp3	3060
common_voice_mvy_42042143.mp3	4716
common_voice_mvy_42347647.mp3	4428
common_voice_mvy_42064833.mp3	5220
common_voice_mvy_42393890.mp3	3276
common_voice_mvy_42383214.mp3	3276
common_voice_mvy_42194994.mp3	6840
common_voice_mvy_42533338.mp3	4320
common_voice_mvy_42348345.mp3	4860
common_voice_mvy_42346886.mp3	4860
common_voice_mvy_42368680.mp3	4176
common_voice_mvy_42380624.mp3	2880
common_voice_mvy_42515044.mp3	2448
common_voice_mvy_42078859.mp3	6300
common_voice_mvy_42370054.mp3	2880
common_voice_mvy_42403364.mp3	3888
common_voice_mvy_42395994.mp3	4788
common_voice_mvy_42575080.mp3	5508
common_voice_mvy_42368821.mp3	3096
common_voice_mvy_42012066.mp3	4140
common_voice_mvy_42550598.mp3	4428
common_voice_mvy_42394390.mp3	6480
common_voice_mvy_42063166.mp3	4500
common_voice_mvy_42390277.mp3	4716
common_voice_mvy_42557199.mp3	1836
common_voice_mvy_42350637.mp3	5940
common_voice_mvy_42391934.mp3	3096
common_voice_mvy_42395742.mp3	4068
common_voice_mvy_42387696.mp3	5220
common_voice_mvy_42394083.mp3	4428
common_voice_mvy_42081563.mp3	8928
common_voice_mvy_42021729.mp3	4788
common_voice_mvy_42369303.mp3	4068
common_voice_mvy_42055668.mp3	5688
common_voice_mvy_42496613.mp3	6048
common_voice_mvy_42060879.mp3	3780
common_voice_mvy_42023102.mp3	8640
common_voice_mvy_42394604.mp3	6408
common_voice_mvy_42053711.mp3	6228
common_voice_mvy_42382987.mp3	7488
common_voice_mvy_42395189.mp3	4536
common_voice_mvy_42376769.mp3	4068
common_voice_mvy_42363106.mp3	4500
common_voice_mvy_42042206.mp3	3276
common_voice_mvy_42085253.mp3	3096
common_voice_mvy_42377616.mp3	6120
common_voice_mvy_42008419.mp3	3636
common_voice_mvy_42042178.mp3	3708
common_voice_mvy_42042271.mp3	4068
common_voice_mvy_42392131.mp3	3924
common_voice_mvy_42055604.mp3	3456
common_voice_mvy_42380234.mp3	5688
common_voice_mvy_42021596.mp3	4320
common_voice_mvy_42399187.mp3	4176
common_voice_mvy_42055712.mp3	6660
common_voice_mvy_42370042.mp3	3348
common_voice_mvy_42403436.mp3	3708
common_voice_mvy_42370090.mp3	2880
common_voice_mvy_42072923.mp3	3456
common_voice_mvy_42363152.mp3	8028
common_voice_mvy_42075571.mp3	7416
common_voice_mvy_42394706.mp3	4500
common_voice_mvy_42074921.mp3	4068
common_voice_mvy_42081187.mp3	4032
common_voice_mvy_42055502.mp3	3528
common_voice_mvy_42474254.mp3	2880
common_voice_mvy_42078620.mp3	2916
common_voice_mvy_42350194.mp3	4428
common_voice_mvy_42349956.mp3	4680
common_voice_mvy_42066448.mp3	3528
common_voice_mvy_42077316.mp3	2880
common_voice_mvy_42007764.mp3	5976
common_voice_mvy_42374003.mp3	4428
common_voice_mvy_42063006.mp3	5328
common_voice_mvy_42391940.mp3	6228
common_voice_mvy_42383670.mp3	3096
common_voice_mvy_42369160.mp3	6300
common_voice_mvy_42055504.mp3	4068
common_voice_mvy_42042223.mp3	4176
common_voice_mvy_42042267.mp3	3636
common_voice_mvy_42387716.mp3	6516
common_voice_mvy_42366684.mp3	2268
common_voice_mvy_42063931.mp3	6768
common_voice_mvy_42361678.mp3	6228
common_voice_mvy_42080561.mp3	4068
common_voice_mvy_42394709.mp3	5076
common_voice_mvy_42023122.mp3	4968
common_voice_mvy_42389367.mp3	3636
common_voice_mvy_42366731.mp3	3348
common_voice_mvy_42394039.mp3	3276
common_voice_mvy_42405546.mp3	5040
common_voice_mvy_42387962.mp3	4176
common_voice_mvy_42064749.mp3	2700
common_voice_mvy_42380543.mp3	2988
common_voice_mvy_42060767.mp3	5040
common_voice_mvy_42394992.mp3	3636
common_voice_mvy_42370427.mp3	3528
common_voice_mvy_42397304.mp3	3636
common_voice_mvy_42560090.mp3	6300
common_voice_mvy_42533349.mp3	3960
common_voice_mvy_42413308.mp3	2916
common_voice_mvy_42373414.mp3	6120
common_voice_mvy_42023162.mp3	4680
common_voice_mvy_42012210.mp3	4716
common_voice_mvy_42356247.mp3	5076
common_voice_mvy_42089275.mp3	8496
common_voice_mvy_42547590.mp3	4428
common_voice_mvy_42055759.mp3	3528
common_voice_mvy_42395079.mp3	4176
common_voice_mvy_42383431.mp3	5436
common_voice_mvy_42383873.mp3	3600
common_voice_mvy_42089297.mp3	4968
common_voice_mvy_42414962.mp3	3600
common_voice_mvy_42363243.mp3	4968
common_voice_mvy_42412830.mp3	4788
common_voice_mvy_42395031.mp3	2448
common_voice_mvy_42021212.mp3	6516
common_voice_mvy_42078647.mp3	2556
common_voice_mvy_42011826.mp3	6300
common_voice_mvy_42404643.mp3	3780
common_voice_mvy_42395335.mp3	3708
common_voice_mvy_42348692.mp3	4896
common_voice_mvy_42056837.mp3	3708
common_voice_mvy_42370091.mp3	5940
common_voice_mvy_42061216.mp3	5220
common_voice_mvy_42079678.mp3	3816
common_voice_mvy_42364326.mp3	4176
common_voice_mvy_42373554.mp3	4788
common_voice_mvy_42067307.mp3	2700
common_voice_mvy_42079717.mp3	5220
common_voice_mvy_42042090.mp3	3168
common_voice_mvy_42387945.mp3	4716
common_voice_mvy_42079210.mp3	3312
common_voice_mvy_42575083.mp3	4860
common_voice_mvy_42073833.mp3	4176
common_voice_mvy_42081191.mp3	4896
common_voice_mvy_42055489.mp3	5256
common_voice_mvy_42376657.mp3	3600
common_voice_mvy_42349604.mp3	4896
common_voice_mvy_42387927.mp3	4716
common_voice_mvy_42080442.mp3	3240
common_voice_mvy_42396526.mp3	3456
common_voice_mvy_42376540.mp3	3528
common_voice_mvy_42361864.mp3	3456
common_voice_mvy_42347408.mp3	8460
common_voice_mvy_42346656.mp3	3816
common_voice_mvy_42006537.mp3	5040
common_voice_mvy_42391922.mp3	3096
common_voice_mvy_42347519.mp3	4680
common_voice_mvy_42352392.mp3	3636
common_voice_mvy_42376379.mp3	4536
common_voice_mvy_42092837.mp3	7488
common_voice_mvy_42363164.mp3	5868
common_voice_mvy_42414896.mp3	4356
common_voice_mvy_42023131.mp3	3708
common_voice_mvy_42365779.mp3	7488
common_voice_mvy_42089475.mp3	8280
common_voice_mvy_42197485.mp3	3708
common_voice_mvy_42386036.mp3	5256
common_voice_mvy_42020616.mp3	3960
common_voice_mvy_42008563.mp3	3348
common_voice_mvy_42421635.mp3	5760
common_voice_mvy_42362441.mp3	5760
common_voice_mvy_42042265.mp3	4356
common_voice_mvy_42011837.mp3	4248
common_voice_mvy_42360955.mp3	4428
common_voice_mvy_42067365.mp3	2448
common_voice_mvy_42346750.mp3	3276
common_voice_mvy_42053460.mp3	5220
common_voice_mvy_42366750.mp3	5076
common_voice_mvy_42370124.mp3	6300
common_voice_mvy_42376619.mp3	2988
common_voice_mvy_42080498.mp3	3168
common_voice_mvy_42370303.mp3	4788
common_voice_mvy_42351224.mp3	3600
common_voice_mvy_42396608.mp3	4680
common_voice_mvy_42060860.mp3	3996
common_voice_mvy_42092997.mp3	3276
common_voice_mvy_42384542.mp3	4608
common_voice_mvy_42363799.mp3	6588
common_voice_mvy_42062781.mp3	4536
common_voice_mvy_42385885.mp3	3888
common_voice_mvy_42387899.mp3	3528
common_voice_mvy_42043262.mp3	4824
common_voice_mvy_42413087.mp3	3600
common_voice_mvy_42093161.mp3	5328
common_voice_mvy_42392073.mp3	6840
common_voice_mvy_42413754.mp3	5256
common_voice_mvy_42370237.mp3	6876
common_voice_mvy_42052679.mp3	8496
common_voice_mvy_42520383.mp3	5400
common_voice_mvy_42361185.mp3	5436
common_voice_mvy_42347198.mp3	4860
common_voice_mvy_42363168.mp3	4680
common_voice_mvy_42380544.mp3	4320
common_voice_mvy_42391937.mp3	5400
common_voice_mvy_42346996.mp3	4068
common_voice_mvy_42060888.mp3	3636
common_voice_mvy_42369030.mp3	3168
common_voice_mvy_42394654.mp3	3096
common_voice_mvy_42395230.mp3	4716
common_voice_mvy_42376545.mp3	4428
common_voice_mvy_42361802.mp3	3636
common_voice_mvy_42075820.mp3	7560
common_voice_mvy_42346852.mp3	3456
common_voice_mvy_42063682.mp3	7416
common_voice_mvy_42382936.mp3	3888
common_voice_mvy_42012184.mp3	4500
common_voice_mvy_42361811.mp3	4356
common_voice_mvy_42351814.mp3	5688
common_voice_mvy_42180430.mp3	4500
common_voice_mvy_42361086.mp3	6156
common_voice_mvy_42010349.mp3	3420
common_voice_mvy_42067098.mp3	3348
common_voice_mvy_42370082.mp3	4860
common_voice_mvy_42007249.mp3	6048
common_voice_mvy_42380839.mp3	6300
common_voice_mvy_42439974.mp3	2988
common_voice_mvy_42363754.mp3	4716
common_voice_mvy_42396610.mp3	2376
common_voice_mvy_42055840.mp3	4860
common_voice_mvy_42351705.mp3	3060
common_voice_mvy_42076267.mp3	2952
common_voice_mvy_42478937.mp3	4788
common_voice_mvy_42345976.mp3	3168
common_voice_mvy_42350636.mp3	3780
common_voice_mvy_42351633.mp3	8136
common_voice_mvy_42007255.mp3	3996
common_voice_mvy_42055933.mp3	3240
common_voice_mvy_42386128.mp3	4248
common_voice_mvy_42397660.mp3	2736
common_voice_mvy_42383921.mp3	6120
common_voice_mvy_42515113.mp3	4860
common_voice_mvy_42387802.mp3	4356
common_voice_mvy_42053046.mp3	3636
common_voice_mvy_42374278.mp3	4536
common_voice_mvy_42010471.mp3	2916
common_voice_mvy_42053490.mp3	6408
common_voice_mvy_42357000.mp3	5868
common_voice_mvy_42586158.mp3	3816
common_voice_mvy_42043015.mp3	4536
common_voice_mvy_42366928.mp3	5328
common_voice_mvy_42560089.mp3	3636
common_voice_mvy_42064106.mp3	6840
common_voice_mvy_42010018.mp3	7128
common_voice_mvy_42060989.mp3	5220
common_voice_mvy_42379924.mp3	5508
common_voice_mvy_42059875.mp3	2808
common_voice_mvy_42007965.mp3	4176
common_voice_mvy_42053524.mp3	5580
common_voice_mvy_42370373.mp3	2520
common_voice_mvy_42063231.mp3	6120
common_voice_mvy_42008356.mp3	6120
common_voice_mvy_42043228.mp3	4752
common_voice_mvy_42351512.mp3	3348
common_voice_mvy_42347091.mp3	3888
common_voice_mvy_42384191.mp3	6120
common_voice_mvy_42360385.mp3	3636
common_voice_mvy_42403343.mp3	4968
common_voice_mvy_42379223.mp3	2520
common_voice_mvy_42352060.mp3	7416
common_voice_mvy_42006533.mp3	4896
common_voice_mvy_42397293.mp3	3420
common_voice_mvy_42552947.mp3	3060
common_voice_mvy_42413629.mp3	6660
common_voice_mvy_42387798.mp3	3816
common_voice_mvy_42363472.mp3	3996
common_voice_mvy_42011503.mp3	8568
common_voice_mvy_42403065.mp3	5328
common_voice_mvy_42363296.mp3	3960
common_voice_mvy_42366748.mp3	4860
common_voice_mvy_42064163.mp3	4068
common_voice_mvy_42395088.mp3	3960
common_voice_mvy_42496789.mp3	4716
common_voice_mvy_42397227.mp3	3600
common_voice_mvy_42010542.mp3	3600
common_voice_mvy_42414953.mp3	4428
common_voice_mvy_42375706.mp3	5616
common_voice_mvy_42383763.mp3	5688
common_voice_mvy_42390669.mp3	5436
common_voice_mvy_42360817.mp3	3348
common_voice_mvy_42366346.mp3	3492
common_voice_mvy_42412785.mp3	5940
common_voice_mvy_42394822.mp3	6300
common_voice_mvy_42363290.mp3	3708
common_voice_mvy_42413744.mp3	4320
common_voice_mvy_42365749.mp3	4428
common_voice_mvy_42073874.mp3	5580
common_voice_mvy_42394715.mp3	6228
common_voice_mvy_42363525.mp3	4536
common_voice_mvy_42532223.mp3	5760
common_voice_mvy_42061032.mp3	6588
common_voice_mvy_42368411.mp3	4680
common_voice_mvy_42367090.mp3	4356
common_voice_mvy_42395052.mp3	6408
common_voice_mvy_42064088.mp3	9180
common_voice_mvy_42560155.mp3	5616
common_voice_mvy_42368422.mp3	6228
common_voice_mvy_42567946.mp3	5256
common_voice_mvy_42075586.mp3	8964
common_voice_mvy_42067102.mp3	5436
common_voice_mvy_42056231.mp3	2988
common_voice_mvy_42063738.mp3	4716
common_voice_mvy_42080273.mp3	9288
common_voice_mvy_42023170.mp3	4248
common_voice_mvy_42547540.mp3	3816
common_voice_mvy_42357779.mp3	4356
common_voice_mvy_42520411.mp3	4140
common_voice_mvy_42387916.mp3	3888
common_voice_mvy_42023091.mp3	3816
common_voice_mvy_42363699.mp3	6300
common_voice_mvy_42351656.mp3	4428
common_voice_mvy_42736013.mp3	4536
common_voice_mvy_42351665.mp3	5040
common_voice_mvy_42362935.mp3	3888
common_voice_mvy_42011165.mp3	5220
common_voice_mvy_42370408.mp3	4500
common_voice_mvy_42395686.mp3	3600
common_voice_mvy_42093157.mp3	5220
common_voice_mvy_42595026.mp3	4968
common_voice_mvy_42370451.mp3	3636
common_voice_mvy_42375823.mp3	5328
common_voice_mvy_42074920.mp3	4536
common_voice_mvy_48992955.mp3	5616
common_voice_mvy_42059916.mp3	3060
common_voice_mvy_42376430.mp3	4140
common_voice_mvy_42347553.mp3	4248
common_voice_mvy_42079773.mp3	11808
common_voice_mvy_42063057.mp3	5688
common_voice_mvy_42361143.mp3	4896
common_voice_mvy_42351625.mp3	3276
common_voice_mvy_42024876.mp3	4896
common_voice_mvy_42364370.mp3	4320
common_voice_mvy_42361305.mp3	2988
common_voice_mvy_42006514.mp3	5076
common_voice_mvy_42361088.mp3	3996
common_voice_mvy_42361261.mp3	5508
common_voice_mvy_42415037.mp3	9036
common_voice_mvy_42368628.mp3	2916
common_voice_mvy_42390133.mp3	3528
common_voice_mvy_42351634.mp3	7488
common_voice_mvy_42398262.mp3	3816
common_voice_mvy_42396085.mp3	4896
common_voice_mvy_42367339.mp3	5436
common_voice_mvy_42370477.mp3	3888
common_voice_mvy_42006539.mp3	3456
common_voice_mvy_42397559.mp3	5220
common_voice_mvy_42552855.mp3	4716
common_voice_mvy_42350078.mp3	3600
common_voice_mvy_42413757.mp3	3528
common_voice_mvy_42362971.mp3	3240
common_voice_mvy_42006553.mp3	3600
common_voice_mvy_42549264.mp3	3996
common_voice_mvy_42021082.mp3	6876
common_voice_mvy_42063672.mp3	5976
common_voice_mvy_42363012.mp3	4608
common_voice_mvy_42056407.mp3	8676
common_voice_mvy_42008502.mp3	3528
common_voice_mvy_42010170.mp3	4536
common_voice_mvy_42595013.mp3	4896
common_voice_mvy_42008381.mp3	3888
common_voice_mvy_42381196.mp3	4140
common_voice_mvy_42532265.mp3	4248
common_voice_mvy_42361131.mp3	4896
common_voice_mvy_42131001.mp3	4356
common_voice_mvy_42575081.mp3	4428
common_voice_mvy_42395110.mp3	3276
common_voice_mvy_42349584.mp3	5400
common_voice_mvy_42382410.mp3	4716
common_voice_mvy_42060277.mp3	3276
common_voice_mvy_42386115.mp3	5400
common_voice_mvy_42079684.mp3	2916
common_voice_mvy_42524499.mp3	3456
common_voice_mvy_42377689.mp3	3708
common_voice_mvy_42385848.mp3	5688
common_voice_mvy_42478903.mp3	3960
common_voice_mvy_42370247.mp3	5220
common_voice_mvy_42357778.mp3	4500
common_voice_mvy_42496677.mp3	6876
common_voice_mvy_42052996.mp3	4608
common_voice_mvy_42064835.mp3	4896
common_voice_mvy_42396596.mp3	4608
common_voice_mvy_42552943.mp3	3816
common_voice_mvy_42380394.mp3	7416
common_voice_mvy_42393591.mp3	5220
common_voice_mvy_42067406.mp3	4860
common_voice_mvy_42096236.mp3	8316
common_voice_mvy_42385849.mp3	5616
common_voice_mvy_42348350.mp3	4248
common_voice_mvy_42347431.mp3	5940
common_voice_mvy_42387835.mp3	3888
common_voice_mvy_42414592.mp3	4896
common_voice_mvy_42076264.mp3	4032
common_voice_mvy_42013076.mp3	4608
common_voice_mvy_42385835.mp3	6948
common_voice_mvy_42346818.mp3	4068
common_voice_mvy_42042654.mp3	5868
common_voice_mvy_42520404.mp3	3708
common_voice_mvy_42366751.mp3	4392
common_voice_mvy_42364432.mp3	4176
common_voice_mvy_42384596.mp3	4176
common_voice_mvy_42364368.mp3	5148
common_voice_mvy_42373630.mp3	6228
common_voice_mvy_42360081.mp3	3528
common_voice_mvy_42380017.mp3	7416
common_voice_mvy_42363187.mp3	5400
common_voice_mvy_42073826.mp3	3780
common_voice_mvy_42384351.mp3	3420
common_voice_mvy_42011409.mp3	8676
common_voice_mvy_42389379.mp3	4500
common_voice_mvy_42394749.mp3	4320
common_voice_mvy_42410249.mp3	6876
common_voice_mvy_42362899.mp3	2880
common_voice_mvy_42008527.mp3	2736
common_voice_mvy_42437946.mp3	3996
common_voice_mvy_42080104.mp3	4032
common_voice_mvy_42385699.mp3	4068
common_voice_mvy_42007765.mp3	5868
common_voice_mvy_42010490.mp3	3348
common_voice_mvy_42011950.mp3	6696
common_voice_mvy_42367182.mp3	5616
common_voice_mvy_42079778.mp3	4500
common_voice_mvy_42496702.mp3	5616
common_voice_mvy_42390099.mp3	4896
common_voice_mvy_42060977.mp3	4500
common_voice_mvy_42373382.mp3	7236
common_voice_mvy_42396470.mp3	4860
common_voice_mvy_42063748.mp3	9216
common_voice_mvy_42074816.mp3	3456
common_voice_mvy_42395829.mp3	3780
common_voice_mvy_42399623.mp3	3996
common_voice_mvy_42080953.mp3	4140
common_voice_mvy_42362079.mp3	3816
common_voice_mvy_42392451.mp3	2628
common_voice_mvy_42391540.mp3	3060
common_voice_mvy_42347192.mp3	7596
common_voice_mvy_42021499.mp3	4356
common_voice_mvy_42008252.mp3	3960
common_voice_mvy_42370626.mp3	3168
common_voice_mvy_42364007.mp3	5796
common_voice_mvy_42350936.mp3	3492
common_voice_mvy_42080299.mp3	8568
common_voice_mvy_42362617.mp3	6660
common_voice_mvy_42084779.mp3	6156
common_voice_mvy_42556904.mp3	3348
common_voice_mvy_42351259.mp3	3636
common_voice_mvy_42021298.mp3	8496
common_voice_mvy_42080120.mp3	11340
common_voice_mvy_42413755.mp3	3276
common_voice_mvy_42064139.mp3	2916
common_voice_mvy_42391952.mp3	5580
common_voice_mvy_42063036.mp3	3636
common_voice_mvy_42362442.mp3	4896
common_voice_mvy_42073870.mp3	2988
common_voice_mvy_42007465.mp3	6048
common_voice_mvy_42363947.mp3	2880
common_voice_mvy_42012635.mp3	3456
common_voice_mvy_42386013.mp3	4428
common_voice_mvy_42706519.mp3	4788
common_voice_mvy_42361246.mp3	4860
common_voice_mvy_42365485.mp3	4140
common_voice_mvy_42392059.mp3	4428
common_voice_mvy_42520409.mp3	4176
common_voice_mvy_42386514.mp3	4536
common_voice_mvy_42389294.mp3	3600
common_voice_mvy_42084743.mp3	3528
common_voice_mvy_42370377.mp3	2340
common_voice_mvy_42393004.mp3	5580
common_voice_mvy_42379989.mp3	4680
common_voice_mvy_42395254.mp3	2916
common_voice_mvy_42363295.mp3	4896
common_voice_mvy_42557236.mp3	5076
common_voice_mvy_42081158.mp3	5796
common_voice_mvy_42369399.mp3	6948
common_voice_mvy_42380621.mp3	6048
common_voice_mvy_42451830.mp3	4860
common_voice_mvy_42007404.mp3	4716
common_voice_mvy_42084752.mp3	5148
common_voice_mvy_42056884.mp3	4752
common_voice_mvy_42395679.mp3	4680
common_voice_mvy_42389766.mp3	4500
common_voice_mvy_42361257.mp3	4320
common_voice_mvy_42363418.mp3	4500
common_voice_mvy_42556869.mp3	4248
common_voice_mvy_42363837.mp3	6588
common_voice_mvy_42395815.mp3	5328
common_voice_mvy_42557795.mp3	4536
common_voice_mvy_42012008.mp3	6048
common_voice_mvy_42413682.mp3	3816
common_voice_mvy_42392094.mp3	3240
common_voice_mvy_42392945.mp3	3240
common_voice_mvy_42180438.mp3	3060
common_voice_mvy_42369328.mp3	4788
common_voice_mvy_42413636.mp3	3600
common_voice_mvy_42370069.mp3	3708
common_voice_mvy_42397615.mp3	3888
common_voice_mvy_42346609.mp3	3996
common_voice_mvy_42386073.mp3	6228
common_voice_mvy_42092873.mp3	8748
common_voice_mvy_42093060.mp3	3636
common_voice_mvy_42413617.mp3	3996
common_voice_mvy_42067184.mp3	4068
common_voice_mvy_42074730.mp3	2952
common_voice_mvy_42042191.mp3	3240
common_voice_mvy_42063623.mp3	5616
common_voice_mvy_42389295.mp3	3420
common_voice_mvy_42056929.mp3	6480
common_voice_mvy_42384263.mp3	4428
common_voice_mvy_42368502.mp3	6768
common_voice_mvy_42078727.mp3	2700
common_voice_mvy_42376397.mp3	5796
common_voice_mvy_42395176.mp3	8136
common_voice_mvy_42358534.mp3	4536
common_voice_mvy_42395725.mp3	2880
common_voice_mvy_42364775.mp3	7056
common_voice_mvy_42370236.mp3	5868
common_voice_mvy_42079056.mp3	3312
common_voice_mvy_42080255.mp3	3240
common_voice_mvy_42080009.mp3	3600
common_voice_mvy_42380801.mp3	4968
common_voice_mvy_42008394.mp3	5076
common_voice_mvy_42385095.mp3	3780
common_voice_mvy_42024465.mp3	4860
common_voice_mvy_42382251.mp3	4320
common_voice_mvy_42052988.mp3	3456
common_voice_mvy_42391104.mp3	4716
common_voice_mvy_42395162.mp3	3708
common_voice_mvy_42060283.mp3	4068
common_voice_mvy_42182572.mp3	5040
common_voice_mvy_42595008.mp3	5580
common_voice_mvy_42429404.mp3	4860
common_voice_mvy_42347197.mp3	4068
common_voice_mvy_42360742.mp3	2088
common_voice_mvy_42194998.mp3	6228
common_voice_mvy_42064231.mp3	5400
common_voice_mvy_42398327.mp3	3168
common_voice_mvy_42009965.mp3	4500
common_voice_mvy_42061041.mp3	3456
common_voice_mvy_42363673.mp3	6120
common_voice_mvy_42556836.mp3	6336
common_voice_mvy_42547528.mp3	5256
common_voice_mvy_42064316.mp3	6336
common_voice_mvy_42067240.mp3	4320
common_voice_mvy_42074847.mp3	6660
common_voice_mvy_42055485.mp3	3708
common_voice_mvy_42348684.mp3	4716
common_voice_mvy_42363403.mp3	4140
common_voice_mvy_42351164.mp3	6336
common_voice_mvy_42387701.mp3	4176
common_voice_mvy_42383834.mp3	4140
common_voice_mvy_42006922.mp3	3528
common_voice_mvy_42092666.mp3	6156
common_voice_mvy_42079433.mp3	5400
common_voice_mvy_42364912.mp3	6300
common_voice_mvy_42348429.mp3	4428
common_voice_mvy_42403904.mp3	3780
common_voice_mvy_42010309.mp3	3456
common_voice_mvy_42410292.mp3	3060
common_voice_mvy_42550608.mp3	4788
common_voice_mvy_42079698.mp3	2700
common_voice_mvy_42395028.mp3	5760
common_voice_mvy_42067783.mp3	4536
common_voice_mvy_42012047.mp3	3708
common_voice_mvy_42010172.mp3	5400
common_voice_mvy_42351161.mp3	4680
common_voice_mvy_42008325.mp3	4788
common_voice_mvy_42365483.mp3	4068
common_voice_mvy_42396414.mp3	4536
common_voice_mvy_42012651.mp3	3960
common_voice_mvy_42388264.mp3	4716
common_voice_mvy_42403733.mp3	5796
common_voice_mvy_42397158.mp3	3420
common_voice_mvy_42365034.mp3	4356
common_voice_mvy_42180447.mp3	4248
common_voice_mvy_42403802.mp3	4068
common_voice_mvy_42021266.mp3	3636
common_voice_mvy_42397520.mp3	4140
common_voice_mvy_42350768.mp3	3600
common_voice_mvy_42403078.mp3	3096
common_voice_mvy_42063696.mp3	6840
common_voice_mvy_42363653.mp3	3708
common_voice_mvy_42392759.mp3	3960
common_voice_mvy_42072368.mp3	3600
common_voice_mvy_42397616.mp3	2880
common_voice_mvy_42060485.mp3	7128
common_voice_mvy_42024839.mp3	7236
common_voice_mvy_42391921.mp3	3780
common_voice_mvy_42438247.mp3	4680
common_voice_mvy_42363743.mp3	4320
common_voice_mvy_42365252.mp3	8280
common_voice_mvy_42395759.mp3	5976
common_voice_mvy_42413681.mp3	2556
common_voice_mvy_42369186.mp3	4896
common_voice_mvy_42421603.mp3	2916
common_voice_mvy_42394643.mp3	4680
common_voice_mvy_42412858.mp3	5148
common_voice_mvy_42361164.mp3	7056
common_voice_mvy_42093104.mp3	6408
common_voice_mvy_42060970.mp3	4140
common_voice_mvy_42391888.mp3	4176
common_voice_mvy_42021582.mp3	4500
common_voice_mvy_42010198.mp3	3528
common_voice_mvy_42088790.mp3	4176
common_voice_mvy_42388998.mp3	3276
common_voice_mvy_42363255.mp3	7308
common_voice_mvy_42092654.mp3	5220
common_voice_mvy_42008244.mp3	3816
common_voice_mvy_42348835.mp3	3276
common_voice_mvy_42060292.mp3	5328
common_voice_mvy_42387751.mp3	4788
common_voice_mvy_42010489.mp3	4680
common_voice_mvy_42347064.mp3	5076
common_voice_mvy_42008374.mp3	4896
common_voice_mvy_42396387.mp3	5076
common_voice_mvy_42391129.mp3	4500
common_voice_mvy_42195006.mp3	4140
common_voice_mvy_42063108.mp3	7740
common_voice_mvy_42380919.mp3	6768
common_voice_mvy_42063033.mp3	7416
common_voice_mvy_42413777.mp3	7020
common_voice_mvy_42008551.mp3	3888
common_voice_mvy_42348896.mp3	3528
common_voice_mvy_42403420.mp3	2988
common_voice_mvy_42062560.mp3	10440
common_voice_mvy_42364742.mp3	3960
common_voice_mvy_42367494.mp3	4248
common_voice_mvy_42055945.mp3	6228
common_voice_mvy_42397873.mp3	2988
common_voice_mvy_42380519.mp3	3168
common_voice_mvy_42053436.mp3	4680
common_voice_mvy_48992975.mp3	9936
common_voice_mvy_42556841.mp3	5256
common_voice_mvy_42413906.mp3	5508
common_voice_mvy_42379140.mp3	4896
common_voice_mvy_42533348.mp3	4428
common_voice_mvy_42007590.mp3	3420
common_voice_mvy_42065884.mp3	4356
common_voice_mvy_42604512.mp3	5256
common_voice_mvy_42092970.mp3	3420
common_voice_mvy_42079402.mp3	3888
common_voice_mvy_42079195.mp3	5148
common_voice_mvy_42370132.mp3	3456
common_voice_mvy_42361116.mp3	4320
common_voice_mvy_42546244.mp3	4788
common_voice_mvy_42392919.mp3	3960
common_voice_mvy_42346033.mp3	4320
common_voice_mvy_42370111.mp3	2448
common_voice_mvy_42081128.mp3	7920
common_voice_mvy_42736022.mp3	7740
common_voice_mvy_42414232.mp3	3780
common_voice_mvy_42052959.mp3	6948
common_voice_mvy_42079423.mp3	7416
common_voice_mvy_42360578.mp3	3888
common_voice_mvy_42396704.mp3	5436
common_voice_mvy_42043025.mp3	3096
common_voice_mvy_42412743.mp3	4140
common_voice_mvy_42393583.mp3	4356
common_voice_mvy_42024453.mp3	3960
common_voice_mvy_42352127.mp3	4140
common_voice_mvy_42077280.mp3	3276
common_voice_mvy_42368676.mp3	5148
common_voice_mvy_42074527.mp3	6732
common_voice_mvy_42052680.mp3	5040
common_voice_mvy_42393393.mp3	4788
common_voice_mvy_42360179.mp3	2916
common_voice_mvy_42394419.mp3	4140
common_voice_mvy_42380185.mp3	2916
common_voice_mvy_42364900.mp3	5220
common_voice_mvy_42533362.mp3	4068
common_voice_mvy_42081237.mp3	3816
common_voice_mvy_42399168.mp3	3816
common_voice_mvy_42397225.mp3	4320
common_voice_mvy_42379947.mp3	3816
common_voice_mvy_42062749.mp3	3096
common_voice_mvy_42706541.mp3	6048
common_voice_mvy_42092655.mp3	4608
common_voice_mvy_42396350.mp3	3348
common_voice_mvy_42180431.mp3	4356
common_voice_mvy_42056669.mp3	7308
common_voice_mvy_42366730.mp3	5760
common_voice_mvy_42393032.mp3	5688
common_voice_mvy_42532236.mp3	4716
common_voice_mvy_42394733.mp3	5616
common_voice_mvy_42056748.mp3	7776
common_voice_mvy_42246998.mp3	3168
common_voice_mvy_42010201.mp3	3420
common_voice_mvy_42396238.mp3	5148
common_voice_mvy_42532250.mp3	3780
common_voice_mvy_42042557.mp3	2916
common_voice_mvy_42379965.mp3	5508
common_voice_mvy_42363259.mp3	4716
common_voice_mvy_42478871.mp3	4608
common_voice_mvy_42351015.mp3	4680
common_voice_mvy_42014175.mp3	2880
common_voice_mvy_42079790.mp3	5976
common_voice_mvy_42079256.mp3	3636
common_voice_mvy_42064103.mp3	2736
common_voice_mvy_42012658.mp3	4140
common_voice_mvy_42376808.mp3	4356
common_voice_mvy_42064176.mp3	5040
common_voice_mvy_42093198.mp3	4680
common_voice_mvy_42380004.mp3	3816
common_voice_mvy_42346888.mp3	4500
common_voice_mvy_42391539.mp3	4428
common_voice_mvy_42370399.mp3	3168
common_voice_mvy_42369283.mp3	3528
common_voice_mvy_42376482.mp3	6696
common_voice_mvy_42389393.mp3	4428
common_voice_mvy_42546202.mp3	4068
common_voice_mvy_42052666.mp3	4500
common_voice_mvy_42382285.mp3	6048
common_voice_mvy_42006941.mp3	5688
common_voice_mvy_42387939.mp3	3276
common_voice_mvy_42394804.mp3	4428
common_voice_mvy_42421693.mp3	5220
common_voice_mvy_42075823.mp3	2700
common_voice_mvy_42348261.mp3	4356
common_voice_mvy_42382219.mp3	7020
common_voice_mvy_42350314.mp3	5796
common_voice_mvy_42356342.mp3	4860
common_voice_mvy_42358654.mp3	6300
common_voice_mvy_42062289.mp3	3996
common_voice_mvy_42360196.mp3	4320
common_voice_mvy_42364218.mp3	5040
common_voice_mvy_42006520.mp3	4176
common_voice_mvy_42474202.mp3	6840
common_voice_mvy_42367427.mp3	4608
common_voice_mvy_42080526.mp3	3816
common_voice_mvy_42551669.mp3	2556
common_voice_mvy_42389546.mp3	5508
common_voice_mvy_42351544.mp3	3960
common_voice_mvy_42346521.mp3	5328
common_voice_mvy_42414395.mp3	5256
common_voice_mvy_42007909.mp3	8100
common_voice_mvy_42080369.mp3	5940
common_voice_mvy_42079104.mp3	3600
common_voice_mvy_42347810.mp3	5076
common_voice_mvy_42172106.mp3	3420
common_voice_mvy_42008034.mp3	6048
common_voice_mvy_42575009.mp3	4860
common_voice_mvy_42080625.mp3	6696
common_voice_mvy_42360009.mp3	4428
common_voice_mvy_42377658.mp3	3456
common_voice_mvy_42370312.mp3	3636
common_voice_mvy_42067818.mp3	4716
common_voice_mvy_42078581.mp3	3528
common_voice_mvy_42413218.mp3	4428
common_voice_mvy_42078602.mp3	4248
common_voice_mvy_42008180.mp3	4392
common_voice_mvy_42348284.mp3	3960
common_voice_mvy_42065852.mp3	8460
common_voice_mvy_42361833.mp3	5760
common_voice_mvy_42396430.mp3	3168
common_voice_mvy_42021295.mp3	4356
common_voice_mvy_42361189.mp3	3240
common_voice_mvy_42080223.mp3	7200
common_voice_mvy_42076027.mp3	4356
common_voice_mvy_42394110.mp3	3996
common_voice_mvy_42363527.mp3	4680
common_voice_mvy_42080293.mp3	5400
common_voice_mvy_42368399.mp3	6840
common_voice_mvy_42010358.mp3	4968
common_voice_mvy_42363784.mp3	4968
common_voice_mvy_42020687.mp3	2448
common_voice_mvy_42079487.mp3	6336
common_voice_mvy_42008690.mp3	3888
common_voice_mvy_42413601.mp3	4608
common_voice_mvy_42360075.mp3	5580
common_voice_mvy_42604490.mp3	3636
common_voice_mvy_42079289.mp3	7488
common_voice_mvy_42413163.mp3	4248
common_voice_mvy_42368902.mp3	2700
common_voice_mvy_42085150.mp3	3240
common_voice_mvy_42394800.mp3	4680
common_voice_mvy_42383279.mp3	2700
common_voice_mvy_42064272.mp3	2808
common_voice_mvy_42396447.mp3	3996
common_voice_mvy_42060385.mp3	4248
common_voice_mvy_42546273.mp3	4356
common_voice_mvy_42391763.mp3	6408
common_voice_mvy_42556850.mp3	4860
common_voice_mvy_42368626.mp3	3816
common_voice_mvy_42055942.mp3	6156
common_voice_mvy_42360431.mp3	4896
common_voice_mvy_42010180.mp3	4176
common_voice_mvy_42395826.mp3	4356
common_voice_mvy_42023177.mp3	4176
common_voice_mvy_42096200.mp3	5688
common_voice_mvy_42361002.mp3	6408
common_voice_mvy_42079470.mp3	4140
common_voice_mvy_42557203.mp3	4536
common_voice_mvy_42074906.mp3	4356
common_voice_mvy_42059857.mp3	3888
common_voice_mvy_42277903.mp3	3420
common_voice_mvy_42080072.mp3	3816
common_voice_mvy_42364602.mp3	3816
common_voice_mvy_42362600.mp3	4536
common_voice_mvy_42396356.mp3	4716
common_voice_mvy_42370102.mp3	3816
common_voice_mvy_42080126.mp3	6228
common_voice_mvy_42043259.mp3	4572
common_voice_mvy_42377936.mp3	5148
common_voice_mvy_42363781.mp3	5400
common_voice_mvy_42023089.mp3	3456
common_voice_mvy_42378483.mp3	4248
common_voice_mvy_42078691.mp3	11448
common_voice_mvy_42089017.mp3	5616
common_voice_mvy_42042526.mp3	4896
common_voice_mvy_42370101.mp3	4428
common_voice_mvy_42073808.mp3	2520
common_voice_mvy_42085568.mp3	5940
common_voice_mvy_42052625.mp3	3168
common_voice_mvy_42346503.mp3	3996
common_voice_mvy_42024792.mp3	5148
common_voice_mvy_42568153.mp3	5436
common_voice_mvy_42360240.mp3	5508
common_voice_mvy_42043146.mp3	3852
common_voice_mvy_42375735.mp3	3168
common_voice_mvy_42393951.mp3	4716
common_voice_mvy_42376159.mp3	4140
common_voice_mvy_42077323.mp3	5616
common_voice_mvy_42084801.mp3	6336
common_voice_mvy_42264491.mp3	3600
common_voice_mvy_42363112.mp3	3060
common_voice_mvy_42063035.mp3	5580
common_voice_mvy_42363242.mp3	3708
common_voice_mvy_42380187.mp3	3816
common_voice_mvy_42403092.mp3	3456
common_voice_mvy_42067039.mp3	2160
common_voice_mvy_42387964.mp3	4356
common_voice_mvy_42370203.mp3	4176
common_voice_mvy_42055737.mp3	5508
common_voice_mvy_42079388.mp3	6300
common_voice_mvy_42010342.mp3	4320
common_voice_mvy_42078881.mp3	4248
common_voice_mvy_42474227.mp3	3420
common_voice_mvy_42383995.mp3	3348
common_voice_mvy_42362546.mp3	5400
common_voice_mvy_42060060.mp3	4860
common_voice_mvy_42021640.mp3	4716
common_voice_mvy_42356876.mp3	5400
common_voice_mvy_42552882.mp3	6660
common_voice_mvy_42392115.mp3	1980
common_voice_mvy_42360307.mp3	3600
common_voice_mvy_42366687.mp3	4068
common_voice_mvy_42081122.mp3	3060
common_voice_mvy_42277905.mp3	4068
common_voice_mvy_42515091.mp3	3636
common_voice_mvy_42373846.mp3	5688
common_voice_mvy_42060271.mp3	5400
common_voice_mvy_42021562.mp3	5760
common_voice_mvy_42383650.mp3	5220
common_voice_mvy_42384004.mp3	3276
common_voice_mvy_42350553.mp3	6696
common_voice_mvy_42350660.mp3	2880
common_voice_mvy_42374283.mp3	2700
common_voice_mvy_42362577.mp3	4320
common_voice_mvy_42374037.mp3	6948
common_voice_mvy_42363880.mp3	4608
common_voice_mvy_42008471.mp3	4608
common_voice_mvy_42079129.mp3	4140
common_voice_mvy_42056747.mp3	5796
common_voice_mvy_42080571.mp3	5040
common_voice_mvy_42382185.mp3	6120
common_voice_mvy_42438088.mp3	4608
common_voice_mvy_42006531.mp3	2700
common_voice_mvy_42347554.mp3	3996
common_voice_mvy_42264492.mp3	4356
common_voice_mvy_42067080.mp3	5148
common_voice_mvy_42093047.mp3	3636
common_voice_mvy_42384008.mp3	5148
common_voice_mvy_42365161.mp3	5040
common_voice_mvy_42350605.mp3	5040
common_voice_mvy_42092999.mp3	4176
common_voice_mvy_42365313.mp3	5976
common_voice_mvy_42010352.mp3	3096
common_voice_mvy_42557243.mp3	4176
common_voice_mvy_42079054.mp3	2916
common_voice_mvy_42390297.mp3	5868
common_voice_mvy_42376580.mp3	4140
common_voice_mvy_42021536.mp3	4500
common_voice_mvy_42363922.mp3	3240
common_voice_mvy_42080008.mp3	8928
common_voice_mvy_42478924.mp3	4356
common_voice_mvy_42429050.mp3	4068
common_voice_mvy_42368520.mp3	3960
common_voice_mvy_42367854.mp3	3600
common_voice_mvy_42392720.mp3	4860
common_voice_mvy_42413295.mp3	3456
common_voice_mvy_42375970.mp3	3636
common_voice_mvy_42362898.mp3	4248
common_voice_mvy_42384049.mp3	3420
common_voice_mvy_42367308.mp3	4248
common_voice_mvy_42365155.mp3	12708
common_voice_mvy_42077268.mp3	6408
common_voice_mvy_42380556.mp3	3348
common_voice_mvy_42080470.mp3	3636
common_voice_mvy_42474237.mp3	6336
common_voice_mvy_42085565.mp3	3708
common_voice_mvy_42363761.mp3	4068
common_voice_mvy_42368272.mp3	3096
common_voice_mvy_42064211.mp3	8820
common_voice_mvy_42010376.mp3	5040
common_voice_mvy_42370097.mp3	7848
common_voice_mvy_42385728.mp3	4608
common_voice_mvy_42360190.mp3	4248
common_voice_mvy_42389557.mp3	5148
common_voice_mvy_42370033.mp3	5868
common_voice_mvy_42390128.mp3	5796
common_voice_mvy_42391144.mp3	6876
common_voice_mvy_42369005.mp3	5040
common_voice_mvy_42131000.mp3	5256
common_voice_mvy_42377918.mp3	3600
common_voice_mvy_42382483.mp3	4176
common_voice_mvy_42376564.mp3	3780
common_voice_mvy_42052645.mp3	3420
common_voice_mvy_42346903.mp3	4500
common_voice_mvy_42077350.mp3	4788
common_voice_mvy_42362962.mp3	7956
common_voice_mvy_42360643.mp3	4500
common_voice_mvy_42533329.mp3	4896
common_voice_mvy_42056849.mp3	6336
common_voice_mvy_42391935.mp3	4140
common_voice_mvy_42376373.mp3	4428
common_voice_mvy_42403089.mp3	4068
common_voice_mvy_42007189.mp3	5436
common_voice_mvy_42362194.mp3	6696
common_voice_mvy_42024874.mp3	6480
common_voice_mvy_42008440.mp3	6120
common_voice_mvy_42021384.mp3	4428
common_voice_mvy_42390275.mp3	5688
common_voice_mvy_42552995.mp3	5580
common_voice_mvy_42384980.mp3	9468
common_voice_mvy_42352136.mp3	5220
common_voice_mvy_42376427.mp3	4428
common_voice_mvy_42393444.mp3	4140
common_voice_mvy_42395992.mp3	3708
common_voice_mvy_42393006.mp3	3240
common_voice_mvy_42384985.mp3	5616
common_voice_mvy_42364814.mp3	7488
common_voice_mvy_42389551.mp3	4680
common_voice_mvy_42080483.mp3	2880
common_voice_mvy_42011884.mp3	3636
common_voice_mvy_42064417.mp3	4176
common_voice_mvy_42067142.mp3	6516
common_voice_mvy_42011340.mp3	4680
common_voice_mvy_42391556.mp3	5436
common_voice_mvy_42052693.mp3	3276
common_voice_mvy_42370579.mp3	2556
common_voice_mvy_42706529.mp3	3996
common_voice_mvy_42364683.mp3	3600
common_voice_mvy_42439970.mp3	4140
common_voice_mvy_42346673.mp3	4320
common_voice_mvy_42079904.mp3	4608
common_voice_mvy_42079466.mp3	8208
common_voice_mvy_42078879.mp3	3708
common_voice_mvy_42393772.mp3	6408
common_voice_mvy_42379906.mp3	5040
common_voice_mvy_42370684.mp3	4968
common_voice_mvy_42062857.mp3	3708
common_voice_mvy_42394819.mp3	4716
common_voice_mvy_42083977.mp3	2196
common_voice_mvy_42079201.mp3	4968
common_voice_mvy_42048876.mp3	3888
common_voice_mvy_42394354.mp3	3528
common_voice_mvy_42023101.mp3	4356
common_voice_mvy_42397371.mp3	4320
common_voice_mvy_42363662.mp3	6228
common_voice_mvy_42532264.mp3	5760
common_voice_mvy_42361233.mp3	5256
common_voice_mvy_42078597.mp3	7380
common_voice_mvy_42089816.mp3	7596
common_voice_mvy_42080155.mp3	4068
common_voice_mvy_42547594.mp3	4500
common_voice_mvy_42604456.mp3	3168
common_voice_mvy_42376542.mp3	3636
common_voice_mvy_42348468.mp3	4068
common_voice_mvy_42396344.mp3	3708
common_voice_mvy_42351732.mp3	6876
common_voice_mvy_42403075.mp3	3348
common_voice_mvy_42397691.mp3	4428
common_voice_mvy_42062892.mp3	6336
common_voice_mvy_42360424.mp3	4320
common_voice_mvy_42392979.mp3	5256
common_voice_mvy_42377816.mp3	3528
common_voice_mvy_42382225.mp3	4068
common_voice_mvy_42363879.mp3	3420
common_voice_mvy_42360259.mp3	5328
common_voice_mvy_42374307.mp3	5436
common_voice_mvy_42074936.mp3	5076
common_voice_mvy_42375707.mp3	3348
common_voice_mvy_42081559.mp3	3528
common_voice_mvy_42064122.mp3	2916
common_voice_mvy_42088793.mp3	3456
common_voice_mvy_42364048.mp3	4428
common_voice_mvy_42362958.mp3	6588
common_voice_mvy_42024512.mp3	4896
common_voice_mvy_42396485.mp3	5220
common_voice_mvy_42373501.mp3	5328
common_voice_mvy_42405521.mp3	2916
common_voice_mvy_42063197.mp3	5796
common_voice_mvy_42021540.mp3	3888
common_voice_mvy_42064524.mp3	3996
common_voice_mvy_42061248.mp3	7272
common_voice_mvy_42042116.mp3	5076
common_voice_mvy_42391182.mp3	2700
common_voice_mvy_42024454.mp3	5940
common_voice_mvy_42363642.mp3	3888
common_voice_mvy_42056206.mp3	4608
common_voice_mvy_42063730.mp3	3996
common_voice_mvy_42496656.mp3	5436
common_voice_mvy_42378902.mp3	3456
common_voice_mvy_42062610.mp3	5400
common_voice_mvy_42006939.mp3	5220
common_voice_mvy_42093168.mp3	3960
common_voice_mvy_42076236.mp3	3780
common_voice_mvy_42384760.mp3	7848
common_voice_mvy_42547552.mp3	5868
common_voice_mvy_42546247.mp3	7200
common_voice_mvy_42043152.mp3	6228
common_voice_mvy_42074922.mp3	6156
common_voice_mvy_42394943.mp3	3960
common_voice_mvy_42365404.mp3	6408
common_voice_mvy_42346839.mp3	4500
common_voice_mvy_42391972.mp3	3420
common_voice_mvy_42194995.mp3	9936
common_voice_mvy_42059901.mp3	3960
common_voice_mvy_42394233.mp3	3348
common_voice_mvy_42348382.mp3	4716
common_voice_mvy_42080063.mp3	4860
common_voice_mvy_42382998.mp3	3456
common_voice_mvy_42367640.mp3	2988
common_voice_mvy_42043622.mp3	3456
common_voice_mvy_42074825.mp3	4968
common_voice_mvy_42379237.mp3	5796
common_voice_mvy_42056550.mp3	11916
common_voice_mvy_42396428.mp3	5220
common_voice_mvy_42362884.mp3	4860
common_voice_mvy_42376451.mp3	4176
common_voice_mvy_42367293.mp3	3240
common_voice_mvy_42394956.mp3	3276
common_voice_mvy_42375854.mp3	3276
common_voice_mvy_42394611.mp3	3456
common_voice_mvy_42351451.mp3	4428
common_voice_mvy_42093184.mp3	5076
common_voice_mvy_42396525.mp3	2880
common_voice_mvy_42350593.mp3	4896
common_voice_mvy_42074665.mp3	7740
common_voice_mvy_42413095.mp3	3456
common_voice_mvy_42363602.mp3	10620
common_voice_mvy_42550611.mp3	5436
common_voice_mvy_42360199.mp3	3528
common_voice_mvy_42370254.mp3	3636
common_voice_mvy_42364897.mp3	2988
common_voice_mvy_42413279.mp3	2700
common_voice_mvy_42021683.mp3	4356
common_voice_mvy_42081065.mp3	5760
common_voice_mvy_42389640.mp3	3600
common_voice_mvy_42064495.mp3	3888
common_voice_mvy_42079744.mp3	3276
common_voice_mvy_42350589.mp3	6120
common_voice_mvy_42079736.mp3	4140
common_voice_mvy_42021182.mp3	5688
common_voice_mvy_42346056.mp3	4176
common_voice_mvy_42393447.mp3	2736
common_voice_mvy_42351447.mp3	3780
common_voice_mvy_42078804.mp3	6228
common_voice_mvy_42394135.mp3	5076
common_voice_mvy_42055944.mp3	5040
common_voice_mvy_42439971.mp3	4860
common_voice_mvy_42350246.mp3	3960
common_voice_mvy_42392964.mp3	3600
common_voice_mvy_42363656.mp3	5580
common_voice_mvy_42067118.mp3	5688
common_voice_mvy_42060937.mp3	4176
common_voice_mvy_42706540.mp3	7056
common_voice_mvy_42197488.mp3	3456
common_voice_mvy_42429053.mp3	3420
common_voice_mvy_42363444.mp3	3348
common_voice_mvy_42053000.mp3	4176
common_voice_mvy_43136372.mp3	9540
common_voice_mvy_42383814.mp3	5148
common_voice_mvy_42351896.mp3	3348
common_voice_mvy_42393510.mp3	3528
common_voice_mvy_42078572.mp3	2808
common_voice_mvy_42381200.mp3	2916
common_voice_mvy_42397260.mp3	3600
common_voice_mvy_42368501.mp3	4500
common_voice_mvy_42496599.mp3	5400
common_voice_mvy_42376468.mp3	3816
common_voice_mvy_42397723.mp3	4320
common_voice_mvy_42376499.mp3	5148
common_voice_mvy_42007846.mp3	5256
common_voice_mvy_42011148.mp3	4428
common_voice_mvy_42363484.mp3	4140
common_voice_mvy_42373485.mp3	3996
common_voice_mvy_42012219.mp3	3528
common_voice_mvy_42073336.mp3	3636
common_voice_mvy_42023120.mp3	4356
common_voice_mvy_42362900.mp3	4248
common_voice_mvy_42093209.mp3	6228
common_voice_mvy_42361024.mp3	5868
common_voice_mvy_42547695.mp3	3060
common_voice_mvy_42395783.mp3	3096
common_voice_mvy_42395276.mp3	3276
common_voice_mvy_42010446.mp3	4356
common_voice_mvy_42377886.mp3	4788
common_voice_mvy_42067869.mp3	4320
common_voice_mvy_42348406.mp3	7560
common_voice_mvy_42380721.mp3	3816
common_voice_mvy_42010415.mp3	4860
common_voice_mvy_42014977.mp3	5976
common_voice_mvy_42363136.mp3	4356
common_voice_mvy_42008493.mp3	4356
common_voice_mvy_42348940.mp3	3528
common_voice_mvy_42363763.mp3	7020
common_voice_mvy_42062228.mp3	5184
common_voice_mvy_42079101.mp3	3096
common_voice_mvy_42066437.mp3	2268
common_voice_mvy_42374277.mp3	3960
common_voice_mvy_42075764.mp3	3060
common_voice_mvy_42356223.mp3	5868
common_voice_mvy_42011342.mp3	6696
common_voice_mvy_42387834.mp3	5580
common_voice_mvy_42060987.mp3	5040
common_voice_mvy_42392935.mp3	5508
common_voice_mvy_42060895.mp3	5580
common_voice_mvy_42380772.mp3	3636
common_voice_mvy_42386522.mp3	6048
common_voice_mvy_42080964.mp3	3960
common_voice_mvy_42053022.mp3	3060
common_voice_mvy_42023178.mp3	5976
common_voice_mvy_42067800.mp3	3816
common_voice_mvy_42394613.mp3	4536
common_voice_mvy_42393884.mp3	5328
common_voice_mvy_42021583.mp3	7236
common_voice_mvy_42085657.mp3	6336
common_voice_mvy_42394002.mp3	3708
common_voice_mvy_42356274.mp3	8388
common_voice_mvy_42264450.mp3	5256
common_voice_mvy_42075623.mp3	3204
common_voice_mvy_42080031.mp3	6156
common_voice_mvy_42376494.mp3	3780
common_voice_mvy_42079065.mp3	6156
common_voice_mvy_42395117.mp3	3636
common_voice_mvy_42053539.mp3	4176
common_voice_mvy_42370206.mp3	4320
common_voice_mvy_42360757.mp3	3420
common_voice_mvy_42515094.mp3	6120
common_voice_mvy_42024883.mp3	7056
common_voice_mvy_42382170.mp3	5256
common_voice_mvy_42064308.mp3	2808
common_voice_mvy_42007373.mp3	6516
common_voice_mvy_42474275.mp3	4428
common_voice_mvy_42373845.mp3	4788
common_voice_mvy_42073813.mp3	5220
common_voice_mvy_42360082.mp3	5508
common_voice_mvy_42515041.mp3	4536
common_voice_mvy_42370320.mp3	5436
common_voice_mvy_42006918.mp3	4788
common_voice_mvy_42369119.mp3	3888
common_voice_mvy_42393373.mp3	6120
common_voice_mvy_42092972.mp3	3996
common_voice_mvy_42393836.mp3	4896
common_voice_mvy_42384260.mp3	2700
common_voice_mvy_42351562.mp3	3996
common_voice_mvy_42010538.mp3	4860
common_voice_mvy_42011457.mp3	5328
common_voice_mvy_42390846.mp3	3420
common_voice_mvy_42413247.mp3	6300
common_voice_mvy_42376514.mp3	2340
common_voice_mvy_42008236.mp3	5220
common_voice_mvy_42379308.mp3	5580
common_voice_mvy_42367600.mp3	4860
common_voice_mvy_42079254.mp3	6876
common_voice_mvy_42370450.mp3	5148
common_voice_mvy_42008436.mp3	7020
common_voice_mvy_42055913.mp3	4140
common_voice_mvy_42395203.mp3	4788
common_voice_mvy_42347847.mp3	5148
common_voice_mvy_42547559.mp3	4680
common_voice_mvy_42391894.mp3	4104
common_voice_mvy_42395338.mp3	4356
common_voice_mvy_42414989.mp3	3996
common_voice_mvy_42077212.mp3	5436
common_voice_mvy_42380553.mp3	6300
common_voice_mvy_42024705.mp3	5616
common_voice_mvy_42056226.mp3	5040
common_voice_mvy_42405509.mp3	3708
common_voice_mvy_42366931.mp3	4428
common_voice_mvy_42369381.mp3	8856
common_voice_mvy_42394736.mp3	3456
common_voice_mvy_42007834.mp3	3528
common_voice_mvy_42351602.mp3	7128
common_voice_mvy_42020519.mp3	6480
common_voice_mvy_42350719.mp3	4176
common_voice_mvy_42374119.mp3	5220
common_voice_mvy_42379919.mp3	4320
common_voice_mvy_42362825.mp3	2916
common_voice_mvy_42008650.mp3	2916
common_voice_mvy_42397217.mp3	3888
common_voice_mvy_42378930.mp3	4068
common_voice_mvy_42023123.mp3	6480
common_voice_mvy_42079251.mp3	7848
common_voice_mvy_42395237.mp3	4356
common_voice_mvy_42413960.mp3	3276
common_voice_mvy_42380875.mp3	6660
common_voice_mvy_42369861.mp3	3888
common_voice_mvy_42403404.mp3	4680
common_voice_mvy_42387963.mp3	3528
common_voice_mvy_42545084.mp3	4716
common_voice_mvy_42369092.mp3	3096
common_voice_mvy_42393970.mp3	4356
common_voice_mvy_42364979.mp3	4968
common_voice_mvy_42073841.mp3	5760
common_voice_mvy_42063025.mp3	3060
common_voice_mvy_42395919.mp3	5688
common_voice_mvy_42367168.mp3	4248
common_voice_mvy_42368961.mp3	4356
common_voice_mvy_42078807.mp3	4428
common_voice_mvy_42385749.mp3	7200
common_voice_mvy_42347017.mp3	4248
common_voice_mvy_42520470.mp3	6408
common_voice_mvy_42048847.mp3	4356
common_voice_mvy_42081285.mp3	4608
common_voice_mvy_42048848.mp3	5616
common_voice_mvy_42349737.mp3	5976
common_voice_mvy_42373945.mp3	4608
common_voice_mvy_42056195.mp3	5148
common_voice_mvy_42073768.mp3	6516
common_voice_mvy_42024885.mp3	8928
common_voice_mvy_42407864.mp3	4248
common_voice_mvy_42042872.mp3	8640
common_voice_mvy_42361114.mp3	5940
common_voice_mvy_42364614.mp3	6300
common_voice_mvy_42349827.mp3	5328
common_voice_mvy_42575036.mp3	4428
common_voice_mvy_42374161.mp3	5076
common_voice_mvy_42043026.mp3	2988
common_voice_mvy_42376600.mp3	3708
common_voice_mvy_42007143.mp3	6048
common_voice_mvy_42363696.mp3	3060
common_voice_mvy_42362504.mp3	3960
common_voice_mvy_42008427.mp3	3240
common_voice_mvy_42394787.mp3	2808
common_voice_mvy_42383376.mp3	3996
common_voice_mvy_42089016.mp3	2808
common_voice_mvy_42369159.mp3	2880
common_voice_mvy_42369813.mp3	6228
common_voice_mvy_42363892.mp3	4140
common_voice_mvy_42099625.mp3	6120
common_voice_mvy_42404615.mp3	4536
common_voice_mvy_42020658.mp3	7668
common_voice_mvy_42396576.mp3	7380
common_voice_mvy_42370131.mp3	5688
common_voice_mvy_42421604.mp3	8388
common_voice_mvy_42021219.mp3	6480
common_voice_mvy_42403363.mp3	6696
common_voice_mvy_42055454.mp3	3168
common_voice_mvy_42363624.mp3	6300
common_voice_mvy_42376363.mp3	3600
common_voice_mvy_42385628.mp3	3960
common_voice_mvy_42008379.mp3	7128
common_voice_mvy_42096225.mp3	4860
common_voice_mvy_42380664.mp3	4968
common_voice_mvy_42374223.mp3	6300
common_voice_mvy_42073837.mp3	4860
common_voice_mvy_42346006.mp3	3816
common_voice_mvy_42397511.mp3	3780
common_voice_mvy_42380393.mp3	3528
common_voice_mvy_42378904.mp3	6300
common_voice_mvy_42079279.mp3	4968
common_voice_mvy_42397068.mp3	5688
common_voice_mvy_42042154.mp3	3600
common_voice_mvy_42376381.mp3	5040
common_voice_mvy_42077324.mp3	5148
common_voice_mvy_42063158.mp3	4608
common_voice_mvy_42414607.mp3	4680
common_voice_mvy_42394181.mp3	2808
common_voice_mvy_42370128.mp3	4860
common_voice_mvy_42021346.mp3	8928
common_voice_mvy_42124225.mp3	4608
common_voice_mvy_42357847.mp3	3816
common_voice_mvy_42172108.mp3	3780
common_voice_mvy_42361273.mp3	6948
common_voice_mvy_42062290.mp3	2664
common_voice_mvy_42021469.mp3	4968
common_voice_mvy_42392597.mp3	5760
common_voice_mvy_42079669.mp3	6120
common_voice_mvy_42391936.mp3	3312
common_voice_mvy_42360147.mp3	4140
common_voice_mvy_48992951.mp3	3096
common_voice_mvy_42379980.mp3	5580
common_voice_mvy_42079601.mp3	6120
common_voice_mvy_42007705.mp3	7416
common_voice_mvy_42075733.mp3	7200
common_voice_mvy_42024649.mp3	5040
common_voice_mvy_42012660.mp3	3636
common_voice_mvy_42074859.mp3	4860
common_voice_mvy_42011205.mp3	5760
common_voice_mvy_42079584.mp3	2916
common_voice_mvy_42080592.mp3	4068
common_voice_mvy_42172117.mp3	3456
common_voice_mvy_42367131.mp3	4860
common_voice_mvy_42063010.mp3	3780
common_voice_mvy_42360049.mp3	3636
common_voice_mvy_42081116.mp3	5652
common_voice_mvy_42379076.mp3	4356
common_voice_mvy_42383910.mp3	5508
common_voice_mvy_42370508.mp3	7020
common_voice_mvy_42398331.mp3	6768
common_voice_mvy_42006921.mp3	4320
common_voice_mvy_42085290.mp3	7020
common_voice_mvy_42066832.mp3	5616
common_voice_mvy_42368607.mp3	5148
common_voice_mvy_42364741.mp3	5040
common_voice_mvy_42376513.mp3	5868
common_voice_mvy_42369764.mp3	3168
common_voice_mvy_42351305.mp3	6156
common_voice_mvy_42080962.mp3	4608
common_voice_mvy_42363262.mp3	4608
common_voice_mvy_42367084.mp3	3168
common_voice_mvy_42397802.mp3	4248
common_voice_mvy_42390652.mp3	4320
common_voice_mvy_42363694.mp3	3708
common_voice_mvy_42356860.mp3	2520
common_voice_mvy_42365194.mp3	4068
common_voice_mvy_42369769.mp3	3708
common_voice_mvy_42370256.mp3	5688
common_voice_mvy_42011393.mp3	9936
common_voice_mvy_42364297.mp3	4428
common_voice_mvy_42395996.mp3	3636
common_voice_mvy_42380603.mp3	3060
common_voice_mvy_42078938.mp3	5940
common_voice_mvy_42370044.mp3	4176
common_voice_mvy_42089345.mp3	6588
common_voice_mvy_42364569.mp3	5220
common_voice_mvy_42367383.mp3	4500
common_voice_mvy_42050271.mp3	6048
common_voice_mvy_42382479.mp3	5796
common_voice_mvy_42352295.mp3	5940
common_voice_mvy_42413290.mp3	4788
common_voice_mvy_42385703.mp3	5508
common_voice_mvy_42006931.mp3	4608
common_voice_mvy_42380437.mp3	3168
common_voice_mvy_42550596.mp3	3996
common_voice_mvy_42361535.mp3	4860
common_voice_mvy_42391962.mp3	4248
common_voice_mvy_42549263.mp3	4068
common_voice_mvy_42078882.mp3	2736
common_voice_mvy_42363208.mp3	2988
common_voice_mvy_42360163.mp3	3276
common_voice_mvy_42364246.mp3	4140
common_voice_mvy_42351416.mp3	6048
common_voice_mvy_42475983.mp3	3888
common_voice_mvy_42364009.mp3	6480
common_voice_mvy_42393715.mp3	4608
common_voice_mvy_42074807.mp3	4176
common_voice_mvy_42389040.mp3	3996
common_voice_mvy_42012200.mp3	8676
common_voice_mvy_42395822.mp3	3420
common_voice_mvy_42089473.mp3	4608
common_voice_mvy_42389565.mp3	3780
common_voice_mvy_42557216.mp3	6300
common_voice_mvy_42362516.mp3	8460
common_voice_mvy_42413620.mp3	3348
common_voice_mvy_42414950.mp3	3348
common_voice_mvy_42080472.mp3	3600
common_voice_mvy_42348351.mp3	5580
common_voice_mvy_42024525.mp3	6516
common_voice_mvy_42351745.mp3	8676
common_voice_mvy_42349656.mp3	4536
common_voice_mvy_42360272.mp3	5256
common_voice_mvy_42396577.mp3	4500
common_voice_mvy_42393877.mp3	5508
common_voice_mvy_42376434.mp3	4608
common_voice_mvy_42413637.mp3	3420
common_voice_mvy_42053023.mp3	5508
common_voice_mvy_42390751.mp3	2916
common_voice_mvy_42385832.mp3	5076
common_voice_mvy_42350690.mp3	3780
common_voice_mvy_42380014.mp3	4320
common_voice_mvy_42363948.mp3	4356
common_voice_mvy_42413769.mp3	4860
common_voice_mvy_42496714.mp3	6876
common_voice_mvy_42124284.mp3	3240
common_voice_mvy_42093166.mp3	8568
common_voice_mvy_42375567.mp3	5040
common_voice_mvy_42049792.mp3	4284
common_voice_mvy_42367251.mp3	3816
common_voice_mvy_42394685.mp3	5976
common_voice_mvy_42380385.mp3	7668
common_voice_mvy_42437904.mp3	4968
common_voice_mvy_42373526.mp3	3420
common_voice_mvy_42362487.mp3	4428
common_voice_mvy_42364211.mp3	5400
common_voice_mvy_42547575.mp3	3888
common_voice_mvy_42380356.mp3	3996
common_voice_mvy_42056650.mp3	9036
common_voice_mvy_42360237.mp3	3276
common_voice_mvy_42386039.mp3	5436
common_voice_mvy_42043143.mp3	3600
common_voice_mvy_42078525.mp3	6336
common_voice_mvy_42067819.mp3	3780
common_voice_mvy_42357693.mp3	9360
common_voice_mvy_42369098.mp3	5400
common_voice_mvy_42042208.mp3	6156
common_voice_mvy_42368941.mp3	3276
common_voice_mvy_42391130.mp3	5436
common_voice_mvy_42362583.mp3	4608
common_voice_mvy_42347241.mp3	3420
common_voice_mvy_42008418.mp3	4500
common_voice_mvy_42394801.mp3	3348
common_voice_mvy_42393134.mp3	4680
common_voice_mvy_42375565.mp3	3888
common_voice_mvy_42365180.mp3	10836
common_voice_mvy_42392832.mp3	3168
common_voice_mvy_42042537.mp3	8928
common_voice_mvy_42363585.mp3	6480
common_voice_mvy_42074706.mp3	3888
common_voice_mvy_42382706.mp3	5328
common_voice_mvy_42350689.mp3	3060
common_voice_mvy_42064814.mp3	4176
common_voice_mvy_42085578.mp3	2880
common_voice_mvy_42078485.mp3	7236
common_voice_mvy_42009963.mp3	10116
common_voice_mvy_42007202.mp3	3960
common_voice_mvy_42397391.mp3	6516
common_voice_mvy_42079611.mp3	4248
common_voice_mvy_42413680.mp3	4356
common_voice_mvy_42007836.mp3	6840
common_voice_mvy_42013299.mp3	6516
common_voice_mvy_42064689.mp3	2196
common_voice_mvy_42072894.mp3	4536
common_voice_mvy_42395181.mp3	3528
common_voice_mvy_42395068.mp3	6228
common_voice_mvy_42383310.mp3	3456
common_voice_mvy_42089436.mp3	4860
common_voice_mvy_42363559.mp3	5688
common_voice_mvy_42346097.mp3	7956
common_voice_mvy_42384259.mp3	5076
common_voice_mvy_42370372.mp3	3060
common_voice_mvy_42365667.mp3	4320
common_voice_mvy_42520440.mp3	4320
common_voice_mvy_42362979.mp3	4716
common_voice_mvy_42393995.mp3	4320
common_voice_mvy_42392952.mp3	5040
common_voice_mvy_42077363.mp3	7848
common_voice_mvy_42387949.mp3	4500
common_voice_mvy_42376378.mp3	3708
common_voice_mvy_42585975.mp3	6228
common_voice_mvy_42351404.mp3	3096
common_voice_mvy_42403360.mp3	3240
common_voice_mvy_42395123.mp3	3420
common_voice_mvy_42377933.mp3	4536
common_voice_mvy_42024783.mp3	4068
common_voice_mvy_42374162.mp3	4500
common_voice_mvy_42394973.mp3	3276
common_voice_mvy_42056897.mp3	5616
common_voice_mvy_42397632.mp3	4716
common_voice_mvy_42376442.mp3	10260
common_voice_mvy_42376551.mp3	4716
common_voice_mvy_42089736.mp3	3888
common_voice_mvy_42063773.mp3	4068
common_voice_mvy_42080951.mp3	2916
common_voice_mvy_42412747.mp3	4536
common_voice_mvy_42079439.mp3	6948
common_voice_mvy_42363647.mp3	3888
common_voice_mvy_42363344.mp3	4680
common_voice_mvy_42364829.mp3	7776
common_voice_mvy_42365156.mp3	7020
common_voice_mvy_42011824.mp3	5220
common_voice_mvy_42706525.mp3	6948
common_voice_mvy_42055771.mp3	3960
common_voice_mvy_42072924.mp3	5436
common_voice_mvy_42073014.mp3	3780
common_voice_mvy_42348353.mp3	4356
common_voice_mvy_42360256.mp3	3600
common_voice_mvy_42007724.mp3	5400
common_voice_mvy_42370410.mp3	3600
common_voice_mvy_42085235.mp3	3600
common_voice_mvy_42024779.mp3	3456
common_voice_mvy_42055904.mp3	5436
common_voice_mvy_42383527.mp3	3780
common_voice_mvy_42383445.mp3	3960
common_voice_mvy_42396103.mp3	6120
common_voice_mvy_42363526.mp3	6516
common_voice_mvy_42079902.mp3	5508
common_voice_mvy_42348839.mp3	5256
common_voice_mvy_42080279.mp3	3528
common_voice_mvy_42386014.mp3	3960
common_voice_mvy_42379210.mp3	2736
common_voice_mvy_42393425.mp3	3708
common_voice_mvy_42043321.mp3	5796
common_voice_mvy_42024781.mp3	5868
common_voice_mvy_42736055.mp3	6588
common_voice_mvy_42392060.mp3	7020
common_voice_mvy_42076035.mp3	5580
common_voice_mvy_42370221.mp3	5256
common_voice_mvy_42363755.mp3	3816
common_voice_mvy_42014201.mp3	4896
common_voice_mvy_42380202.mp3	3348
common_voice_mvy_42397815.mp3	2988
common_voice_mvy_42384408.mp3	2628
common_voice_mvy_42084017.mp3	5436
common_voice_mvy_42393774.mp3	3888
common_voice_mvy_42010707.mp3	5400
common_voice_mvy_42414331.mp3	3168
common_voice_mvy_42062675.mp3	4248
common_voice_mvy_42389373.mp3	4968
common_voice_mvy_42365076.mp3	3636
common_voice_mvy_42062276.mp3	3204
common_voice_mvy_42064505.mp3	4356
common_voice_mvy_42377955.mp3	4140
common_voice_mvy_42575015.mp3	6480
common_voice_mvy_42532254.mp3	4500
common_voice_mvy_42007583.mp3	4464
common_voice_mvy_42011960.mp3	6588
common_voice_mvy_42351467.mp3	4248
common_voice_mvy_42413638.mp3	5076
common_voice_mvy_42347238.mp3	8496
common_voice_mvy_42085363.mp3	5040
common_voice_mvy_42008399.mp3	4608
common_voice_mvy_42049806.mp3	3744
common_voice_mvy_42012189.mp3	2988
common_voice_mvy_42383860.mp3	3060
common_voice_mvy_42381212.mp3	4140
common_voice_mvy_42056414.mp3	4608
common_voice_mvy_42065744.mp3	3996
common_voice_mvy_42556837.mp3	3996
common_voice_mvy_42008337.mp3	3780
common_voice_mvy_42180501.mp3	4068
common_voice_mvy_42078628.mp3	2628
common_voice_mvy_42391582.mp3	3276
common_voice_mvy_42072997.mp3	6228
common_voice_mvy_42064718.mp3	3096
common_voice_mvy_42124339.mp3	4500
common_voice_mvy_42376320.mp3	7920
common_voice_mvy_42079092.mp3	3528
common_voice_mvy_42556880.mp3	5400
common_voice_mvy_42073857.mp3	3276
common_voice_mvy_42547845.mp3	5076
common_voice_mvy_42380233.mp3	3456
common_voice_mvy_42048865.mp3	4140
common_voice_mvy_42008426.mp3	4248
common_voice_mvy_42379141.mp3	4428
common_voice_mvy_42056718.mp3	7020
common_voice_mvy_42024829.mp3	8316
common_voice_mvy_42429392.mp3	3708
common_voice_mvy_42361000.mp3	3168
common_voice_mvy_42092845.mp3	4140
common_voice_mvy_42064311.mp3	4860
common_voice_mvy_42374101.mp3	4140
common_voice_mvy_42363626.mp3	7200
common_voice_mvy_42067820.mp3	4536
common_voice_mvy_42414226.mp3	3636
common_voice_mvy_42370703.mp3	3708
common_voice_mvy_42552935.mp3	7920
common_voice_mvy_42072883.mp3	5328
common_voice_mvy_42412793.mp3	4068
common_voice_mvy_42042158.mp3	4176
common_voice_mvy_42364011.mp3	3096
common_voice_mvy_42052968.mp3	6048
common_voice_mvy_42077210.mp3	2520
common_voice_mvy_42547632.mp3	2916
common_voice_mvy_42048880.mp3	3420
common_voice_mvy_42363881.mp3	5760
common_voice_mvy_42414461.mp3	5076
common_voice_mvy_42376370.mp3	5220
common_voice_mvy_42350657.mp3	6228
common_voice_mvy_42556790.mp3	6768
common_voice_mvy_48992969.mp3	4788
common_voice_mvy_42370204.mp3	4428
common_voice_mvy_42556791.mp3	5940
common_voice_mvy_42361139.mp3	7776
common_voice_mvy_42084015.mp3	4068
common_voice_mvy_42079676.mp3	4320
common_voice_mvy_42375380.mp3	2808
common_voice_mvy_42347648.mp3	4428
common_voice_mvy_42575016.mp3	6336
common_voice_mvy_42389544.mp3	3528
common_voice_mvy_42079766.mp3	9216
common_voice_mvy_42375758.mp3	4176
common_voice_mvy_42010330.mp3	3420
common_voice_mvy_42264458.mp3	4788
common_voice_mvy_42390472.mp3	4140
common_voice_mvy_42546276.mp3	5256
common_voice_mvy_42073871.mp3	5400
common_voice_mvy_42055761.mp3	4356
common_voice_mvy_42021236.mp3	8568
common_voice_mvy_42368892.mp3	6120
common_voice_mvy_42365260.mp3	4140
common_voice_mvy_42474240.mp3	4608
common_voice_mvy_42370218.mp3	4140
common_voice_mvy_42350073.mp3	4500
common_voice_mvy_42350684.mp3	3960
common_voice_mvy_42413770.mp3	3600
common_voice_mvy_42096226.mp3	8928
common_voice_mvy_42361157.mp3	3456
common_voice_mvy_42056442.mp3	6876
common_voice_mvy_42065851.mp3	3456
common_voice_mvy_42547836.mp3	7020
common_voice_mvy_42006528.mp3	5868
common_voice_mvy_42350476.mp3	3996
common_voice_mvy_42055925.mp3	3780
common_voice_mvy_42011326.mp3	3600
common_voice_mvy_42478909.mp3	4320
common_voice_mvy_42007180.mp3	2916
common_voice_mvy_42374131.mp3	3636
common_voice_mvy_42390278.mp3	4140
common_voice_mvy_42011842.mp3	7308
common_voice_mvy_42080319.mp3	3780
common_voice_mvy_42074731.mp3	5400
common_voice_mvy_42362804.mp3	3060
common_voice_mvy_42395393.mp3	4176
common_voice_mvy_42380446.mp3	4788
common_voice_mvy_42383589.mp3	4536
common_voice_mvy_42021058.mp3	8136
common_voice_mvy_42380845.mp3	3276
common_voice_mvy_42007244.mp3	3528
common_voice_mvy_42084717.mp3	5580
common_voice_mvy_42351870.mp3	3348
common_voice_mvy_42369747.mp3	4608
common_voice_mvy_42395362.mp3	3600
common_voice_mvy_42556915.mp3	8208
common_voice_mvy_42063726.mp3	12060
common_voice_mvy_42066873.mp3	4248
common_voice_mvy_42376315.mp3	3420
common_voice_mvy_42084732.mp3	4356
common_voice_mvy_42350303.mp3	4536
common_voice_mvy_42067782.mp3	3780
common_voice_mvy_42385089.mp3	3888
common_voice_mvy_42350688.mp3	3348
common_voice_mvy_42496586.mp3	4680
common_voice_mvy_42360452.mp3	6300
common_voice_mvy_42412831.mp3	3888
common_voice_mvy_42363338.mp3	6228
common_voice_mvy_42736060.mp3	4320
common_voice_mvy_42351919.mp3	5508
common_voice_mvy_42347119.mp3	2988
common_voice_mvy_42063661.mp3	10116
common_voice_mvy_48992956.mp3	5256
common_voice_mvy_42389553.mp3	3240
common_voice_mvy_42073520.mp3	2700
common_voice_mvy_42351794.mp3	7128
common_voice_mvy_42412808.mp3	4428
common_voice_mvy_42055907.mp3	5076
common_voice_mvy_42389067.mp3	4320
common_voice_mvy_42079713.mp3	3060
common_voice_mvy_42063864.mp3	4428
common_voice_mvy_42547606.mp3	3636
common_voice_mvy_42052622.mp3	3528
common_voice_mvy_42042165.mp3	3168
common_voice_mvy_42056835.mp3	4968
common_voice_mvy_42011818.mp3	4860
common_voice_mvy_42011700.mp3	5580
common_voice_mvy_42394884.mp3	2988
common_voice_mvy_42366827.mp3	4860
common_voice_mvy_42078880.mp3	4608
common_voice_mvy_42063798.mp3	4716
common_voice_mvy_42089713.mp3	9648
common_voice_mvy_42042077.mp3	3528
common_voice_mvy_42074809.mp3	2736
common_voice_mvy_42376355.mp3	4248
common_voice_mvy_42380588.mp3	4428
common_voice_mvy_42356269.mp3	5796
common_voice_mvy_42368900.mp3	3168
common_voice_mvy_42496698.mp3	7956
common_voice_mvy_42393331.mp3	2880
common_voice_mvy_42345940.mp3	3636
common_voice_mvy_42180402.mp3	4176
common_voice_mvy_42383314.mp3	4356
common_voice_mvy_42382258.mp3	6120
common_voice_mvy_42413283.mp3	4968
common_voice_mvy_42370599.mp3	4248
common_voice_mvy_42392159.mp3	4968
common_voice_mvy_42079757.mp3	5076
common_voice_mvy_42064202.mp3	6876
common_voice_mvy_42064208.mp3	7488
common_voice_mvy_42396578.mp3	3240
common_voice_mvy_42096246.mp3	5868
common_voice_mvy_42646750.mp3	5868
common_voice_mvy_42089462.mp3	6336
common_voice_mvy_42367635.mp3	4356
common_voice_mvy_42060275.mp3	6660
common_voice_mvy_42063785.mp3	5940
common_voice_mvy_42056838.mp3	7740
common_voice_mvy_42074889.mp3	2988
common_voice_mvy_42008212.mp3	5436
common_voice_mvy_42350761.mp3	3456
common_voice_mvy_42080954.mp3	8028
common_voice_mvy_42368457.mp3	3636
common_voice_mvy_42055709.mp3	6480
common_voice_mvy_42021131.mp3	4536
common_voice_mvy_42382178.mp3	7488
common_voice_mvy_42413765.mp3	3276
common_voice_mvy_42099624.mp3	6300
common_voice_mvy_42367136.mp3	3996
common_voice_mvy_42369358.mp3	7380
common_voice_mvy_42395688.mp3	3060
common_voice_mvy_42348245.mp3	3636
common_voice_mvy_42533325.mp3	4500
common_voice_mvy_42180381.mp3	4248
common_voice_mvy_42366737.mp3	4500
common_voice_mvy_42369828.mp3	6948
common_voice_mvy_42346041.mp3	5400
common_voice_mvy_42052692.mp3	5148
common_voice_mvy_42085824.mp3	4248
common_voice_mvy_42478865.mp3	4896
common_voice_mvy_42351475.mp3	6480
common_voice_mvy_42556782.mp3	6696
common_voice_mvy_42376527.mp3	4248
common_voice_mvy_42042235.mp3	5076
common_voice_mvy_42383303.mp3	3996
common_voice_mvy_42348978.mp3	4716
common_voice_mvy_42388999.mp3	2880
common_voice_mvy_42533356.mp3	4716
common_voice_mvy_42387961.mp3	5040
common_voice_mvy_42061309.mp3	4248
common_voice_mvy_42008705.mp3	3276
common_voice_mvy_42586159.mp3	5400
common_voice_mvy_42376343.mp3	5400
common_voice_mvy_42413729.mp3	3528
common_voice_mvy_42064834.mp3	3780
common_voice_mvy_42350895.mp3	4500
common_voice_mvy_42042653.mp3	6588
common_voice_mvy_42055389.mp3	6048
common_voice_mvy_42373466.mp3	8460
common_voice_mvy_42547818.mp3	4896
common_voice_mvy_42547551.mp3	6768
common_voice_mvy_42389998.mp3	4716
common_voice_mvy_42414963.mp3	3348
common_voice_mvy_42130582.mp3	9108
common_voice_mvy_42072937.mp3	4140
common_voice_mvy_42056934.mp3	4608
common_voice_mvy_42008225.mp3	3456
common_voice_mvy_42362472.mp3	5328
common_voice_mvy_42067786.mp3	3168
common_voice_mvy_42375342.mp3	4896
common_voice_mvy_42396102.mp3	3888
common_voice_mvy_42370080.mp3	4500
common_voice_mvy_42024837.mp3	3816
common_voice_mvy_42021280.mp3	4536
common_voice_mvy_42081255.mp3	6480
common_voice_mvy_42364325.mp3	4176
common_voice_mvy_42063751.mp3	2736
common_voice_mvy_42413728.mp3	4068
common_voice_mvy_42356862.mp3	3168
common_voice_mvy_42083979.mp3	3456
common_voice_mvy_42550587.mp3	6048
common_voice_mvy_42011627.mp3	3960
common_voice_mvy_42348384.mp3	7056
common_voice_mvy_42392102.mp3	7488
common_voice_mvy_42074796.mp3	3888
common_voice_mvy_42413782.mp3	4356
common_voice_mvy_42024478.mp3	6156
common_voice_mvy_42391043.mp3	3816
common_voice_mvy_42012656.mp3	3708
common_voice_mvy_42398269.mp3	4428
common_voice_mvy_42360008.mp3	6876
common_voice_mvy_42024887.mp3	4320
common_voice_mvy_42369136.mp3	8136
common_voice_mvy_42081578.mp3	4428
common_voice_mvy_42042215.mp3	7236
common_voice_mvy_42376566.mp3	4140
common_voice_mvy_42073549.mp3	5940
common_voice_mvy_42364747.mp3	5688
common_voice_mvy_42348547.mp3	4716
common_voice_mvy_42363103.mp3	6048
common_voice_mvy_42474252.mp3	4428
common_voice_mvy_42393889.mp3	4788
common_voice_mvy_42369790.mp3	4176
common_voice_mvy_42358197.mp3	4536
common_voice_mvy_42352407.mp3	3996
common_voice_mvy_42007213.mp3	5508
common_voice_mvy_42374104.mp3	4860
common_voice_mvy_42053428.mp3	5868
common_voice_mvy_42494254.mp3	3780
common_voice_mvy_42383379.mp3	3600
common_voice_mvy_42078541.mp3	5580
common_voice_mvy_42547595.mp3	4356
common_voice_mvy_42362549.mp3	6516
common_voice_mvy_42061000.mp3	5148
common_voice_mvy_42092852.mp3	5400
common_voice_mvy_42379246.mp3	4320
common_voice_mvy_42063851.mp3	2340
common_voice_mvy_42062934.mp3	3780
common_voice_mvy_42395886.mp3	3888
common_voice_mvy_42368555.mp3	3888
common_voice_mvy_42363401.mp3	3816
common_voice_mvy_42007706.mp3	6876
common_voice_mvy_42347409.mp3	6048
common_voice_mvy_42362521.mp3	8280
common_voice_mvy_42347234.mp3	4320
common_voice_mvy_42532305.mp3	2520
common_voice_mvy_42042217.mp3	4608
common_voice_mvy_42365229.mp3	6480
common_voice_mvy_42367170.mp3	3240
common_voice_mvy_42364604.mp3	3060
common_voice_mvy_42389189.mp3	4248
common_voice_mvy_42363054.mp3	4140
common_voice_mvy_42403081.mp3	4248
common_voice_mvy_42383360.mp3	3816
common_voice_mvy_42374120.mp3	8316
common_voice_mvy_42395223.mp3	5688
common_voice_mvy_42390309.mp3	3960
common_voice_mvy_42387890.mp3	4320
common_voice_mvy_42061313.mp3	2988
common_voice_mvy_42080101.mp3	3996
common_voice_mvy_42595007.mp3	5148
common_voice_mvy_42079614.mp3	2628
common_voice_mvy_42376328.mp3	3276
common_voice_mvy_42042115.mp3	2988
common_voice_mvy_42064686.mp3	3888
common_voice_mvy_42370258.mp3	4500
common_voice_mvy_42370307.mp3	7308
common_voice_mvy_42395032.mp3	5040
common_voice_mvy_42021728.mp3	4608
common_voice_mvy_42064193.mp3	7560
common_voice_mvy_42438139.mp3	4536
common_voice_mvy_42080176.mp3	7308
common_voice_mvy_42393231.mp3	3096
common_voice_mvy_42012099.mp3	5400
common_voice_mvy_42394748.mp3	4140
common_voice_mvy_42414975.mp3	3780
common_voice_mvy_42375343.mp3	6480
common_voice_mvy_42397184.mp3	3456
common_voice_mvy_42350003.mp3	5580
common_voice_mvy_42556898.mp3	4140
common_voice_mvy_42383380.mp3	4248
common_voice_mvy_42077278.mp3	3456
common_voice_mvy_42089520.mp3	6048
common_voice_mvy_42043104.mp3	4428
common_voice_mvy_42394872.mp3	4320
common_voice_mvy_42414594.mp3	3816
common_voice_mvy_42385882.mp3	7416
common_voice_mvy_42403093.mp3	6696
common_voice_mvy_42373412.mp3	6408
common_voice_mvy_42397681.mp3	4500
common_voice_mvy_42078570.mp3	3996
common_voice_mvy_42397468.mp3	3996
common_voice_mvy_42077373.mp3	5508
common_voice_mvy_42394184.mp3	4680
common_voice_mvy_42008272.mp3	6300
common_voice_mvy_42360958.mp3	5976
common_voice_mvy_42373708.mp3	4140
common_voice_mvy_42375855.mp3	3276
common_voice_mvy_42369748.mp3	3168
common_voice_mvy_42384897.mp3	3528
common_voice_mvy_42347212.mp3	3996
common_voice_mvy_42396402.mp3	3816
common_voice_mvy_42066967.mp3	3636
common_voice_mvy_42363064.mp3	2628
common_voice_mvy_42389451.mp3	7920
common_voice_mvy_42392005.mp3	4248
common_voice_mvy_42053439.mp3	6300
common_voice_mvy_42381195.mp3	2448
common_voice_mvy_42524502.mp3	3996
common_voice_mvy_42392780.mp3	3780
common_voice_mvy_42363430.mp3	6156
common_voice_mvy_42010001.mp3	5796
common_voice_mvy_42370647.mp3	7128
common_voice_mvy_42010442.mp3	2916
common_voice_mvy_42384465.mp3	4680
common_voice_mvy_42007543.mp3	6768
common_voice_mvy_42364537.mp3	6156
common_voice_mvy_42387779.mp3	4428
common_voice_mvy_42011134.mp3	4716
common_voice_mvy_42347308.mp3	4860
common_voice_mvy_42395761.mp3	3816
common_voice_mvy_42088950.mp3	8316
common_voice_mvy_42397847.mp3	3240
common_voice_mvy_42397592.mp3	4680
common_voice_mvy_42350937.mp3	3384
common_voice_mvy_42394998.mp3	5976
common_voice_mvy_42362371.mp3	12636
common_voice_mvy_42414460.mp3	4068
common_voice_mvy_42395038.mp3	4500
common_voice_mvy_42093112.mp3	5436
common_voice_mvy_42363841.mp3	3996
common_voice_mvy_42393930.mp3	3960
common_voice_mvy_42395787.mp3	3708
common_voice_mvy_42077335.mp3	7236
common_voice_mvy_43579298.mp3	3240
common_voice_mvy_42398329.mp3	2988
common_voice_mvy_42393785.mp3	3240
common_voice_mvy_42370169.mp3	4068
common_voice_mvy_42373487.mp3	3348
common_voice_mvy_42379137.mp3	5148
common_voice_mvy_42006546.mp3	3636
common_voice_mvy_42533353.mp3	5148
common_voice_mvy_42393618.mp3	4248
common_voice_mvy_42368271.mp3	5688
common_voice_mvy_42383841.mp3	3780
common_voice_mvy_42043189.mp3	4176
common_voice_mvy_42394251.mp3	3456
common_voice_mvy_42011821.mp3	6336
common_voice_mvy_42067284.mp3	3096
common_voice_mvy_42397759.mp3	4320
common_voice_mvy_42391695.mp3	5940
common_voice_mvy_42023167.mp3	3816
common_voice_mvy_42376620.mp3	4860
common_voice_mvy_42350071.mp3	4068
common_voice_mvy_42736052.mp3	5868
common_voice_mvy_42060894.mp3	4140
common_voice_mvy_42385007.mp3	2988
common_voice_mvy_42096472.mp3	5148
common_voice_mvy_42357812.mp3	4716
common_voice_mvy_42063156.mp3	2736
common_voice_mvy_42362987.mp3	3348
common_voice_mvy_42348481.mp3	7596
common_voice_mvy_42349987.mp3	4500
common_voice_mvy_42551685.mp3	4896
common_voice_mvy_42391585.mp3	3636
common_voice_mvy_42075521.mp3	7128
common_voice_mvy_42067029.mp3	4428
common_voice_mvy_42496751.mp3	5328
common_voice_mvy_42352161.mp3	6300
common_voice_mvy_42366971.mp3	5256
common_voice_mvy_42077305.mp3	3276
common_voice_mvy_42085279.mp3	2988
common_voice_mvy_42055878.mp3	5760
common_voice_mvy_42080105.mp3	4392
common_voice_mvy_42073848.mp3	3636
common_voice_mvy_42365236.mp3	6048
common_voice_mvy_42050270.mp3	8460
common_voice_mvy_42358198.mp3	5760
common_voice_mvy_42023168.mp3	4356
common_voice_mvy_42347190.mp3	3708
common_voice_mvy_42395120.mp3	3276
common_voice_mvy_42395062.mp3	4068
common_voice_mvy_42021482.mp3	5616
common_voice_mvy_42415017.mp3	12348
common_voice_mvy_42060244.mp3	3636
common_voice_mvy_42391777.mp3	3276
common_voice_mvy_42392877.mp3	3888
common_voice_mvy_42346468.mp3	6156
common_voice_mvy_42007043.mp3	4608
common_voice_mvy_42053440.mp3	4500
common_voice_mvy_42393522.mp3	4860
common_voice_mvy_42387941.mp3	4248
common_voice_mvy_42084745.mp3	3096
common_voice_mvy_42394595.mp3	4428
common_voice_mvy_42454037.mp3	3780
common_voice_mvy_42063731.mp3	6228
common_voice_mvy_42080024.mp3	4896
common_voice_mvy_42376441.mp3	6228
common_voice_mvy_42008450.mp3	3240
common_voice_mvy_42382247.mp3	4356
common_voice_mvy_42414972.mp3	3816
common_voice_mvy_42376798.mp3	3060
common_voice_mvy_42096494.mp3	3420
common_voice_mvy_42079451.mp3	8208
common_voice_mvy_42386513.mp3	5040
common_voice_mvy_42395949.mp3	5148
common_voice_mvy_42055447.mp3	3168
common_voice_mvy_42073010.mp3	6516
common_voice_mvy_42395104.mp3	2736
common_voice_mvy_42010460.mp3	3636
common_voice_mvy_42383808.mp3	5220
common_voice_mvy_42363288.mp3	3780
common_voice_mvy_42008447.mp3	3420
common_voice_mvy_42370732.mp3	6300
common_voice_mvy_42007524.mp3	6768
common_voice_mvy_42360238.mp3	4140
common_voice_mvy_42350250.mp3	3420
common_voice_mvy_42012104.mp3	5400
common_voice_mvy_42364913.mp3	5436
common_voice_mvy_42515119.mp3	3708
common_voice_mvy_42397159.mp3	3060
common_voice_mvy_42362615.mp3	3420
common_voice_mvy_42397830.mp3	3456
common_voice_mvy_42391664.mp3	4428
common_voice_mvy_42080578.mp3	4788
common_voice_mvy_42478847.mp3	6696
common_voice_mvy_42380124.mp3	6048
common_voice_mvy_42092967.mp3	4428
common_voice_mvy_42180400.mp3	4788
common_voice_mvy_42547580.mp3	4068
common_voice_mvy_42064225.mp3	7416
common_voice_mvy_42410261.mp3	3420
common_voice_mvy_42072947.mp3	4500
common_voice_mvy_42556878.mp3	3996
common_voice_mvy_42361275.mp3	3636
common_voice_mvy_42061314.mp3	5760
common_voice_mvy_42368875.mp3	3708
common_voice_mvy_42077388.mp3	4860
common_voice_mvy_42362606.mp3	3708
common_voice_mvy_42061345.mp3	3708
common_voice_mvy_42375318.mp3	6300
common_voice_mvy_42474204.mp3	3636
common_voice_mvy_42023111.mp3	3888
common_voice_mvy_42364759.mp3	4896
common_voice_mvy_42073504.mp3	4068
common_voice_mvy_42374190.mp3	3600
common_voice_mvy_42397160.mp3	3240
common_voice_mvy_42396036.mp3	2556
common_voice_mvy_42021275.mp3	2880
common_voice_mvy_42063701.mp3	5076
common_voice_mvy_42604480.mp3	3348
common_voice_mvy_42387763.mp3	5400
common_voice_mvy_42398310.mp3	3420
common_voice_mvy_42213363.mp3	8568
common_voice_mvy_42396406.mp3	4536
common_voice_mvy_42391210.mp3	7776
common_voice_mvy_42367429.mp3	4248
common_voice_mvy_42384825.mp3	5400
common_voice_mvy_42392001.mp3	3636
common_voice_mvy_42080589.mp3	4500
common_voice_mvy_42389325.mp3	2736
common_voice_mvy_42347225.mp3	4860
common_voice_mvy_42365674.mp3	4896
common_voice_mvy_42375971.mp3	3636
common_voice_mvy_42064133.mp3	5328
common_voice_mvy_42384212.mp3	4428
common_voice_mvy_42349620.mp3	3708
common_voice_mvy_42394850.mp3	3816
common_voice_mvy_42368406.mp3	3780
common_voice_mvy_42380698.mp3	7056
common_voice_mvy_42024586.mp3	7740
common_voice_mvy_42363532.mp3	3456
common_voice_mvy_42049796.mp3	5724
common_voice_mvy_42363936.mp3	4968
common_voice_mvy_42012030.mp3	5796
common_voice_mvy_42385052.mp3	4248
common_voice_mvy_42370333.mp3	5256
common_voice_mvy_42413177.mp3	4608
common_voice_mvy_42093182.mp3	7488
common_voice_mvy_42547828.mp3	3816
common_voice_mvy_42361910.mp3	3888
common_voice_mvy_42006879.mp3	4788
common_voice_mvy_42379182.mp3	3888
common_voice_mvy_42350422.mp3	2880
common_voice_mvy_42006920.mp3	6876
common_voice_mvy_42078748.mp3	8208
common_voice_mvy_42072336.mp3	3420
common_voice_mvy_42085655.mp3	3708
common_voice_mvy_42380531.mp3	3816
common_voice_mvy_42387948.mp3	3960
common_voice_mvy_42060058.mp3	5796
common_voice_mvy_42409785.mp3	4536
common_voice_mvy_42413776.mp3	2988
common_voice_mvy_42367306.mp3	4356
common_voice_mvy_42376721.mp3	4320
common_voice_mvy_42374234.mp3	4356
common_voice_mvy_42402954.mp3	3960
common_voice_mvy_42394235.mp3	3276
common_voice_mvy_42367247.mp3	4068
common_voice_mvy_42376443.mp3	2520
common_voice_mvy_42348942.mp3	6588
common_voice_mvy_42557227.mp3	5688
common_voice_mvy_42368523.mp3	5256
common_voice_mvy_42079938.mp3	3816
common_voice_mvy_42067822.mp3	5220
common_voice_mvy_42072893.mp3	5796
common_voice_mvy_42346762.mp3	3348
common_voice_mvy_42079371.mp3	4320
common_voice_mvy_42545109.mp3	4068
common_voice_mvy_42080481.mp3	4788
common_voice_mvy_42023144.mp3	4068
common_voice_mvy_42066891.mp3	3816
common_voice_mvy_42380358.mp3	5076
common_voice_mvy_42415213.mp3	3960
common_voice_mvy_42358658.mp3	5256
common_voice_mvy_42376365.mp3	5400
common_voice_mvy_42063005.mp3	6840
common_voice_mvy_42378548.mp3	6840
common_voice_mvy_42053056.mp3	2520
common_voice_mvy_42392867.mp3	3600
common_voice_mvy_42362558.mp3	3636
common_voice_mvy_42011298.mp3	4788
common_voice_mvy_42532239.mp3	6156
common_voice_mvy_42363239.mp3	3240
common_voice_mvy_42362539.mp3	4356
common_voice_mvy_42008223.mp3	3600
common_voice_mvy_42064496.mp3	5436
common_voice_mvy_42011155.mp3	5796
common_voice_mvy_42407889.mp3	5436
common_voice_mvy_42381163.mp3	4140
common_voice_mvy_42080166.mp3	4608
common_voice_mvy_42373710.mp3	6048
common_voice_mvy_42412773.mp3	3816
common_voice_mvy_42180521.mp3	5076
common_voice_mvy_42007964.mp3	7020
common_voice_mvy_42043249.mp3	5688
common_voice_mvy_42533355.mp3	3348
common_voice_mvy_42366883.mp3	3996
common_voice_mvy_42398279.mp3	5688
common_voice_mvy_42042272.mp3	3960
common_voice_mvy_42382409.mp3	3600
common_voice_mvy_42391197.mp3	4248
common_voice_mvy_42364952.mp3	5220
common_voice_mvy_42364698.mp3	5580
common_voice_mvy_42384188.mp3	6228
common_voice_mvy_42375755.mp3	6120
common_voice_mvy_42367160.mp3	3708
common_voice_mvy_42384512.mp3	3888
common_voice_mvy_42356234.mp3	8496
common_voice_mvy_42360117.mp3	3960
common_voice_mvy_42369862.mp3	3420
common_voice_mvy_42059855.mp3	4716
common_voice_mvy_42080859.mp3	5976
common_voice_mvy_42362489.mp3	4428
common_voice_mvy_42052733.mp3	3240
common_voice_mvy_42079979.mp3	8316
common_voice_mvy_42009982.mp3	5220
common_voice_mvy_42533304.mp3	6120
common_voice_mvy_42006878.mp3	7128
common_voice_mvy_42180524.mp3	4068
common_voice_mvy_42383597.mp3	4608
common_voice_mvy_42010708.mp3	5076
common_voice_mvy_42380593.mp3	7200
common_voice_mvy_42546278.mp3	4500
common_voice_mvy_42547799.mp3	3996
common_voice_mvy_42414144.mp3	4968
common_voice_mvy_48992961.mp3	6408
common_voice_mvy_42011636.mp3	3816
common_voice_mvy_42080467.mp3	4644
common_voice_mvy_42350686.mp3	2736
common_voice_mvy_42363714.mp3	2700
common_voice_mvy_42415164.mp3	3456
common_voice_mvy_42011419.mp3	3996
common_voice_mvy_42367626.mp3	4356
common_voice_mvy_42567944.mp3	5328
common_voice_mvy_42547844.mp3	6120
common_voice_mvy_42438021.mp3	4968
common_voice_mvy_42397044.mp3	3168
common_voice_mvy_42180518.mp3	2520
common_voice_mvy_42079482.mp3	7236
common_voice_mvy_42086277.mp3	4068
common_voice_mvy_42347262.mp3	7236
common_voice_mvy_42356264.mp3	8388
common_voice_mvy_42373588.mp3	4320
common_voice_mvy_42347795.mp3	4356
common_voice_mvy_42366566.mp3	5040
common_voice_mvy_42363177.mp3	3348
common_voice_mvy_42363422.mp3	4680
common_voice_mvy_42056651.mp3	9036
common_voice_mvy_42557274.mp3	3888
common_voice_mvy_42360192.mp3	3240
common_voice_mvy_42390698.mp3	3348
common_voice_mvy_42394869.mp3	3888
common_voice_mvy_42380267.mp3	5940
common_voice_mvy_42394945.mp3	3960
common_voice_mvy_42008549.mp3	3420
common_voice_mvy_42567270.mp3	6156
common_voice_mvy_42053465.mp3	4140
common_voice_mvy_42063669.mp3	6408
common_voice_mvy_42391960.mp3	3600
common_voice_mvy_42066863.mp3	3168
common_voice_mvy_42012101.mp3	3780
common_voice_mvy_42375283.mp3	4860
common_voice_mvy_42438133.mp3	5220
common_voice_mvy_42053446.mp3	3996
common_voice_mvy_42413595.mp3	4140
common_voice_mvy_42397094.mp3	5976
common_voice_mvy_42055586.mp3	3096
common_voice_mvy_42079885.mp3	7128
common_voice_mvy_42064673.mp3	4176
common_voice_mvy_42072998.mp3	2736
common_voice_mvy_42079906.mp3	3276
common_voice_mvy_42604482.mp3	4680
common_voice_mvy_42064268.mp3	7560
common_voice_mvy_42379952.mp3	9396
common_voice_mvy_42383415.mp3	5040
common_voice_mvy_42394155.mp3	4356
common_voice_mvy_42060908.mp3	3060
common_voice_mvy_42093032.mp3	3960
common_voice_mvy_42080586.mp3	5400
common_voice_mvy_42374154.mp3	5616
common_voice_mvy_42369359.mp3	3528
common_voice_mvy_42024875.mp3	3960
common_voice_mvy_42421695.mp3	5148
common_voice_mvy_42023119.mp3	5256
common_voice_mvy_42391657.mp3	3888
common_voice_mvy_42391179.mp3	2736
common_voice_mvy_42060264.mp3	4680
common_voice_mvy_42346872.mp3	4140
common_voice_mvy_42454038.mp3	3276
common_voice_mvy_42373380.mp3	4140
common_voice_mvy_42361014.mp3	7488
common_voice_mvy_42395105.mp3	5220
common_voice_mvy_42547588.mp3	3456
common_voice_mvy_42007567.mp3	2880
common_voice_mvy_42515120.mp3	7596
common_voice_mvy_42357185.mp3	3780
common_voice_mvy_42350516.mp3	5436
common_voice_mvy_42363473.mp3	2988
common_voice_mvy_42388898.mp3	3960
common_voice_mvy_42381216.mp3	4248
common_voice_mvy_42377633.mp3	3420
common_voice_mvy_42073796.mp3	6840
common_voice_mvy_42414332.mp3	6480
common_voice_mvy_42379329.mp3	5076
common_voice_mvy_42130395.mp3	6876
common_voice_mvy_42079659.mp3	11376
common_voice_mvy_42374049.mp3	4500
common_voice_mvy_42063765.mp3	13176
common_voice_mvy_42008338.mp3	3168
common_voice_mvy_42078989.mp3	5760
common_voice_mvy_42367483.mp3	2808
common_voice_mvy_42360293.mp3	4968
common_voice_mvy_42360558.mp3	3960
common_voice_mvy_42376610.mp3	4536
common_voice_mvy_42392076.mp3	4716
common_voice_mvy_42362338.mp3	6876
common_voice_mvy_42060249.mp3	5616
common_voice_mvy_42351255.mp3	4320
common_voice_mvy_42066882.mp3	7056
common_voice_mvy_42364329.mp3	5220
common_voice_mvy_42079975.mp3	8568
common_voice_mvy_42073013.mp3	4248
common_voice_mvy_42394851.mp3	5796
common_voice_mvy_42043011.mp3	4176
common_voice_mvy_42376484.mp3	2736
common_voice_mvy_42412792.mp3	4896
common_voice_mvy_42388996.mp3	3636
common_voice_mvy_42008539.mp3	5868
common_voice_mvy_42014940.mp3	7200
common_voice_mvy_42043048.mp3	4176
common_voice_mvy_42390619.mp3	3096
common_voice_mvy_42586156.mp3	5400
common_voice_mvy_42367518.mp3	3816
common_voice_mvy_42363974.mp3	5076
common_voice_mvy_42393910.mp3	3456
common_voice_mvy_42053542.mp3	4968
common_voice_mvy_42347121.mp3	3636
common_voice_mvy_42346034.mp3	3276
common_voice_mvy_42394930.mp3	3636
common_voice_mvy_42362881.mp3	4608
common_voice_mvy_42373468.mp3	4716
common_voice_mvy_42356873.mp3	4536
common_voice_mvy_42363833.mp3	3888
common_voice_mvy_42182594.mp3	4788
common_voice_mvy_42478896.mp3	4536
common_voice_mvy_42364355.mp3	3888
common_voice_mvy_42074829.mp3	3708
common_voice_mvy_42366914.mp3	5940
common_voice_mvy_42348391.mp3	7740
common_voice_mvy_42412798.mp3	5148
common_voice_mvy_42389407.mp3	4176
common_voice_mvy_42073817.mp3	3060
common_voice_mvy_42413261.mp3	4788
common_voice_mvy_42042266.mp3	5688
common_voice_mvy_42389097.mp3	3996
common_voice_mvy_42412744.mp3	2988
common_voice_mvy_42363984.mp3	2808
common_voice_mvy_42048846.mp3	5976
common_voice_mvy_42393781.mp3	3420
common_voice_mvy_42395262.mp3	2340
common_voice_mvy_42384544.mp3	2520
common_voice_mvy_42396482.mp3	3240
common_voice_mvy_42533303.mp3	5760
common_voice_mvy_42391030.mp3	3816
common_voice_mvy_42063629.mp3	6876
common_voice_mvy_42012103.mp3	8100
common_voice_mvy_42395238.mp3	4896
common_voice_mvy_42573239.mp3	6228
common_voice_mvy_42604493.mp3	3276
common_voice_mvy_42380352.mp3	4716
common_voice_mvy_42379812.mp3	4248
common_voice_mvy_42055467.mp3	5688
common_voice_mvy_42515058.mp3	7380
common_voice_mvy_42008290.mp3	4176
common_voice_mvy_42053505.mp3	4500
common_voice_mvy_42394640.mp3	3780
common_voice_mvy_42356305.mp3	2556
common_voice_mvy_42062829.mp3	3528
common_voice_mvy_42008453.mp3	3276
common_voice_mvy_42533350.mp3	4860
common_voice_mvy_42381162.mp3	3240
common_voice_mvy_42350922.mp3	5652
common_voice_mvy_42010211.mp3	3168
common_voice_mvy_42383991.mp3	2916
common_voice_mvy_42379974.mp3	4788
common_voice_mvy_42546173.mp3	4068
common_voice_mvy_42348713.mp3	5508
common_voice_mvy_42346693.mp3	4716
common_voice_mvy_42085210.mp3	3960
common_voice_mvy_42064735.mp3	4500
common_voice_mvy_42096239.mp3	6156
common_voice_mvy_42364271.mp3	3528
common_voice_mvy_42356360.mp3	4428
common_voice_mvy_42081215.mp3	5436
common_voice_mvy_42392872.mp3	2988
common_voice_mvy_42055810.mp3	5076
common_voice_mvy_42348347.mp3	4536
common_voice_mvy_42362801.mp3	2556
common_voice_mvy_42021226.mp3	6408
common_voice_mvy_42413657.mp3	4248
common_voice_mvy_42390095.mp3	6408
common_voice_mvy_42067853.mp3	4860
common_voice_mvy_42392106.mp3	7668
common_voice_mvy_42392146.mp3	2700
common_voice_mvy_42351825.mp3	3060
common_voice_mvy_42347335.mp3	6408
common_voice_mvy_42079315.mp3	8136
common_voice_mvy_42363049.mp3	4356
common_voice_mvy_42011370.mp3	6660
common_voice_mvy_42375871.mp3	3348
common_voice_mvy_42375733.mp3	4788
common_voice_mvy_42042159.mp3	3456
common_voice_mvy_42048861.mp3	3528
common_voice_mvy_42348346.mp3	3168
common_voice_mvy_42061310.mp3	3780
common_voice_mvy_42412838.mp3	4860
common_voice_mvy_42008550.mp3	4176
common_voice_mvy_42413212.mp3	4536
common_voice_mvy_42042554.mp3	7668
common_voice_mvy_42393212.mp3	3528
common_voice_mvy_42079660.mp3	6480
common_voice_mvy_42264481.mp3	4356
common_voice_mvy_42079317.mp3	3780
common_voice_mvy_42396598.mp3	5580
common_voice_mvy_42396186.mp3	8280
common_voice_mvy_42546271.mp3	3600
common_voice_mvy_42351746.mp3	5076
common_voice_mvy_48992953.mp3	4680
common_voice_mvy_42368460.mp3	4428
common_voice_mvy_42362591.mp3	5940
common_voice_mvy_42383761.mp3	3096
common_voice_mvy_42395797.mp3	4140
common_voice_mvy_42061443.mp3	3240
common_voice_mvy_42348685.mp3	5328
common_voice_mvy_42395799.mp3	3960
common_voice_mvy_42373876.mp3	6300
common_voice_mvy_42352326.mp3	3888
common_voice_mvy_42008148.mp3	3276
common_voice_mvy_42369210.mp3	3996
common_voice_mvy_42391958.mp3	3204
common_voice_mvy_42397614.mp3	2916
common_voice_mvy_42053472.mp3	4140
common_voice_mvy_42349733.mp3	3348
common_voice_mvy_42415168.mp3	3780
common_voice_mvy_42395202.mp3	4536
common_voice_mvy_42369793.mp3	4860
common_voice_mvy_42079718.mp3	4716
common_voice_mvy_42383320.mp3	3528
common_voice_mvy_42008285.mp3	4896
common_voice_mvy_42079258.mp3	3960
common_voice_mvy_42367487.mp3	3636
common_voice_mvy_42363581.mp3	7956
common_voice_mvy_42573250.mp3	4716
common_voice_mvy_42383514.mp3	4788
common_voice_mvy_42060057.mp3	8496
common_voice_mvy_42556864.mp3	4356
common_voice_mvy_42021209.mp3	4068
common_voice_mvy_42357803.mp3	6156
common_voice_mvy_42395890.mp3	7236
common_voice_mvy_42383531.mp3	3420
common_voice_mvy_42363474.mp3	6156
common_voice_mvy_42390671.mp3	7560
common_voice_mvy_42380912.mp3	5148
common_voice_mvy_42393794.mp3	4608
common_voice_mvy_42092835.mp3	6156
common_voice_mvy_42073550.mp3	4536
common_voice_mvy_42010463.mp3	3888
common_voice_mvy_42079657.mp3	4896
common_voice_mvy_42010462.mp3	3420
common_voice_mvy_42363811.mp3	3096
common_voice_mvy_42079639.mp3	3816
common_voice_mvy_42552986.mp3	6696
common_voice_mvy_42009980.mp3	4248
common_voice_mvy_42395253.mp3	5760
common_voice_mvy_42384257.mp3	3708
common_voice_mvy_42075824.mp3	7200
common_voice_mvy_42055947.mp3	3276
common_voice_mvy_42077356.mp3	5436
common_voice_mvy_42079707.mp3	4896
common_voice_mvy_42532304.mp3	6480
common_voice_mvy_42395743.mp3	3708
common_voice_mvy_42024742.mp3	4536
common_voice_mvy_42391758.mp3	3816
common_voice_mvy_42077275.mp3	4788
common_voice_mvy_42075980.mp3	5148
common_voice_mvy_42395812.mp3	5976
common_voice_mvy_42364206.mp3	3456
common_voice_mvy_42072902.mp3	2628
common_voice_mvy_42042127.mp3	6840
common_voice_mvy_42097857.mp3	5436
common_voice_mvy_42042071.mp3	4680
common_voice_mvy_42021480.mp3	4716
common_voice_mvy_42380733.mp3	4608
common_voice_mvy_42374171.mp3	7920
common_voice_mvy_42414225.mp3	5580
common_voice_mvy_42414234.mp3	5436
common_voice_mvy_42063266.mp3	4860
common_voice_mvy_42345881.mp3	3780
common_voice_mvy_42075751.mp3	3060
common_voice_mvy_42368873.mp3	3708
common_voice_mvy_42389365.mp3	4176
common_voice_mvy_42351220.mp3	3060
common_voice_mvy_42391944.mp3	3708
common_voice_mvy_42056596.mp3	4536
common_voice_mvy_42021184.mp3	5256
common_voice_mvy_42055863.mp3	5688
common_voice_mvy_42374097.mp3	7740
common_voice_mvy_42379249.mp3	5256
common_voice_mvy_42078927.mp3	2988
common_voice_mvy_42053496.mp3	6408
common_voice_mvy_42067306.mp3	5148
common_voice_mvy_42496703.mp3	5508
common_voice_mvy_42079675.mp3	4140
common_voice_mvy_42391211.mp3	4140
common_voice_mvy_42533309.mp3	2880
common_voice_mvy_42074531.mp3	5868
common_voice_mvy_42348309.mp3	5220
common_voice_mvy_42397538.mp3	4500
common_voice_mvy_42364899.mp3	5508
common_voice_mvy_42363547.mp3	4860
common_voice_mvy_42042147.mp3	3276
common_voice_mvy_42394751.mp3	2196
common_voice_mvy_42364032.mp3	5508
common_voice_mvy_42437945.mp3	3888
common_voice_mvy_42397047.mp3	4608
common_voice_mvy_42007525.mp3	8928
common_voice_mvy_42079385.mp3	8856
common_voice_mvy_42008444.mp3	4788
common_voice_mvy_42415227.mp3	4680
common_voice_mvy_42376621.mp3	3276
common_voice_mvy_42013066.mp3	5328
common_voice_mvy_42391941.mp3	3132
common_voice_mvy_42376352.mp3	8316
common_voice_mvy_42080336.mp3	5544
common_voice_mvy_42345947.mp3	9036
common_voice_mvy_42014936.mp3	3348
common_voice_mvy_42595009.mp3	5076
common_voice_mvy_42373392.mp3	4140
common_voice_mvy_42362269.mp3	3996
common_voice_mvy_42547787.mp3	3456
common_voice_mvy_42399166.mp3	3888
common_voice_mvy_42350896.mp3	4788
common_voice_mvy_42363687.mp3	5796
common_voice_mvy_42074818.mp3	5040
common_voice_mvy_42085151.mp3	4068
common_voice_mvy_42367077.mp3	6336
common_voice_mvy_42374123.mp3	5436
common_voice_mvy_42072320.mp3	3780
common_voice_mvy_42009943.mp3	5616
common_voice_mvy_42363182.mp3	3456
common_voice_mvy_42595010.mp3	4788
common_voice_mvy_42076012.mp3	4788
common_voice_mvy_42396064.mp3	3816
common_voice_mvy_42350701.mp3	3708
common_voice_mvy_42008088.mp3	3708
common_voice_mvy_42075590.mp3	4284
common_voice_mvy_42364012.mp3	3996
common_voice_mvy_42348586.mp3	4176
common_voice_mvy_42055826.mp3	3780
common_voice_mvy_42053202.mp3	3348
common_voice_mvy_42390719.mp3	3816
common_voice_mvy_42394927.mp3	5868
common_voice_mvy_42060432.mp3	4248
common_voice_mvy_42367045.mp3	6768
common_voice_mvy_42361856.mp3	3456
common_voice_mvy_42347309.mp3	4680
common_voice_mvy_42124187.mp3	3276
common_voice_mvy_42080010.mp3	4680
common_voice_mvy_42080585.mp3	4140
common_voice_mvy_42078809.mp3	4716
common_voice_mvy_42060014.mp3	3996
common_voice_mvy_42375868.mp3	4248
common_voice_mvy_42375976.mp3	4320
common_voice_mvy_42180472.mp3	2916
common_voice_mvy_42363348.mp3	4968
common_voice_mvy_42395102.mp3	5148
common_voice_mvy_42357025.mp3	3708
common_voice_mvy_42394684.mp3	4248
common_voice_mvy_42557206.mp3	4140
common_voice_mvy_42393948.mp3	4860
common_voice_mvy_42557262.mp3	8676
common_voice_mvy_42361295.mp3	4068
common_voice_mvy_42180477.mp3	3456
common_voice_mvy_42370017.mp3	2916
common_voice_mvy_42062782.mp3	6228
common_voice_mvy_42414640.mp3	4536
common_voice_mvy_42056545.mp3	8496
common_voice_mvy_42042157.mp3	3888
common_voice_mvy_42367315.mp3	4896
common_voice_mvy_42369387.mp3	5760
common_voice_mvy_42410291.mp3	4320
common_voice_mvy_42360754.mp3	3276
common_voice_mvy_42547571.mp3	5148
common_voice_mvy_42520399.mp3	4500
common_voice_mvy_42067030.mp3	5076
common_voice_mvy_42367068.mp3	4176
common_voice_mvy_42079629.mp3	5616
common_voice_mvy_42397504.mp3	4608
common_voice_mvy_42008210.mp3	3456
common_voice_mvy_42376503.mp3	4500
common_voice_mvy_42042119.mp3	4536
common_voice_mvy_42055357.mp3	4536
common_voice_mvy_42403114.mp3	4968
common_voice_mvy_42351569.mp3	3960
common_voice_mvy_42060419.mp3	5868
common_voice_mvy_42363379.mp3	4176
common_voice_mvy_42010441.mp3	3708
common_voice_mvy_42078587.mp3	2700
common_voice_mvy_42397545.mp3	5940
common_voice_mvy_42397533.mp3	3276
common_voice_mvy_42415001.mp3	4896
common_voice_mvy_42362752.mp3	2340
common_voice_mvy_42085570.mp3	3996
common_voice_mvy_42063641.mp3	9648
common_voice_mvy_42389232.mp3	3816
common_voice_mvy_42081540.mp3	4500
common_voice_mvy_42390030.mp3	3996
common_voice_mvy_42393523.mp3	3240
common_voice_mvy_42393668.mp3	3348
common_voice_mvy_42043217.mp3	4428
common_voice_mvy_42370133.mp3	4320
common_voice_mvy_42011953.mp3	7056
common_voice_mvy_42052717.mp3	3060
common_voice_mvy_42024841.mp3	4680
common_voice_mvy_42494230.mp3	6336
common_voice_mvy_42011844.mp3	3528
common_voice_mvy_42347176.mp3	3960
common_voice_mvy_42364824.mp3	4428
common_voice_mvy_42042878.mp3	5436
common_voice_mvy_42023160.mp3	3960
common_voice_mvy_42413619.mp3	2736
common_voice_mvy_42073856.mp3	3420
common_voice_mvy_42376656.mp3	4608
common_voice_mvy_42412839.mp3	4068
common_voice_mvy_42366989.mp3	5148
common_voice_mvy_42346889.mp3	3420
common_voice_mvy_42363727.mp3	5508
common_voice_mvy_42363905.mp3	4536
common_voice_mvy_42361860.mp3	6048
common_voice_mvy_42347285.mp3	5940
common_voice_mvy_42385004.mp3	3708
common_voice_mvy_42363341.mp3	3960
common_voice_mvy_42347144.mp3	4608
common_voice_mvy_42362586.mp3	5436
common_voice_mvy_42397473.mp3	4320
common_voice_mvy_42007186.mp3	3708
common_voice_mvy_42096227.mp3	3996
common_voice_mvy_42347187.mp3	5040
common_voice_mvy_42591084.mp3	5400
common_voice_mvy_42008176.mp3	6408
common_voice_mvy_42093097.mp3	4680
common_voice_mvy_42049812.mp3	3492
common_voice_mvy_42415214.mp3	3636
common_voice_mvy_42367210.mp3	4788
common_voice_mvy_42360261.mp3	4068
common_voice_mvy_42546197.mp3	5976
common_voice_mvy_42370402.mp3	2988
common_voice_mvy_42084721.mp3	5616
common_voice_mvy_42366953.mp3	3456
common_voice_mvy_42413966.mp3	3816
common_voice_mvy_42379273.mp3	5796
common_voice_mvy_42390618.mp3	6840
common_voice_mvy_42011146.mp3	6840
common_voice_mvy_42547800.mp3	5400
common_voice_mvy_42391917.mp3	6660
common_voice_mvy_42369233.mp3	6408
common_voice_mvy_42093193.mp3	5436
common_voice_mvy_42023165.mp3	4896
common_voice_mvy_42360299.mp3	5796
common_voice_mvy_42092993.mp3	4356
common_voice_mvy_42384602.mp3	3816
common_voice_mvy_42387739.mp3	3636
common_voice_mvy_42064752.mp3	6408
common_voice_mvy_42065940.mp3	5040
common_voice_mvy_42349015.mp3	3960
common_voice_mvy_42393002.mp3	2556
common_voice_mvy_42348786.mp3	4320
common_voice_mvy_42393733.mp3	2916
common_voice_mvy_42349697.mp3	3348
common_voice_mvy_42438250.mp3	3888
common_voice_mvy_42021220.mp3	3636
common_voice_mvy_42085293.mp3	8820
common_voice_mvy_42124152.mp3	4356
common_voice_mvy_42389039.mp3	3276
common_voice_mvy_42011840.mp3	5688
common_voice_mvy_42397057.mp3	6696
common_voice_mvy_42021417.mp3	4788
common_voice_mvy_42394565.mp3	6228
common_voice_mvy_42370496.mp3	2916
common_voice_mvy_42374194.mp3	3240
common_voice_mvy_42361210.mp3	7488
common_voice_mvy_42379226.mp3	6480
common_voice_mvy_42376598.mp3	4356
common_voice_mvy_42386144.mp3	4248
common_voice_mvy_42395001.mp3	5688
common_voice_mvy_42007201.mp3	5508
common_voice_mvy_42079929.mp3	6876
common_voice_mvy_42396479.mp3	5436
common_voice_mvy_42008355.mp3	3492
common_voice_mvy_42496636.mp3	8388
common_voice_mvy_42388248.mp3	4320
common_voice_mvy_42360281.mp3	5148
common_voice_mvy_42072970.mp3	8388
common_voice_mvy_42390482.mp3	3708
common_voice_mvy_42008201.mp3	4068
common_voice_mvy_42074945.mp3	3528
common_voice_mvy_42386526.mp3	5076
common_voice_mvy_42392291.mp3	3960
common_voice_mvy_42006661.mp3	4248
common_voice_mvy_42042916.mp3	4536
common_voice_mvy_42362592.mp3	3780
common_voice_mvy_42060924.mp3	6336
common_voice_mvy_42396861.mp3	4176
common_voice_mvy_42080790.mp3	5220
common_voice_mvy_42078706.mp3	5076
common_voice_mvy_42397557.mp3	4896
common_voice_mvy_42547822.mp3	3528
common_voice_mvy_42346724.mp3	3168
common_voice_mvy_42043047.mp3	4356
common_voice_mvy_42092975.mp3	4896
common_voice_mvy_42551684.mp3	3060
common_voice_mvy_42085262.mp3	2880
common_voice_mvy_42078759.mp3	4716
common_voice_mvy_42079737.mp3	6588
common_voice_mvy_42093081.mp3	7056
common_voice_mvy_42394919.mp3	4500
common_voice_mvy_42012724.mp3	3996
common_voice_mvy_42350072.mp3	4248
common_voice_mvy_42413597.mp3	3060
common_voice_mvy_42404611.mp3	3996
common_voice_mvy_42057389.mp3	5076
common_voice_mvy_42006549.mp3	4608
common_voice_mvy_42389468.mp3	3096
common_voice_mvy_42380422.mp3	5580
common_voice_mvy_42081264.mp3	4500
common_voice_mvy_42213360.mp3	3816
common_voice_mvy_42067101.mp3	4428
common_voice_mvy_42072292.mp3	4428
common_voice_mvy_42364613.mp3	6480
common_voice_mvy_42055760.mp3	3060
common_voice_mvy_42180464.mp3	2628
common_voice_mvy_42076314.mp3	3096
common_voice_mvy_42394816.mp3	7920
common_voice_mvy_42074790.mp3	4356
common_voice_mvy_42021185.mp3	3276
common_voice_mvy_42008439.mp3	2988
common_voice_mvy_42376536.mp3	4356
common_voice_mvy_42370686.mp3	2880
common_voice_mvy_42023171.mp3	5076
common_voice_mvy_42395950.mp3	3780
common_voice_mvy_42403388.mp3	5220
common_voice_mvy_42364249.mp3	4608
common_voice_mvy_42022398.mp3	4500
common_voice_mvy_42053216.mp3	3168
common_voice_mvy_42089861.mp3	8676
common_voice_mvy_42395974.mp3	4140
common_voice_mvy_42076306.mp3	3420
common_voice_mvy_42386071.mp3	5328
common_voice_mvy_42360371.mp3	5076
common_voice_mvy_42079933.mp3	5436
common_voice_mvy_42056937.mp3	4176
common_voice_mvy_42369263.mp3	2880
common_voice_mvy_42376528.mp3	3888
common_voice_mvy_42079831.mp3	5076
common_voice_mvy_42393969.mp3	3456
common_voice_mvy_42396563.mp3	5040
common_voice_mvy_42361133.mp3	4176
common_voice_mvy_42364270.mp3	6660
common_voice_mvy_42389566.mp3	3168
common_voice_mvy_42043192.mp3	6300
common_voice_mvy_42413096.mp3	3888
common_voice_mvy_42357055.mp3	4716
common_voice_mvy_42397813.mp3	3600
common_voice_mvy_42360071.mp3	3888
common_voice_mvy_42467394.mp3	4680
common_voice_mvy_42007155.mp3	5580
common_voice_mvy_42042078.mp3	3276
common_voice_mvy_42547697.mp3	3816
common_voice_mvy_42356253.mp3	4536
common_voice_mvy_42056881.mp3	3348
common_voice_mvy_42061442.mp3	7128
common_voice_mvy_42412802.mp3	3348
common_voice_mvy_42393721.mp3	4788
common_voice_mvy_42388876.mp3	4176
common_voice_mvy_42347546.mp3	4608
common_voice_mvy_42006525.mp3	4500
common_voice_mvy_42080629.mp3	11628
common_voice_mvy_42364777.mp3	3816
common_voice_mvy_42391694.mp3	3636
common_voice_mvy_42379239.mp3	4248
common_voice_mvy_42395727.mp3	3600
common_voice_mvy_42012067.mp3	4680
common_voice_mvy_42360074.mp3	4968
common_voice_mvy_42373915.mp3	4176
common_voice_mvy_42350454.mp3	2880
common_voice_mvy_42575074.mp3	6660
common_voice_mvy_42061017.mp3	4536
common_voice_mvy_42063643.mp3	5220
common_voice_mvy_42010355.mp3	4320
common_voice_mvy_42080480.mp3	7380
common_voice_mvy_42080309.mp3	6516
common_voice_mvy_42394757.mp3	4500
common_voice_mvy_42362772.mp3	3276
common_voice_mvy_42079325.mp3	7488
common_voice_mvy_42350633.mp3	3888
common_voice_mvy_42073839.mp3	7056
common_voice_mvy_42556711.mp3	6696
common_voice_mvy_42363306.mp3	4608
common_voice_mvy_42053001.mp3	2916
common_voice_mvy_42383228.mp3	3276
common_voice_mvy_42389293.mp3	3600
common_voice_mvy_42073753.mp3	4428
common_voice_mvy_42007792.mp3	4068
common_voice_mvy_42062811.mp3	4356
common_voice_mvy_42367624.mp3	4068
common_voice_mvy_42042283.mp3	4896
common_voice_mvy_42396257.mp3	5436
common_voice_mvy_42363657.mp3	4860
common_voice_mvy_42364175.mp3	8820
common_voice_mvy_42363018.mp3	3348
common_voice_mvy_42533399.mp3	6408
common_voice_mvy_42395197.mp3	4068
common_voice_mvy_42052618.mp3	3096
common_voice_mvy_42413253.mp3	4608
common_voice_mvy_42062837.mp3	4428
common_voice_mvy_42197486.mp3	4356
common_voice_mvy_42055463.mp3	5076
common_voice_mvy_42365191.mp3	5220
common_voice_mvy_42067043.mp3	6300
common_voice_mvy_42397558.mp3	4068
common_voice_mvy_42351500.mp3	4428
common_voice_mvy_42383833.mp3	3600
common_voice_mvy_42399226.mp3	4068
common_voice_mvy_42397134.mp3	4356
common_voice_mvy_42367551.mp3	4176
common_voice_mvy_42393633.mp3	3348
common_voice_mvy_42060981.mp3	8856
common_voice_mvy_42390844.mp3	5580
common_voice_mvy_42064309.mp3	7236
common_voice_mvy_42373357.mp3	4680
common_voice_mvy_42382960.mp3	3888
common_voice_mvy_42078862.mp3	4464
common_voice_mvy_42390021.mp3	4860
common_voice_mvy_42556873.mp3	4680
common_voice_mvy_42394802.mp3	5796
common_voice_mvy_42061242.mp3	4536
common_voice_mvy_42008032.mp3	5508
common_voice_mvy_42374015.mp3	6768
common_voice_mvy_42351686.mp3	3096
common_voice_mvy_42396105.mp3	6840
common_voice_mvy_42393448.mp3	4680
common_voice_mvy_42387865.mp3	4716
common_voice_mvy_42363377.mp3	5436
common_voice_mvy_42084857.mp3	5760
common_voice_mvy_42365405.mp3	6228
common_voice_mvy_42074904.mp3	5040
common_voice_mvy_42414473.mp3	4716
common_voice_mvy_42547577.mp3	4536
common_voice_mvy_42382759.mp3	5616
common_voice_mvy_42055355.mp3	5868
common_voice_mvy_42063689.mp3	6228
common_voice_mvy_42370014.mp3	2880
common_voice_mvy_42362190.mp3	5148
common_voice_mvy_42079743.mp3	4176
common_voice_mvy_42365868.mp3	7236
common_voice_mvy_42387753.mp3	4716
common_voice_mvy_42079585.mp3	3168
common_voice_mvy_42079776.mp3	4536
common_voice_mvy_42053183.mp3	7596
common_voice_mvy_42048863.mp3	4716
common_voice_mvy_42007787.mp3	5508
common_voice_mvy_42363934.mp3	4356
common_voice_mvy_42063948.mp3	8316
common_voice_mvy_42394171.mp3	5328
common_voice_mvy_42376197.mp3	4680
common_voice_mvy_42351595.mp3	2736
common_voice_mvy_42437994.mp3	6228
common_voice_mvy_42008531.mp3	4536
common_voice_mvy_42363885.mp3	5328
common_voice_mvy_42414356.mp3	3708
common_voice_mvy_42398301.mp3	3996
common_voice_mvy_42067806.mp3	6120
common_voice_mvy_42348405.mp3	5868
common_voice_mvy_42363912.mp3	4536
common_voice_mvy_42398953.mp3	6336
common_voice_mvy_42575038.mp3	6840
common_voice_mvy_42180502.mp3	4320
common_voice_mvy_42405544.mp3	2808
common_voice_mvy_42736023.mp3	4896
common_voice_mvy_42055958.mp3	6588
common_voice_mvy_42363588.mp3	6588
common_voice_mvy_42064276.mp3	7308
common_voice_mvy_42042284.mp3	3708
common_voice_mvy_42024868.mp3	3276
common_voice_mvy_42021667.mp3	4860
common_voice_mvy_42496625.mp3	6156
common_voice_mvy_42393443.mp3	3348
common_voice_mvy_42370024.mp3	3168
common_voice_mvy_42007983.mp3	7020
common_voice_mvy_42363983.mp3	3708
common_voice_mvy_42063822.mp3	4968
common_voice_mvy_42080901.mp3	4068
common_voice_mvy_42379968.mp3	3888
common_voice_mvy_42356866.mp3	4320
common_voice_mvy_42021665.mp3	3348
common_voice_mvy_42363549.mp3	5868
common_voice_mvy_42478846.mp3	7380
common_voice_mvy_42372812.mp3	6120
common_voice_mvy_42390739.mp3	3060
common_voice_mvy_42547533.mp3	5940
common_voice_mvy_42350282.mp3	2520
common_voice_mvy_42429052.mp3	4356
common_voice_mvy_42390078.mp3	3636
common_voice_mvy_42356260.mp3	3996
common_voice_mvy_42052951.mp3	5760
common_voice_mvy_42366662.mp3	6228
common_voice_mvy_42360588.mp3	3600
common_voice_mvy_42080900.mp3	6588
common_voice_mvy_42352128.mp3	3960
common_voice_mvy_42392927.mp3	3060
common_voice_mvy_42363504.mp3	3708
common_voice_mvy_42348453.mp3	8676
common_voice_mvy_42532237.mp3	6660
common_voice_mvy_42380392.mp3	3060
common_voice_mvy_42389319.mp3	4068
common_voice_mvy_42042656.mp3	5328
common_voice_mvy_42397285.mp3	3528
common_voice_mvy_42078657.mp3	6156
common_voice_mvy_42052696.mp3	3600
common_voice_mvy_42413954.mp3	2736
common_voice_mvy_42360793.mp3	5220
common_voice_mvy_42060267.mp3	3060
common_voice_mvy_42060997.mp3	3456
common_voice_mvy_42015049.mp3	3888
common_voice_mvy_42368915.mp3	3168
common_voice_mvy_42373850.mp3	5940
common_voice_mvy_42393500.mp3	2700
common_voice_mvy_42346962.mp3	3960
common_voice_mvy_42393463.mp3	7236
common_voice_mvy_42088789.mp3	6660
common_voice_mvy_42346010.mp3	4860
common_voice_mvy_42372916.mp3	6516
common_voice_mvy_42375593.mp3	4068
common_voice_mvy_42056836.mp3	8712
common_voice_mvy_42376611.mp3	6660
common_voice_mvy_42079973.mp3	5328
common_voice_mvy_42386055.mp3	6336
common_voice_mvy_42345898.mp3	5220
common_voice_mvy_42363725.mp3	5040
common_voice_mvy_42345860.mp3	8388
common_voice_mvy_42515092.mp3	3888
common_voice_mvy_42496790.mp3	7020
common_voice_mvy_42387924.mp3	3276
common_voice_mvy_42396484.mp3	7128
common_voice_mvy_42467374.mp3	5400
common_voice_mvy_42351820.mp3	3708
common_voice_mvy_42377645.mp3	4140
common_voice_mvy_42421658.mp3	6048
common_voice_mvy_42080694.mp3	4176
common_voice_mvy_42042234.mp3	4896
common_voice_mvy_42065724.mp3	3636
common_voice_mvy_42055424.mp3	3240
common_voice_mvy_42364061.mp3	4320
common_voice_mvy_42363910.mp3	6768
common_voice_mvy_42367365.mp3	3780
common_voice_mvy_42379327.mp3	5256
common_voice_mvy_42381096.mp3	4896
common_voice_mvy_42520402.mp3	5256
common_voice_mvy_42557246.mp3	6516
common_voice_mvy_42567948.mp3	5040
common_voice_mvy_42350035.mp3	4356
common_voice_mvy_42080870.mp3	6408
common_voice_mvy_42063037.mp3	2700
common_voice_mvy_42008543.mp3	4176
common_voice_mvy_42382437.mp3	3708
common_voice_mvy_42346823.mp3	3348
common_voice_mvy_42533378.mp3	5760
common_voice_mvy_42384133.mp3	3528
common_voice_mvy_42348456.mp3	6156
common_voice_mvy_42357073.mp3	5580
common_voice_mvy_42042233.mp3	5256
common_voice_mvy_42079556.mp3	3312
common_voice_mvy_42264508.mp3	4140
common_voice_mvy_42363157.mp3	3888
common_voice_mvy_42364802.mp3	6156
common_voice_mvy_42390743.mp3	5400
common_voice_mvy_42052697.mp3	4140
common_voice_mvy_42391082.mp3	6156
common_voice_mvy_42124288.mp3	3420
common_voice_mvy_42021061.mp3	5688
common_voice_mvy_42405525.mp3	3816
common_voice_mvy_42060909.mp3	3168
common_voice_mvy_42403901.mp3	4896
common_voice_mvy_42062877.mp3	6048
common_voice_mvy_42585981.mp3	7596
common_voice_mvy_42391757.mp3	3996
common_voice_mvy_42397107.mp3	4428
common_voice_mvy_42079987.mp3	4680
common_voice_mvy_42393416.mp3	4248
common_voice_mvy_42437885.mp3	4356
common_voice_mvy_42546177.mp3	4680
common_voice_mvy_42545107.mp3	4320
common_voice_mvy_42361187.mp3	4680
common_voice_mvy_42084719.mp3	3600
common_voice_mvy_42365408.mp3	4140
common_voice_mvy_42011169.mp3	7776
common_voice_mvy_42011778.mp3	7056
common_voice_mvy_42079672.mp3	8640
common_voice_mvy_42405548.mp3	4788
common_voice_mvy_42396524.mp3	3816
common_voice_mvy_42080277.mp3	8316
common_voice_mvy_42414440.mp3	3780
common_voice_mvy_42073582.mp3	3240
common_voice_mvy_42093089.mp3	5400
common_voice_mvy_42085526.mp3	3780
common_voice_mvy_42351657.mp3	7020
common_voice_mvy_42389345.mp3	6768
common_voice_mvy_42413086.mp3	4248
common_voice_mvy_42008378.mp3	5508
common_voice_mvy_42012220.mp3	4140
common_voice_mvy_42021541.mp3	8028
common_voice_mvy_42363798.mp3	4680
common_voice_mvy_42346931.mp3	3600
common_voice_mvy_42396401.mp3	3600
common_voice_mvy_42060972.mp3	5868
common_voice_mvy_42396935.mp3	3996
common_voice_mvy_42074792.mp3	3060
common_voice_mvy_42357040.mp3	7200
common_voice_mvy_42010327.mp3	2916
common_voice_mvy_42547820.mp3	3168
common_voice_mvy_42396267.mp3	4968
common_voice_mvy_42387920.mp3	3600
common_voice_mvy_42367119.mp3	3600
common_voice_mvy_42395671.mp3	3060
common_voice_mvy_42556940.mp3	6408
common_voice_mvy_42130557.mp3	9468
common_voice_mvy_42360274.mp3	3780
common_voice_mvy_42370476.mp3	3060
common_voice_mvy_42394500.mp3	5400
common_voice_mvy_42073811.mp3	3060
common_voice_mvy_42370158.mp3	2736
common_voice_mvy_42042299.mp3	3348
common_voice_mvy_42389560.mp3	4716
common_voice_mvy_42362599.mp3	5220
common_voice_mvy_42376676.mp3	3888
common_voice_mvy_42062750.mp3	9036
common_voice_mvy_42387937.mp3	3780
common_voice_mvy_42085573.mp3	5148
common_voice_mvy_42391541.mp3	2736
common_voice_mvy_42394691.mp3	6408
common_voice_mvy_42081599.mp3	3996
common_voice_mvy_42389552.mp3	6876
common_voice_mvy_42078795.mp3	3780
common_voice_mvy_42368962.mp3	4248
common_voice_mvy_42007612.mp3	3996
common_voice_mvy_42065597.mp3	5976
common_voice_mvy_42361018.mp3	4248
common_voice_mvy_42356245.mp3	5400
common_voice_mvy_42089232.mp3	4716
common_voice_mvy_42550597.mp3	4788
common_voice_mvy_42055600.mp3	4536
common_voice_mvy_42008143.mp3	4608
common_voice_mvy_42358479.mp3	4680
common_voice_mvy_42375780.mp3	4176
common_voice_mvy_42547573.mp3	3636
common_voice_mvy_42007271.mp3	3816
common_voice_mvy_42547802.mp3	4680
common_voice_mvy_42351688.mp3	7020
common_voice_mvy_42012045.mp3	5580
common_voice_mvy_42370664.mp3	2340
common_voice_mvy_42092657.mp3	4248
common_voice_mvy_42393140.mp3	4140
common_voice_mvy_42377648.mp3	3348
common_voice_mvy_42394314.mp3	5148
common_voice_mvy_42370121.mp3	3348
common_voice_mvy_42067197.mp3	6516
common_voice_mvy_42413592.mp3	5148
common_voice_mvy_42007601.mp3	4248
common_voice_mvy_42395931.mp3	3600
common_voice_mvy_42383337.mp3	3240
common_voice_mvy_42066899.mp3	4320
common_voice_mvy_42080736.mp3	4500
common_voice_mvy_42347260.mp3	5400
common_voice_mvy_42381108.mp3	4320
common_voice_mvy_42089697.mp3	3780
common_voice_mvy_42380918.mp3	7740
common_voice_mvy_42403825.mp3	4140
common_voice_mvy_42347093.mp3	5400
common_voice_mvy_42024866.mp3	3708
common_voice_mvy_42392085.mp3	4356
common_voice_mvy_42079753.mp3	7920
common_voice_mvy_42364871.mp3	4500
common_voice_mvy_42386505.mp3	4860
common_voice_mvy_42412832.mp3	10296
common_voice_mvy_42382267.mp3	8496
common_voice_mvy_42064297.mp3	4068
common_voice_mvy_42351221.mp3	3960
common_voice_mvy_42375470.mp3	6588
common_voice_mvy_42346938.mp3	3636
common_voice_mvy_42008003.mp3	3600
common_voice_mvy_42410289.mp3	6660
common_voice_mvy_42384110.mp3	3060
common_voice_mvy_42373488.mp3	4968
common_voice_mvy_42067807.mp3	6048
common_voice_mvy_42007144.mp3	6048
common_voice_mvy_42021358.mp3	10728
common_voice_mvy_42055919.mp3	2916
common_voice_mvy_42079982.mp3	5652
common_voice_mvy_42081252.mp3	4500
common_voice_mvy_42074946.mp3	2808
common_voice_mvy_42346631.mp3	4680
common_voice_mvy_42396089.mp3	6696
common_voice_mvy_42055883.mp3	4140
common_voice_mvy_42585983.mp3	5328
common_voice_mvy_42072996.mp3	6516
common_voice_mvy_42575077.mp3	4248
common_voice_mvy_42396488.mp3	4176
common_voice_mvy_42396863.mp3	11988
common_voice_mvy_42021057.mp3	3996
common_voice_mvy_42370191.mp3	6588
common_voice_mvy_42389300.mp3	4680
common_voice_mvy_42532303.mp3	3348
common_voice_mvy_42357164.mp3	3528
common_voice_mvy_42042968.mp3	4968
common_voice_mvy_42404596.mp3	4788
common_voice_mvy_42079569.mp3	1548
common_voice_mvy_42363173.mp3	3780
common_voice_mvy_42393724.mp3	4716
common_voice_mvy_42397571.mp3	3168
common_voice_mvy_42373613.mp3	5040
common_voice_mvy_42079865.mp3	2988
common_voice_mvy_42363831.mp3	4248
common_voice_mvy_42376799.mp3	4248
common_voice_mvy_42374321.mp3	4716
common_voice_mvy_42374115.mp3	3708
common_voice_mvy_42394754.mp3	3708
common_voice_mvy_42369847.mp3	3888
common_voice_mvy_42392856.mp3	3168
common_voice_mvy_42397052.mp3	4500
common_voice_mvy_42080310.mp3	6048
common_voice_mvy_42391924.mp3	5292
common_voice_mvy_42386032.mp3	5220
common_voice_mvy_42356869.mp3	3348
common_voice_mvy_42124325.mp3	3420
common_voice_mvy_42380360.mp3	5616
common_voice_mvy_42093149.mp3	7128
common_voice_mvy_42363644.mp3	3240
common_voice_mvy_42007153.mp3	5868
common_voice_mvy_42352211.mp3	3888
common_voice_mvy_42053510.mp3	4896
common_voice_mvy_42414444.mp3	2556
common_voice_mvy_42383835.mp3	4248
common_voice_mvy_42379926.mp3	4536
common_voice_mvy_42360120.mp3	5616
common_voice_mvy_42007240.mp3	3600
common_voice_mvy_42556763.mp3	4788
common_voice_mvy_42478873.mp3	3996
common_voice_mvy_42368515.mp3	4428
common_voice_mvy_42591122.mp3	7236
common_voice_mvy_42410300.mp3	4536
common_voice_mvy_42073754.mp3	3528
common_voice_mvy_42363287.mp3	4716
common_voice_mvy_42414245.mp3	8820
common_voice_mvy_42397152.mp3	4788
common_voice_mvy_42398281.mp3	2556
common_voice_mvy_42063114.mp3	3780
common_voice_mvy_42093214.mp3	3456
common_voice_mvy_42496740.mp3	5976
common_voice_mvy_42124273.mp3	3996
common_voice_mvy_42520454.mp3	2736
common_voice_mvy_42061028.mp3	4248
common_voice_mvy_42429027.mp3	4248
common_voice_mvy_42376455.mp3	4428
common_voice_mvy_42375480.mp3	3888
common_voice_mvy_42376424.mp3	4608
common_voice_mvy_42078693.mp3	6120
common_voice_mvy_42079463.mp3	7200
common_voice_mvy_42361755.mp3	5616
common_voice_mvy_42405508.mp3	3420
common_voice_mvy_42396229.mp3	3168
common_voice_mvy_42370707.mp3	6588
common_voice_mvy_42356855.mp3	4896
common_voice_mvy_42074934.mp3	3060
common_voice_mvy_42055723.mp3	4356
common_voice_mvy_42074815.mp3	4788
common_voice_mvy_42008401.mp3	3348
common_voice_mvy_42547790.mp3	8316
common_voice_mvy_42349016.mp3	4140
common_voice_mvy_42390132.mp3	3888
common_voice_mvy_42043113.mp3	4752
common_voice_mvy_42406909.mp3	4788
common_voice_mvy_42396609.mp3	3636
common_voice_mvy_42346974.mp3	3888
common_voice_mvy_42055639.mp3	5256
common_voice_mvy_42085535.mp3	3708
common_voice_mvy_42376625.mp3	5040
common_voice_mvy_42367523.mp3	4716
common_voice_mvy_42089878.mp3	7056
common_voice_mvy_42392880.mp3	4788
common_voice_mvy_42347215.mp3	4320
common_voice_mvy_42547667.mp3	7056
common_voice_mvy_42182576.mp3	2988
common_voice_mvy_42365070.mp3	4176
common_voice_mvy_42076271.mp3	4644
common_voice_mvy_42080458.mp3	5148
common_voice_mvy_42007906.mp3	3276
common_voice_mvy_42387697.mp3	5220
common_voice_mvy_42373611.mp3	4968
common_voice_mvy_42391887.mp3	4068
common_voice_mvy_42389545.mp3	3600
common_voice_mvy_42080014.mp3	4536
common_voice_mvy_42021088.mp3	5508
common_voice_mvy_42384099.mp3	3168
common_voice_mvy_42089419.mp3	6120
common_voice_mvy_48992971.mp3	3276
common_voice_mvy_42042213.mp3	4860
common_voice_mvy_42370085.mp3	4068
common_voice_mvy_42064158.mp3	4500
common_voice_mvy_42364601.mp3	4176
common_voice_mvy_42496772.mp3	5940
common_voice_mvy_42373927.mp3	5040
common_voice_mvy_42362856.mp3	5076
common_voice_mvy_42383367.mp3	3456
common_voice_mvy_42367617.mp3	4428
common_voice_mvy_42395051.mp3	4608
common_voice_mvy_42396774.mp3	6948
common_voice_mvy_42024892.mp3	4680
common_voice_mvy_42379343.mp3	6228
common_voice_mvy_42374083.mp3	5040
common_voice_mvy_42350404.mp3	4320
common_voice_mvy_42392140.mp3	3312
common_voice_mvy_42360072.mp3	3636
common_voice_mvy_42075620.mp3	4212
common_voice_mvy_42078483.mp3	5940
common_voice_mvy_42591119.mp3	8856
common_voice_mvy_42368432.mp3	3420
common_voice_mvy_42367440.mp3	3636
common_voice_mvy_42496808.mp3	5940
common_voice_mvy_42391607.mp3	3816
common_voice_mvy_42042171.mp3	3060
common_voice_mvy_42089460.mp3	9036
common_voice_mvy_42394902.mp3	3420
common_voice_mvy_42375963.mp3	3636
common_voice_mvy_42008371.mp3	3528
common_voice_mvy_42392836.mp3	4428
common_voice_mvy_42362476.mp3	4608
common_voice_mvy_42428161.mp3	6336
common_voice_mvy_42062772.mp3	6948
common_voice_mvy_42064201.mp3	9180
common_voice_mvy_42382244.mp3	5760
common_voice_mvy_42380718.mp3	3636
common_voice_mvy_42060278.mp3	4536
common_voice_mvy_42376725.mp3	4536
common_voice_mvy_42063868.mp3	5508
common_voice_mvy_42366742.mp3	3456
common_voice_mvy_42376704.mp3	4680
common_voice_mvy_42394312.mp3	2196
common_voice_mvy_42377838.mp3	3960
common_voice_mvy_42380776.mp3	4140
common_voice_mvy_42396061.mp3	3528
common_voice_mvy_42080517.mp3	5436
common_voice_mvy_42053454.mp3	5400
common_voice_mvy_42376255.mp3	4500
common_voice_mvy_42042174.mp3	3168
common_voice_mvy_42073680.mp3	5040
common_voice_mvy_42370192.mp3	3780
common_voice_mvy_42374325.mp3	3600
common_voice_mvy_42053458.mp3	5328
common_voice_mvy_42060483.mp3	6336
common_voice_mvy_42352360.mp3	3528
common_voice_mvy_42387845.mp3	2736
common_voice_mvy_42380701.mp3	6660
common_voice_mvy_42403801.mp3	5076
common_voice_mvy_42347265.mp3	5076
common_voice_mvy_42362753.mp3	4140
common_voice_mvy_42438089.mp3	4536
common_voice_mvy_42065967.mp3	4896
common_voice_mvy_42021661.mp3	6516
common_voice_mvy_42557228.mp3	3888
common_voice_mvy_42386033.mp3	3996
common_voice_mvy_42084715.mp3	6048
common_voice_mvy_42346725.mp3	3240
common_voice_mvy_42369265.mp3	3600
common_voice_mvy_42389432.mp3	4140
common_voice_mvy_42361003.mp3	4968
common_voice_mvy_42007288.mp3	3168
common_voice_mvy_42393506.mp3	3708
common_voice_mvy_42060934.mp3	3528
common_voice_mvy_42007528.mp3	12600
common_voice_mvy_42392145.mp3	4644
common_voice_mvy_42379342.mp3	4788
common_voice_mvy_42013068.mp3	3780
common_voice_mvy_42084824.mp3	5868
common_voice_mvy_42380802.mp3	4788
common_voice_mvy_42060253.mp3	4248
common_voice_mvy_42520420.mp3	5508
common_voice_mvy_42080236.mp3	4500
common_voice_mvy_42053213.mp3	5760
common_voice_mvy_42382246.mp3	6228
common_voice_mvy_42367292.mp3	3276
common_voice_mvy_42080528.mp3	3960
common_voice_mvy_42388939.mp3	4500
common_voice_mvy_42557247.mp3	4716
common_voice_mvy_42360508.mp3	6156
common_voice_mvy_42349840.mp3	4140
common_voice_mvy_42373510.mp3	5616
common_voice_mvy_42397630.mp3	3888
common_voice_mvy_42412740.mp3	6120
common_voice_mvy_42586140.mp3	6660
common_voice_mvy_42378687.mp3	4320
common_voice_mvy_42079648.mp3	3996
common_voice_mvy_42362271.mp3	4536
common_voice_mvy_42394856.mp3	4068
common_voice_mvy_42075979.mp3	2628
common_voice_mvy_42062611.mp3	5976
common_voice_mvy_42346901.mp3	3600
common_voice_mvy_42366741.mp3	4068
common_voice_mvy_42494239.mp3	4140
common_voice_mvy_42370430.mp3	4428
common_voice_mvy_42370296.mp3	2628
common_voice_mvy_42180423.mp3	5076
common_voice_mvy_42370547.mp3	4176
common_voice_mvy_42064165.mp3	4140
common_voice_mvy_42085234.mp3	3888
common_voice_mvy_42520395.mp3	4500
common_voice_mvy_42084716.mp3	4608
common_voice_mvy_42374336.mp3	5760
common_voice_mvy_42384161.mp3	3456
common_voice_mvy_42374228.mp3	4428
common_voice_mvy_42384300.mp3	5076
common_voice_mvy_42552937.mp3	3888
common_voice_mvy_42075531.mp3	7020
common_voice_mvy_42042150.mp3	3816
common_voice_mvy_42384894.mp3	5436
common_voice_mvy_42392020.mp3	4716
common_voice_mvy_42075794.mp3	3996
common_voice_mvy_42405523.mp3	4320
common_voice_mvy_42352093.mp3	4248
common_voice_mvy_42373502.mp3	7056
common_voice_mvy_42392095.mp3	4248
common_voice_mvy_42347634.mp3	6120
common_voice_mvy_42391987.mp3	4572
common_voice_mvy_42063613.mp3	3600
common_voice_mvy_42391994.mp3	3420
common_voice_mvy_42363236.mp3	3240
common_voice_mvy_42055838.mp3	4860
common_voice_mvy_42390440.mp3	7740
common_voice_mvy_42392034.mp3	3600
common_voice_mvy_42404600.mp3	3348
common_voice_mvy_42362569.mp3	4680
common_voice_mvy_42415163.mp3	3600
common_voice_mvy_42396421.mp3	5940
common_voice_mvy_42024573.mp3	4860
common_voice_mvy_42364233.mp3	3960
common_voice_mvy_42052993.mp3	5076
common_voice_mvy_42374273.mp3	3420
common_voice_mvy_42374127.mp3	6588
common_voice_mvy_42399225.mp3	4896
common_voice_mvy_42392913.mp3	3240
common_voice_mvy_42067176.mp3	6408
common_voice_mvy_42390853.mp3	3996
common_voice_mvy_42368463.mp3	3240
common_voice_mvy_42367519.mp3	3060
common_voice_mvy_42591082.mp3	2880
common_voice_mvy_42556867.mp3	3276
common_voice_mvy_42362836.mp3	5220
common_voice_mvy_42008442.mp3	3528
common_voice_mvy_42389390.mp3	3816
common_voice_mvy_42024812.mp3	3996
common_voice_mvy_42075624.mp3	3492
common_voice_mvy_42437907.mp3	7596
common_voice_mvy_42348785.mp3	5328
common_voice_mvy_42073800.mp3	3528
common_voice_mvy_42545085.mp3	4140
common_voice_mvy_42350459.mp3	3816
common_voice_mvy_42397722.mp3	3960
common_voice_mvy_42532315.mp3	5400
common_voice_mvy_42376450.mp3	4068
common_voice_mvy_42079788.mp3	5976
common_voice_mvy_42395043.mp3	8640
common_voice_mvy_42376359.mp3	6336
common_voice_mvy_42451810.mp3	4788
common_voice_mvy_42383600.mp3	4248
common_voice_mvy_42348479.mp3	6876
common_voice_mvy_42547659.mp3	5508
common_voice_mvy_42374243.mp3	6156
common_voice_mvy_42496616.mp3	5328
common_voice_mvy_42390480.mp3	4356
common_voice_mvy_42356266.mp3	4320
common_voice_mvy_42360168.mp3	4860
common_voice_mvy_42385748.mp3	4140
common_voice_mvy_42052966.mp3	4068
common_voice_mvy_42024526.mp3	6588
common_voice_mvy_42053492.mp3	3888
common_voice_mvy_42056744.mp3	11196
common_voice_mvy_42393110.mp3	5040
common_voice_mvy_42520381.mp3	3168
common_voice_mvy_42093012.mp3	4140
common_voice_mvy_42010458.mp3	3816
common_voice_mvy_42080210.mp3	5328
common_voice_mvy_42011976.mp3	3420
common_voice_mvy_42375989.mp3	4428
common_voice_mvy_42063113.mp3	5076
common_voice_mvy_42395932.mp3	2808
common_voice_mvy_42007811.mp3	3420
common_voice_mvy_42403391.mp3	6876
common_voice_mvy_42515100.mp3	3708
common_voice_mvy_42055905.mp3	5580
common_voice_mvy_42515101.mp3	3636
common_voice_mvy_42064180.mp3	9216
common_voice_mvy_42385603.mp3	4608
common_voice_mvy_42351599.mp3	3996
common_voice_mvy_42093174.mp3	3528
common_voice_mvy_42374334.mp3	3816
common_voice_mvy_42076071.mp3	3132
common_voice_mvy_42374024.mp3	4788
common_voice_mvy_42024571.mp3	9288
common_voice_mvy_42020627.mp3	5436
common_voice_mvy_42395285.mp3	5940
common_voice_mvy_42063674.mp3	5040
common_voice_mvy_42008579.mp3	4140
common_voice_mvy_42066889.mp3	2880
common_voice_mvy_42361292.mp3	3600
common_voice_mvy_42010194.mp3	5076
common_voice_mvy_42007804.mp3	4572
common_voice_mvy_42397267.mp3	5688
common_voice_mvy_42375327.mp3	5616
common_voice_mvy_42379277.mp3	7596
common_voice_mvy_42380518.mp3	5148
common_voice_mvy_42081117.mp3	3240
common_voice_mvy_42368874.mp3	5580
common_voice_mvy_42008099.mp3	4248
common_voice_mvy_42370099.mp3	2556
common_voice_mvy_42080851.mp3	4068
common_voice_mvy_42383333.mp3	2700
common_voice_mvy_42352062.mp3	4716
common_voice_mvy_42394746.mp3	3888
common_voice_mvy_42348341.mp3	3528
common_voice_mvy_42397091.mp3	5688
common_voice_mvy_42391977.mp3	5436
common_voice_mvy_42080922.mp3	6228
common_voice_mvy_42007713.mp3	4140
common_voice_mvy_42055635.mp3	6408
common_voice_mvy_42395813.mp3	3240
common_voice_mvy_42393789.mp3	2988
common_voice_mvy_42347378.mp3	5076
common_voice_mvy_42042566.mp3	5616
common_voice_mvy_42413939.mp3	4500
common_voice_mvy_42414406.mp3	5076
common_voice_mvy_42006538.mp3	3780
common_voice_mvy_42042118.mp3	4356
common_voice_mvy_42023174.mp3	6408
common_voice_mvy_42394985.mp3	4320
common_voice_mvy_42373373.mp3	3168
common_voice_mvy_42081111.mp3	2988
common_voice_mvy_42079937.mp3	3420
common_voice_mvy_42067329.mp3	5040
common_voice_mvy_42060276.mp3	3708
common_voice_mvy_42395971.mp3	4860
common_voice_mvy_42053506.mp3	6336
common_voice_mvy_42367140.mp3	4428
common_voice_mvy_42007840.mp3	2808
common_voice_mvy_42374071.mp3	4860
common_voice_mvy_42395278.mp3	2880
common_voice_mvy_42365037.mp3	4968
common_voice_mvy_42011829.mp3	6588
common_voice_mvy_42350818.mp3	4356
common_voice_mvy_42389716.mp3	3420
common_voice_mvy_42346229.mp3	3456
common_voice_mvy_42010208.mp3	3240
common_voice_mvy_42362760.mp3	3888
common_voice_mvy_42392055.mp3	4248
common_voice_mvy_42370291.mp3	2520
common_voice_mvy_42346911.mp3	3456
common_voice_mvy_42080605.mp3	4428
common_voice_mvy_42079198.mp3	7740
common_voice_mvy_42379846.mp3	3780
common_voice_mvy_42347491.mp3	4608
common_voice_mvy_42382819.mp3	5436
common_voice_mvy_42369411.mp3	2880
common_voice_mvy_42547826.mp3	5796
common_voice_mvy_42080011.mp3	3276
common_voice_mvy_42496682.mp3	8460
common_voice_mvy_42052749.mp3	3456
common_voice_mvy_42394889.mp3	2988
common_voice_mvy_42438090.mp3	10260
common_voice_mvy_42591148.mp3	5940
common_voice_mvy_42383414.mp3	3816
common_voice_mvy_42023161.mp3	2916
common_voice_mvy_42024572.mp3	8316
common_voice_mvy_42421694.mp3	3348
common_voice_mvy_42012032.mp3	6840
common_voice_mvy_42053565.mp3	6120
common_voice_mvy_42011832.mp3	3096
common_voice_mvy_42380785.mp3	4320
common_voice_mvy_42055379.mp3	5220
common_voice_mvy_42363734.mp3	4176
common_voice_mvy_42393619.mp3	4356
common_voice_mvy_42079958.mp3	4140
common_voice_mvy_42366917.mp3	7056
common_voice_mvy_42384048.mp3	3960
common_voice_mvy_42413251.mp3	4176
common_voice_mvy_42077628.mp3	4248
common_voice_mvy_42363289.mp3	3816
common_voice_mvy_42008587.mp3	3636
common_voice_mvy_42357190.mp3	4896
common_voice_mvy_42370280.mp3	4716
common_voice_mvy_42557293.mp3	5076
common_voice_mvy_42080599.mp3	3060
common_voice_mvy_42053564.mp3	3960
common_voice_mvy_42093183.mp3	5400
common_voice_mvy_42362980.mp3	7308
common_voice_mvy_42007722.mp3	5796
common_voice_mvy_42395265.mp3	3096
common_voice_mvy_42552977.mp3	4356
common_voice_mvy_42085269.mp3	3780
common_voice_mvy_42384730.mp3	6120
common_voice_mvy_42052961.mp3	2916
common_voice_mvy_42403377.mp3	3780
common_voice_mvy_42357037.mp3	5400
common_voice_mvy_42392868.mp3	4500
common_voice_mvy_48985819.mp3	7020
common_voice_mvy_42369840.mp3	3600
common_voice_mvy_42053563.mp3	4860
common_voice_mvy_42362922.mp3	3528
common_voice_mvy_42363998.mp3	5868
common_voice_mvy_42395101.mp3	2700
common_voice_mvy_42405449.mp3	4176
common_voice_mvy_42375673.mp3	11340
common_voice_mvy_42375951.mp3	4248
common_voice_mvy_42547788.mp3	4356
common_voice_mvy_42011891.mp3	7560
common_voice_mvy_42079090.mp3	3060
common_voice_mvy_42366924.mp3	4608
common_voice_mvy_42364633.mp3	4176
common_voice_mvy_42369007.mp3	6516
common_voice_mvy_42391989.mp3	4032
common_voice_mvy_42370443.mp3	3816
common_voice_mvy_42363895.mp3	3456
common_voice_mvy_42375962.mp3	5076
common_voice_mvy_42363668.mp3	3420
common_voice_mvy_42375286.mp3	4896
common_voice_mvy_42414595.mp3	5256
common_voice_mvy_42363312.mp3	5256
common_voice_mvy_42533400.mp3	5220
common_voice_mvy_42369138.mp3	5220
common_voice_mvy_42362920.mp3	3636
common_voice_mvy_42053206.mp3	10116
common_voice_mvy_42381314.mp3	3780
common_voice_mvy_42053474.mp3	4248
common_voice_mvy_42079828.mp3	4716
common_voice_mvy_42378929.mp3	2520
common_voice_mvy_42063656.mp3	7056
common_voice_mvy_42368969.mp3	3240
common_voice_mvy_42547706.mp3	3456
common_voice_mvy_42595031.mp3	5976
common_voice_mvy_42007130.mp3	6768
common_voice_mvy_42380833.mp3	3816
common_voice_mvy_42079008.mp3	5040
common_voice_mvy_42475984.mp3	3888
common_voice_mvy_42078590.mp3	2916
common_voice_mvy_42494248.mp3	4356
common_voice_mvy_42403903.mp3	3780
common_voice_mvy_42345960.mp3	10188
common_voice_mvy_42008153.mp3	4248
common_voice_mvy_42345833.mp3	8280
common_voice_mvy_42545035.mp3	3996
common_voice_mvy_42043186.mp3	4068
common_voice_mvy_42386497.mp3	5256
common_voice_mvy_42065645.mp3	4536
common_voice_mvy_42413252.mp3	4896
common_voice_mvy_42412751.mp3	5220
common_voice_mvy_42364546.mp3	5796
common_voice_mvy_42380015.mp3	4788
common_voice_mvy_42567272.mp3	4320
common_voice_mvy_42012723.mp3	3996
common_voice_mvy_42362551.mp3	7380
common_voice_mvy_42010498.mp3	6768
common_voice_mvy_42375615.mp3	3240
common_voice_mvy_42080469.mp3	3276
common_voice_mvy_42042069.mp3	3780
common_voice_mvy_42373929.mp3	8208
common_voice_mvy_42092833.mp3	3456
common_voice_mvy_42382681.mp3	4320
common_voice_mvy_42385677.mp3	3708
common_voice_mvy_42395264.mp3	3420
common_voice_mvy_42368454.mp3	3168
common_voice_mvy_42393507.mp3	3888
common_voice_mvy_42007892.mp3	4068
common_voice_mvy_42012075.mp3	5796
common_voice_mvy_42377883.mp3	4176
common_voice_mvy_42010391.mp3	3600
common_voice_mvy_42396936.mp3	3600
common_voice_mvy_42395776.mp3	5040
common_voice_mvy_42042216.mp3	3060
common_voice_mvy_42376533.mp3	3456
common_voice_mvy_42056686.mp3	7380
common_voice_mvy_42377628.mp3	5688
common_voice_mvy_42079755.mp3	5760
common_voice_mvy_42079326.mp3	4320
common_voice_mvy_42011755.mp3	4356
common_voice_mvy_42395695.mp3	5076
common_voice_mvy_42380498.mp3	3168
common_voice_mvy_42384792.mp3	3600
common_voice_mvy_43579299.mp3	3420
common_voice_mvy_42009981.mp3	5076
common_voice_mvy_42124369.mp3	3168
common_voice_mvy_42391737.mp3	4608
common_voice_mvy_42063779.mp3	6300
common_voice_mvy_42389190.mp3	3456
common_voice_mvy_42011737.mp3	3528
common_voice_mvy_42093192.mp3	5616
common_voice_mvy_42345958.mp3	5148
common_voice_mvy_42547584.mp3	6048
common_voice_mvy_42396270.mp3	5076
common_voice_mvy_42410294.mp3	3240
common_voice_mvy_42405409.mp3	2916
common_voice_mvy_42385754.mp3	7488
common_voice_mvy_42394652.mp3	4320
common_voice_mvy_42079696.mp3	2916
common_voice_mvy_42363355.mp3	3528
common_voice_mvy_42008577.mp3	3600
common_voice_mvy_42397294.mp3	3348
common_voice_mvy_42397174.mp3	3348
common_voice_mvy_42374322.mp3	3420
common_voice_mvy_42080507.mp3	5004
common_voice_mvy_42379958.mp3	6228
common_voice_mvy_42361166.mp3	5220
common_voice_mvy_42055516.mp3	4140
common_voice_mvy_42392022.mp3	4068
common_voice_mvy_42496775.mp3	8748
common_voice_mvy_42350817.mp3	3312
common_voice_mvy_42393691.mp3	4968
common_voice_mvy_42352394.mp3	5940
common_voice_mvy_42007609.mp3	5616
common_voice_mvy_42061359.mp3	3456
common_voice_mvy_42010403.mp3	4428
common_voice_mvy_42063770.mp3	6660
common_voice_mvy_42532258.mp3	2916
common_voice_mvy_42011204.mp3	4248
common_voice_mvy_42348888.mp3	5688
common_voice_mvy_42380526.mp3	5760
common_voice_mvy_42392563.mp3	4320
common_voice_mvy_42348587.mp3	4176
common_voice_mvy_42076023.mp3	5436
common_voice_mvy_42021466.mp3	4500
common_voice_mvy_42351917.mp3	4320
common_voice_mvy_42414411.mp3	4140
common_voice_mvy_42397432.mp3	4788
common_voice_mvy_42349202.mp3	5868
common_voice_mvy_42393476.mp3	3168
common_voice_mvy_42412841.mp3	3780
common_voice_mvy_42390077.mp3	3168
common_voice_mvy_42361534.mp3	5760
common_voice_mvy_42063922.mp3	6336
common_voice_mvy_42085546.mp3	5220
common_voice_mvy_42348386.mp3	4500
common_voice_mvy_42347622.mp3	5076
common_voice_mvy_42362396.mp3	6048
common_voice_mvy_42083999.mp3	3888
common_voice_mvy_42130391.mp3	6120
common_voice_mvy_42362860.mp3	4860
common_voice_mvy_42365455.mp3	2916
common_voice_mvy_42042203.mp3	6120
common_voice_mvy_42363241.mp3	5400
common_voice_mvy_42055790.mp3	3276
common_voice_mvy_42382947.mp3	3636
common_voice_mvy_42023179.mp3	5616
common_voice_mvy_42053042.mp3	5328
common_voice_mvy_42394183.mp3	3420
common_voice_mvy_42364835.mp3	3240
common_voice_mvy_42042866.mp3	4752
common_voice_mvy_42351713.mp3	4248
common_voice_mvy_42063824.mp3	5760
common_voice_mvy_42392143.mp3	3204
common_voice_mvy_42399169.mp3	3420
common_voice_mvy_42373465.mp3	4536
common_voice_mvy_42062249.mp3	3816
common_voice_mvy_42478914.mp3	4500
common_voice_mvy_42397950.mp3	2880
common_voice_mvy_42096215.mp3	4716
common_voice_mvy_42074783.mp3	5400
common_voice_mvy_42075783.mp3	2448
common_voice_mvy_42494249.mp3	3348
common_voice_mvy_42011882.mp3	8640
common_voice_mvy_42368338.mp3	5256
common_voice_mvy_42363446.mp3	5400
common_voice_mvy_42080115.mp3	5904
common_voice_mvy_42010373.mp3	3960
common_voice_mvy_42347116.mp3	5760
common_voice_mvy_42351582.mp3	3780
common_voice_mvy_42392889.mp3	3528
common_voice_mvy_42182556.mp3	4068
common_voice_mvy_42367141.mp3	4500
common_voice_mvy_42021497.mp3	4176
common_voice_mvy_42394413.mp3	4356
common_voice_mvy_42397279.mp3	4860
common_voice_mvy_42395359.mp3	4500
common_voice_mvy_42066842.mp3	2916
common_voice_mvy_42373528.mp3	6408
common_voice_mvy_42376811.mp3	4680
common_voice_mvy_42080390.mp3	7380
common_voice_mvy_42347287.mp3	9180
common_voice_mvy_42392853.mp3	4860
common_voice_mvy_42385645.mp3	5940
common_voice_mvy_42362827.mp3	3960
common_voice_mvy_42390441.mp3	5868
common_voice_mvy_42378006.mp3	3636
common_voice_mvy_42010197.mp3	3996
common_voice_mvy_42093028.mp3	3420
common_voice_mvy_42007938.mp3	4968
common_voice_mvy_42010450.mp3	4608
common_voice_mvy_42384539.mp3	2736
common_voice_mvy_42264452.mp3	4140
common_voice_mvy_42350192.mp3	5040
common_voice_mvy_42413658.mp3	4500
common_voice_mvy_42478854.mp3	5328
common_voice_mvy_42357694.mp3	5400
common_voice_mvy_42556938.mp3	4068
common_voice_mvy_42124231.mp3	6480
common_voice_mvy_42021413.mp3	4608
common_voice_mvy_42073658.mp3	4860
common_voice_mvy_42084055.mp3	4680
common_voice_mvy_42023130.mp3	5940
common_voice_mvy_42375350.mp3	4536
common_voice_mvy_42367058.mp3	4068
common_voice_mvy_42361142.mp3	5328
common_voice_mvy_42364615.mp3	5040
common_voice_mvy_42363888.mp3	3096
common_voice_mvy_42360956.mp3	4788
common_voice_mvy_42392017.mp3	3996
common_voice_mvy_42585984.mp3	6048
common_voice_mvy_42021257.mp3	3276
common_voice_mvy_42350355.mp3	7668
common_voice_mvy_42012190.mp3	3708
common_voice_mvy_42073859.mp3	3960
common_voice_mvy_42085555.mp3	3600
common_voice_mvy_42012204.mp3	6120
common_voice_mvy_42350969.mp3	5400
common_voice_mvy_42011983.mp3	4680
common_voice_mvy_42380828.mp3	3780
common_voice_mvy_42054708.mp3	5616
common_voice_mvy_42383839.mp3	3528
common_voice_mvy_42451834.mp3	4140
common_voice_mvy_42376701.mp3	4068
common_voice_mvy_42556766.mp3	5400
common_voice_mvy_42367147.mp3	3420
common_voice_mvy_42387736.mp3	5076
common_voice_mvy_42376592.mp3	3996
common_voice_mvy_42368308.mp3	3996
common_voice_mvy_42347845.mp3	4536
common_voice_mvy_42412859.mp3	6156
common_voice_mvy_42060296.mp3	5616
common_voice_mvy_42063655.mp3	6408
common_voice_mvy_42364634.mp3	6048
common_voice_mvy_42006667.mp3	4248
common_voice_mvy_42362502.mp3	3960
common_voice_mvy_42014993.mp3	4356
common_voice_mvy_42396413.mp3	3888
common_voice_mvy_42348766.mp3	5436
common_voice_mvy_42376772.mp3	3420
common_voice_mvy_42347556.mp3	4068
common_voice_mvy_42350832.mp3	5400
common_voice_mvy_42062643.mp3	8460
common_voice_mvy_42081124.mp3	6048
common_voice_mvy_42352325.mp3	4788
common_voice_mvy_42130398.mp3	7740
common_voice_mvy_42393793.mp3	3168
common_voice_mvy_42081159.mp3	3420
common_voice_mvy_42360595.mp3	5256
common_voice_mvy_42373645.mp3	4356
common_voice_mvy_42379236.mp3	6336
common_voice_mvy_42595005.mp3	3888
common_voice_mvy_42084700.mp3	5328
common_voice_mvy_42080243.mp3	3636
common_voice_mvy_42345899.mp3	5256
common_voice_mvy_42381169.mp3	4428
common_voice_mvy_42180417.mp3	3780
common_voice_mvy_42080756.mp3	2808
common_voice_mvy_42084703.mp3	3960
common_voice_mvy_42363411.mp3	3636
common_voice_mvy_42369773.mp3	3348
common_voice_mvy_42089740.mp3	6156
common_voice_mvy_42586157.mp3	4788
common_voice_mvy_42376559.mp3	4356
common_voice_mvy_42376487.mp3	3276
common_voice_mvy_42386070.mp3	8280
common_voice_mvy_42396357.mp3	3240
common_voice_mvy_42383914.mp3	6156
common_voice_mvy_42393345.mp3	3816
common_voice_mvy_42560119.mp3	5580
common_voice_mvy_42394798.mp3	3240
common_voice_mvy_42052655.mp3	6948
common_voice_mvy_42478879.mp3	5400
common_voice_mvy_42365304.mp3	7848
common_voice_mvy_42403069.mp3	6120
common_voice_mvy_42397595.mp3	4320
common_voice_mvy_42008483.mp3	3348
common_voice_mvy_42052732.mp3	3708
common_voice_mvy_42080658.mp3	3060
common_voice_mvy_42081560.mp3	3996
common_voice_mvy_42363741.mp3	3636
common_voice_mvy_42385669.mp3	6516
common_voice_mvy_42550594.mp3	5040
common_voice_mvy_42413195.mp3	3240
common_voice_mvy_42557282.mp3	3636
common_voice_mvy_42367237.mp3	5760
common_voice_mvy_42370037.mp3	4068
common_voice_mvy_42042553.mp3	8028
common_voice_mvy_42063781.mp3	4716
common_voice_mvy_42706521.mp3	4356
common_voice_mvy_42348941.mp3	2808
common_voice_mvy_42390777.mp3	4860
common_voice_mvy_42357187.mp3	4680
common_voice_mvy_42393459.mp3	6876
common_voice_mvy_42042130.mp3	4140
common_voice_mvy_42021127.mp3	4500
common_voice_mvy_42413221.mp3	4716
common_voice_mvy_42348248.mp3	3960
common_voice_mvy_42063962.mp3	4608
common_voice_mvy_42393412.mp3	2988
common_voice_mvy_42066447.mp3	5328
common_voice_mvy_42010176.mp3	4680
common_voice_mvy_42392026.mp3	2988
common_voice_mvy_42067308.mp3	2448
common_voice_mvy_42073632.mp3	6048
common_voice_mvy_42365181.mp3	4716
common_voice_mvy_42014204.mp3	3816
common_voice_mvy_42395025.mp3	2268
common_voice_mvy_42042275.mp3	5148
common_voice_mvy_42405394.mp3	5940
common_voice_mvy_42362393.mp3	4860
common_voice_mvy_42351313.mp3	7308
common_voice_mvy_42075534.mp3	7200
common_voice_mvy_42080002.mp3	2628
common_voice_mvy_42074690.mp3	5184
common_voice_mvy_42394562.mp3	3240
common_voice_mvy_42363384.mp3	4428
common_voice_mvy_42394008.mp3	2916
common_voice_mvy_42496617.mp3	4536
common_voice_mvy_42377901.mp3	4788
common_voice_mvy_42403419.mp3	2268
common_voice_mvy_42396730.mp3	3888
common_voice_mvy_42383726.mp3	3600
common_voice_mvy_42376462.mp3	4968
common_voice_mvy_42414625.mp3	7236
common_voice_mvy_42010430.mp3	5076
common_voice_mvy_42066843.mp3	2880
common_voice_mvy_42388954.mp3	4716
common_voice_mvy_42385601.mp3	6840
common_voice_mvy_42496743.mp3	6876
common_voice_mvy_42391080.mp3	7128
common_voice_mvy_42010377.mp3	3816
common_voice_mvy_42061324.mp3	3168
common_voice_mvy_42380182.mp3	3960
common_voice_mvy_42380534.mp3	3060
common_voice_mvy_42007939.mp3	5508
common_voice_mvy_42084002.mp3	5760
common_voice_mvy_42073011.mp3	5868
common_voice_mvy_42553004.mp3	5328
common_voice_mvy_42364655.mp3	4428
common_voice_mvy_42494252.mp3	5148
common_voice_mvy_42383899.mp3	3888
common_voice_mvy_42370375.mp3	5580
common_voice_mvy_42042182.mp3	3528
common_voice_mvy_42089265.mp3	6120
common_voice_mvy_42053467.mp3	4356
