client_id	path	sentence_id	sentence	sentence_domain	up_votes	down_votes	age	gender	accents	variant	locale	segment
c334fa60a0cbb65df0d0a6431ecd607c1740b45e0f057ed72e42c813af5dedacee11819963b0f000d24cf3ad868292f8c817ba75efc7c487979e6a4339408073	common_voice_mvy_42351073.mp3	3f215ab4c9cd4089536b15afd04c294d2baaa0c7d7162f082837f6a8ad15a8c2	فران٘س یُو اېن ایس سی یاں شروع نہ مُستقل مېمبر تُھو،		1	0	thirties				mvy	
d57ec64430d08448231ecc1bfa08a0b56cc77c65375376c7794242138d8ac1e5b46275137b7c762131e96d93df9ca7616a27753387bbab19a0b0232128a521de	common_voice_mvy_42356998.mp3	4f51778478fded2b51e231bb03cfb1e1f29a1d09965f93c13eaa3df9f7b8fba5	آں ڙِگوۡ چھون٘ل (ہو تُھو۔)		1	0	twenties				mvy	
4281ed2314a2c85676db55efdfd06ae0e80cca28b8a50303c9a63524c1b0bccc51e7d7dd44e22e4f6f155ee87c22d5c9f9423d73d9afcbb03a5b77e125c05f09	common_voice_mvy_42357161.mp3	4b9ce5b3ecf4e5f3c69b4b1b32d162702e9d18d0c3ebed60c5373713779d26a4	ہُگیۡ کن٘ڑَیں دڑیں علاج مہ پکار بی تھی		1	0	thirties		کھیل/دوبېرَیں		mvy	
c334fa60a0cbb65df0d0a6431ecd607c1740b45e0f057ed72e42c813af5dedacee11819963b0f000d24cf3ad868292f8c817ba75efc7c487979e6a4339408073	common_voice_mvy_42357815.mp3	46fc6735f6115b5e9d4e22e89f6b25ce68c7b02f84c552e24c549f72ca05dcab	اېک دیس مِیں تاں ہیُو کورا		1	0	thirties				mvy	
c334fa60a0cbb65df0d0a6431ecd607c1740b45e0f057ed72e42c813af5dedacee11819963b0f000d24cf3ad868292f8c817ba75efc7c487979e6a4339408073	common_voice_mvy_42360046.mp3	5bab81cf3d1a8c2dcf0dd22c6ca57ec7203bbf059b2d6f1755f7cb9d7e90010f	(سو وخت بنژا تھی)،		1	0	thirties				mvy	
c334fa60a0cbb65df0d0a6431ecd607c1740b45e0f057ed72e42c813af5dedacee11819963b0f000d24cf3ad868292f8c817ba75efc7c487979e6a4339408073	common_voice_mvy_42360668.mp3	584e49e0661c6e37d39d773c560770a340e57780a19ecbeaedfcec57e347c4ab	گِرانی چئ حدہ ہاریۡ کم ہُوئ تھی۔		0	0	thirties				mvy	
c334fa60a0cbb65df0d0a6431ecd607c1740b45e0f057ed72e42c813af5dedacee11819963b0f000d24cf3ad868292f8c817ba75efc7c487979e6a4339408073	common_voice_mvy_42361258.mp3	626e30116075345f8fccf2d9288e93c0000936e86b74182fbf169e8e5789415b	چے سېوں مہ اک کام جسمہ نہ تاوہ یا خولی نھېلؤں تُھو۔		1	0	thirties				mvy	
4281ed2314a2c85676db55efdfd06ae0e80cca28b8a50303c9a63524c1b0bccc51e7d7dd44e22e4f6f155ee87c22d5c9f9423d73d9afcbb03a5b77e125c05f09	common_voice_mvy_42362521.mp3	431f79f7f7ced721594841644be1fd7b7ab047934ef9d8a8cacc826726d54346	رسولؐ اللّٰہ چئ عاجزی ولے برئ کران٘لہ ان٘داز ہِن مکّے لن٘گھِلوۡ۔		1	0	thirties		کھیل/دوبېرَیں		mvy	
d57ec64430d08448231ecc1bfa08a0b56cc77c65375376c7794242138d8ac1e5b46275137b7c762131e96d93df9ca7616a27753387bbab19a0b0232128a521de	common_voice_mvy_42363340.mp3	7adc587f5b059bdedf809f3a4653a832f8a941e1cb9a2ccb6b2c9075a51c5425	“کافرانہ سا ہے، عشق ہے یا کیا ہے،		1	1	twenties				mvy	
91237594335a342445bbe0b4df49774c3e519dec1f73fc0b76d383003e528907bdc5b9c5ae08145e2d1b3eb7a47c17d037a4678611bc61ad5c0bbb2febf9941e	common_voice_mvy_42363512.mp3	7357af3019e64fac4f600eab7f4303d3eb9c579b8cf77e4880f27a69c493bf04	سیں قُرېشؤں دِش بانیۡ		1	0	thirties				mvy	
d57ec64430d08448231ecc1bfa08a0b56cc77c65375376c7794242138d8ac1e5b46275137b7c762131e96d93df9ca7616a27753387bbab19a0b0232128a521de	common_voice_mvy_42363694.mp3	87ea43274aedeba37aa45619d3cbdeba77e476891ffe4b87c93d2567acc2fcf5	آں دُو سېر جن٘گی یاں اِمدادے آچھی۔		1	0	twenties				mvy	
a240aedfe3c626e32c6d3733420d69f8a2961368ed9b6f79b70763d7f70eab05a4024884a41fc63becc1b4960568fcea9c5fa5bdc7501451b40e46b1216f1105	common_voice_mvy_42366917.mp3	a25f6b78c7b2259493ce8ae4642ff0dfc3e6ea4d73ff8b3b1371bd21f406e0dc	اسیں دن اک ڇلاؤ مستقبل دیں یاں کوشِش کراں۔		1	0	twenties				mvy	
a240aedfe3c626e32c6d3733420d69f8a2961368ed9b6f79b70763d7f70eab05a4024884a41fc63becc1b4960568fcea9c5fa5bdc7501451b40e46b1216f1105	common_voice_mvy_42366956.mp3	aa5f002ed8ffe6f73ea44396965c6e439449f5372d47b13872f768f5d62c31e1	دژیل ݜُو کمرہ بان٘ڈی لا تل آن٘س		1	0	twenties				mvy	
4281ed2314a2c85676db55efdfd06ae0e80cca28b8a50303c9a63524c1b0bccc51e7d7dd44e22e4f6f155ee87c22d5c9f9423d73d9afcbb03a5b77e125c05f09	common_voice_mvy_42368394.mp3	aca406d4355bcafd99b200fc9931678b97bfdbc6e5d84f27c4071660d14ceaf9	چے تسی لا مُجتہداں ہیو مُطمئن ہو۔		1	0	thirties		کھیل/دوبېرَیں		mvy	
4281ed2314a2c85676db55efdfd06ae0e80cca28b8a50303c9a63524c1b0bccc51e7d7dd44e22e4f6f155ee87c22d5c9f9423d73d9afcbb03a5b77e125c05f09	common_voice_mvy_42369397.mp3	a47671ff95e460f87182108dc7b4d0084f5c257b1be9214704748acaff366815	چو سُوچہ نہ پتَیں سِوَیں بانیۡ		1	0	thirties		کھیل/دوبېرَیں		mvy	
d57ec64430d08448231ecc1bfa08a0b56cc77c65375376c7794242138d8ac1e5b46275137b7c762131e96d93df9ca7616a27753387bbab19a0b0232128a521de	common_voice_mvy_42374119.mp3	d8d49fe8dc6016de80ccc2d9f529019a0c11ad46820618ccbd11c5365df19519	گتہ گتہ نھالہ، تیں آن٘ڇھی کھیژی،		1	0	twenties				mvy	
d57ec64430d08448231ecc1bfa08a0b56cc77c65375376c7794242138d8ac1e5b46275137b7c762131e96d93df9ca7616a27753387bbab19a0b0232128a521de	common_voice_mvy_42374163.mp3	ce6668a6569dd9db34e983634e32c4d0354786eb9f9110856a104d42c342dad2	گھریۡماݜہ واں جُماتھی مہ نِوان٘ز بَن کریؤں ہُوگا۔		1	1	twenties				mvy	
4281ed2314a2c85676db55efdfd06ae0e80cca28b8a50303c9a63524c1b0bccc51e7d7dd44e22e4f6f155ee87c22d5c9f9423d73d9afcbb03a5b77e125c05f09	common_voice_mvy_42374308.mp3	db183b7273174a83214d6a6eeb24c401f9e0c4fd7f7ddbb80f258bce8c4c312e	پیالیُوں ہِن (جنتیاں خلکاں دن پُویَئیں یاں دن تِلا تھہ)۔		1	0	thirties		کھیل/دوبېرَیں		mvy	
4ee828df1324d75dfcce31d113a3548e4dea42b9039d52e56bbc099159d8887d03ccfa44092d339e471731d867e7b627d2a4909d9f34abb628793ce9ab414916	common_voice_mvy_42374398.mp3	d8ed02aafca486a7040ed4b7d91def66dc577b81325146a8081c9cf3af4e46c4	مژ مژ سو مٹی پاتُو پُھٹ کیرِسیۡ۔		1	0					mvy	
c334fa60a0cbb65df0d0a6431ecd607c1740b45e0f057ed72e42c813af5dedacee11819963b0f000d24cf3ad868292f8c817ba75efc7c487979e6a4339408073	common_voice_mvy_42375637.mp3	d8a4130546afff88fb2ab942bbbd741c283b5c4f06934acfc7e01e51da43de3a	قُریشؤں پاتیۡ نہ حملہ کرے سہت اوکاں کِریا مُسلماں پاتُو ڙھس کیریۡ۔		0	0	thirties				mvy	
4ee828df1324d75dfcce31d113a3548e4dea42b9039d52e56bbc099159d8887d03ccfa44092d339e471731d867e7b627d2a4909d9f34abb628793ce9ab414916	common_voice_mvy_42375673.mp3	e1a05899728a0c10f0cc8e9b07a38e4ff2399cbd0fd29ce38f5f7924803cea03	کے پی کے مہ بٹوں نہ پات دھری تھی۔		0	1	thirties				mvy	
c334fa60a0cbb65df0d0a6431ecd607c1740b45e0f057ed72e42c813af5dedacee11819963b0f000d24cf3ad868292f8c817ba75efc7c487979e6a4339408073	common_voice_mvy_42375734.mp3	c4b3afc0f1da4dc18669a3fe37c59174116d5730af1b1288731dd491e890eb24	حراماں دُو قِسمہ تھہ۔		1	0	thirties				mvy	
c334fa60a0cbb65df0d0a6431ecd607c1740b45e0f057ed72e42c813af5dedacee11819963b0f000d24cf3ad868292f8c817ba75efc7c487979e6a4339408073	common_voice_mvy_42375824.mp3	e62a10ea27ad82fd50d1e6ccaab73e2505f072bb634bda23df74263a823f2512	بلڈ پریشر قابُو ہوتُھو۔		1	0	thirties				mvy	
c334fa60a0cbb65df0d0a6431ecd607c1740b45e0f057ed72e42c813af5dedacee11819963b0f000d24cf3ad868292f8c817ba75efc7c487979e6a4339408073	common_voice_mvy_42375867.mp3	93b2708423a4b1af11e059824f96e2f5456e52fe6170c10c3fcea811a2117fd4	خُرماں گی تھہ، تسیں مېوی وقایؤں مہ بند تھی۔		1	0	thirties				mvy	
c334fa60a0cbb65df0d0a6431ecd607c1740b45e0f057ed72e42c813af5dedacee11819963b0f000d24cf3ad868292f8c817ba75efc7c487979e6a4339408073	common_voice_mvy_42375870.mp3	ca27381579ea78c7bcad551b8b840d7482d92005afb5b39501b5b70d17122d70	اسی نہ تېرئ دُنَیں یا مُلکہ تے قومہۡ وَاں اماں مہ تعلق گِشے ہوں پکار تُھو		0	0	thirties				mvy	
4281ed2314a2c85676db55efdfd06ae0e80cca28b8a50303c9a63524c1b0bccc51e7d7dd44e22e4f6f155ee87c22d5c9f9423d73d9afcbb03a5b77e125c05f09	common_voice_mvy_42376384.mp3	c181b22b8daafba430aaab3a0448422a17d19d5709c5086db6f33e2be024b7fd	(ݜېں لژٹیۡ) ݜتُک سُگائ چے یا یاقُوت ہوں یا مرجان۔		1	0	thirties		کھیل/دوبېرَیں		mvy	
91237594335a342445bbe0b4df49774c3e519dec1f73fc0b76d383003e528907bdc5b9c5ae08145e2d1b3eb7a47c17d037a4678611bc61ad5c0bbb2febf9941e	common_voice_mvy_42376778.mp3	f382f78f20c87844ffe7167259a8cceffd8d3504129f3001521d56d213f6da34	چو احتیاط کرِگ		1	0	thirties				mvy	
4281ed2314a2c85676db55efdfd06ae0e80cca28b8a50303c9a63524c1b0bccc51e7d7dd44e22e4f6f155ee87c22d5c9f9423d73d9afcbb03a5b77e125c05f09	common_voice_mvy_42377644.mp3	eaf2c5ca5a1831d6c3ce401ae1df1a21fd761bd30faa09170d9e83b2535857c3	مطلب چے تیں علماں امتحان قلم گِھنیۡ تُھو،		1	0	thirties		کھیل/دوبېرَیں		mvy	
4281ed2314a2c85676db55efdfd06ae0e80cca28b8a50303c9a63524c1b0bccc51e7d7dd44e22e4f6f155ee87c22d5c9f9423d73d9afcbb03a5b77e125c05f09	common_voice_mvy_42377658.mp3	f8820a4feee2d40878bedcefca3fc52ebaf8fb83625f88063d1af761ecb52c0e	ولے کم لک علاقی ݜُو شان تھی		1	0	thirties		کھیل/دوبېرَیں		mvy	
07b0d53d148ab4abfee7bdf276bb990f32aa77e3eeecff0151fb0992181d4f333f7a87daa41c23f9e6ed3ade3031fd7468f288d4d6ee230cca4cacb1c184e00e	common_voice_mvy_42378548.mp3	e8e56a13befd7099e1ab7a8bb2a1860a9cadd18a8e2f5e198ff7546cb23f1755	آں ݜتک گُٹُمبیۡ چےۡ گھو ڇھپ دی پاریۡ کِھن٘گی نی ڇېلاہاں،		1	0	twenties				mvy	
a240aedfe3c626e32c6d3733420d69f8a2961368ed9b6f79b70763d7f70eab05a4024884a41fc63becc1b4960568fcea9c5fa5bdc7501451b40e46b1216f1105	common_voice_mvy_42379239.mp3	07c67d426bd13bf9647532413313f7743118ae86f5db4b7b018806c69911db55	شتِلیۡ ژر ای تھی		1	0	twenties				mvy	
4281ed2314a2c85676db55efdfd06ae0e80cca28b8a50303c9a63524c1b0bccc51e7d7dd44e22e4f6f155ee87c22d5c9f9423d73d9afcbb03a5b77e125c05f09	common_voice_mvy_42379929.mp3	fce0c6299f752d3bc22d21231cbd8271dabf206f49afc90b8c3a244ab73b97eb	(اِواں کِریا) ہیُو ڙِھکان٘لی آن٘ڇھیُوں والا سُگائیہ ہو تھی۔		1	0	thirties		کھیل/دوبېرَیں		mvy	
a240aedfe3c626e32c6d3733420d69f8a2961368ed9b6f79b70763d7f70eab05a4024884a41fc63becc1b4960568fcea9c5fa5bdc7501451b40e46b1216f1105	common_voice_mvy_42379974.mp3	fa774e1171ee8f5454fdac699467337dd04045230fc60c09752b0a4b9875aaea	حېرانتیائیں بال ݜُو آن٘سیۡ چےۡ		1	0	twenties				mvy	
4ee828df1324d75dfcce31d113a3548e4dea42b9039d52e56bbc099159d8887d03ccfa44092d339e471731d867e7b627d2a4909d9f34abb628793ce9ab414916	common_voice_mvy_42381195.mp3	0e06913cb620a7490ea75193827b1e7f668b0c7f7af98e2db64971cf822b2c74	ݜُو عِلماں پورژیلؤں مہ چیرہ بناں تھو		1	1	thirties				mvy	
6459700f029dd7b51726d101e3ed3ef25508c222062737c7a49a33c36f2611e427da9553a6e4cab6fc8fe30b3aad054041270291192643305c6c96977392ffc9	common_voice_mvy_42383380.mp3	20523b23a9c2173136b74cf271963634439c5f56d9554ff6525301f5fcb9a66d	چے پاتیوں نِوان٘ز کران٘لہ نہ دُعا یی تے تسبیحات دھراں،		1	0	twenties				mvy	
6459700f029dd7b51726d101e3ed3ef25508c222062737c7a49a33c36f2611e427da9553a6e4cab6fc8fe30b3aad054041270291192643305c6c96977392ffc9	common_voice_mvy_42383442.mp3	12f4cb0ec35619eeb5452525a53c9968eeb6b8fc6d3e4992379e3d8f3f14b00d	تلاں پتَیں جبرائیل علیہ السلامے اللہ پاکاں حُکمہ ہِن		1	0	twenties				mvy	
07b0d53d148ab4abfee7bdf276bb990f32aa77e3eeecff0151fb0992181d4f333f7a87daa41c23f9e6ed3ade3031fd7468f288d4d6ee230cca4cacb1c184e00e	common_voice_mvy_42383515.mp3	20f8493630ff3dbe1ee4bf5472be7b75cefc45916fdfa491d660ecf768fe489e	ایک دُویں واں مددگار، غم گسار تے خیرخواہ ہوں ہو تُھو۔		1	1	twenties				mvy	
6459700f029dd7b51726d101e3ed3ef25508c222062737c7a49a33c36f2611e427da9553a6e4cab6fc8fe30b3aad054041270291192643305c6c96977392ffc9	common_voice_mvy_42383643.mp3	10968042cd2c7b12a3961cf56dac04ae66ab5b3c1c5759a87c9ca2a715c781f8	سِوَیں کَچھ کَچھ زِر ماݜوَیں کَنار (لشکر) نِکَیلیۡ		1	0	twenties				mvy	
6459700f029dd7b51726d101e3ed3ef25508c222062737c7a49a33c36f2611e427da9553a6e4cab6fc8fe30b3aad054041270291192643305c6c96977392ffc9	common_voice_mvy_42384492.mp3	0e2cb81c9d8f4949b5d4b09bfb1b549486d2404a790a74d76a3f9bec4ff82c80	اسی لا پېروئ ہویں ہریۡ پھت کری۔		0	0	twenties				mvy	
6459700f029dd7b51726d101e3ed3ef25508c222062737c7a49a33c36f2611e427da9553a6e4cab6fc8fe30b3aad054041270291192643305c6c96977392ffc9	common_voice_mvy_42384536.mp3	345d0dcd8c30176dad550b938ec677bcedfad65705bbf9297fea50f4d8e71f56	چے تُس (تَیں گھریۡماݜہ واں رحم مہ) گلاں تھہ		1	0	twenties				mvy	
d57ec64430d08448231ecc1bfa08a0b56cc77c65375376c7794242138d8ac1e5b46275137b7c762131e96d93df9ca7616a27753387bbab19a0b0232128a521de	common_voice_mvy_42385647.mp3	24dc051bad3e3cc63cf27cf8343af3a572755f60e44b602f1364712709cccac7	آں تسیں قانُونہ گی ہو تھہ۔		1	0	twenties				mvy	
d57ec64430d08448231ecc1bfa08a0b56cc77c65375376c7794242138d8ac1e5b46275137b7c762131e96d93df9ca7616a27753387bbab19a0b0232128a521de	common_voice_mvy_42386114.mp3	3242f2e26ee85214f1f973bd769b0d3052a30c8f3fbda5a126cb9ffaf7e838cd	تلہ جبرائل علیہ السلام ساموٹھیۡ وحی دھا اِیلوۡ۔		1	0	twenties				mvy	
d57ec64430d08448231ecc1bfa08a0b56cc77c65375376c7794242138d8ac1e5b46275137b7c762131e96d93df9ca7616a27753387bbab19a0b0232128a521de	common_voice_mvy_42386491.mp3	44508e95712256bd4ee300762f3320eda67c1df40e5c8ef379102aea0092922b	سو اللہ پاکَیں ذات تھی۔		1	0	twenties				mvy	
d57ec64430d08448231ecc1bfa08a0b56cc77c65375376c7794242138d8ac1e5b46275137b7c762131e96d93df9ca7616a27753387bbab19a0b0232128a521de	common_voice_mvy_42386526.mp3	2e03eb63c65bbf36f8f4a553d2d9956ce1e9fd7213ecd1b94a8c7299028330c1	ہرہُون٘دوۡ کھیں سُوریۡ ای ݜِݜہ لا اُولی تھی۔		1	0	twenties				mvy	
4ee828df1324d75dfcce31d113a3548e4dea42b9039d52e56bbc099159d8887d03ccfa44092d339e471731d867e7b627d2a4909d9f34abb628793ce9ab414916	common_voice_mvy_42387864.mp3	12067c1a415e3ca3bc03fa724e98a27e53407a2d2ed811566a007c891310d383	آں پیالے گتہ سلام کرے		1	0	thirties				mvy	
4ee828df1324d75dfcce31d113a3548e4dea42b9039d52e56bbc099159d8887d03ccfa44092d339e471731d867e7b627d2a4909d9f34abb628793ce9ab414916	common_voice_mvy_42387925.mp3	3e43d6a15f28a9052e5f427479d86ee5a9f2a3ef20e231fc903cf669e66e5f00	آں حَجاں دھرېل ادمہ (ارکان) مُچاؤ		1	0	thirties				mvy	
4ee828df1324d75dfcce31d113a3548e4dea42b9039d52e56bbc099159d8887d03ccfa44092d339e471731d867e7b627d2a4909d9f34abb628793ce9ab414916	common_voice_mvy_42388223.mp3	46b7b0defefe50e4d04237eb19fcd490139715deb4bf3bbb4675ad17f85cdb5d	اُولی ہویں مہ قِرات کرَیں ہِن اڅھک ہُوئ تھُو۔		1	0	thirties				mvy	
4ee828df1324d75dfcce31d113a3548e4dea42b9039d52e56bbc099159d8887d03ccfa44092d339e471731d867e7b627d2a4909d9f34abb628793ce9ab414916	common_voice_mvy_42389182.mp3	3cd6fa8ad3a6da244bf70e5d4ec408f53e2c7b128cd8f8f044164bbf162c93f6	ݜلہ چور اَس یادی رَڇھَیں یاں دَن		1	0	thirties				mvy	
07b0d53d148ab4abfee7bdf276bb990f32aa77e3eeecff0151fb0992181d4f333f7a87daa41c23f9e6ed3ade3031fd7468f288d4d6ee230cca4cacb1c184e00e	common_voice_mvy_42389668.mp3	31f560da10f20d5c02929002c14a14a03deb18a9eb527fc32dde47816891dbe0	آں نی قبلان٘لہ بِلوٹھہ مہ (لڑزاناں کِریا) فېصلہ خط) ہو۔		1	0	twenties				mvy	
4ee828df1324d75dfcce31d113a3548e4dea42b9039d52e56bbc099159d8887d03ccfa44092d339e471731d867e7b627d2a4909d9f34abb628793ce9ab414916	common_voice_mvy_42389966.mp3	4751254e211a583e27fc63568d97eba09040d0816066cc1237696b58c77456cc	سجدہ مہ نسُور / نتھُور نی رِن٘گَیں ہِن اڅھک ہُوئ تھُو۔		1	1	thirties				mvy	
07b0d53d148ab4abfee7bdf276bb990f32aa77e3eeecff0151fb0992181d4f333f7a87daa41c23f9e6ed3ade3031fd7468f288d4d6ee230cca4cacb1c184e00e	common_voice_mvy_42390557.mp3	353d05249a2bc06a1c5c579fcf3766d99a73002e1f983f2a960cf633df44385a	چے نیڙ بېن٘یاں وخ ہِلاک شُنگلُو دنہۡ لا دھا۔		1	1	twenties				mvy	
07b0d53d148ab4abfee7bdf276bb990f32aa77e3eeecff0151fb0992181d4f333f7a87daa41c23f9e6ed3ade3031fd7468f288d4d6ee230cca4cacb1c184e00e	common_voice_mvy_42391181.mp3	4d0a6cf10efdf090e973e42a9486c8098768763b47bd0ad21f5ad0f30c4d6010	ایسے تم ملے ہو جیسی مل گئ ہو عطر سے ہوا“		1	1	twenties				mvy	
c334fa60a0cbb65df0d0a6431ecd607c1740b45e0f057ed72e42c813af5dedacee11819963b0f000d24cf3ad868292f8c817ba75efc7c487979e6a4339408073	common_voice_mvy_42391970.mp3	5eb2e37dbb6f942bcaae9e073c705a67c7d7a404b1c8e6fbf43f87eee09b0d50	اسی نہ نہ صرف دماغ آں مردانہ قوت من٘ڑنئی ہُوئ تھی۔		0	0	thirties				mvy	
c334fa60a0cbb65df0d0a6431ecd607c1740b45e0f057ed72e42c813af5dedacee11819963b0f000d24cf3ad868292f8c817ba75efc7c487979e6a4339408073	common_voice_mvy_42391971.mp3	5f2ada6d56054047419c7ea14b97608a734b545ba2f07bb4529554102e26f721	اېک ٹکڑہ صفاں کور لا آں اَلُوۡئ ٹکڑہ مرواں کور لا بَیلیۡ۔		1	0	thirties				mvy	
717e70e297f111a76d90008cbd05dc4f7d0887b2d1803d43151572c42fd4cb7faf9aab79c79e6afa014971d58f3ee249a3886f9c170e323e440d01ed62ecd3cd	common_voice_mvy_42392109.mp3	53511b83ac6db880d81bb8d003e5cca7785cf5b7bbbb9b9c8af084165b390705	مہری بڑقا گلے کھیَیں ہِن ڇھیُو کم ہوتھی۔		1	0	twenties				mvy	
6459700f029dd7b51726d101e3ed3ef25508c222062737c7a49a33c36f2611e427da9553a6e4cab6fc8fe30b3aad054041270291192643305c6c96977392ffc9	common_voice_mvy_42393359.mp3	5850d0c2926cc6f6ea082eb11ea6a7edf5571f2266f82bc47f7c47386ad7bb07	یُو اېن اېس سی، یُو اېناں ݜوْ گھئیں فیکٹر/ آرگنوں مہ ایک تھو۔		1	0	twenties				mvy	
6459700f029dd7b51726d101e3ed3ef25508c222062737c7a49a33c36f2611e427da9553a6e4cab6fc8fe30b3aad054041270291192643305c6c96977392ffc9	common_voice_mvy_42393512.mp3	4c0e5613752fb699edc3f9886416f2c2ccc32cc4e459cc004c26c633ba16e82c	اُصولوَیں بَٹیۡ، کؤں چے انصاف دیں مہ ریاست قبلائ تھی آں رِن٘گائ تھی۔		1	0	twenties				mvy	
6459700f029dd7b51726d101e3ed3ef25508c222062737c7a49a33c36f2611e427da9553a6e4cab6fc8fe30b3aad054041270291192643305c6c96977392ffc9	common_voice_mvy_42393781.mp3	673b3f82cd12306de4bcc35cd79a964c8575ba6b095a317b17c96faee344bc6a	ݜُو ڇھیر چو سُرسوۡ آں طاقت ور ہُوئ تُھو۔		1	0	twenties				mvy	
c334fa60a0cbb65df0d0a6431ecd607c1740b45e0f057ed72e42c813af5dedacee11819963b0f000d24cf3ad868292f8c817ba75efc7c487979e6a4339408073	common_voice_mvy_42393988.mp3	732954e75a5927905e7d51e31c1771b1e807b247813c9430851ea55ddbbbb64d	دے وختی اما تیار کرہ		1	0	thirties				mvy	
c334fa60a0cbb65df0d0a6431ecd607c1740b45e0f057ed72e42c813af5dedacee11819963b0f000d24cf3ad868292f8c817ba75efc7c487979e6a4339408073	common_voice_mvy_42393991.mp3	7b6193d79749a6c03203b867b70944a61f854d3a848315013b6e7931071426d6	شِشیل دان٘ڑیال چپَیں ہِن یا اسی ملی کالی مصری ملا گلے		1	0	thirties				mvy	
c334fa60a0cbb65df0d0a6431ecd607c1740b45e0f057ed72e42c813af5dedacee11819963b0f000d24cf3ad868292f8c817ba75efc7c487979e6a4339408073	common_voice_mvy_42394106.mp3	756b276903542099eb693aae5c7291868af2d9a73195b852f9c0a2b6930b65cf	گھلی لا دگلے مضبوطی ہِن گن٘ڈے پھت کېر۔		1	1	thirties				mvy	
c334fa60a0cbb65df0d0a6431ecd607c1740b45e0f057ed72e42c813af5dedacee11819963b0f000d24cf3ad868292f8c817ba75efc7c487979e6a4339408073	common_voice_mvy_42394109.mp3	73e5480171140334fe57f6fa5d2c8183b6b55ad3e465aa0777140a8720601065	اللہ پاکے سامُوٹھیۡ وحی مہ انسان پورژائ		1	0	thirties				mvy	
d57ec64430d08448231ecc1bfa08a0b56cc77c65375376c7794242138d8ac1e5b46275137b7c762131e96d93df9ca7616a27753387bbab19a0b0232128a521de	common_voice_mvy_42394308.mp3	3a7dc606ba71e9d922811da8bde91f41ee0844ede3a3ead169b4b3b4d0d47c7a	مہ تاں تصورؤں مہ امَیں گیل دېں ݜِݜ دھیام آن٘س		1	1	twenties				mvy	
6459700f029dd7b51726d101e3ed3ef25508c222062737c7a49a33c36f2611e427da9553a6e4cab6fc8fe30b3aad054041270291192643305c6c96977392ffc9	common_voice_mvy_42394311.mp3	584e49e0661c6e37d39d773c560770a340e57780a19ecbeaedfcec57e347c4ab	گِرانی چئ حدہ ہاریۡ کم ہُوئ تھی۔		1	0	twenties				mvy	
6459700f029dd7b51726d101e3ed3ef25508c222062737c7a49a33c36f2611e427da9553a6e4cab6fc8fe30b3aad054041270291192643305c6c96977392ffc9	common_voice_mvy_42394783.mp3	6060ad6825d92d977c6bba4e2844d70f080db4568d179bdb4945c8fb3cad5e16	ݜُو زائ مکہ یی تے مدیناں مژھولہ مہ تھی آں رابغ کَچھ تھی۔		1	0	twenties				mvy	
c334fa60a0cbb65df0d0a6431ecd607c1740b45e0f057ed72e42c813af5dedacee11819963b0f000d24cf3ad868292f8c817ba75efc7c487979e6a4339408073	common_voice_mvy_42394817.mp3	8493d7a9d30af14385ab07a1c8aec68318e3545e67e627ef1af76ccb00339211	ݜلہ صحابہ بھئ گلے نبی علیہ السلام نہ تعلیم حاصل کران٘س		1	0	thirties				mvy	
6459700f029dd7b51726d101e3ed3ef25508c222062737c7a49a33c36f2611e427da9553a6e4cab6fc8fe30b3aad054041270291192643305c6c96977392ffc9	common_voice_mvy_42394818.mp3	7a6ac089b08151eb4ef1c8e00753213f9475f8b5588aa047a33227982fae65fa	شکی نہ بېل، کاں چے تاں نی پشېل ربہ نہ بھیل کھیں،		1	0	twenties				mvy	
c334fa60a0cbb65df0d0a6431ecd607c1740b45e0f057ed72e42c813af5dedacee11819963b0f000d24cf3ad868292f8c817ba75efc7c487979e6a4339408073	common_voice_mvy_42395003.mp3	250da5d25e377c52caa3eb185430cadf2c964baa451a627413b7e90ec6e22aff	اس (اگار) زَیں (دُسُق) یاد کرَیں یاں نَخوۡ سن٘دہ چھی،		1	0	thirties				mvy	
c334fa60a0cbb65df0d0a6431ecd607c1740b45e0f057ed72e42c813af5dedacee11819963b0f000d24cf3ad868292f8c817ba75efc7c487979e6a4339408073	common_voice_mvy_42395017.mp3	823581bdf75062186843d16df98932bb00141a1c239945b0295c375aa9d9fc0a	تے مہ شلاں آ تیں بھا مُوٹھِن گلا تُھو		1	0	thirties				mvy	
6459700f029dd7b51726d101e3ed3ef25508c222062737c7a49a33c36f2611e427da9553a6e4cab6fc8fe30b3aad054041270291192643305c6c96977392ffc9	common_voice_mvy_42395109.mp3	68bf5e59ea748d7ca1d363092b4ef36ad4779b50d732e29d46b5e6e99f2025c5	سو زئ ڇیللیۡ چے کؤں زئ مٹی وے پورِسیۡ۔		1	0	twenties				mvy	
c334fa60a0cbb65df0d0a6431ecd607c1740b45e0f057ed72e42c813af5dedacee11819963b0f000d24cf3ad868292f8c817ba75efc7c487979e6a4339408073	common_voice_mvy_42395668.mp3	4910420f858e7db9bbd78da4d02b1297de1add05628d4ba987c2d99144ab3220	تَلاں پتَیں سُوَرلی سو زئ لا اُلی ہُوندیۡ		1	0	thirties				mvy	
c334fa60a0cbb65df0d0a6431ecd607c1740b45e0f057ed72e42c813af5dedacee11819963b0f000d24cf3ad868292f8c817ba75efc7c487979e6a4339408073	common_voice_mvy_42395669.mp3	cf443e8bc191de6cb925ec86c483e57d6cbeabd1031fdbf361bb86af1c0760ea	دستُور سو چاق قانُون ہُوئ تُھو		1	0	thirties				mvy	
c334fa60a0cbb65df0d0a6431ecd607c1740b45e0f057ed72e42c813af5dedacee11819963b0f000d24cf3ad868292f8c817ba75efc7c487979e6a4339408073	common_voice_mvy_42395760.mp3	9300cd04940155c1d046da1ba8d6414c70dc10a2955b8852ac62ba70a30509ef	ایوں مہ سامُوٹھھ تُھو حُکُم دېن٘لو (حاکم)،		1	0	thirties				mvy	
c334fa60a0cbb65df0d0a6431ecd607c1740b45e0f057ed72e42c813af5dedacee11819963b0f000d24cf3ad868292f8c817ba75efc7c487979e6a4339408073	common_voice_mvy_42395813.mp3	8da398597211b932b8555d58cdcab98bf8ef4e8b10fa7feb0078f50519dfd7c5	خو ݜسی نہ بِتُس شِدیۡ تھہ چے		1	0	thirties				mvy	
c334fa60a0cbb65df0d0a6431ecd607c1740b45e0f057ed72e42c813af5dedacee11819963b0f000d24cf3ad868292f8c817ba75efc7c487979e6a4339408073	common_voice_mvy_42396133.mp3	92276d28c13ef1c0c134bef1699dc51d0779c6f514516c239be62e9ebc353abf	آں کوستاں مہ گھریۡماݜہ واں تعلیماں گی خاص انتظام نی تُھو۔		1	0	thirties				mvy	
a240aedfe3c626e32c6d3733420d69f8a2961368ed9b6f79b70763d7f70eab05a4024884a41fc63becc1b4960568fcea9c5fa5bdc7501451b40e46b1216f1105	common_voice_mvy_42396171.mp3	97ab1368e6ac870c41acccbd971cdb6529b8cf8bc05bea3135023026f4588e96	آں بانیۡ ساریۡ رال مزدوری کرے		1	0	twenties				mvy	
4ee828df1324d75dfcce31d113a3548e4dea42b9039d52e56bbc099159d8887d03ccfa44092d339e471731d867e7b627d2a4909d9f34abb628793ce9ab414916	common_voice_mvy_42396447.mp3	9c092106286c1123cba401591f346df44db06254820de0271d6a659b008b5a73	راقم الحروف ڈاکٹر حسېن احمد فېضی		1	0	thirties				mvy	
a240aedfe3c626e32c6d3733420d69f8a2961368ed9b6f79b70763d7f70eab05a4024884a41fc63becc1b4960568fcea9c5fa5bdc7501451b40e46b1216f1105	common_voice_mvy_42396936.mp3	987784bb644e653194ce02b3c600b3e15eede31497abe28ac3e43c73605f5b28	یا ݜُو شاں تَیں خوش لا		1	0	twenties				mvy	
6459700f029dd7b51726d101e3ed3ef25508c222062737c7a49a33c36f2611e427da9553a6e4cab6fc8fe30b3aad054041270291192643305c6c96977392ffc9	common_voice_mvy_42397159.mp3	68e7c6324f99ff7d11b012dc7fc99e56abf205a659e3c0baef224ff992e84f90	اس سݩدئیں طریۡقہ ݜُو تھی چے		1	0	twenties				mvy	
d57ec64430d08448231ecc1bfa08a0b56cc77c65375376c7794242138d8ac1e5b46275137b7c762131e96d93df9ca7616a27753387bbab19a0b0232128a521de	common_voice_mvy_42397393.mp3	a622770e66f8be9c0ef3b0cddbce587d36d5652b7cb009fc47887cdf08afa3d2	بھاں نہ ڇکو ڇکولیۡ دم کٹو		1	0	twenties				mvy	
d57ec64430d08448231ecc1bfa08a0b56cc77c65375376c7794242138d8ac1e5b46275137b7c762131e96d93df9ca7616a27753387bbab19a0b0232128a521de	common_voice_mvy_42397395.mp3	a0f73e05012c7310784004813034bcb163fa5bb20afe7ab20a23cc18c0e11cff	چےۡ انتظار کرہ کرہ موقع ایلیۡ کھیں مہ نیڙہۡ لا دھرِلوۡ۔		1	0	twenties				mvy	
d57ec64430d08448231ecc1bfa08a0b56cc77c65375376c7794242138d8ac1e5b46275137b7c762131e96d93df9ca7616a27753387bbab19a0b0232128a521de	common_voice_mvy_42398295.mp3	aa9e3aa42bcc41b7c9b5328868b72d964ce924d75f111e38778953a0c4e3dcb9	بے خُد ہُوئیں ہِن ادُوس شریۡ تھُو۔		1	0	twenties				mvy	
d57ec64430d08448231ecc1bfa08a0b56cc77c65375376c7794242138d8ac1e5b46275137b7c762131e96d93df9ca7616a27753387bbab19a0b0232128a521de	common_voice_mvy_42398329.mp3	bb665b13f5e3a07b9dde3cd9f3309466394774cd7c91428a43708747a3135f21	آں مہ پاتُو ڙھس ہُون٘دوۡ کھیں سِیں بانیۡ		1	0	twenties				mvy	
4ee828df1324d75dfcce31d113a3548e4dea42b9039d52e56bbc099159d8887d03ccfa44092d339e471731d867e7b627d2a4909d9f34abb628793ce9ab414916	common_voice_mvy_42398330.mp3	b2fa7f6394f3a79aa2735b0138180c8ceeee6b9b19923e0ff03704aa5ab67943	حضرت خدیجاں وفات نہ کم لک وخ پتَیں		1	0	thirties				mvy	
4ee828df1324d75dfcce31d113a3548e4dea42b9039d52e56bbc099159d8887d03ccfa44092d339e471731d867e7b627d2a4909d9f34abb628793ce9ab414916	common_voice_mvy_42399190.mp3	b3d465dc70b52c4ca117393a237c4bc4cf614f3f05b4ca45839e943549f8e894	کمزورتیا ختم ہوتُھو۔		1	0	thirties				mvy	
4ee828df1324d75dfcce31d113a3548e4dea42b9039d52e56bbc099159d8887d03ccfa44092d339e471731d867e7b627d2a4909d9f34abb628793ce9ab414916	common_voice_mvy_42399226.mp3	8e28b16541409ccf9c9ece0d53ed8c3e0d80e3c5a9bcaa01cefce779cb5124ca	او بلی ڇېلیان٘لو (پېغمبر)! اِواں دن عِبرتیاں کِریا		1	1	thirties				mvy	
4ee828df1324d75dfcce31d113a3548e4dea42b9039d52e56bbc099159d8887d03ccfa44092d339e471731d867e7b627d2a4909d9f34abb628793ce9ab414916	common_voice_mvy_42403059.mp3	968f843b70c9d1483508d6e012d8017725c6eb33de66f7ec49216e3e4f3fcf91	ہِلاک گرم کرہ گلے کن٘ڑہۡ مژ ٹِپ کری۔		1	0	thirties				mvy	
4ee828df1324d75dfcce31d113a3548e4dea42b9039d52e56bbc099159d8887d03ccfa44092d339e471731d867e7b627d2a4909d9f34abb628793ce9ab414916	common_voice_mvy_42403065.mp3	84d2e0596caeb37989ee47801dd1b8ed081e7747a686a717291521c6a87e4f5a	آں مِیں نھال کِھیں چئ گھریۡماݜہ وے نہ واپس روان تھی		1	0	thirties				mvy	
c334fa60a0cbb65df0d0a6431ecd607c1740b45e0f057ed72e42c813af5dedacee11819963b0f000d24cf3ad868292f8c817ba75efc7c487979e6a4339408073	common_voice_mvy_42403357.mp3	8bbd56dfaee6dcb8a4d75c2f64a588261fd4da8e4250de09df92dba94f784e8c	آں اُو جنوبی اېشیاں اک مُلک تُھو،		1	0	thirties				mvy	
c334fa60a0cbb65df0d0a6431ecd607c1740b45e0f057ed72e42c813af5dedacee11819963b0f000d24cf3ad868292f8c817ba75efc7c487979e6a4339408073	common_voice_mvy_42403405.mp3	b65903820f5d925be98951918f5e09767c1d0d3cb5239862ed103656fb045bde	آں امَیں جُماتِھیاں تعمیر مہ شریک آن٘س		1	0	thirties				mvy	
c334fa60a0cbb65df0d0a6431ecd607c1740b45e0f057ed72e42c813af5dedacee11819963b0f000d24cf3ad868292f8c817ba75efc7c487979e6a4339408073	common_voice_mvy_42404642.mp3	b006e7e33acfe74d453176a1e57e5446cdd8e79cfd5eb4bbf0d144e319528e8e	شریعت یا دِیناں قانون ڇِہېں والاں کریا،		1	0	thirties				mvy	
c334fa60a0cbb65df0d0a6431ecd607c1740b45e0f057ed72e42c813af5dedacee11819963b0f000d24cf3ad868292f8c817ba75efc7c487979e6a4339408073	common_voice_mvy_42404643.mp3	afee52ee784762e67d1f92bfe0850db0c20f3c0728101a8196d0328f987e0c0e	چےۡ تسیں بلی واں گی مقصد آن٘س۔		1	0	thirties				mvy	
c334fa60a0cbb65df0d0a6431ecd607c1740b45e0f057ed72e42c813af5dedacee11819963b0f000d24cf3ad868292f8c817ba75efc7c487979e6a4339408073	common_voice_mvy_42404645.mp3	b869721764058dcafbd7ba0fb5e4f1605aceb2fa1f3531abeaf5c61f1fabb8d2	ڈېن٘گی ژری لا ناجوڑ ہوں تھو۔		1	1	thirties				mvy	
6459700f029dd7b51726d101e3ed3ef25508c222062737c7a49a33c36f2611e427da9553a6e4cab6fc8fe30b3aad054041270291192643305c6c96977392ffc9	common_voice_mvy_42405505.mp3	a8b8ef24ebeaa26001b5be2f3e91c9aae19b8a5c06571f5b512c14d9693d6b9a	چے تلہ مسئلی وسائلوں نہ چئ تھی۔		1	0	twenties				mvy	
6459700f029dd7b51726d101e3ed3ef25508c222062737c7a49a33c36f2611e427da9553a6e4cab6fc8fe30b3aad054041270291192643305c6c96977392ffc9	common_voice_mvy_42405511.mp3	bb773ee2d7ead066ecce9d65b669be1d696c686fb037394fbca0749ed215c520	گی سم کام اوک ایگا کھیں بے تسی لا ایک نی ہوگ تھو۔		1	0	twenties				mvy	
4ee828df1324d75dfcce31d113a3548e4dea42b9039d52e56bbc099159d8887d03ccfa44092d339e471731d867e7b627d2a4909d9f34abb628793ce9ab414916	common_voice_mvy_42412735.mp3	b09dda6fea3c2f2fb20d30ea5c2ac2488f207e3c40c7ee2474385628a0bf0d9f	خَلکاں ایک مُت مِلیۡ تعلق گِشے ہو تُھو،		1	0	thirties				mvy	
4ee828df1324d75dfcce31d113a3548e4dea42b9039d52e56bbc099159d8887d03ccfa44092d339e471731d867e7b627d2a4909d9f34abb628793ce9ab414916	common_voice_mvy_42412752.mp3	9e50b3f3080fec4e84037c3b1b9a2fab41a773195f78bd34b05721f4a3181d7f	گھین٘راں (اِماماں) کِریا ݜتُک ژُن٘ن٘ڑوں ژُن٘ن٘ڑوں نِوان٘ز کرؤں		1	1	thirties				mvy	
4ee828df1324d75dfcce31d113a3548e4dea42b9039d52e56bbc099159d8887d03ccfa44092d339e471731d867e7b627d2a4909d9f34abb628793ce9ab414916	common_voice_mvy_42412799.mp3	bf9953dd1194f1134c63cebdfd87c86d3740796ca4ecf0a65b0cf07f2a5047cd	اېں بھی گېل بناں تھہ:		1	1	thirties				mvy	
4ee828df1324d75dfcce31d113a3548e4dea42b9039d52e56bbc099159d8887d03ccfa44092d339e471731d867e7b627d2a4909d9f34abb628793ce9ab414916	common_voice_mvy_42412840.mp3	826b007ba0ffd6019b5b8ffe1f55dbbee272498f727b7d3cbddffe4da5187943	تاں روزمرہ کمہۡ جاری رڇھؤں من٘ڑنئ بال تھی		1	0	thirties				mvy	
4ee828df1324d75dfcce31d113a3548e4dea42b9039d52e56bbc099159d8887d03ccfa44092d339e471731d867e7b627d2a4909d9f34abb628793ce9ab414916	common_voice_mvy_42412862.mp3	961b2e8308b80c5a2eb78f9761a8ad730fae08134ff17b8a9fff3b569028a25b	کوہستان ناں ہِن جو لیل ہُوئ تُھو چے اُو گِشے علاقہ تھی۔		1	0	thirties				mvy	
4ee828df1324d75dfcce31d113a3548e4dea42b9039d52e56bbc099159d8887d03ccfa44092d339e471731d867e7b627d2a4909d9f34abb628793ce9ab414916	common_voice_mvy_42413088.mp3	b4a9a074c7e8b4f6b4d6fd4e829056bc246b0251e1b1604730dcfe9579b73b7a	جی شا گی سُگاؤ زن٘گل اوک آن٘س۔		1	0	thirties				mvy	
c334fa60a0cbb65df0d0a6431ecd607c1740b45e0f057ed72e42c813af5dedacee11819963b0f000d24cf3ad868292f8c817ba75efc7c487979e6a4339408073	common_voice_mvy_42413304.mp3	b1033ba4aad4c25df06fd1383c001029018c2e3ddf03c90e9e9d2c2907fe5f44	(قریش) کہ میں اېک ہَتہۡ لا سُوریۡ چھاں آں اېک ہتہۡ لا یُوں چھاں،		1	0	thirties				mvy	
c334fa60a0cbb65df0d0a6431ecd607c1740b45e0f057ed72e42c813af5dedacee11819963b0f000d24cf3ad868292f8c817ba75efc7c487979e6a4339408073	common_voice_mvy_42413341.mp3	bbe8f3d0a9b8a3db0c28d9bf6a120f83611685e96d42a64250f4dac0abb651c7	گازریۡ سُگائ چپہ گلے کَھیں ہِن دنہۡ تے دندرسی مضبُوط ہوں تھی۔		1	1	thirties				mvy	
c334fa60a0cbb65df0d0a6431ecd607c1740b45e0f057ed72e42c813af5dedacee11819963b0f000d24cf3ad868292f8c817ba75efc7c487979e6a4339408073	common_voice_mvy_42414226.mp3	b85960a54fcad2bd478a9c856db81e9a7fbe4bbfb4b9e26abef852ad7e487031	کھیں انشاءاللہ مفید ہوتُھو۔		1	0	thirties				mvy	
c334fa60a0cbb65df0d0a6431ecd607c1740b45e0f057ed72e42c813af5dedacee11819963b0f000d24cf3ad868292f8c817ba75efc7c487979e6a4339408073	common_voice_mvy_42414234.mp3	d0760570090899b326e77497812bfa27599ca3b43b488d6aa69659192d4641aa	پتَیں گھریں زوڑہۡ من٘ڈَیں بېں تھی،ݜِݜ دھیا اے۔“		1	1	thirties				mvy	
c334fa60a0cbb65df0d0a6431ecd607c1740b45e0f057ed72e42c813af5dedacee11819963b0f000d24cf3ad868292f8c817ba75efc7c487979e6a4339408073	common_voice_mvy_42414237.mp3	8651065bafbcc8478d05fe802055e8233cc0f1a0ccfcf5c91a64e7e72606d114	چام آں بال/ژاٹ بھَژَہ دَھیٶں تھُو۔		1	0	thirties				mvy	
01cbb09c52e7ea22345c44bd546064d20279a0f1eb48805c62c487be33ac142e2ffcf550faf29f0a17ae28e94445f8d332cfd8bc52d2b0b1e7d4d2b334fcb4a8	common_voice_mvy_42414332.mp3	cc00afa440d54bc387effb2e13c12d744c91f28a4ff28642298d3f3f9e8ee55d	مُولی یاں بیُو باریک پیݜی گلے زرتیاں وخ وے ملی پھکی۔		1	1	teens				mvy	
846fd8bccff16d237e4e0fc20882fb079cd86fbba66b53e66b3ffabd6ad8bdefeafcadca742e078fcf7787669dfee4fdefcd5a80f3bf585b3f07561881caab77	common_voice_mvy_42414636.mp3	a98df69c7d982413c47646ccdfc11c0c66f4fac6a95550b2671ce62ca3d79c61	خو کلہۡ کلہۡ اسی ملی مشقلا کیریان٘س		1	0	fourties				mvy	
c334fa60a0cbb65df0d0a6431ecd607c1740b45e0f057ed72e42c813af5dedacee11819963b0f000d24cf3ad868292f8c817ba75efc7c487979e6a4339408073	common_voice_mvy_42414976.mp3	78005b3ff70802a00df78b08103f3250bb5dbabe3fa102be0e8bba70c2be75b7	کناں مسح کَرٶں سنت تھُو۔		1	0	thirties				mvy	
c334fa60a0cbb65df0d0a6431ecd607c1740b45e0f057ed72e42c813af5dedacee11819963b0f000d24cf3ad868292f8c817ba75efc7c487979e6a4339408073	common_voice_mvy_42414990.mp3	ccbda3bd77fc2d342267301d9a6bfa1459e002ced0a0426d8d6632986e1e59d2	گِشے چے بُو تَل بنژِل		1	0	thirties				mvy	
c334fa60a0cbb65df0d0a6431ecd607c1740b45e0f057ed72e42c813af5dedacee11819963b0f000d24cf3ad868292f8c817ba75efc7c487979e6a4339408073	common_voice_mvy_42421603.mp3	a0899f7017b972c35f21f71518b970adc0309dda4ee339513f640306dc516c05	چے کاں قُرانَیں ݜُون٘واں تھہ،		1	0	thirties				mvy	
c334fa60a0cbb65df0d0a6431ecd607c1740b45e0f057ed72e42c813af5dedacee11819963b0f000d24cf3ad868292f8c817ba75efc7c487979e6a4339408073	common_voice_mvy_42421635.mp3	da9cc1646832ee63c143d5e86a4c12dc7b288d2e8f0206d95790999ad7cb37d8	(اېں دُوباغہ) چؤں نیل لَیؤں دی پون٘شېل تھہ۔		0	0	thirties				mvy	
c334fa60a0cbb65df0d0a6431ecd607c1740b45e0f057ed72e42c813af5dedacee11819963b0f000d24cf3ad868292f8c817ba75efc7c487979e6a4339408073	common_voice_mvy_42421637.mp3	c1ffccb2bdee786d1126fc93f6132c22e53dbe447cf246845b450a4c9aa2d5b6	چے کیں مے پوہہۡ دِتیۡ،مے پان٘د پشائ		1	0	thirties				mvy	
c334fa60a0cbb65df0d0a6431ecd607c1740b45e0f057ed72e42c813af5dedacee11819963b0f000d24cf3ad868292f8c817ba75efc7c487979e6a4339408073	common_voice_mvy_42421670.mp3	da0632672c1e07146d0070cbc6dff5b261d7e9310da43484ac03c520df46b1aa	اَس وے تُوئ را گلےمریضاں دن		1	0	thirties				mvy	
c334fa60a0cbb65df0d0a6431ecd607c1740b45e0f057ed72e42c813af5dedacee11819963b0f000d24cf3ad868292f8c817ba75efc7c487979e6a4339408073	common_voice_mvy_42421673.mp3	d5bb0456b8f1c672e963e62bda425c8f6cf7519d700e9627c143e369c7ad9c4e	لیکھ ماسُمؤں لا نظر رڇھؤں چو اہم تُھو		1	0	thirties				mvy	
c334fa60a0cbb65df0d0a6431ecd607c1740b45e0f057ed72e42c813af5dedacee11819963b0f000d24cf3ad868292f8c817ba75efc7c487979e6a4339408073	common_voice_mvy_42421674.mp3	d46a233397efd65aad5dbe9c4bc0410d6cf85b361cf73566e95b1b8be05ffec3	ڇائ اڑیۡ میل ڙِگیۡ		1	1	thirties				mvy	
c334fa60a0cbb65df0d0a6431ecd607c1740b45e0f057ed72e42c813af5dedacee11819963b0f000d24cf3ad868292f8c817ba75efc7c487979e6a4339408073	common_voice_mvy_42421693.mp3	d8871ebc7b5b84db2c0456e182ea06138635b4a335059f2bed40ee0130f235ed	معاملات مہ ”نی ہوں یی تے نشؤں“ ایک څیز نیں تُھو۔		1	0	thirties				mvy	
c334fa60a0cbb65df0d0a6431ecd607c1740b45e0f057ed72e42c813af5dedacee11819963b0f000d24cf3ad868292f8c817ba75efc7c487979e6a4339408073	common_voice_mvy_42421694.mp3	d3b60583ec32c77911538d7507da2fa64c28ccc340e7dd34663607ec7049e4ff	کلہۡ تمَیں کلہۡ ڇلائ ہُوئسیۡ		1	0	thirties				mvy	
c334fa60a0cbb65df0d0a6431ecd607c1740b45e0f057ed72e42c813af5dedacee11819963b0f000d24cf3ad868292f8c817ba75efc7c487979e6a4339408073	common_voice_mvy_42421718.mp3	c7798fe99e500f72adec9c4ffb65f36395b123998d7f23acbc4dc9baa6815220	جمع مکسر سو تھی چے تس سن٘دئین٘یاں وختہ		1	0	thirties				mvy	
c334fa60a0cbb65df0d0a6431ecd607c1740b45e0f057ed72e42c813af5dedacee11819963b0f000d24cf3ad868292f8c817ba75efc7c487979e6a4339408073	common_voice_mvy_42421721.mp3	c061cb5ccf2bea016f1e3f204ee08ac067b0eed241a4bc3f6dcd284c76499a02	ݜس دوران مہ چُݨیۡ چُݨیۡ کلٹو ہوں بېن٘سیۡ۔		1	1	thirties				mvy	
c334fa60a0cbb65df0d0a6431ecd607c1740b45e0f057ed72e42c813af5dedacee11819963b0f000d24cf3ad868292f8c817ba75efc7c487979e6a4339408073	common_voice_mvy_42429028.mp3	caad7d0cd422315202d1aa45a410ca9522cbf0e4e1a1eb684504d2655446a772	آں ݜُو چئ ہویں وجہۡ ہِن		1	0	thirties				mvy	
c334fa60a0cbb65df0d0a6431ecd607c1740b45e0f057ed72e42c813af5dedacee11819963b0f000d24cf3ad868292f8c817ba75efc7c487979e6a4339408073	common_voice_mvy_42429036.mp3	db721c4b1c63a2181841f1548a86ce03560a6466233831c1110800895efecccf	اېک خاص حصہ مقرر کرچھی۔		1	0	thirties				mvy	
c334fa60a0cbb65df0d0a6431ecd607c1740b45e0f057ed72e42c813af5dedacee11819963b0f000d24cf3ad868292f8c817ba75efc7c487979e6a4339408073	common_voice_mvy_42429039.mp3	c75171209256003c947ac9b605dfd14de3c8b7a1fc49105abe05c93facc73fa2	اُصولہ وَیں تے وختَیں پاپندی کرؤں سِڇھیائ۔		1	0	thirties				mvy	
c334fa60a0cbb65df0d0a6431ecd607c1740b45e0f057ed72e42c813af5dedacee11819963b0f000d24cf3ad868292f8c817ba75efc7c487979e6a4339408073	common_voice_mvy_42429040.mp3	cc9429f947a4b7f64dde06927544db8df19578799d6ac6519537763bc286a6ee	سو (اللہ پاک) نورخاتاں آں قِبلاں مالِک تُھو؛		1	0	thirties				mvy	
c334fa60a0cbb65df0d0a6431ecd607c1740b45e0f057ed72e42c813af5dedacee11819963b0f000d24cf3ad868292f8c817ba75efc7c487979e6a4339408073	common_voice_mvy_42429385.mp3	d49a5df69a87fb0075afc3d4693d0b3fe7a1d52417ad28e799263e39ebee5a02	آں بِڅاں بُٹواں کِریا اَس کِتاب پڑی،		1	0	thirties				mvy	
c334fa60a0cbb65df0d0a6431ecd607c1740b45e0f057ed72e42c813af5dedacee11819963b0f000d24cf3ad868292f8c817ba75efc7c487979e6a4339408073	common_voice_mvy_42429387.mp3	c678a97b39b358d0577fed07929432b2bc71786211d08de1e311efa7bb3d2f78	مہ سَحرَئیں کھئیں ݜُوئیں تل اُتھیات		0	0	thirties				mvy	
c334fa60a0cbb65df0d0a6431ecd607c1740b45e0f057ed72e42c813af5dedacee11819963b0f000d24cf3ad868292f8c817ba75efc7c487979e6a4339408073	common_voice_mvy_42429389.mp3	e0b0ede503b2d4e42aff07b0c0a1dc0693341d1a57348c4f4eabeceec8db3c15	بھَژدہ دُو عیدیاں نِوان٘زٶں مہ		1	0	thirties				mvy	
c334fa60a0cbb65df0d0a6431ecd607c1740b45e0f057ed72e42c813af5dedacee11819963b0f000d24cf3ad868292f8c817ba75efc7c487979e6a4339408073	common_voice_mvy_42437906.mp3	d684d4a48db09be09e74364078e42e55d28196a2ce6ece5fbdeaaea05f6413a7	تُس ݜس تے بناں تھہ چے څاں کِریا رُشتا یادی کرژی تھُو؟		1	0	thirties				mvy	
c334fa60a0cbb65df0d0a6431ecd607c1740b45e0f057ed72e42c813af5dedacee11819963b0f000d24cf3ad868292f8c817ba75efc7c487979e6a4339408073	common_voice_mvy_42437907.mp3	dd3c11ef53f07785cb4b0de0c4c0eb85cd80ec294abdc8df1429e40f9ce19091	ہُویں، کؤں خوش ہون٘دُوں تاں رڇھالَیں (ربَیں) پن٘دہۡ لا بے لئ۔		1	0	thirties				mvy	
c334fa60a0cbb65df0d0a6431ecd607c1740b45e0f057ed72e42c813af5dedacee11819963b0f000d24cf3ad868292f8c817ba75efc7c487979e6a4339408073	common_voice_mvy_42437945.mp3	b8cbf41cf05478ab14942774b51544f1a963bd5621201872f9b4720e45cf04d2	آں اوکیں شکایت ختم ہوتھی۔		0	0	thirties				mvy	
c334fa60a0cbb65df0d0a6431ecd607c1740b45e0f057ed72e42c813af5dedacee11819963b0f000d24cf3ad868292f8c817ba75efc7c487979e6a4339408073	common_voice_mvy_42437946.mp3	ce2c72d7a6b69c92cfe708dc9054b995ec0f50c0254adfb4cc2a723916359c26	ݜُو شاناں بے کؤں لېونئ ہون٘دوۡ کھیں		1	0	thirties				mvy	
c334fa60a0cbb65df0d0a6431ecd607c1740b45e0f057ed72e42c813af5dedacee11819963b0f000d24cf3ad868292f8c817ba75efc7c487979e6a4339408073	common_voice_mvy_42437948.mp3	2395cc728a1c1b5e954fe2104d17c0746af5cad250a05471522312a17d338512	تے چےۡ ݜویں کالؤں نہ سېں اللہ پاکاں بھا نہ دُور آن٘س۔		1	0	thirties				mvy	
c334fa60a0cbb65df0d0a6431ecd607c1740b45e0f057ed72e42c813af5dedacee11819963b0f000d24cf3ad868292f8c817ba75efc7c487979e6a4339408073	common_voice_mvy_42437997.mp3	980abb95e2015c95fb75aaff9a62c7a13ced2f51160ee6f65c9e107d50824ac4	اِتفاقی قومہ وَیں اِنصافی عدالت، اِتفاقی قومہ وَیں ورانی وَیں عدالت		0	1	thirties				mvy	
c334fa60a0cbb65df0d0a6431ecd607c1740b45e0f057ed72e42c813af5dedacee11819963b0f000d24cf3ad868292f8c817ba75efc7c487979e6a4339408073	common_voice_mvy_42438022.mp3	d92415551a5213f7e41b0f0ba658aeac625ef6bf57d0f5abd613d824765989d3	ماݜی دُو کاشکئ نیمبُوں رسہ ملی د یس مہ چؤر وار کھا۔		1	0	thirties				mvy	
c334fa60a0cbb65df0d0a6431ecd607c1740b45e0f057ed72e42c813af5dedacee11819963b0f000d24cf3ad868292f8c817ba75efc7c487979e6a4339408073	common_voice_mvy_42438088.mp3	a2db5e15876d9082e4bc477ea1248f6511565f25d2f2448a6e09284007f7b322	بگی بھانہ ہُوسو تی مُوٹِھن اېں بے تُھو۔		1	0	thirties				mvy	
c334fa60a0cbb65df0d0a6431ecd607c1740b45e0f057ed72e42c813af5dedacee11819963b0f000d24cf3ad868292f8c817ba75efc7c487979e6a4339408073	common_voice_mvy_42438136.mp3	e1fa2fac12a1b821dcecb87743704ba269397ec7aeb08b606aaeae739b1e054e	نِوان٘ز مہ چٶن٘دَش واجِبہ تھو:		0	0	thirties				mvy	
c334fa60a0cbb65df0d0a6431ecd607c1740b45e0f057ed72e42c813af5dedacee11819963b0f000d24cf3ad868292f8c817ba75efc7c487979e6a4339408073	common_voice_mvy_42438238.mp3	e0f9beadde61b70c247ff7778470ab791389f42461d4c702c504b31c34dccad5	اُو نِوان٘ز نی ہول ہو تُھو۔		0	0	thirties				mvy	
c334fa60a0cbb65df0d0a6431ecd607c1740b45e0f057ed72e42c813af5dedacee11819963b0f000d24cf3ad868292f8c817ba75efc7c487979e6a4339408073	common_voice_mvy_42438249.mp3	dc22da5d226e01a1988dfef75df6d3fe7f86514d6cb4388238127fdc5a4fcff0	اېں اېک (گھَیں) ڈھم ہوئیاں تمہۡ مہ تھو،		0	1	thirties				mvy	
c334fa60a0cbb65df0d0a6431ecd607c1740b45e0f057ed72e42c813af5dedacee11819963b0f000d24cf3ad868292f8c817ba75efc7c487979e6a4339408073	common_voice_mvy_42438289.mp3	df5d6d16357b1dc4354f8af8a95b52c3d379a6010d311aafea68101374e3e390	چےۡ پُور ہفتاں زوڑہۡ گھریں ݜُو دیسے جمع کرے اکٹھی من٘ڈان٘سیۡ۔		0	1	thirties				mvy	
c334fa60a0cbb65df0d0a6431ecd607c1740b45e0f057ed72e42c813af5dedacee11819963b0f000d24cf3ad868292f8c817ba75efc7c487979e6a4339408073	common_voice_mvy_42439970.mp3	de1137359f32f4e1d9853418cf646e7497c8e927d51318657263a46ccdf7d0ef	ڇَیؤں تُھو عام اُصولہ کاں چے اکثر مُلکہ قبلاں تھہ۔		1	0	thirties				mvy	
c334fa60a0cbb65df0d0a6431ecd607c1740b45e0f057ed72e42c813af5dedacee11819963b0f000d24cf3ad868292f8c817ba75efc7c487979e6a4339408073	common_voice_mvy_42451768.mp3	d7bf2b6946454621446ffe9e189c1f76bba60441d40190e105d26bd81aae7d65	آں پن٘دہۡ مہ شِدیۡ ہُوۡن٘دوۡ چےۡ اُپارَیں قافلہ بئ تھی۔		1	0	thirties				mvy	
c334fa60a0cbb65df0d0a6431ecd607c1740b45e0f057ed72e42c813af5dedacee11819963b0f000d24cf3ad868292f8c817ba75efc7c487979e6a4339408073	common_voice_mvy_42451769.mp3	d57f6198cacdc7459970b4665d731ce772cda8ce353385034b08d9cf4558cf86	اېں دُوئیں باغؤں مہ، دُو اُوڅھہۡ تھہ۔		0	0	thirties				mvy	
c334fa60a0cbb65df0d0a6431ecd607c1740b45e0f057ed72e42c813af5dedacee11819963b0f000d24cf3ad868292f8c817ba75efc7c487979e6a4339408073	common_voice_mvy_42451773.mp3	d27a0df9cdbe41ae2bff182d87d18474b2e3148245d399faf9b789396238d478	اڑیۡ رال (نِوان٘ز کرہ) یا تسی نہ کماݜ		0	0	thirties				mvy	
c334fa60a0cbb65df0d0a6431ecd607c1740b45e0f057ed72e42c813af5dedacee11819963b0f000d24cf3ad868292f8c817ba75efc7c487979e6a4339408073	common_voice_mvy_42451774.mp3	c9cb9dad3ac8d9928dcdf13ce22cb30768423168325e5b28cfa05b0b21aeb7dc	نَیں ووئے تُو تُھو، اسی مہ چائ مُتیۡ رن٘گَیں مزہ کیریۡ تھی		1	0	thirties				mvy	
c334fa60a0cbb65df0d0a6431ecd607c1740b45e0f057ed72e42c813af5dedacee11819963b0f000d24cf3ad868292f8c817ba75efc7c487979e6a4339408073	common_voice_mvy_42451809.mp3	b036f77eb421b30fa20b3eded335beac31351789ebea301e1da1b3f4c35e04e7	مِیں کِراں اَک جیپ پکار تُھو۔		1	0	thirties				mvy	
c334fa60a0cbb65df0d0a6431ecd607c1740b45e0f057ed72e42c813af5dedacee11819963b0f000d24cf3ad868292f8c817ba75efc7c487979e6a4339408073	common_voice_mvy_42451811.mp3	d14462b148407720925cc479bc9be8f7c856a6bfd32dc5346b5e1fc865be1995	کلہۡ گاڑی کور نہ منی سِنہۡ مہ بی تھی۔		1	0	thirties				mvy	
c334fa60a0cbb65df0d0a6431ecd607c1740b45e0f057ed72e42c813af5dedacee11819963b0f000d24cf3ad868292f8c817ba75efc7c487979e6a4339408073	common_voice_mvy_42451812.mp3	afc9c557c04b5f61606d435f8ab03d280395c9291630eaffc3547ddb7f40143f	نہ کمزُور تے ترقی پذیر ملکہ واں کریا گی تحفظ فراہم کرہاں تھی،		1	0	thirties				mvy	
c334fa60a0cbb65df0d0a6431ecd607c1740b45e0f057ed72e42c813af5dedacee11819963b0f000d24cf3ad868292f8c817ba75efc7c487979e6a4339408073	common_voice_mvy_42451831.mp3	c6008c5d6af24a0f2e5e63c8e5b762766e7175aa7cf576586e4b9f51369475a3	بِگوݜژا تُھُو نَیں کَل ہاریۡ چے کسی لا تیرئ ہُو تھی		1	1	thirties				mvy	
c334fa60a0cbb65df0d0a6431ecd607c1740b45e0f057ed72e42c813af5dedacee11819963b0f000d24cf3ad868292f8c817ba75efc7c487979e6a4339408073	common_voice_mvy_42451832.mp3	cfc34ae14b526b2c64614d545b0d7f4bb9bb69c12c084abdaa02f4fc0e7e2f0d	چئ کؤشیشہ کیریۡ ولے سِواں کِریا نیۡ ڇؤژِلوۡ۔		0	0	thirties				mvy	
c334fa60a0cbb65df0d0a6431ecd607c1740b45e0f057ed72e42c813af5dedacee11819963b0f000d24cf3ad868292f8c817ba75efc7c487979e6a4339408073	common_voice_mvy_42451833.mp3	d015386058571cef50534a77f9d82f406fd57003a66b024f9460c15a8b01b2c1	نبی علیہ السلام اَئے ڇَئے بِیش کالوں ݜس کَھٹَوں وَخ مَز		1	0	thirties				mvy	
c334fa60a0cbb65df0d0a6431ecd607c1740b45e0f057ed72e42c813af5dedacee11819963b0f000d24cf3ad868292f8c817ba75efc7c487979e6a4339408073	common_voice_mvy_42451834.mp3	ae867fff73b8480b65bccb0bc2453eb4b90dd72d5e73cf6fb0e4f11e3f34f6db	ݜس بانیۡ کھیں بُٹ بھاں چُلان٘س۔		0	0	thirties				mvy	
c334fa60a0cbb65df0d0a6431ecd607c1740b45e0f057ed72e42c813af5dedacee11819963b0f000d24cf3ad868292f8c817ba75efc7c487979e6a4339408073	common_voice_mvy_42451842.mp3	c714690aecc0aaed8173fd948aeae293d77e22ed189830cf3b90d11f6b4b4d79	تُوۡ سُون٘ݜیۡ پن٘دہۡ لا تھُو۔		0	0	thirties				mvy	
c334fa60a0cbb65df0d0a6431ecd607c1740b45e0f057ed72e42c813af5dedacee11819963b0f000d24cf3ad868292f8c817ba75efc7c487979e6a4339408073	common_voice_mvy_42451846.mp3	914b1678a3e731375f6ffdb7fc190504c7a46ddd42b6856f20e28c02b2516b1a	اڙاں ݜُو گھَؤں اوک چو سُگاؤ ہوُئ تُھو ووئے بِگ نَیں یی؟		1	0	thirties				mvy	
c334fa60a0cbb65df0d0a6431ecd607c1740b45e0f057ed72e42c813af5dedacee11819963b0f000d24cf3ad868292f8c817ba75efc7c487979e6a4339408073	common_voice_mvy_42451847.mp3	a324b6afa3663d6dc4a93ee004395b72ec5d45815cb28b75c4516ee9e5762d7b	تُوۡ کل بَݜَت ۔		0	0	thirties				mvy	
c334fa60a0cbb65df0d0a6431ecd607c1740b45e0f057ed72e42c813af5dedacee11819963b0f000d24cf3ad868292f8c817ba75efc7c487979e6a4339408073	common_voice_mvy_42451848.mp3	9a118310e2535cc3dd55932124f20a319b6f73fea63e7877546719b7108088d2	ݜلہ پاک پېغمبرے ﷺ ہُم بال بانیۡ (خُطبہ دِتیۡ)		1	0	thirties				mvy	
c334fa60a0cbb65df0d0a6431ecd607c1740b45e0f057ed72e42c813af5dedacee11819963b0f000d24cf3ad868292f8c817ba75efc7c487979e6a4339408073	common_voice_mvy_42451849.mp3	dc9c0d71f275388ec4a34f1b8c1d90d04bbefda6315fb1a84ece9c2df178095b	(تے چے) سو بِگوݜان٘لو آں ہیُودژان٘لو تھُو۔		1	0	thirties				mvy	
c334fa60a0cbb65df0d0a6431ecd607c1740b45e0f057ed72e42c813af5dedacee11819963b0f000d24cf3ad868292f8c817ba75efc7c487979e6a4339408073	common_voice_mvy_42451860.mp3	d80d459b3f3d7ae91a6af46bb4a8d454a065a393da53b49013d07db9a766dee9	کؤں چےۡ تاں اُستا مھولا دِش بانیان٘س		0	0	thirties				mvy	
c334fa60a0cbb65df0d0a6431ecd607c1740b45e0f057ed72e42c813af5dedacee11819963b0f000d24cf3ad868292f8c817ba75efc7c487979e6a4339408073	common_voice_mvy_42451862.mp3	d63fc41b5911e4bda06a1bf179e27fa68846fa178316f3cd29559bd82b882654	رِچھاٶ آ سُگو زکے چھیرہ مژ گلے بڑقا		1	0	thirties				mvy	
c334fa60a0cbb65df0d0a6431ecd607c1740b45e0f057ed72e42c813af5dedacee11819963b0f000d24cf3ad868292f8c817ba75efc7c487979e6a4339408073	common_voice_mvy_42451868.mp3	c2ef592d9b3aeb65872af93cbd10995f3768baebc3aaa2924b26017822fbe50b	آں آں خو تسی مہ وے دیں یاں ٹیم ہُویان٘س		1	0	thirties				mvy	
c334fa60a0cbb65df0d0a6431ecd607c1740b45e0f057ed72e42c813af5dedacee11819963b0f000d24cf3ad868292f8c817ba75efc7c487979e6a4339408073	common_voice_mvy_42451902.mp3	c9ac4c1a98bc7f5bf2ec7be2a10275608133a835843c3c3ac84ba2bf5d7904b6	”نَیں او مٹُو بے بئ اْے،		1	0	thirties				mvy	
a775d6067e62a984b4ea8fec6097a3d2ccd6ea533c67f889185dc8adcc2dce38cb851c1ccaed4c6feb7f8d2888330612aca6467eece8368fc66b1f9ccf205807	common_voice_mvy_42454016.mp3	c4e6d1a9a9a17be2abe765c4214a9c5f715740a8fd5176ebd7c10455b9adca01	من٘ڈی دېں مہ واپس ایلوۡ کھیں		1	0					mvy	
a775d6067e62a984b4ea8fec6097a3d2ccd6ea533c67f889185dc8adcc2dce38cb851c1ccaed4c6feb7f8d2888330612aca6467eece8368fc66b1f9ccf205807	common_voice_mvy_42454019.mp3	dadd81dc2ddd27850b07fecce15ed4810b3bd95a81e4655f8d0c20c6cbfbbb4c	کدُوں رس نھیلے اسی مہ چینی مِلائ کھیں اسیں شربت تیار ہُوگا۔		1	0					mvy	
a775d6067e62a984b4ea8fec6097a3d2ccd6ea533c67f889185dc8adcc2dce38cb851c1ccaed4c6feb7f8d2888330612aca6467eece8368fc66b1f9ccf205807	common_voice_mvy_42454020.mp3	de94c9cac0931928cdea49278a59f7ff29c8489956cb1e05a2f281fd4285aa11	دھان٘کہ کمہۡ جسمہ مژ کریا تُھو		1	0					mvy	
c334fa60a0cbb65df0d0a6431ecd607c1740b45e0f057ed72e42c813af5dedacee11819963b0f000d24cf3ad868292f8c817ba75efc7c487979e6a4339408073	common_voice_mvy_42467365.mp3	d68d6779ff2e2093dd5752a3bb515ad058a38f474265787ccbf34200e30c2bf3	سُگا زوڑ، خُوشبُیں، خداں ناں لا دیوں،		1	0	thirties				mvy	
c334fa60a0cbb65df0d0a6431ecd607c1740b45e0f057ed72e42c813af5dedacee11819963b0f000d24cf3ad868292f8c817ba75efc7c487979e6a4339408073	common_voice_mvy_42467367.mp3	dd7feb2a3c0c099e6908a57d1b591b2964d6e386cdb805588fe133a68da828b8	گازریۡ چِٹے پلیٹہ مہ چھا۔		1	0	thirties				mvy	
c334fa60a0cbb65df0d0a6431ecd607c1740b45e0f057ed72e42c813af5dedacee11819963b0f000d24cf3ad868292f8c817ba75efc7c487979e6a4339408073	common_voice_mvy_42467373.mp3	ca772c013f12644e8d8b815fdc7ae2348cfedfb5a1a2f77b9c42abc2db8d3951	”آں آں کوستَیں تُھو۔		1	0	thirties				mvy	
c334fa60a0cbb65df0d0a6431ecd607c1740b45e0f057ed72e42c813af5dedacee11819963b0f000d24cf3ad868292f8c817ba75efc7c487979e6a4339408073	common_voice_mvy_42467374.mp3	b17c0d9a26e0ee188baf7cf161d566f241916a206c7158cfabf44cf94f2f7996	مالَیں وریں دڑی یاں کریا ہُم ڈاگݩڈی		0	0	thirties				mvy	
c334fa60a0cbb65df0d0a6431ecd607c1740b45e0f057ed72e42c813af5dedacee11819963b0f000d24cf3ad868292f8c817ba75efc7c487979e6a4339408073	common_voice_mvy_42467385.mp3	e08a066ff02d5c25e896b2f4cd5a078f3f72e05c66db6d262468901bb922b938	ݜس بنہ چےۡ ملاݜیۡ تُو بِگ ول لا ہِسار کرہَیں گی نَیں؟		0	0	thirties				mvy	
c334fa60a0cbb65df0d0a6431ecd607c1740b45e0f057ed72e42c813af5dedacee11819963b0f000d24cf3ad868292f8c817ba75efc7c487979e6a4339408073	common_voice_mvy_42467390.mp3	bc0b55ec8cac9036ccc88ab58a000e61b66faaa795e8e1b5b72ac25fec394ea5	نبی علیہ السلاماں ڇھیرپولو ڙھا ابو سلمے وَطن پھت کیریۡ؛		1	0	thirties				mvy	
c334fa60a0cbb65df0d0a6431ecd607c1740b45e0f057ed72e42c813af5dedacee11819963b0f000d24cf3ad868292f8c817ba75efc7c487979e6a4339408073	common_voice_mvy_42467392.mp3	05452ee54a77418568a021f9baa616b163272d5f604d4154f2807ea561c1232c	اسیں مثبت کِھن٘گ ݜُو تھی چے		0	0	thirties				mvy	
c334fa60a0cbb65df0d0a6431ecd607c1740b45e0f057ed72e42c813af5dedacee11819963b0f000d24cf3ad868292f8c817ba75efc7c487979e6a4339408073	common_voice_mvy_42467393.mp3	d50c2e8ef0da4cb166033b1658491c085a9a32bf1d28e2cf60e103f029855d1b	(شہادتیں ان٘گُوی) بُی اولیۡرؤں سُنّت تھُو۔		1	0	thirties				mvy	
c334fa60a0cbb65df0d0a6431ecd607c1740b45e0f057ed72e42c813af5dedacee11819963b0f000d24cf3ad868292f8c817ba75efc7c487979e6a4339408073	common_voice_mvy_42467396.mp3	9aac6d664d655094147e1fddb23a32ce3d1b65f73f02a3c0c9e2d85ac7bdd0e5	عامل تسے بناں تھہ چے تسیں وجہۡ نہ		0	0	thirties				mvy	
c334fa60a0cbb65df0d0a6431ecd607c1740b45e0f057ed72e42c813af5dedacee11819963b0f000d24cf3ad868292f8c817ba75efc7c487979e6a4339408073	common_voice_mvy_42467397.mp3	e3681e3f0265015694149e2f3b40156e9080455f3fcc2207964bc0b2d75c831a	یارب تئیں علمئیں خزانہ نہ		1	0	thirties				mvy	
c334fa60a0cbb65df0d0a6431ecd607c1740b45e0f057ed72e42c813af5dedacee11819963b0f000d24cf3ad868292f8c817ba75efc7c487979e6a4339408073	common_voice_mvy_42467398.mp3	dc0ad92d91b8b0da70fe8dd8687654537000530e186c2bc9d669bf90a0e5df42	ݜس قانوناں چؤر مُون٘ڈہۡ کالُژاں تُھو۔		1	0	thirties				mvy	
c334fa60a0cbb65df0d0a6431ecd607c1740b45e0f057ed72e42c813af5dedacee11819963b0f000d24cf3ad868292f8c817ba75efc7c487979e6a4339408073	common_voice_mvy_42467399.mp3	e408089cecdfd237910e2319a6d693eae4232a75dea268e326aaf9bf0721bbd6	بُٹواں کریا چئ فَیدہ مند تھی۔		1	0	thirties				mvy	
c334fa60a0cbb65df0d0a6431ecd607c1740b45e0f057ed72e42c813af5dedacee11819963b0f000d24cf3ad868292f8c817ba75efc7c487979e6a4339408073	common_voice_mvy_42474201.mp3	b5d74f241ef8c27ab01dbe74cf0d4909ab9845fee2906c41cad909da7a120c3e	چےۡ کُولیاں کھاڑ کِھن٘گِروۡ تُھو مہ اُن٘دہ سبق نی بنم تُھو۔		0	0	thirties				mvy	
c334fa60a0cbb65df0d0a6431ecd607c1740b45e0f057ed72e42c813af5dedacee11819963b0f000d24cf3ad868292f8c817ba75efc7c487979e6a4339408073	common_voice_mvy_42474202.mp3	e1f8d775ae33d70f0eaf74a68c3a62573ce1d8d65626e3cb9ac2663f7e732254	مِثال ݜے چےۡ ہِرقَل، رُوماں باچھاٸے خط چو اُگھریار ہِن دھاؤ،		1	0	thirties				mvy	
c334fa60a0cbb65df0d0a6431ecd607c1740b45e0f057ed72e42c813af5dedacee11819963b0f000d24cf3ad868292f8c817ba75efc7c487979e6a4339408073	common_voice_mvy_42474203.mp3	e6fefeb222af6d07b5a7f75e8729d731ee7cfdfdacef307fb63d12879f8b0e3e	کہ وختہ لا اسیں علاج آں تشخیص نی ہُون٘دیۡ کھیں		1	0	thirties				mvy	
c334fa60a0cbb65df0d0a6431ecd607c1740b45e0f057ed72e42c813af5dedacee11819963b0f000d24cf3ad868292f8c817ba75efc7c487979e6a4339408073	common_voice_mvy_42474204.mp3	e063e67e7993001bd5db97e558fe51ad161bce9173215c020d8ee53908b71d3c	بلکےۡ اُو بُٹہۡ خلقئیں اکھٹی ذمہ واری تھی ،		1	0	thirties				mvy	
c334fa60a0cbb65df0d0a6431ecd607c1740b45e0f057ed72e42c813af5dedacee11819963b0f000d24cf3ad868292f8c817ba75efc7c487979e6a4339408073	common_voice_mvy_42474205.mp3	cdb24385c37ec267f574cfc1485c27d700a648edd70a4c53758ecaf32897b411	چے کؤں زئ ݜُو مرض تنی پکیۡ مرض کالُژیۡ تھی۔		1	0	thirties				mvy	
c334fa60a0cbb65df0d0a6431ecd607c1740b45e0f057ed72e42c813af5dedacee11819963b0f000d24cf3ad868292f8c817ba75efc7c487979e6a4339408073	common_voice_mvy_42474224.mp3	dd61f0adc3a001e437e3863d74dec549380f7dde136152afe1f2527560eddff4	سِن٘گرِٹہ نہ اما رڇھی۔		0	0	thirties				mvy	
c334fa60a0cbb65df0d0a6431ecd607c1740b45e0f057ed72e42c813af5dedacee11819963b0f000d24cf3ad868292f8c817ba75efc7c487979e6a4339408073	common_voice_mvy_42474225.mp3	ca8fd3152f4ed22686b29069835b3684fa3e14eabe43a33008acb3aea02eb785	اللہ پاکاں حقؤں مہ عَف تھی		1	0	thirties				mvy	
c334fa60a0cbb65df0d0a6431ecd607c1740b45e0f057ed72e42c813af5dedacee11819963b0f000d24cf3ad868292f8c817ba75efc7c487979e6a4339408073	common_voice_mvy_42474226.mp3	d5d09292292054a6b408226f95c77a3c8b8d7ca91432ab6fa1a97a856c93cb78	می ڙر نالائق ماݜاں کِریا دُوہیڑی نھالَیں (نظرثانی کرَی یاں) کِریا دی چھی		1	0	thirties				mvy	
c334fa60a0cbb65df0d0a6431ecd607c1740b45e0f057ed72e42c813af5dedacee11819963b0f000d24cf3ad868292f8c817ba75efc7c487979e6a4339408073	common_voice_mvy_42474228.mp3	e271c897d1395ec0555fdaad96c9b55eaacc0eee7e95bf1d0aa2dc1bcdc76229	سو بھاں شن٘دہ لا کؤں نی آن٘س۔		1	0	thirties				mvy	
c334fa60a0cbb65df0d0a6431ecd607c1740b45e0f057ed72e42c813af5dedacee11819963b0f000d24cf3ad868292f8c817ba75efc7c487979e6a4339408073	common_voice_mvy_42474238.mp3	e43e5a8908a8db3249fc56b63ba7557e44ca10ed205f9d1480fd4adad066f8d7	ہر دېسؤں وے ہرَیں کھڑے ای تھی		1	0	thirties				mvy	
c334fa60a0cbb65df0d0a6431ecd607c1740b45e0f057ed72e42c813af5dedacee11819963b0f000d24cf3ad868292f8c817ba75efc7c487979e6a4339408073	common_voice_mvy_42474240.mp3	9fdaea437351dc34e2695416f4d797f7b0df4cd7ebd0f6fabded14354f33ff7d	سېوں من٘ڈاں اؤن٘زہ واں تا لا سُوریۡ دېں،		1	0	thirties				mvy	
c334fa60a0cbb65df0d0a6431ecd607c1740b45e0f057ed72e42c813af5dedacee11819963b0f000d24cf3ad868292f8c817ba75efc7c487979e6a4339408073	common_voice_mvy_42474251.mp3	b73cabac709fc4e055392b56c1d68f0ad4a76318fd862a7530aa57e2dd32293b	ݜس پوریۡ حالت بیان کیریۡ۔		1	0	thirties				mvy	
c334fa60a0cbb65df0d0a6431ecd607c1740b45e0f057ed72e42c813af5dedacee11819963b0f000d24cf3ad868292f8c817ba75efc7c487979e6a4339408073	common_voice_mvy_42474252.mp3	b82ec6fa1da7e3e9d9313017a1cf9060d01f0052d5dc16c692aaca2bbc47b7f2	چے قلمَیں طاقت علمَیں طاقت تھی		0	0	thirties				mvy	
c334fa60a0cbb65df0d0a6431ecd607c1740b45e0f057ed72e42c813af5dedacee11819963b0f000d24cf3ad868292f8c817ba75efc7c487979e6a4339408073	common_voice_mvy_42474253.mp3	d41ae96f901f7fc26a8d5022507b7007bd5ac9fbaa55dd3100adf5f573c90edf	ملی سامُوٹھیۡ آیتی مہ پڑَیں یاں حُکُم گت ݜس بانیۡ تُھو		1	0	thirties				mvy	
c334fa60a0cbb65df0d0a6431ecd607c1740b45e0f057ed72e42c813af5dedacee11819963b0f000d24cf3ad868292f8c817ba75efc7c487979e6a4339408073	common_voice_mvy_42474254.mp3	d9c6fa116e497449727b259ca56800d869a18488dc8603f13313479a901148f9	رُکوع فرض تھو۔		1	0	thirties				mvy	
c334fa60a0cbb65df0d0a6431ecd607c1740b45e0f057ed72e42c813af5dedacee11819963b0f000d24cf3ad868292f8c817ba75efc7c487979e6a4339408073	common_voice_mvy_42474257.mp3	b96083a19bf97564ebe7f14dcc1464c0b5689f78aaa94f74573381dd23c7102c	وَل وَل ہِن مِیں ہِی مَہ تَیں خاص زَائ ساندیۡ۔		1	0	thirties				mvy	
c334fa60a0cbb65df0d0a6431ecd607c1740b45e0f057ed72e42c813af5dedacee11819963b0f000d24cf3ad868292f8c817ba75efc7c487979e6a4339408073	common_voice_mvy_42474262.mp3	c6e44f9b7704180cdf04988645e11c10b559ca7e4bf10870d9658270f71be41f	آں اسیں پھت کران٘لو عذاباں مستحق ہو تُھو،		0	0	thirties				mvy	
c334fa60a0cbb65df0d0a6431ecd607c1740b45e0f057ed72e42c813af5dedacee11819963b0f000d24cf3ad868292f8c817ba75efc7c487979e6a4339408073	common_voice_mvy_42474272.mp3	c7bd1dd4051a3bd098dd1eb629e8f789bd5c3d11e57415e0d7caa46add1cf844	آں کاں تاں خُدائ نہ مُنکُر ہُو تھو،		1	0	thirties				mvy	
c334fa60a0cbb65df0d0a6431ecd607c1740b45e0f057ed72e42c813af5dedacee11819963b0f000d24cf3ad868292f8c817ba75efc7c487979e6a4339408073	common_voice_mvy_42474273.mp3	e0ace7e3ece42e1a2f6f4d37853fd149a862d9207a899a5576e9da8ff90d19e3	ایک شرعی مَسلاں حل نھالَیں یاں کِریا		1	0	thirties				mvy	
c334fa60a0cbb65df0d0a6431ecd607c1740b45e0f057ed72e42c813af5dedacee11819963b0f000d24cf3ad868292f8c817ba75efc7c487979e6a4339408073	common_voice_mvy_42474274.mp3	c8aa1da08242ef83f41a20112ac99d5808db4e762b9939e4e0fde46726cdb0fe	آں تس خدائ پاکے کامیاب کیریۡ کھیں		0	0	thirties				mvy	
c334fa60a0cbb65df0d0a6431ecd607c1740b45e0f057ed72e42c813af5dedacee11819963b0f000d24cf3ad868292f8c817ba75efc7c487979e6a4339408073	common_voice_mvy_42474275.mp3	c2d49c74f5685be4af8d0f9231afeb7bef765f4eceb4000881a4fad9384298d3	مھالٶں پکار تھی چےۡ سېں تاں ماسمؤں ملیۡ		0	0	thirties				mvy	
18e5be1fdb8add9f19c7d9cd8e84dff19ea202bdfbb7dca29496c4effbf031504d09d573a3cb803f8100140b10668d97e3d9fab4127a36663b8aae6d4d783ec9	common_voice_mvy_42475985.mp3	dae1f1ca153ac94385d66a89a9acdc27798b298b7e0384493b11defd04b8a13d	آں ماݜ اْوک تسی مِل ژھان٘ل (نِکاح) کیر۔		1	0	thirties				mvy	
a775d6067e62a984b4ea8fec6097a3d2ccd6ea533c67f889185dc8adcc2dce38cb851c1ccaed4c6feb7f8d2888330612aca6467eece8368fc66b1f9ccf205807	common_voice_mvy_42478846.mp3	e2f1e9c7b2038e140bb784a59efce72a2fe45243ec036332500574d91b35a64d	کِھیں سو ݜِݜہ لا کؤری دھا روان تھی۔		1	1	thirties				mvy	
a775d6067e62a984b4ea8fec6097a3d2ccd6ea533c67f889185dc8adcc2dce38cb851c1ccaed4c6feb7f8d2888330612aca6467eece8368fc66b1f9ccf205807	common_voice_mvy_42478847.mp3	9940acfd8e02fac39d3811d8004c40dfa05a203dc97620843315d7fdb41d34ee	لہ سو زئ وے جمع نی ہو آں پُھوتی نی پھراں۔		1	0	thirties				mvy	
a775d6067e62a984b4ea8fec6097a3d2ccd6ea533c67f889185dc8adcc2dce38cb851c1ccaed4c6feb7f8d2888330612aca6467eece8368fc66b1f9ccf205807	common_voice_mvy_42478855.mp3	d4c36fc361ecd707e1b65a553aa30ec329e82ccc62c6b8d30fe723a419a23589	آں سېوں سُگائ لا پھت کرے لن٘گھہ۔		1	0	thirties				mvy	
a775d6067e62a984b4ea8fec6097a3d2ccd6ea533c67f889185dc8adcc2dce38cb851c1ccaed4c6feb7f8d2888330612aca6467eece8368fc66b1f9ccf205807	common_voice_mvy_42478859.mp3	c0297e85df434ae61bbfe9998cc3cd3166deeb494956316854b703c842966362	(تے چے) بے تی لا (تَیں) اُگُھریۡ بال والا (نازِل کرا) تھہ۔		1	0	thirties				mvy	
a775d6067e62a984b4ea8fec6097a3d2ccd6ea533c67f889185dc8adcc2dce38cb851c1ccaed4c6feb7f8d2888330612aca6467eece8368fc66b1f9ccf205807	common_voice_mvy_42478860.mp3	c89bf6a346986b6bcdf9b2fe897290a0169ff1be39340d53ff8caa591dd563f5	کس اسم لا رفع ہُوندیۡ کھیں تسے مرفوع بناں تھہ		1	0	thirties				mvy	
a775d6067e62a984b4ea8fec6097a3d2ccd6ea533c67f889185dc8adcc2dce38cb851c1ccaed4c6feb7f8d2888330612aca6467eece8368fc66b1f9ccf205807	common_voice_mvy_42478861.mp3	bac7c3513a3553565b6700347d4b88dcaecc968f722dd6aa8a58edb4cb1fc223	تانیثَیں علامتی ڇا تھی، ٹُمبُریۡ تا، ڙِگوۡ الف، کَھٹؤں الف ،		1	0	thirties				mvy	
a775d6067e62a984b4ea8fec6097a3d2ccd6ea533c67f889185dc8adcc2dce38cb851c1ccaed4c6feb7f8d2888330612aca6467eece8368fc66b1f9ccf205807	common_voice_mvy_42478862.mp3	ccd61b8dbcbfa49d81396eb6b6a5c9b9e43255f22f6d98e7a86cb78baaaa9bb0	ماسُمہۡ وَیں شخصیتیں تعمیر مہ مھالہ واں کردار خاص مُقام راڇھیۡ تُھو۔		1	0	thirties				mvy	
a775d6067e62a984b4ea8fec6097a3d2ccd6ea533c67f889185dc8adcc2dce38cb851c1ccaed4c6feb7f8d2888330612aca6467eece8368fc66b1f9ccf205807	common_voice_mvy_42478868.mp3	a1529901b4524cd40075af3455f5805e5c12ada169f6d778e4db768c49af5d6e	پېن٘چری واں ٹھېرؤں مہ،		1	0	thirties				mvy	
a775d6067e62a984b4ea8fec6097a3d2ccd6ea533c67f889185dc8adcc2dce38cb851c1ccaed4c6feb7f8d2888330612aca6467eece8368fc66b1f9ccf205807	common_voice_mvy_42478873.mp3	d82b17be4e5b6722724dbb08f422206261d7d61923d74b84e63033641c8b17cb	شیل دی ژر ایں شُروع ہُوندیۡ		1	0	thirties				mvy	
a775d6067e62a984b4ea8fec6097a3d2ccd6ea533c67f889185dc8adcc2dce38cb851c1ccaed4c6feb7f8d2888330612aca6467eece8368fc66b1f9ccf205807	common_voice_mvy_42478874.mp3	b86e6d471a36b4fcbf31339260f4d05519d64732e576e0680297baf5c3c5497b	ساریۡ دُنَئیں اُپارَیں تنظیم (ورلڈ ٹریڈ آرگنائزېشن)؛		1	0	thirties				mvy	
a775d6067e62a984b4ea8fec6097a3d2ccd6ea533c67f889185dc8adcc2dce38cb851c1ccaed4c6feb7f8d2888330612aca6467eece8368fc66b1f9ccf205807	common_voice_mvy_42478877.mp3	d086ea6e7344366ce184f8b8503d8b36a9bbbb18fc90eac9cc152b7c886b9ce7	سېوں مہ اېک گتہ پاتُو گھُری اېوں گے نی اېں تھہ۔		1	0	thirties				mvy	
a775d6067e62a984b4ea8fec6097a3d2ccd6ea533c67f889185dc8adcc2dce38cb851c1ccaed4c6feb7f8d2888330612aca6467eece8368fc66b1f9ccf205807	common_voice_mvy_42478878.mp3	ce6fab14643d0a9b2b38afb2160cf939fcb19e493e49fb08e7ef9db2e54b0fc5	چے سو پیازاں وے مہ ہِلاک ہپیم گلے پو۔		1	1	thirties				mvy	
a775d6067e62a984b4ea8fec6097a3d2ccd6ea533c67f889185dc8adcc2dce38cb851c1ccaed4c6feb7f8d2888330612aca6467eece8368fc66b1f9ccf205807	common_voice_mvy_42478880.mp3	c56dc02afdb15aa2d42d668dcf260e598d616c3622dcc5f509e22f52d67e4be1	اُو خلیج عمان مہ عمان ملی ہُم سمندری سرحد راڇھیۡ تُھو،		1	0	thirties				mvy	
a775d6067e62a984b4ea8fec6097a3d2ccd6ea533c67f889185dc8adcc2dce38cb851c1ccaed4c6feb7f8d2888330612aca6467eece8368fc66b1f9ccf205807	common_voice_mvy_42478881.mp3	aacc6f109483b7d793f67bf390a4d67e226b380f178587dbfd86eeb881a8b620	اسی مِلیۡ مِلیۡ میں مھالِیں مہربانی چے سیں می مِلیۡ اماں کڑوا می مېشراؤ۔		1	0	thirties				mvy	
a775d6067e62a984b4ea8fec6097a3d2ccd6ea533c67f889185dc8adcc2dce38cb851c1ccaed4c6feb7f8d2888330612aca6467eece8368fc66b1f9ccf205807	common_voice_mvy_42478883.mp3	ce34b017bce668f487aad32d17843f5655c0c12bae71ac17f6efb36b090c9e2f	اشارتیۡ لا یُوں دُوۡیں زئ ہون٘دیۡ؛		1	0	thirties				mvy	
a775d6067e62a984b4ea8fec6097a3d2ccd6ea533c67f889185dc8adcc2dce38cb851c1ccaed4c6feb7f8d2888330612aca6467eece8368fc66b1f9ccf205807	common_voice_mvy_42478888.mp3	e143bd655acc0086d03d2597a7fcb381a6a980d9d24459a45079e3b22f25f350	آں سو وختاں انسانَیں ژون٘دنی یاں تصُور کرہان٘گَیں تھو۔		1	0	thirties				mvy	
a775d6067e62a984b4ea8fec6097a3d2ccd6ea533c67f889185dc8adcc2dce38cb851c1ccaed4c6feb7f8d2888330612aca6467eece8368fc66b1f9ccf205807	common_voice_mvy_42478896.mp3	ded725157894c8652819d9a49764724623985b7149fcce5ccce2240bf1fdab04	آں کَسی لا جر ہُوندیۡ کھیں تسے مجرُور بناں تھہ		1	1	thirties				mvy	
a775d6067e62a984b4ea8fec6097a3d2ccd6ea533c67f889185dc8adcc2dce38cb851c1ccaed4c6feb7f8d2888330612aca6467eece8368fc66b1f9ccf205807	common_voice_mvy_42478898.mp3	d7f08e98162dbb40c3232807692668881f17799b87974783d0993a6ee4f29980	اسی نہ ݜُو من٘ڑنَیں نی آن٘سیۡ یی		1	0	thirties				mvy	
a775d6067e62a984b4ea8fec6097a3d2ccd6ea533c67f889185dc8adcc2dce38cb851c1ccaed4c6feb7f8d2888330612aca6467eece8368fc66b1f9ccf205807	common_voice_mvy_42478900.mp3	de632ab399d102af84c59822ecbcf85cbd32563b01f29c6346df736b5adbeafa	بلکے عام بنېل حُکمہ رِن٘گاں تھہۡ۔		1	0	thirties				mvy	
a775d6067e62a984b4ea8fec6097a3d2ccd6ea533c67f889185dc8adcc2dce38cb851c1ccaed4c6feb7f8d2888330612aca6467eece8368fc66b1f9ccf205807	common_voice_mvy_42478902.mp3	d8587a12820c27cc1f145ae27f3adb20ddc35b9f4b1c831e7ef22ece4725fda0	تسی نہ صف مہ مُوٹھیوں اُولی ہویں ہِن نِوان٘ز شریۡ تھُو۔		1	0	thirties				mvy	
a775d6067e62a984b4ea8fec6097a3d2ccd6ea533c67f889185dc8adcc2dce38cb851c1ccaed4c6feb7f8d2888330612aca6467eece8368fc66b1f9ccf205807	common_voice_mvy_42478904.mp3	cdebd11a04f6f7acce7b91a20f15d051aae22e2efe20f4086716f293af7e2660	سو دَش ماݜؤں گولیۡ کھَیا تُھو		1	1	thirties				mvy	
a775d6067e62a984b4ea8fec6097a3d2ccd6ea533c67f889185dc8adcc2dce38cb851c1ccaed4c6feb7f8d2888330612aca6467eece8368fc66b1f9ccf205807	common_voice_mvy_42478905.mp3	d8b12f91eb7b50d673a6ed317febabd794a4f77a14b7823ca544048a85a31c8c	کاگِلُنئی آں ناݩبات ملا گلے دُھڑہۡ سݩدی۔		1	0	thirties				mvy	
a775d6067e62a984b4ea8fec6097a3d2ccd6ea533c67f889185dc8adcc2dce38cb851c1ccaed4c6feb7f8d2888330612aca6467eece8368fc66b1f9ccf205807	common_voice_mvy_42478907.mp3	cf026218d307fc9eb86ab82da8b021a6ba05a35b1626a6e7521c0edafbfb148d	چے لیونَیں گی مُول گھِنؤں نین٘رَیں تُھو،		1	0	thirties				mvy	
a775d6067e62a984b4ea8fec6097a3d2ccd6ea533c67f889185dc8adcc2dce38cb851c1ccaed4c6feb7f8d2888330612aca6467eece8368fc66b1f9ccf205807	common_voice_mvy_42478908.mp3	e58365d6d871b8a37db9c53b6b695f04810f65d125d38cf851ccc454511fd7c7	مالَیں کَھن٘گیں بُوٹی ہِن علاج		0	0	thirties				mvy	
a775d6067e62a984b4ea8fec6097a3d2ccd6ea533c67f889185dc8adcc2dce38cb851c1ccaed4c6feb7f8d2888330612aca6467eece8368fc66b1f9ccf205807	common_voice_mvy_42478909.mp3	bcb28a8335ca9b9d57b56097326edf60ac2e477c7efb1f3f45e965a9ad3a9f87	مڅھئیں مال ہوگا شان تئیں شاہانہ		1	0	thirties				mvy	
a775d6067e62a984b4ea8fec6097a3d2ccd6ea533c67f889185dc8adcc2dce38cb851c1ccaed4c6feb7f8d2888330612aca6467eece8368fc66b1f9ccf205807	common_voice_mvy_42478911.mp3	d1d814a24b2e25b4b70fb6d792d6ffac1735258bc9205eef70cfe6f17c330640	آں ݜُو شاناں حضرت بلال، حضرت عمر بن عنبسہ، خالد بن سعد،		1	0	thirties				mvy	
a775d6067e62a984b4ea8fec6097a3d2ccd6ea533c67f889185dc8adcc2dce38cb851c1ccaed4c6feb7f8d2888330612aca6467eece8368fc66b1f9ccf205807	common_voice_mvy_42478917.mp3	d0a6389672dcaf8601712d55d07772c948ad41955a1e7e5d7c091eb507a68b43	تُو گی بے ہُبہۡ ہُون٘دوۡ مایاں کؤں نی تُھو۔		1	0	thirties				mvy	
a775d6067e62a984b4ea8fec6097a3d2ccd6ea533c67f889185dc8adcc2dce38cb851c1ccaed4c6feb7f8d2888330612aca6467eece8368fc66b1f9ccf205807	common_voice_mvy_42478921.mp3	d93ef3de0fae3f93b7ddc5392e6cef11ad051f4513b6aa57da45a4547fb10cb5	اصلاً تاں نُقصاناتوَیں وجہۡ نہ نېرَیں یاں حُکُم ہو۔		1	0	thirties				mvy	
a775d6067e62a984b4ea8fec6097a3d2ccd6ea533c67f889185dc8adcc2dce38cb851c1ccaed4c6feb7f8d2888330612aca6467eece8368fc66b1f9ccf205807	common_voice_mvy_42478923.mp3	e50cde00ccb52332cd3f077a7c91966934a22c713746d0d14038e18ffd3b5dd3	بدر اېک زئ یاں نؤں تُھو،		1	0	thirties				mvy	
a775d6067e62a984b4ea8fec6097a3d2ccd6ea533c67f889185dc8adcc2dce38cb851c1ccaed4c6feb7f8d2888330612aca6467eece8368fc66b1f9ccf205807	common_voice_mvy_42478926.mp3	d3c97a27edbb725a7a346c68738a73d6a8e7e0ade5fb7bd27593e7decd602d12	الاں بُوئ ای گا کھیں مہ تیں زائ		0	1	thirties				mvy	
a775d6067e62a984b4ea8fec6097a3d2ccd6ea533c67f889185dc8adcc2dce38cb851c1ccaed4c6feb7f8d2888330612aca6467eece8368fc66b1f9ccf205807	common_voice_mvy_42478927.mp3	ba545c1ff63f0cb8adf929b70b726525fb4d98c6d6c1decc7075b8f8797c437b	مِیں اِک دِیس فون لا سَخ سَخ بانیۡ چےۡ یا وِڈیو کال کَرہ،		1	0	thirties				mvy	
a775d6067e62a984b4ea8fec6097a3d2ccd6ea533c67f889185dc8adcc2dce38cb851c1ccaed4c6feb7f8d2888330612aca6467eece8368fc66b1f9ccf205807	common_voice_mvy_42478937.mp3	aca743933bada4c8568c357cadc2ae2ddf880296485b84ed65ce3d90e0f95a7e	سیں بانیۡ چے تے پتہۡ تھی مہ اک پیال تُھو		1	0	thirties				mvy	
a775d6067e62a984b4ea8fec6097a3d2ccd6ea533c67f889185dc8adcc2dce38cb851c1ccaed4c6feb7f8d2888330612aca6467eece8368fc66b1f9ccf205807	common_voice_mvy_42478938.mp3	e6da8e35e970090e911b6d9a361d79778ee4a5de7db11360d5a8cecd33684001	چے نِکاح کرَیں یاں دَن خامخا دُو شاہِدہ بیں تھو۔		1	0	thirties				mvy	
a775d6067e62a984b4ea8fec6097a3d2ccd6ea533c67f889185dc8adcc2dce38cb851c1ccaed4c6feb7f8d2888330612aca6467eece8368fc66b1f9ccf205807	common_voice_mvy_42478939.mp3	ad025cd89a9572a8af87d73f13a49d86fec44b835ba6d15193ff5e6a87666b74	سو تس پرہ کرؤں گائ ڇہے یان٘س آں تے سیں کرؤ تس کھان٘س۔		1	1	thirties				mvy	
a775d6067e62a984b4ea8fec6097a3d2ccd6ea533c67f889185dc8adcc2dce38cb851c1ccaed4c6feb7f8d2888330612aca6467eece8368fc66b1f9ccf205807	common_voice_mvy_42494228.mp3	95c7a0a35b3221fbe7288a38cbb9837bb758f08b9cfc2506351dbc886180b29d	زُوانیوں ڇیلیلواں تالا روئیں ہِن نِوان٘ز شریۡ تھُو۔		1	1	thirties				mvy	
a775d6067e62a984b4ea8fec6097a3d2ccd6ea533c67f889185dc8adcc2dce38cb851c1ccaed4c6feb7f8d2888330612aca6467eece8368fc66b1f9ccf205807	common_voice_mvy_42494229.mp3	dd162cab611195aa8e4f9d8ca0cec078eb6808e3839c440f2d5b4b430031aca3	آں سِواں کِریا بانیۡ چے او گھداؤ زاں وفادار تُھو۔		1	0	thirties				mvy	
a775d6067e62a984b4ea8fec6097a3d2ccd6ea533c67f889185dc8adcc2dce38cb851c1ccaed4c6feb7f8d2888330612aca6467eece8368fc66b1f9ccf205807	common_voice_mvy_42494232.mp3	a84c08751abe316e143352ce1992d2fe43273492e2f0066d14e89dc7d12a44d0	آں اسی خوا و شا اور وخ لن٘گھؤں		1	0	thirties				mvy	
a775d6067e62a984b4ea8fec6097a3d2ccd6ea533c67f889185dc8adcc2dce38cb851c1ccaed4c6feb7f8d2888330612aca6467eece8368fc66b1f9ccf205807	common_voice_mvy_42494233.mp3	e3d03cb5b4a373d05558bbf631d4da9fc75fcb3193af1bc39f8d5e6823435284	دراصل اُو تنظیم امریکاں اشاروں تل نٹی دی تھی۔		1	0	thirties				mvy	
a775d6067e62a984b4ea8fec6097a3d2ccd6ea533c67f889185dc8adcc2dce38cb851c1ccaed4c6feb7f8d2888330612aca6467eece8368fc66b1f9ccf205807	common_voice_mvy_42494234.mp3	da917c2f5587c7d1406e79840865da100df6e69cd8238fd84c5ce729726cf44d	اگر تازہ دان٘ڑیال نی ہو گے کھیں تے شِشیل دان٘ڑیال پیݜی گلے		1	0	thirties				mvy	
a775d6067e62a984b4ea8fec6097a3d2ccd6ea533c67f889185dc8adcc2dce38cb851c1ccaed4c6feb7f8d2888330612aca6467eece8368fc66b1f9ccf205807	common_voice_mvy_42494235.mp3	e7902784d5005652eef3d30d2ae532cd0da51a85829724d80bc49b4738ea8456	گیس گِران نی تُھو یی؟		1	0	thirties				mvy	
a775d6067e62a984b4ea8fec6097a3d2ccd6ea533c67f889185dc8adcc2dce38cb851c1ccaed4c6feb7f8d2888330612aca6467eece8368fc66b1f9ccf205807	common_voice_mvy_42494236.mp3	d2dea1d29e95d526479f57d8ead7631ac8f427a862e2494e12ac3612dd105ba2	شُوگر(رتاں سُرسیارَیں) بیماری ہر چؤرؤں ماݜے ݜژی تھی		1	0	thirties				mvy	
a775d6067e62a984b4ea8fec6097a3d2ccd6ea533c67f889185dc8adcc2dce38cb851c1ccaed4c6feb7f8d2888330612aca6467eece8368fc66b1f9ccf205807	common_voice_mvy_42494237.mp3	e180b51fafa168d977d5c26b9b5de189fd57a1185f0346721f8bad48d450f011	بے څاں حسابے ژُن٘ڑوں مُچاتھہ،		1	0	thirties				mvy	
a775d6067e62a984b4ea8fec6097a3d2ccd6ea533c67f889185dc8adcc2dce38cb851c1ccaed4c6feb7f8d2888330612aca6467eece8368fc66b1f9ccf205807	common_voice_mvy_42494238.mp3	ad829775455b7b467e892c9358d91a01b1261cfd7ff1cbcb96891d3153ecffe3	قمقملتیا مہ انسان بلیوں مہ گڈ وَڈ ہُوئ تُھو		1	0	thirties				mvy	
a775d6067e62a984b4ea8fec6097a3d2ccd6ea533c67f889185dc8adcc2dce38cb851c1ccaed4c6feb7f8d2888330612aca6467eece8368fc66b1f9ccf205807	common_voice_mvy_42494239.mp3	d2ba3caf6dd266c0439e40fd00365c4a15f4c601b7e3ab2be874d743f201412e	دھا زُور دِتیۡ کھیں اِک گھوں بُوند ہُوندوۡ۔		1	0	thirties				mvy	
a775d6067e62a984b4ea8fec6097a3d2ccd6ea533c67f889185dc8adcc2dce38cb851c1ccaed4c6feb7f8d2888330612aca6467eece8368fc66b1f9ccf205807	common_voice_mvy_42494240.mp3	d5707971fa0b05fd02db286cd6ec050781e220553f524dd257347d5ee46040a7	ݜے وَخ ہُم ای یان٘س چےۡ مُوٹ پات چؤر نِوان٘زہ قضا ہُووان٘س۔		1	0	thirties				mvy	
a775d6067e62a984b4ea8fec6097a3d2ccd6ea533c67f889185dc8adcc2dce38cb851c1ccaed4c6feb7f8d2888330612aca6467eece8368fc66b1f9ccf205807	common_voice_mvy_42494241.mp3	c9de51610c70d11b857d056b699c70a19a0fefaa3cf034ba3b4e24f292121aa4	اېں بے نی مِلیلیۡ (ژھان٘ل نېریل/کنواری) بٹ کُمارہ کرا تھہ۔		0	1	thirties				mvy	
a775d6067e62a984b4ea8fec6097a3d2ccd6ea533c67f889185dc8adcc2dce38cb851c1ccaed4c6feb7f8d2888330612aca6467eece8368fc66b1f9ccf205807	common_voice_mvy_42494247.mp3	bc0575980c29c6ee88de4fbd9fcfa37b43561002823cabf6ea6fd2afad8a5425	زوراں استعمال مِلیۡ مِلیۡ خلکاں حقہ		1	0	thirties				mvy	
a775d6067e62a984b4ea8fec6097a3d2ccd6ea533c67f889185dc8adcc2dce38cb851c1ccaed4c6feb7f8d2888330612aca6467eece8368fc66b1f9ccf205807	common_voice_mvy_42494248.mp3	d2a35ced8246370bec17d0e039556c52142f64cca891197afb0b44e7c2da9bab	اېں دُنئیں مارزیوں مہ آں کلیۡ مہ ہو تھہ		1	0	thirties				mvy	
a775d6067e62a984b4ea8fec6097a3d2ccd6ea533c67f889185dc8adcc2dce38cb851c1ccaed4c6feb7f8d2888330612aca6467eece8368fc66b1f9ccf205807	common_voice_mvy_42494249.mp3	c75719db37655cf8c924987c997db3b96d32e354bd132b017622facf2e7e5167	سُوریۡ لا تُھو کھیں چھون٘لے ہری،		1	0	thirties				mvy	
a775d6067e62a984b4ea8fec6097a3d2ccd6ea533c67f889185dc8adcc2dce38cb851c1ccaed4c6feb7f8d2888330612aca6467eece8368fc66b1f9ccf205807	common_voice_mvy_42494250.mp3	e6bb405c442c2b0a874fb324b2ea617e66df68a059f6ccf87f6d361e0c340aa8	ابو حنیفاں رح پَن٘ل لا بین٘لہ اسے نی ہول یا باطِل بناں تھو۔		1	0	thirties				mvy	
a775d6067e62a984b4ea8fec6097a3d2ccd6ea533c67f889185dc8adcc2dce38cb851c1ccaed4c6feb7f8d2888330612aca6467eece8368fc66b1f9ccf205807	common_voice_mvy_42494251.mp3	df735328a81200f17bea3034145e7e6eda8e7503e1f6dba4851b1d65ac485707	مطلب قلم تے علم ایک مقام راڇھیۡ تُھو،		1	0	thirties				mvy	
a775d6067e62a984b4ea8fec6097a3d2ccd6ea533c67f889185dc8adcc2dce38cb851c1ccaed4c6feb7f8d2888330612aca6467eece8368fc66b1f9ccf205807	common_voice_mvy_42494252.mp3	db127b5a45d61c5dd2e20e959cf82615aa02145a8d9d1d808dafd56138fe3da2	ݜَیں بھژہ مرضی چئ سخ مرضی تھی۔		1	0	thirties				mvy	
a775d6067e62a984b4ea8fec6097a3d2ccd6ea533c67f889185dc8adcc2dce38cb851c1ccaed4c6feb7f8d2888330612aca6467eece8368fc66b1f9ccf205807	common_voice_mvy_42494253.mp3	d33c68767889dda92725288ef588a4d429c9df690645491eb290e2896e50d6ea	وختَیں اسلامی حُکمت اسے کھَیں، پُویں، ݜَیں،		1	0	thirties				mvy	
a775d6067e62a984b4ea8fec6097a3d2ccd6ea533c67f889185dc8adcc2dce38cb851c1ccaed4c6feb7f8d2888330612aca6467eece8368fc66b1f9ccf205807	common_voice_mvy_42494255.mp3	d3fa312650583da6d69d6ccdc4259484be42314a25ecbff6cacaf3ed7140ce38	قُریشاں گھېن٘رؤں مشورہ کیریۡ		1	0	thirties				mvy	
a775d6067e62a984b4ea8fec6097a3d2ccd6ea533c67f889185dc8adcc2dce38cb851c1ccaed4c6feb7f8d2888330612aca6467eece8368fc66b1f9ccf205807	common_voice_mvy_42494262.mp3	d415057a1dc67f747c4535877d293a37b4f7809f12ea311dea1f33d9393080ce	تے چےۡ اُو سېوں بھِیے کاں چے رُشتا ہِن ژن٘دہۡ تھہ،		1	1	thirties				mvy	
a775d6067e62a984b4ea8fec6097a3d2ccd6ea533c67f889185dc8adcc2dce38cb851c1ccaed4c6feb7f8d2888330612aca6467eece8368fc66b1f9ccf205807	common_voice_mvy_42494263.mp3	e6fed6fd2a221028e0154c08acce5b968f7cf726e16dc5fa7c9d596c0bd4853d	تسِیں علِم ہوں پکار تُھو۔		1	1	thirties				mvy	
a775d6067e62a984b4ea8fec6097a3d2ccd6ea533c67f889185dc8adcc2dce38cb851c1ccaed4c6feb7f8d2888330612aca6467eece8368fc66b1f9ccf205807	common_voice_mvy_42494264.mp3	92d192d9398b25b6ce694eff0c251a497cef212df164b904dcae461b3a67ca86	آنٚڇھی پُوئیلئیں ہِن سُوئیر نی پُوئیلئینٚت۔		1	0	thirties				mvy	
a775d6067e62a984b4ea8fec6097a3d2ccd6ea533c67f889185dc8adcc2dce38cb851c1ccaed4c6feb7f8d2888330612aca6467eece8368fc66b1f9ccf205807	common_voice_mvy_42494266.mp3	e3cfe6f1c7928e8b0cadad5d71cc5e76f0edae6e8e9dc805124da217149a97cd	تے خو کسیں بھا سُوئ گیس تُھو کھیں تسیں مزی تھی		1	1	thirties				mvy	
a240aedfe3c626e32c6d3733420d69f8a2961368ed9b6f79b70763d7f70eab05a4024884a41fc63becc1b4960568fcea9c5fa5bdc7501451b40e46b1216f1105	common_voice_mvy_42496586.mp3	cad29603cfaa1cdd0e4b3be96a867fcaee81717232b22a2a9614240bdeb3bdf8	یاخُدا اُو مٹی کؤں ہُون٘دیۡ،		1	0	twenties				mvy	
a240aedfe3c626e32c6d3733420d69f8a2961368ed9b6f79b70763d7f70eab05a4024884a41fc63becc1b4960568fcea9c5fa5bdc7501451b40e46b1216f1105	common_voice_mvy_42496587.mp3	eb9366f7e1bc28306e65919f71bf2fc6fb098496ab2eb9a5fbba74961608090e	نِوان٘ز مہ حق نہ حق آن٘ڇھی مِلؤں اڅھکاݜ تھُو۔		1	0	twenties				mvy	
a240aedfe3c626e32c6d3733420d69f8a2961368ed9b6f79b70763d7f70eab05a4024884a41fc63becc1b4960568fcea9c5fa5bdc7501451b40e46b1216f1105	common_voice_mvy_42496593.mp3	e76e054ce8d8bfe7fef163b20b5f9d479b23d3fe2f091af0c5828b23c0ae2eb7	آں ہسانی یاں دن روا کریل ہُوئ تھُو۔		1	0	twenties				mvy	
a240aedfe3c626e32c6d3733420d69f8a2961368ed9b6f79b70763d7f70eab05a4024884a41fc63becc1b4960568fcea9c5fa5bdc7501451b40e46b1216f1105	common_voice_mvy_42496594.mp3	e6b7fc3a5cdfe307751fa341b07af0d8728467100c88d6ca6366bc02c4b6e4b7	اسماناں یی تے زُمُکاں خلقہ اسی نہ تَیں حاجتی لُکھاں تھہ،		1	0	twenties				mvy	
a240aedfe3c626e32c6d3733420d69f8a2961368ed9b6f79b70763d7f70eab05a4024884a41fc63becc1b4960568fcea9c5fa5bdc7501451b40e46b1216f1105	common_voice_mvy_42496595.mp3	e8b9b6002a0db059721bc050da15c1f3b4efd1551ed7ffe627175b1e3e3a5fd6	آن لائن سبق پڑیا گلے وخ بچ کرہاں تھہ۔		1	0	twenties				mvy	
a240aedfe3c626e32c6d3733420d69f8a2961368ed9b6f79b70763d7f70eab05a4024884a41fc63becc1b4960568fcea9c5fa5bdc7501451b40e46b1216f1105	common_voice_mvy_42496597.mp3	6bac4f0ae56fcaf8e406aba32664d74c0cc1bd8d281e96e4b67a3c37cf3319a2	ہسان نحو چَورُوں سبق بنِگ		1	0	twenties				mvy	
a240aedfe3c626e32c6d3733420d69f8a2961368ed9b6f79b70763d7f70eab05a4024884a41fc63becc1b4960568fcea9c5fa5bdc7501451b40e46b1216f1105	common_voice_mvy_42496598.mp3	d39200c8f47957dfa186161b5a12698c404a7534a3fcc50d878d717eea5a05e0	تی صاحبِ تاج آں معراج کیر ربے		1	0	twenties				mvy	
a240aedfe3c626e32c6d3733420d69f8a2961368ed9b6f79b70763d7f70eab05a4024884a41fc63becc1b4960568fcea9c5fa5bdc7501451b40e46b1216f1105	common_voice_mvy_42496605.mp3	d95b4d10fa9c9ead19d247df19a0570c7b59aee66222281c6678ecd37513a02a	چئ زات ای تھی سوتھی رَتَیں کمی۔		1	0	twenties				mvy	
a240aedfe3c626e32c6d3733420d69f8a2961368ed9b6f79b70763d7f70eab05a4024884a41fc63becc1b4960568fcea9c5fa5bdc7501451b40e46b1216f1105	common_voice_mvy_42496611.mp3	cece17fb09c01300b78ddb5c753a134d882aec713a11a02f31c3136d36b93070	درُود نہ پاتی دُعا بنؤں سُنّت تھُو۔		1	0	twenties				mvy	
a240aedfe3c626e32c6d3733420d69f8a2961368ed9b6f79b70763d7f70eab05a4024884a41fc63becc1b4960568fcea9c5fa5bdc7501451b40e46b1216f1105	common_voice_mvy_42496613.mp3	eaa03a4b635b6e03cd211572c29579d0853a13dd000f21799a0403adfcedc8a5	کسی وَیں نھالہ کھیں موحبتی مہ ڙِھکوۡژا تُھو،		1	0	twenties				mvy	
a240aedfe3c626e32c6d3733420d69f8a2961368ed9b6f79b70763d7f70eab05a4024884a41fc63becc1b4960568fcea9c5fa5bdc7501451b40e46b1216f1105	common_voice_mvy_42496614.mp3	b96aa6b4913d1d9728a4dbd337a71544a9049508cee4e98b4b1bb463b0aa2f0b	مَیں بئ اْےسېوں وات“۔		1	0	twenties				mvy	
a240aedfe3c626e32c6d3733420d69f8a2961368ed9b6f79b70763d7f70eab05a4024884a41fc63becc1b4960568fcea9c5fa5bdc7501451b40e46b1216f1105	common_voice_mvy_42496615.mp3	e3203b616eef5f94be0dceecd4cb27771501ed558563c45d9ecf51114d75a762	ہلیڙ سُگاؤ چُن٘ڑُوں پیݜی		1	0	twenties				mvy	
a240aedfe3c626e32c6d3733420d69f8a2961368ed9b6f79b70763d7f70eab05a4024884a41fc63becc1b4960568fcea9c5fa5bdc7501451b40e46b1216f1105	common_voice_mvy_42496617.mp3	e86930f9326e1bf53aa0ffa0484e77bca363944895d0dc9e46a6117cc228a564	ݜس بھرتہ ہر دیسؤں چؤر وار		1	0	twenties				mvy	
a240aedfe3c626e32c6d3733420d69f8a2961368ed9b6f79b70763d7f70eab05a4024884a41fc63becc1b4960568fcea9c5fa5bdc7501451b40e46b1216f1105	common_voice_mvy_42496621.mp3	cda67630c35da30d602c4e751f23c3240799f0c0d0b60b760f5eef9dccfe8dbe	تِیں کِراں اُو پسند تُھو؟		1	0	twenties				mvy	
a240aedfe3c626e32c6d3733420d69f8a2961368ed9b6f79b70763d7f70eab05a4024884a41fc63becc1b4960568fcea9c5fa5bdc7501451b40e46b1216f1105	common_voice_mvy_42496631.mp3	e7c87cef91a1dd15af2b70986452279ccca73ffbf8046c0db655f19405245f35	سُو مَٹی چَئی پُورژیلیۡ آں ہقل وَن لِیل ہُوئسیۡ،		1	0	twenties				mvy	
a240aedfe3c626e32c6d3733420d69f8a2961368ed9b6f79b70763d7f70eab05a4024884a41fc63becc1b4960568fcea9c5fa5bdc7501451b40e46b1216f1105	common_voice_mvy_42496636.mp3	d41701ff07ebb186ec63ec8cd887762ba65cc533558e237dc456eddd0c424775	بوئے بھرن٘ڈ دِتیۡ آں دِیو پھئیں گئ نہ اُلٹی کور نہ بئیلوۡ		1	0	twenties				mvy	
a240aedfe3c626e32c6d3733420d69f8a2961368ed9b6f79b70763d7f70eab05a4024884a41fc63becc1b4960568fcea9c5fa5bdc7501451b40e46b1216f1105	common_voice_mvy_42496637.mp3	e8a22caf359fa5f622f667a7f0924141ff4a3e6ea2697a3491d7d1a58eaf0d85	گشے چے ہر ژِباں متعلق گھِن٘ل علم		1	0	twenties				mvy	
a240aedfe3c626e32c6d3733420d69f8a2961368ed9b6f79b70763d7f70eab05a4024884a41fc63becc1b4960568fcea9c5fa5bdc7501451b40e46b1216f1105	common_voice_mvy_42496644.mp3	e53f4617ee80dec6940ae593849614271126df19a771d78e21c2f24c5a0dce08	گِن چے بے کؤں قانُون سان٘د آں تسی لا تے کؤں عمل نیر		1	0	twenties				mvy	
a240aedfe3c626e32c6d3733420d69f8a2961368ed9b6f79b70763d7f70eab05a4024884a41fc63becc1b4960568fcea9c5fa5bdc7501451b40e46b1216f1105	common_voice_mvy_42496650.mp3	ebb4aee1a14f6780420f600a12438c4cbd3893fa1935ba1d7211f4b6281015cf	خاص خلکہ وَیں ہلالیں مہ بُون کران٘سیۡ		1	0	twenties				mvy	
a240aedfe3c626e32c6d3733420d69f8a2961368ed9b6f79b70763d7f70eab05a4024884a41fc63becc1b4960568fcea9c5fa5bdc7501451b40e46b1216f1105	common_voice_mvy_42496651.mp3	e23c3f5af14cad10c6e94e16c78565a12dd43603d01172ab8bf1e9aff36864a8	کلہۡ کلہۡ ݜَیں علامات مُتیۡ مرضیُوں ملی اکٹھی ایں تھی۔		1	0	twenties				mvy	
a240aedfe3c626e32c6d3733420d69f8a2961368ed9b6f79b70763d7f70eab05a4024884a41fc63becc1b4960568fcea9c5fa5bdc7501451b40e46b1216f1105	common_voice_mvy_42496652.mp3	c7d0f39ba8253d3b09d703742f63f4f29f1b1e5827609cf8ac8a9d3808d57727	آں سِوَیں نَیں چِٹژَیں آن٘سیۡ۔		1	0	twenties				mvy	
a240aedfe3c626e32c6d3733420d69f8a2961368ed9b6f79b70763d7f70eab05a4024884a41fc63becc1b4960568fcea9c5fa5bdc7501451b40e46b1216f1105	common_voice_mvy_42496662.mp3	90c5cbb65649817d0777e2572d75a97b5aba330d7d8428a110af2029009e93c9	ݜَیں مریض مختلف علاماتؤں ہِن ہسپتالے ای یان٘س۔		1	0	twenties				mvy	
a240aedfe3c626e32c6d3733420d69f8a2961368ed9b6f79b70763d7f70eab05a4024884a41fc63becc1b4960568fcea9c5fa5bdc7501451b40e46b1216f1105	common_voice_mvy_42496667.mp3	d5b821bdd27404ca217acc5eb3b6644cb72777b7c406a3f5a20e11362ca8e9f7	دان٘ڑیالہ ہِن اَین٘یاں گھؤں ختم ہوں		1	0	twenties				mvy	
a240aedfe3c626e32c6d3733420d69f8a2961368ed9b6f79b70763d7f70eab05a4024884a41fc63becc1b4960568fcea9c5fa5bdc7501451b40e46b1216f1105	common_voice_mvy_42496670.mp3	e5e2172a9deeff2a4a4307373f6c081cf1f00e123080e758402179a89d82cd31	ݜُو رن٘گاں بِڅَیں گتہ کتابہۡ واں شکلہ مہ		1	0	twenties				mvy	
a240aedfe3c626e32c6d3733420d69f8a2961368ed9b6f79b70763d7f70eab05a4024884a41fc63becc1b4960568fcea9c5fa5bdc7501451b40e46b1216f1105	common_voice_mvy_42496676.mp3	e9ae2e6b18b460a585f659b8056bcdaa2de1e1537c3b20ec556f7c5f0cbafa12	شریعتیاں مُون٘ڈہۡ واں مطالعہ کرے		1	0	twenties				mvy	
a240aedfe3c626e32c6d3733420d69f8a2961368ed9b6f79b70763d7f70eab05a4024884a41fc63becc1b4960568fcea9c5fa5bdc7501451b40e46b1216f1105	common_voice_mvy_42496679.mp3	e76391b5c10e11247aec8705734b9c6511e1309d33c10eca92d2191f0c5ccf36	تِگَے گِی چَھل تُھو؟		1	0	twenties				mvy	
a240aedfe3c626e32c6d3733420d69f8a2961368ed9b6f79b70763d7f70eab05a4024884a41fc63becc1b4960568fcea9c5fa5bdc7501451b40e46b1216f1105	common_voice_mvy_42496682.mp3	c5916c30b3e9abc2b0041967f0c74d78d50b32d9a229f0bd6edae1f3092fcd1d	کؤں دېس تی گائ رُپئ بارژِلیۡ کھیں		1	0	twenties				mvy	
a240aedfe3c626e32c6d3733420d69f8a2961368ed9b6f79b70763d7f70eab05a4024884a41fc63becc1b4960568fcea9c5fa5bdc7501451b40e46b1216f1105	common_voice_mvy_42496686.mp3	df42fd237c55daa9d24797a95b935da8dc94153d09576360fe9a107037bc7c92	بلکے دیت دیوں ہو تُھو۔		1	0	twenties				mvy	
a240aedfe3c626e32c6d3733420d69f8a2961368ed9b6f79b70763d7f70eab05a4024884a41fc63becc1b4960568fcea9c5fa5bdc7501451b40e46b1216f1105	common_voice_mvy_42496693.mp3	c19f9da31fe6591b599f4960eeb14545c595db36e0fd0f0e0530607854ea8ffa	(گِنہۡ چے اسیں قامے اس دِینَیں بال بنَیں وجہۡ نہ مارېلس)۔		1	0	twenties				mvy	
a240aedfe3c626e32c6d3733420d69f8a2961368ed9b6f79b70763d7f70eab05a4024884a41fc63becc1b4960568fcea9c5fa5bdc7501451b40e46b1216f1105	common_voice_mvy_42496694.mp3	a7152f312fb5c988fb8ca61b57d8afd3789b3646d5ea955d6790c6f6e8216a87	آں زاں کؤں رٹَان٘لو نی تُھو		1	0	twenties				mvy	
a240aedfe3c626e32c6d3733420d69f8a2961368ed9b6f79b70763d7f70eab05a4024884a41fc63becc1b4960568fcea9c5fa5bdc7501451b40e46b1216f1105	common_voice_mvy_42496695.mp3	dff2ec26f452dc98449ac930e96c2dda79f8617f634e70fa26ad2f32f99a0244	اسی ہِن گتہ بھژدہ لاقتی زئ لا دھراں تھی۔		1	0	twenties				mvy	
a240aedfe3c626e32c6d3733420d69f8a2961368ed9b6f79b70763d7f70eab05a4024884a41fc63becc1b4960568fcea9c5fa5bdc7501451b40e46b1216f1105	common_voice_mvy_42496698.mp3	bbd259d7659357007252a79b7281f5b891d4b93882a6a9dfa6c341400384990a	پیدائش نہ پاتیُوں، سو وختَیں رِواجَیں مطابق		1	0	twenties				mvy	
a240aedfe3c626e32c6d3733420d69f8a2961368ed9b6f79b70763d7f70eab05a4024884a41fc63becc1b4960568fcea9c5fa5bdc7501451b40e46b1216f1105	common_voice_mvy_42496702.mp3	de36f9f3e79338a75ff2c3ec62d4d6f049489485c2096c8cb540263d1d660afa	گِشے چے مال ایک اہم څیز تُھو		1	0	twenties				mvy	
a240aedfe3c626e32c6d3733420d69f8a2961368ed9b6f79b70763d7f70eab05a4024884a41fc63becc1b4960568fcea9c5fa5bdc7501451b40e46b1216f1105	common_voice_mvy_42496703.mp3	d8ed02aafca486a7040ed4b7d91def66dc577b81325146a8081c9cf3af4e46c4	مژ مژ سو مٹی پاتُو پُھٹ کیرِسیۡ۔		1	0	twenties				mvy	
a240aedfe3c626e32c6d3733420d69f8a2961368ed9b6f79b70763d7f70eab05a4024884a41fc63becc1b4960568fcea9c5fa5bdc7501451b40e46b1216f1105	common_voice_mvy_42496714.mp3	e68ee5b2d2cf3d6837bc30b4a1d7933705873be33285a565c3cd9b76b0de022e	کسی وَیں نھالُوں سُگاؤ کان٘ڑ دِیان٘س۔		1	0	twenties				mvy	
a240aedfe3c626e32c6d3733420d69f8a2961368ed9b6f79b70763d7f70eab05a4024884a41fc63becc1b4960568fcea9c5fa5bdc7501451b40e46b1216f1105	common_voice_mvy_42496715.mp3	e8a2195c5bf187831ed3652475ca591289319229c2642177c0c6fcd2313162dd	کھیں مژ سو ٹیم چے کؤں وخ گیس یا بجلی نی ہُون٘دیۡ کھیں تسے لوڈ شیڈِن٘گ بناں تھہ		1	0	twenties				mvy	
a240aedfe3c626e32c6d3733420d69f8a2961368ed9b6f79b70763d7f70eab05a4024884a41fc63becc1b4960568fcea9c5fa5bdc7501451b40e46b1216f1105	common_voice_mvy_42496721.mp3	eb6919d20391ab625fb63824e0f3e904c85f91889741d7ba7dad6bd5053a17aa	گازریاں رس، پالکاں رس، آں نیمبُو ملا گیل چھا۔		1	0	twenties				mvy	
a240aedfe3c626e32c6d3733420d69f8a2961368ed9b6f79b70763d7f70eab05a4024884a41fc63becc1b4960568fcea9c5fa5bdc7501451b40e46b1216f1105	common_voice_mvy_42496740.mp3	e71bc2e80c9e4759aa7737a4ac4cc9f5fa9f72588377b22c2b1f89bfe9dd7026	شراب ہُم نشہ کرے عقل بے کار کیریان٘س		1	0	twenties				mvy	
a240aedfe3c626e32c6d3733420d69f8a2961368ed9b6f79b70763d7f70eab05a4024884a41fc63becc1b4960568fcea9c5fa5bdc7501451b40e46b1216f1105	common_voice_mvy_42496743.mp3	ed31c3ca7fe11273a1052704a7a32657e44a4676a495ebf3b8562b1b07c9a19c	الاں ݜُو بال معلوم ہُوئ تھی		1	0	twenties				mvy	
a240aedfe3c626e32c6d3733420d69f8a2961368ed9b6f79b70763d7f70eab05a4024884a41fc63becc1b4960568fcea9c5fa5bdc7501451b40e46b1216f1105	common_voice_mvy_42496745.mp3	d939b9c137426f4cd5cdacaefcfca4852b99f36d31c59a624e651ca808d868fd	سَخ گرمیاں وخ آن٘س۔		1	0	twenties				mvy	
a240aedfe3c626e32c6d3733420d69f8a2961368ed9b6f79b70763d7f70eab05a4024884a41fc63becc1b4960568fcea9c5fa5bdc7501451b40e46b1216f1105	common_voice_mvy_42496748.mp3	ee4d95d79369b4b7fc33fc27d4fcdbbf732b156e84a866223805615c727a7047	کاروباری ماݜاں یقین نی ای یان٘س چےۡ ݜے گِشے ہویں تھی		1	0	twenties				mvy	
a240aedfe3c626e32c6d3733420d69f8a2961368ed9b6f79b70763d7f70eab05a4024884a41fc63becc1b4960568fcea9c5fa5bdc7501451b40e46b1216f1105	common_voice_mvy_42496751.mp3	c3bcd46580634749911d0845ffcce5ac0f3c23617e3e751f69a27d040efef681	عبادتی تے غیر عبادتی واں بارہ مہ حُکمہ،		1	0	twenties				mvy	
a240aedfe3c626e32c6d3733420d69f8a2961368ed9b6f79b70763d7f70eab05a4024884a41fc63becc1b4960568fcea9c5fa5bdc7501451b40e46b1216f1105	common_voice_mvy_42496759.mp3	cd824c32a178667d981602b1dc402b75bdfe892b9528bd732de7a2830301c7eb	لازمی کمہۡ تے اصولاں پورژیلؤں تقسیم کرچھی۔		1	0	twenties				mvy	
a240aedfe3c626e32c6d3733420d69f8a2961368ed9b6f79b70763d7f70eab05a4024884a41fc63becc1b4960568fcea9c5fa5bdc7501451b40e46b1216f1105	common_voice_mvy_42496772.mp3	e23da273c4d0814264764050475acfa0487d8ac7c767e51b81ea5706dfd68216	ران٘گ لُوہہۡ تے پن٘ڈر، آن٘ڇھی واں مُݜُو کِݜیُوں،		1	0	twenties				mvy	
a240aedfe3c626e32c6d3733420d69f8a2961368ed9b6f79b70763d7f70eab05a4024884a41fc63becc1b4960568fcea9c5fa5bdc7501451b40e46b1216f1105	common_voice_mvy_42496775.mp3	ece107c6cbb8c710ec4244fa0aae3d51c6e401afd10d909fd6be87027dd76798	بِڅَیں ژیب کوستَیں ژِبہۡ مہ ہُم ݜُو رن٘گَیں چئ قیمتی قیمتی بلی		1	0	twenties				mvy	
a240aedfe3c626e32c6d3733420d69f8a2961368ed9b6f79b70763d7f70eab05a4024884a41fc63becc1b4960568fcea9c5fa5bdc7501451b40e46b1216f1105	common_voice_mvy_42496776.mp3	e078dd8c82508df114b1260045b9b76d93e0c7d0957af74133cf5027af3a4a34	سمُو دژاگلے ہُگیۡ اُڇھی لاء دی		1	0	twenties				mvy	
a240aedfe3c626e32c6d3733420d69f8a2961368ed9b6f79b70763d7f70eab05a4024884a41fc63becc1b4960568fcea9c5fa5bdc7501451b40e46b1216f1105	common_voice_mvy_42496788.mp3	ceaf9eb392b4bbe5e0872b0a0730567b10f2c8219755f94b644570199bd94337	آں ݜُو وجہۡ نہ اېں (دین نہ) ناخبر ہُو تُھو۔		1	0	twenties				mvy	
a240aedfe3c626e32c6d3733420d69f8a2961368ed9b6f79b70763d7f70eab05a4024884a41fc63becc1b4960568fcea9c5fa5bdc7501451b40e46b1216f1105	common_voice_mvy_42496789.mp3	c3db78d62cc54126c88543a2953ff2e225016a9fd86b70af4f092c61dcc2449b	آں ہلالِیں اے چِیغ دِتیۡ،		1	0	twenties				mvy	
a240aedfe3c626e32c6d3733420d69f8a2961368ed9b6f79b70763d7f70eab05a4024884a41fc63becc1b4960568fcea9c5fa5bdc7501451b40e46b1216f1105	common_voice_mvy_42496810.mp3	bfc1be3e030e833899818a6baad2b64f51390c1f6b2cffe8a6d11415d9ed7062	دُو ماٹی آں ایک گھریۡماݜ جُدا ہُو بھئ روان ہُوندیۡ۔		1	0	twenties				mvy	
4281ed2314a2c85676db55efdfd06ae0e80cca28b8a50303c9a63524c1b0bccc51e7d7dd44e22e4f6f155ee87c22d5c9f9423d73d9afcbb03a5b77e125c05f09	common_voice_mvy_42514998.mp3	ea6ab019b21905249b8146c8eb7bc9cc2c1da9d257119c6677c7c4cfaa2631d1	کے پی کے ایں ایک پسماندہ علاقہ کوہستان یعنی		1	0	thirties		کھیل/دوبېرَیں		mvy	
4281ed2314a2c85676db55efdfd06ae0e80cca28b8a50303c9a63524c1b0bccc51e7d7dd44e22e4f6f155ee87c22d5c9f9423d73d9afcbb03a5b77e125c05f09	common_voice_mvy_42514999.mp3	e53c366d892ee66d040142142410442fe5a806e943b0fb9c9cb60d83aaf6384f	اسیں مطلب ݜے تھی چے		1	0	thirties		کھیل/دوبېرَیں		mvy	
4281ed2314a2c85676db55efdfd06ae0e80cca28b8a50303c9a63524c1b0bccc51e7d7dd44e22e4f6f155ee87c22d5c9f9423d73d9afcbb03a5b77e125c05f09	common_voice_mvy_42515001.mp3	cf1aadf522bcfbd8c3d9067140e6e76a133b1519752a7e0ee062edc946b6d8df	گوریلو ڇھیرہ مژ ملا گلے پویں ہِن ہُم		1	0	thirties		کھیل/دوبېرَیں		mvy	
4281ed2314a2c85676db55efdfd06ae0e80cca28b8a50303c9a63524c1b0bccc51e7d7dd44e22e4f6f155ee87c22d5c9f9423d73d9afcbb03a5b77e125c05f09	common_voice_mvy_42515002.mp3	f4a765991ccb050f0093bd6d56f68d427b9dcec987bdf4a34f93867647a436ad	آں تسے تُس جمع کرژا تھہ۔		1	0	thirties		کھیل/دوبېرَیں		mvy	
4281ed2314a2c85676db55efdfd06ae0e80cca28b8a50303c9a63524c1b0bccc51e7d7dd44e22e4f6f155ee87c22d5c9f9423d73d9afcbb03a5b77e125c05f09	common_voice_mvy_42515004.mp3	ccb756da6b92d5011c413cd4ed093f125038611da64b3da8c6351166b2ee1932	ہِلاک دیسؤں مژ کمٹہۡ ختم ہوتھہ .		1	0	thirties		کھیل/دوبېرَیں		mvy	
4281ed2314a2c85676db55efdfd06ae0e80cca28b8a50303c9a63524c1b0bccc51e7d7dd44e22e4f6f155ee87c22d5c9f9423d73d9afcbb03a5b77e125c05f09	common_voice_mvy_42515008.mp3	ed63a381704277711e21ba4753f9138cf476bd65d1d5be6fb5c2a616f8cfef57	مذکر تسے بناں تھہ چےتسی مہ تانیثَیں علامہ نی ہو		1	0	thirties		کھیل/دوبېرَیں		mvy	
4281ed2314a2c85676db55efdfd06ae0e80cca28b8a50303c9a63524c1b0bccc51e7d7dd44e22e4f6f155ee87c22d5c9f9423d73d9afcbb03a5b77e125c05f09	common_voice_mvy_42515009.mp3	e276c95f1a42b074a2a19c134f67019b8bf55b5b2dc5ce43c115f279e99eb293	تِئیں کِراں گی پکار تُھو؟		1	0	thirties		کھیل/دوبېرَیں		mvy	
4281ed2314a2c85676db55efdfd06ae0e80cca28b8a50303c9a63524c1b0bccc51e7d7dd44e22e4f6f155ee87c22d5c9f9423d73d9afcbb03a5b77e125c05f09	common_voice_mvy_42515010.mp3	b5fc4b98857da2a7ce0bdef980a68c120c7cdb6bb0282e0cc6d5921cc8faf825	کَہ اُو ڇین٘ھ آن٘سیۡ کھِیں صِرف بال دَھیٶں تھُو۔		1	0	thirties		کھیل/دوبېرَیں		mvy	
4281ed2314a2c85676db55efdfd06ae0e80cca28b8a50303c9a63524c1b0bccc51e7d7dd44e22e4f6f155ee87c22d5c9f9423d73d9afcbb03a5b77e125c05f09	common_voice_mvy_42515014.mp3	e69bb6cdd6e89c83710370af4d041efc1d7afabb70a5c8f947cd13e2544d4c9a	یقینًا اُو ایک من٘ڑنئ کاوش تھی۔		1	0	thirties		کھیل/دوبېرَیں		mvy	
4281ed2314a2c85676db55efdfd06ae0e80cca28b8a50303c9a63524c1b0bccc51e7d7dd44e22e4f6f155ee87c22d5c9f9423d73d9afcbb03a5b77e125c05f09	common_voice_mvy_42515016.mp3	9116ec1c2a63b5ee8206ed35878b66794777cfb2486adafb4b60dcfd15f9f4c1	ایک چُݩڈی لُوں ژِبہۡ لا چھا دش مِلٹہ		1	0	thirties		کھیل/دوبېرَیں		mvy	
4281ed2314a2c85676db55efdfd06ae0e80cca28b8a50303c9a63524c1b0bccc51e7d7dd44e22e4f6f155ee87c22d5c9f9423d73d9afcbb03a5b77e125c05f09	common_voice_mvy_42515018.mp3	ec23fef6ac2478e3989b7b84c6f349ba07e36fd78ac65d3fd447fe4c9293320d	ݜُو کال حضورؐ اے حضرت ابو بکر صدیقؓ حَجاں گھېن٘رو کرے ڇِہېو		1	0	thirties		کھیل/دوبېرَیں		mvy	
4281ed2314a2c85676db55efdfd06ae0e80cca28b8a50303c9a63524c1b0bccc51e7d7dd44e22e4f6f155ee87c22d5c9f9423d73d9afcbb03a5b77e125c05f09	common_voice_mvy_42515019.mp3	f0e4a68e5d888414058afe05ab68968fb540286f21c3ebad7af05abd359c447d	آں مادہ پرست خلکہ واں کریا		1	0	thirties		کھیل/دوبېرَیں		mvy	
4281ed2314a2c85676db55efdfd06ae0e80cca28b8a50303c9a63524c1b0bccc51e7d7dd44e22e4f6f155ee87c22d5c9f9423d73d9afcbb03a5b77e125c05f09	common_voice_mvy_42515024.mp3	e80d8f17804eb4dbb5fbb52def0b5f931efce54d051830eb6c7f51ab00368967	مالکی مذہب، شافعی مذہب آں حنبلی مذہب		1	0	thirties		کھیل/دوبېرَیں		mvy	
4281ed2314a2c85676db55efdfd06ae0e80cca28b8a50303c9a63524c1b0bccc51e7d7dd44e22e4f6f155ee87c22d5c9f9423d73d9afcbb03a5b77e125c05f09	common_voice_mvy_42515028.mp3	f25234e2a56b34d8fd530f7805ce2d7e31a6bd63d977feb047d7dbeda3734613	آں ایک څیز چے مُتاں دَن شرط سن٘دژی تھو،		1	0	thirties		کھیل/دوبېرَیں		mvy	
4281ed2314a2c85676db55efdfd06ae0e80cca28b8a50303c9a63524c1b0bccc51e7d7dd44e22e4f6f155ee87c22d5c9f9423d73d9afcbb03a5b77e125c05f09	common_voice_mvy_42515029.mp3	b8de27da7fb602d029f7a0e8db5f0226b5480af16171a482a7c4bf8222f88936	رُکوع تے سجدہ مہ ڇا ڇا ہیش تسبیح بنؤں سنت تھُو۔		1	0	thirties		کھیل/دوبېرَیں		mvy	
4281ed2314a2c85676db55efdfd06ae0e80cca28b8a50303c9a63524c1b0bccc51e7d7dd44e22e4f6f155ee87c22d5c9f9423d73d9afcbb03a5b77e125c05f09	common_voice_mvy_42515031.mp3	eae4fb5f6e2eb6c086b1f08310117efeef91cd490e9e0900257cab109dec5d7a	اک گھوں میدؤں تُھو چے تسی مُوں لیل نی ہُویان٘س		1	0	thirties		کھیل/دوبېرَیں		mvy	
4281ed2314a2c85676db55efdfd06ae0e80cca28b8a50303c9a63524c1b0bccc51e7d7dd44e22e4f6f155ee87c22d5c9f9423d73d9afcbb03a5b77e125c05f09	common_voice_mvy_42515032.mp3	e3f4c31d9bfcd2a731410f83c213f01bf9570a775a520a0840cf8e8f74b6bda6	بِڅاں بھاٶں مژ گھریۡ ماݜہ وَیں پلیلیۡ مرض		1	0	thirties		کھیل/دوبېرَیں		mvy	
4281ed2314a2c85676db55efdfd06ae0e80cca28b8a50303c9a63524c1b0bccc51e7d7dd44e22e4f6f155ee87c22d5c9f9423d73d9afcbb03a5b77e125c05f09	common_voice_mvy_42515043.mp3	efcfcc3382ef5ddce0b90ffcb2b62f8e35377ce011f4d971b52609d7df70e7b1	آں اېں بنا تُھو: زَیں ݜُون٘یۡلیۡ تے اماں پورژال ہو وتے آژ (بے) ݜېں لومبؤں مہ		1	0	thirties		کھیل/دوبېرَیں		mvy	
4281ed2314a2c85676db55efdfd06ae0e80cca28b8a50303c9a63524c1b0bccc51e7d7dd44e22e4f6f155ee87c22d5c9f9423d73d9afcbb03a5b77e125c05f09	common_voice_mvy_42515044.mp3	e079575ed2d6dfe94d0626e47b61bd73de760104d381cd346832434d5b759dea	سالمَن٘ڈ بانیۡ تُھو:		1	0	thirties		کھیل/دوبېرَیں		mvy	
4281ed2314a2c85676db55efdfd06ae0e80cca28b8a50303c9a63524c1b0bccc51e7d7dd44e22e4f6f155ee87c22d5c9f9423d73d9afcbb03a5b77e125c05f09	common_voice_mvy_42515047.mp3	e793829ae66a55a5d23c814b30d60104b04ace1698fa662d96bdd1529d16a9bf	کچہ گازریۡ ایک یُون٘ہہۡ روزانہ سُگو چپے کَھیں ہِن		1	0	thirties		کھیل/دوبېرَیں		mvy	
4281ed2314a2c85676db55efdfd06ae0e80cca28b8a50303c9a63524c1b0bccc51e7d7dd44e22e4f6f155ee87c22d5c9f9423d73d9afcbb03a5b77e125c05f09	common_voice_mvy_42515050.mp3	9bc7839d45dbccef6a5fa6c0ba4e8c92f23826201ed010a5ba65ddb7bb81c0a3	نِوان٘ز مہ ماݜ کہ ݜے کمل یا څادر تل گیل		1	0	thirties		کھیل/دوبېرَیں		mvy	
4281ed2314a2c85676db55efdfd06ae0e80cca28b8a50303c9a63524c1b0bccc51e7d7dd44e22e4f6f155ee87c22d5c9f9423d73d9afcbb03a5b77e125c05f09	common_voice_mvy_42515052.mp3	5ad228f9db553f5a99bc8ab61f9481d0861823a750092368077ca182ecf37b17	ٹِپیۡ گَن٘ڈیلس کھِیں اُو تَل مسح کَرالے۔		1	0	thirties		کھیل/دوبېرَیں		mvy	
4281ed2314a2c85676db55efdfd06ae0e80cca28b8a50303c9a63524c1b0bccc51e7d7dd44e22e4f6f155ee87c22d5c9f9423d73d9afcbb03a5b77e125c05f09	common_voice_mvy_42515055.mp3	ebd1a0f2b47406e00060e9d6d95ceec470c43fe3337886c51fa7bee1ce2032b0	تسی نہ مزہ ہرَیں یاں اِجازہ ہُوئ تھُو		1	0	thirties		کھیل/دوبېرَیں		mvy	
4281ed2314a2c85676db55efdfd06ae0e80cca28b8a50303c9a63524c1b0bccc51e7d7dd44e22e4f6f155ee87c22d5c9f9423d73d9afcbb03a5b77e125c05f09	common_voice_mvy_42515056.mp3	e8b939e11cbc6d27ccfc927deb59ad2143afb738eb53aec4c7005e182bb99b67	اسے عربی ژیب لا سُگاؤ پورژؤں پکار تُھو؛		1	0	thirties		کھیل/دوبېرَیں		mvy	
4281ed2314a2c85676db55efdfd06ae0e80cca28b8a50303c9a63524c1b0bccc51e7d7dd44e22e4f6f155ee87c22d5c9f9423d73d9afcbb03a5b77e125c05f09	common_voice_mvy_42515057.mp3	e7f68263514987d094fd646ff5300ac162ca6f2770bfe0505200303f8352ed3e	علاقہ مہ گی سم کام نی ہُوئ تُھو۔		1	0	thirties		کھیل/دوبېرَیں		mvy	
4281ed2314a2c85676db55efdfd06ae0e80cca28b8a50303c9a63524c1b0bccc51e7d7dd44e22e4f6f155ee87c22d5c9f9423d73d9afcbb03a5b77e125c05f09	common_voice_mvy_42515058.mp3	e8e56a13befd7099e1ab7a8bb2a1860a9cadd18a8e2f5e198ff7546cb23f1755	آں ݜتک گُٹُمبیۡ چےۡ گھو ڇھپ دی پاریۡ کِھن٘گی نی ڇېلاہاں،		1	0	thirties		کھیل/دوبېرَیں		mvy	
4281ed2314a2c85676db55efdfd06ae0e80cca28b8a50303c9a63524c1b0bccc51e7d7dd44e22e4f6f155ee87c22d5c9f9423d73d9afcbb03a5b77e125c05f09	common_voice_mvy_42515060.mp3	da62576fded438289b1aac25494a29a83f902f1354b427022a4659a6bcc294b6	ڈاگدرہ کے بݜ ہوں آں مشورہ ہرؤں۔		1	0	thirties		کھیل/دوبېرَیں		mvy	
4281ed2314a2c85676db55efdfd06ae0e80cca28b8a50303c9a63524c1b0bccc51e7d7dd44e22e4f6f155ee87c22d5c9f9423d73d9afcbb03a5b77e125c05f09	common_voice_mvy_42515061.mp3	dec7cd60003c0a0f77094667fd6d7fe7cfe859637b7a12cbf1d87b6562396678	ہَتہۡ تے کُھرہ وَیں تلی پون٘شیلیۡ آنسیۡ؛		1	0	thirties		کھیل/دوبېرَیں		mvy	
4281ed2314a2c85676db55efdfd06ae0e80cca28b8a50303c9a63524c1b0bccc51e7d7dd44e22e4f6f155ee87c22d5c9f9423d73d9afcbb03a5b77e125c05f09	common_voice_mvy_42515062.mp3	f378352b30fcee45957898e8f17ff27eddb45402a3c2be7f29650532f5e4d165	سِواں ݜلہ ذِکر ہو تُھو۔		1	0	thirties		کھیل/دوبېرَیں		mvy	
4281ed2314a2c85676db55efdfd06ae0e80cca28b8a50303c9a63524c1b0bccc51e7d7dd44e22e4f6f155ee87c22d5c9f9423d73d9afcbb03a5b77e125c05f09	common_voice_mvy_42515070.mp3	ddee69f85581a642c92f6d6328adb6191053bab7ad97d08e065f18c04bc0a677	ولے اؤن٘ݜَیں ہاریۡ عِبادت بِگوݜژیل تھی۔		1	0	thirties		کھیل/دوبېرَیں		mvy	
4281ed2314a2c85676db55efdfd06ae0e80cca28b8a50303c9a63524c1b0bccc51e7d7dd44e22e4f6f155ee87c22d5c9f9423d73d9afcbb03a5b77e125c05f09	common_voice_mvy_42515071.mp3	ce8198194447af745625e2ed0c5e451c8fa16e5e039e52521607ec921a9a27cc	تسیۡ مژ گُھوں، لېکھوۡ؛ مېشوال، گھریۡ ماݜاں گیۡ فرَق نیۡ آن٘س؛		1	0	thirties		کھیل/دوبېرَیں		mvy	
4281ed2314a2c85676db55efdfd06ae0e80cca28b8a50303c9a63524c1b0bccc51e7d7dd44e22e4f6f155ee87c22d5c9f9423d73d9afcbb03a5b77e125c05f09	common_voice_mvy_42515072.mp3	e23ba8f6cd8ecf5b505967f7e5af8f066379baa9ad3668faf20076481585f37f	چےۡ مکّہ نہ دَش مېل مُغدار لا طاٸفہ نہ موٹُھو		1	0	thirties		کھیل/دوبېرَیں		mvy	
4281ed2314a2c85676db55efdfd06ae0e80cca28b8a50303c9a63524c1b0bccc51e7d7dd44e22e4f6f155ee87c22d5c9f9423d73d9afcbb03a5b77e125c05f09	common_voice_mvy_42515077.mp3	af3d7c4971c91ab7378de86ff4a3558fed6d82e1826a4fd6c82a0825274f8e7c	اِوَیں (جنتیان وَیں) گھریں (سېں سُگایہ،		1	0	thirties		کھیل/دوبېرَیں		mvy	
4281ed2314a2c85676db55efdfd06ae0e80cca28b8a50303c9a63524c1b0bccc51e7d7dd44e22e4f6f155ee87c22d5c9f9423d73d9afcbb03a5b77e125c05f09	common_voice_mvy_42515084.mp3	f279f9353229c9197f5bace76280e811147d956bd8a14700ddf828e3edd951e6	اِوَیں مِراث اِواں تاں ذاتی قانُون لا ہو تھی۔		1	0	thirties		کھیل/دوبېرَیں		mvy	
4281ed2314a2c85676db55efdfd06ae0e80cca28b8a50303c9a63524c1b0bccc51e7d7dd44e22e4f6f155ee87c22d5c9f9423d73d9afcbb03a5b77e125c05f09	common_voice_mvy_42515086.mp3	f1679655152b0ae8e86f2b73615486c57438011de829912a55a2735fde5c46c2	وزیراعظم نہ بکر چار ہاریۡ ہر ایک استعمال کیریۡ تُھو۔		1	0	thirties		کھیل/دوبېرَیں		mvy	
4281ed2314a2c85676db55efdfd06ae0e80cca28b8a50303c9a63524c1b0bccc51e7d7dd44e22e4f6f155ee87c22d5c9f9423d73d9afcbb03a5b77e125c05f09	common_voice_mvy_42515087.mp3	e1093d8b6594f00a0af2cb34c6024196bb765fc399404bf8e8eba1073e997621	زُمُکاں مھو لا اېک گی څیز دھری تُھو نَیں۔		1	0	thirties		کھیل/دوبېرَیں		mvy	
4281ed2314a2c85676db55efdfd06ae0e80cca28b8a50303c9a63524c1b0bccc51e7d7dd44e22e4f6f155ee87c22d5c9f9423d73d9afcbb03a5b77e125c05f09	common_voice_mvy_42515089.mp3	ee5df6170ee2d825863c6c3fa8a3c562db2062259a0b1e43db655e1fa231c4de	بُوڇھ کم دېوں آں چُن٘ڑیۡ ژر ہوں		1	0	thirties		کھیل/دوبېرَیں		mvy	
4281ed2314a2c85676db55efdfd06ae0e80cca28b8a50303c9a63524c1b0bccc51e7d7dd44e22e4f6f155ee87c22d5c9f9423d73d9afcbb03a5b77e125c05f09	common_voice_mvy_42515091.mp3	e429d0c0948f858d5fb00e3fdeffcf75b858150ca954068b466fd446619d8377	آں لیکھ کُلٹو ختم ہوتھہ۔		1	0	thirties		کھیل/دوبېرَیں		mvy	
4281ed2314a2c85676db55efdfd06ae0e80cca28b8a50303c9a63524c1b0bccc51e7d7dd44e22e4f6f155ee87c22d5c9f9423d73d9afcbb03a5b77e125c05f09	common_voice_mvy_42515092.mp3	de3d455855540312ca69218c36541b0536f8ea248b264695a1f1d90939f168aa	چے بھاٶ کھݜ کرِگ لہ یاتی بگ څیز		1	0	thirties		کھیل/دوبېرَیں		mvy	
4281ed2314a2c85676db55efdfd06ae0e80cca28b8a50303c9a63524c1b0bccc51e7d7dd44e22e4f6f155ee87c22d5c9f9423d73d9afcbb03a5b77e125c05f09	common_voice_mvy_42515094.mp3	ed2f5683914333fcfb87ba766360fb6452bed7d88d8b78a94964e8a2ca60bba4	وہ بلبل اللہ پاکے تئیں بندگی یاں کریا زؤں پیدا کرہ چھے		1	0	thirties		کھیل/دوبېرَیں		mvy	
4281ed2314a2c85676db55efdfd06ae0e80cca28b8a50303c9a63524c1b0bccc51e7d7dd44e22e4f6f155ee87c22d5c9f9423d73d9afcbb03a5b77e125c05f09	common_voice_mvy_42515095.mp3	dffe305e879987d855f7ed3c54787dcf9494fc0e2c8e76c413490738aff262e6	زوانی ایلیۡ کھیں ݜُو لام بارُژیۡ تھی۔		1	0	thirties		کھیل/دوبېرَیں		mvy	
4281ed2314a2c85676db55efdfd06ae0e80cca28b8a50303c9a63524c1b0bccc51e7d7dd44e22e4f6f155ee87c22d5c9f9423d73d9afcbb03a5b77e125c05f09	common_voice_mvy_42515096.mp3	e8e403338edd76c7d8bfabb706a403832e0a9b4e4b8cf2f031992564a19090ed	چے بھرتہ لکھَیں سن٘دُژ۔		1	0	thirties		کھیل/دوبېرَیں		mvy	
4281ed2314a2c85676db55efdfd06ae0e80cca28b8a50303c9a63524c1b0bccc51e7d7dd44e22e4f6f155ee87c22d5c9f9423d73d9afcbb03a5b77e125c05f09	common_voice_mvy_42515099.mp3	da86514bdda66e8ed38368a42bf237f1f6d92899c5b72c4df9d85a750569c089	نِوان٘ز کران٘لو نِوان٘ز مہ شان٘مُدام ایک سُورت بان،		1	0	thirties		کھیل/دوبېرَیں		mvy	
4281ed2314a2c85676db55efdfd06ae0e80cca28b8a50303c9a63524c1b0bccc51e7d7dd44e22e4f6f155ee87c22d5c9f9423d73d9afcbb03a5b77e125c05f09	common_voice_mvy_42515100.mp3	f58330040e3c93bf39741a9ec80a09031fe9f823ba3484044cee287c5e72ea00	کہ متوازن غذا نی ملِلیۡ کھیں		1	0	thirties		کھیل/دوبېرَیں		mvy	
4281ed2314a2c85676db55efdfd06ae0e80cca28b8a50303c9a63524c1b0bccc51e7d7dd44e22e4f6f155ee87c22d5c9f9423d73d9afcbb03a5b77e125c05f09	common_voice_mvy_42515101.mp3	f0f353fff2f325ca0159f61f585b11fb828c3cd7ff62042b700b4f74cda6eeea	مالاں زخماں شن٘گلو ہِن علاج		1	0	thirties		کھیل/دوبېرَیں		mvy	
4281ed2314a2c85676db55efdfd06ae0e80cca28b8a50303c9a63524c1b0bccc51e7d7dd44e22e4f6f155ee87c22d5c9f9423d73d9afcbb03a5b77e125c05f09	common_voice_mvy_42515113.mp3	b7ce8933c31772f8cb8966855cb08f4c044e13138a93b9814bb54802516835a3	ݜُو رات نِکؤں ڈاگ لا لیل ہو یا پلېل۔		1	0	thirties		کھیل/دوبېرَیں		mvy	
4281ed2314a2c85676db55efdfd06ae0e80cca28b8a50303c9a63524c1b0bccc51e7d7dd44e22e4f6f155ee87c22d5c9f9423d73d9afcbb03a5b77e125c05f09	common_voice_mvy_42515116.mp3	f3de1ad05c89c76d84bc0f6a99ac81cc980d9fc77d85d94f2f4677dfc48bd01d	اماں مُوٹھ دیسہۡ نہ چېرو طاقت مند پشِگ آن٘س۔		1	0	thirties		کھیل/دوبېرَیں		mvy	
4281ed2314a2c85676db55efdfd06ae0e80cca28b8a50303c9a63524c1b0bccc51e7d7dd44e22e4f6f155ee87c22d5c9f9423d73d9afcbb03a5b77e125c05f09	common_voice_mvy_42515119.mp3	ba26a38e8cedc5387e8f70a5c289300b6576afef565bdf2651f59eba5e92ab8c	ݜے سَیں بھی پاتُو بَیل۔		1	0	thirties		کھیل/دوبېرَیں		mvy	
4281ed2314a2c85676db55efdfd06ae0e80cca28b8a50303c9a63524c1b0bccc51e7d7dd44e22e4f6f155ee87c22d5c9f9423d73d9afcbb03a5b77e125c05f09	common_voice_mvy_42515120.mp3	ec2917b839d15b49a700b99266571555e5b067edab4df6d7595345dcd874222c	حضرت عباسَیں گھریُوۡں ام الفضل آں حضرت سمیہ، ݜېں ژُن٘ڑوں مُسلما ہون٘د۔		1	0	thirties		کھیل/دوبېرَیں		mvy	
4281ed2314a2c85676db55efdfd06ae0e80cca28b8a50303c9a63524c1b0bccc51e7d7dd44e22e4f6f155ee87c22d5c9f9423d73d9afcbb03a5b77e125c05f09	common_voice_mvy_42515121.mp3	e313f75a2cbdea9a03603b089d945d7ec14b0758daba1ed328824c3c73c49200	کلہۡ وے بِرژی چؤرؤں حصہ دھری گا		1	0	thirties		کھیل/دوبېرَیں		mvy	
4281ed2314a2c85676db55efdfd06ae0e80cca28b8a50303c9a63524c1b0bccc51e7d7dd44e22e4f6f155ee87c22d5c9f9423d73d9afcbb03a5b77e125c05f09	common_voice_mvy_42515124.mp3	f71ccbd6e250b7556f0d9132f952153f3cfd642f6202f46bb2b91b31eae3e3f7	ہلالیُوں بِگی ڈُوب ہویں شروع ہُون٘دیۡ		1	0	thirties		کھیل/دوبېرَیں		mvy	
c334fa60a0cbb65df0d0a6431ecd607c1740b45e0f057ed72e42c813af5dedacee11819963b0f000d24cf3ad868292f8c817ba75efc7c487979e6a4339408073	common_voice_mvy_42520335.mp3	e639f7e5332e6fafbbc53fb3f396535e21d80a797fedbc3d4dfafcef6ecdce4f	آں څَیں چے گی کرچھی تسیں بدل دیُوژا تھُو۔		1	0	thirties				mvy	
c334fa60a0cbb65df0d0a6431ecd607c1740b45e0f057ed72e42c813af5dedacee11819963b0f000d24cf3ad868292f8c817ba75efc7c487979e6a4339408073	common_voice_mvy_42520336.mp3	d6c82ddf6164ec025a9e0d67525a7d12f91de21278d95900478747d1d5843c2d	یا مُت بِگ وجہۡ ہِن کسی مِلیۡ گی تېرئ نېرژا تھی؛		0	0	thirties				mvy	
c334fa60a0cbb65df0d0a6431ecd607c1740b45e0f057ed72e42c813af5dedacee11819963b0f000d24cf3ad868292f8c817ba75efc7c487979e6a4339408073	common_voice_mvy_42520337.mp3	e903a0c9179fe860be7969c7d5ffe470f713d85bf326f8c164c7460241f2cfe6	مزہ کیریۡ آں ہی اور ایلیۡ امَیں بېں بہ۔		0	0	thirties				mvy	
c334fa60a0cbb65df0d0a6431ecd607c1740b45e0f057ed72e42c813af5dedacee11819963b0f000d24cf3ad868292f8c817ba75efc7c487979e6a4339408073	common_voice_mvy_42520338.mp3	d71a788730312ec4ac93b62deb0791c393d7c4901f14c96f0d25e85dbe43ffc2	نیژ میں تِلئیں بیماری ختم ہوتھی۔		1	0	thirties				mvy	
c334fa60a0cbb65df0d0a6431ecd607c1740b45e0f057ed72e42c813af5dedacee11819963b0f000d24cf3ad868292f8c817ba75efc7c487979e6a4339408073	common_voice_mvy_42520344.mp3	ec00fa69ac7c19c631dcf83714cc5b3fbf434448b12d0c7e6790e056669ad9e9	تِڑِم لک وے مہ تاں ہا کُھور دی تپائ۔		0	0	thirties				mvy	
c334fa60a0cbb65df0d0a6431ecd607c1740b45e0f057ed72e42c813af5dedacee11819963b0f000d24cf3ad868292f8c817ba75efc7c487979e6a4339408073	common_voice_mvy_42520355.mp3	ec8937ed193a4a21e3f30be4725df4167c70d95285e748f03db070b825530984	امن رَڇھاں آں معاشرہ مہ انصاف رِزاں۔		1	0	thirties				mvy	
c334fa60a0cbb65df0d0a6431ecd607c1740b45e0f057ed72e42c813af5dedacee11819963b0f000d24cf3ad868292f8c817ba75efc7c487979e6a4339408073	common_voice_mvy_42520361.mp3	c5a722ade365129cb09494297764b32844d86c46e76a74bdaf3004b8e9bfbe52	شرط بِگِناں لازمی نخاں دن بناں تھُو۔		0	0	thirties				mvy	
c334fa60a0cbb65df0d0a6431ecd607c1740b45e0f057ed72e42c813af5dedacee11819963b0f000d24cf3ad868292f8c817ba75efc7c487979e6a4339408073	common_voice_mvy_42520362.mp3	dd5f57906c0c9312422cb0d36b7fe2588d36018762d946de65804d11cce7c70f	آں ݜسیں پھت کران٘لاں کِریا نہ لر بنژا تُھو		0	0	thirties				mvy	
c334fa60a0cbb65df0d0a6431ecd607c1740b45e0f057ed72e42c813af5dedacee11819963b0f000d24cf3ad868292f8c817ba75efc7c487979e6a4339408073	common_voice_mvy_42520363.mp3	ddc87bb8cd0c27d4ad13a162e63db636b04a59c43d1ac70b041fae0fb07c36c5	شُو وجہۡ نہ سیں څاں لا ہیُو دژا چھی۔		0	0	thirties				mvy	
c334fa60a0cbb65df0d0a6431ecd607c1740b45e0f057ed72e42c813af5dedacee11819963b0f000d24cf3ad868292f8c817ba75efc7c487979e6a4339408073	common_voice_mvy_42520364.mp3	f06eb26a2f521a9c251c95c10bac377df69b5856a1a0c49b6a52aabe985bddaa	الُو کام ہُوُژ خو لازمی نی ہو،		1	0	thirties				mvy	
c334fa60a0cbb65df0d0a6431ecd607c1740b45e0f057ed72e42c813af5dedacee11819963b0f000d24cf3ad868292f8c817ba75efc7c487979e6a4339408073	common_voice_mvy_42520370.mp3	f5892335565da752d01294b069321dae8d85f5049a5edd0a28e9113a73656a07	تازہ دان٘ڑیالاں رس نھیلہ گلے		0	0	thirties				mvy	
c334fa60a0cbb65df0d0a6431ecd607c1740b45e0f057ed72e42c813af5dedacee11819963b0f000d24cf3ad868292f8c817ba75efc7c487979e6a4339408073	common_voice_mvy_42520371.mp3	ca16b705316fc9faaf1977f36c3f14123a3c3cf200321936e44599edd25cf5fb	چے اېت څیز (اېتیۡ زِندگی مہ) آں لن٘گھېل څیزؤں نہ		0	0	thirties				mvy	
c334fa60a0cbb65df0d0a6431ecd607c1740b45e0f057ed72e42c813af5dedacee11819963b0f000d24cf3ad868292f8c817ba75efc7c487979e6a4339408073	common_voice_mvy_42520372.mp3	ceb730368e7168826dfc090c6a8d6f5b0e0896c2f10951c766da2e4d2b283845	دُو وختؤں ہریۡ تازا وے دی کھا۔		0	0	thirties				mvy	
c334fa60a0cbb65df0d0a6431ecd607c1740b45e0f057ed72e42c813af5dedacee11819963b0f000d24cf3ad868292f8c817ba75efc7c487979e6a4339408073	common_voice_mvy_42520373.mp3	ef7b17519a938ba697af1ad40b93bb74d62b1164cb59ae4e775b35c7daee4624	سݩدہ گلے تسیں استعمال چو مفید تُھو۔		0	0	thirties				mvy	
c334fa60a0cbb65df0d0a6431ecd607c1740b45e0f057ed72e42c813af5dedacee11819963b0f000d24cf3ad868292f8c817ba75efc7c487979e6a4339408073	common_voice_mvy_42520374.mp3	d84993bb33e57849ac4fe5a46f1f2012d0e892ae675e4f281772a217d071e3dc	وہ پُڇُو اللہ پاکاں آخری رسولے اللہ پاکاں ہر حکم تل عمل کرے پشاچے۔		0	0	thirties				mvy	
c334fa60a0cbb65df0d0a6431ecd607c1740b45e0f057ed72e42c813af5dedacee11819963b0f000d24cf3ad868292f8c817ba75efc7c487979e6a4339408073	common_voice_mvy_42520378.mp3	df2ca1ddf1e0da471e43d989bd4da8ccc8cac959fc7c63dcb0859be05228e3a3	کاں چے (دِینَیں بال ڇېلیَیں یاں دن)		0	1	thirties				mvy	
c334fa60a0cbb65df0d0a6431ecd607c1740b45e0f057ed72e42c813af5dedacee11819963b0f000d24cf3ad868292f8c817ba75efc7c487979e6a4339408073	common_voice_mvy_42520381.mp3	e83f4656af55906afac70fc80016d555f748dc435695af72885f5d09bc8b4d86	دِھیس شرو ہو تھی۔		0	0	thirties				mvy	
c334fa60a0cbb65df0d0a6431ecd607c1740b45e0f057ed72e42c813af5dedacee11819963b0f000d24cf3ad868292f8c817ba75efc7c487979e6a4339408073	common_voice_mvy_42520382.mp3	f39a22797653bbff10412fd1528e02dc29a5ac75d4da441eb89cf694f9fa1942	دُنئ مہ سُگایار تُھو قلمَیں تھی محنت		1	0	thirties				mvy	
c334fa60a0cbb65df0d0a6431ecd607c1740b45e0f057ed72e42c813af5dedacee11819963b0f000d24cf3ad868292f8c817ba75efc7c487979e6a4339408073	common_voice_mvy_42520383.mp3	e8d833916edd1b68efb1754903fb8e8489461eb5dbd5bd2934ae159085e70ad6	ݜو نِوان٘ز مَن٘ژ (ارکان) آں سات نِوان٘ز نہ ڇھاری (شرائط)۔		0	0	thirties				mvy	
c334fa60a0cbb65df0d0a6431ecd607c1740b45e0f057ed72e42c813af5dedacee11819963b0f000d24cf3ad868292f8c817ba75efc7c487979e6a4339408073	common_voice_mvy_42520384.mp3	eec448f93e3017a773adcea3f08a1b950924c26b0c5e9ad41c3747ef4d995866	اېک پڑقُژېل ٹچ گُھوں موبائل ایلوۡ۔		1	0	thirties				mvy	
c334fa60a0cbb65df0d0a6431ecd607c1740b45e0f057ed72e42c813af5dedacee11819963b0f000d24cf3ad868292f8c817ba75efc7c487979e6a4339408073	common_voice_mvy_42520395.mp3	ea9699bf5574b05ff35fc713b3c1fd883eb406fcc8f27aa6d10eb462429bc56c	کھیں انشاءاللہ زخم جُوڑ ہوتُھو۔		1	0	thirties				mvy	
c334fa60a0cbb65df0d0a6431ecd607c1740b45e0f057ed72e42c813af5dedacee11819963b0f000d24cf3ad868292f8c817ba75efc7c487979e6a4339408073	common_voice_mvy_42520396.mp3	d87533145015ed873f06c2f8908400438d25a86f1fb5a125522d908ba12621ce	مالَیں جسمانی گرمائشاں علاج		1	0	thirties				mvy	
c334fa60a0cbb65df0d0a6431ecd607c1740b45e0f057ed72e42c813af5dedacee11819963b0f000d24cf3ad868292f8c817ba75efc7c487979e6a4339408073	common_voice_mvy_42520397.mp3	d7187a716ca4679f683ace978f6d2bc90518c38e333e0ef4dd3e0ce1c0f95895	مایاں ماسُمہۡ بے کېں آ گلے رڇھَیں شُروع کیریۡ کھیں		0	0	thirties				mvy	
c334fa60a0cbb65df0d0a6431ecd607c1740b45e0f057ed72e42c813af5dedacee11819963b0f000d24cf3ad868292f8c817ba75efc7c487979e6a4339408073	common_voice_mvy_42520398.mp3	ea949f24c421d3782111de2f4cf36859263d06f38ec87cfe0c7d7280e212466e	بئ آخری لژہ ہویں یاں ٹېم مِیں نھال کھیں		0	0	thirties				mvy	
c334fa60a0cbb65df0d0a6431ecd607c1740b45e0f057ed72e42c813af5dedacee11819963b0f000d24cf3ad868292f8c817ba75efc7c487979e6a4339408073	common_voice_mvy_42520399.mp3	eed54cd16f1e19b3c12517778e3c346eb412973b3f0d3d08617abeefc57ca2b9	تاں ہا مبارک ہِن پویا مے شربت		0	0	thirties				mvy	
c334fa60a0cbb65df0d0a6431ecd607c1740b45e0f057ed72e42c813af5dedacee11819963b0f000d24cf3ad868292f8c817ba75efc7c487979e6a4339408073	common_voice_mvy_42520400.mp3	dd34d155481091fde7845e11ed54a1869dd19aeb75b29468f4b0b17554df7a92	آں اسی نہ اما رڇَھئین٘یاں بارہ مہ اماں پورژاں۔		0	0	thirties				mvy	
c334fa60a0cbb65df0d0a6431ecd607c1740b45e0f057ed72e42c813af5dedacee11819963b0f000d24cf3ad868292f8c817ba75efc7c487979e6a4339408073	common_voice_mvy_42520401.mp3	dc84ef2fbd94cb21780dc28e826bf82f85173c5f8d0367e6f05e773494b36d7d	چے اسیں کمہۡ ہُخیارتیا نہ خِلاف ہوں تھہ		1	0	thirties				mvy	
c334fa60a0cbb65df0d0a6431ecd607c1740b45e0f057ed72e42c813af5dedacee11819963b0f000d24cf3ad868292f8c817ba75efc7c487979e6a4339408073	common_voice_mvy_42520402.mp3	f09aad9e9437f7450c3f62745c77986c9eec06adda7645973028032c964608da	مِثال اسیں ݜے فَرض نِوان٘ز کرؤں،		1	0	thirties				mvy	
c334fa60a0cbb65df0d0a6431ecd607c1740b45e0f057ed72e42c813af5dedacee11819963b0f000d24cf3ad868292f8c817ba75efc7c487979e6a4339408073	common_voice_mvy_42520404.mp3	a0d89162476590c05f715ea54b45a46a53177c3081d27a36afb13aede4ffb3bc	تنوین اېل ہو		1	0	thirties				mvy	
c334fa60a0cbb65df0d0a6431ecd607c1740b45e0f057ed72e42c813af5dedacee11819963b0f000d24cf3ad868292f8c817ba75efc7c487979e6a4339408073	common_voice_mvy_42520405.mp3	f043cca32932bd487e6a279ee2ffa33a6b702e2f53dc7c49e4a804f631df0d03	آں اما ملیۡ بُبوئ گتہ ہرِلیۡ		0	0	thirties				mvy	
c334fa60a0cbb65df0d0a6431ecd607c1740b45e0f057ed72e42c813af5dedacee11819963b0f000d24cf3ad868292f8c817ba75efc7c487979e6a4339408073	common_voice_mvy_42520406.mp3	63d9a25e6f070cf67d5bcfb78aff7c79bcab8ab8c5c228baaa8783e88977261a	ݜُو شاناں،کہ کؤں ماݜے اس پھت کیرُوں،		1	0	thirties				mvy	
c334fa60a0cbb65df0d0a6431ecd607c1740b45e0f057ed72e42c813af5dedacee11819963b0f000d24cf3ad868292f8c817ba75efc7c487979e6a4339408073	common_voice_mvy_42520407.mp3	d9d2bb0eedfd90b4682645572e09dfa5f98927df0e67b358456be191584a3c65	ڇیؤں درؤں (باب) تُھو چھال حُکُم تے اسیں قِسمہ		1	0	thirties				mvy	
c334fa60a0cbb65df0d0a6431ecd607c1740b45e0f057ed72e42c813af5dedacee11819963b0f000d24cf3ad868292f8c817ba75efc7c487979e6a4339408073	common_voice_mvy_42520408.mp3	ee443a25c82071abd9e8e76dc79639064f27466641cd87ee0699f4e3fb52d272	ہِلاک دیسے ݜے کرَیں ہِن انشاءاللہ کھسر دُور ہوتھی۔		0	0	thirties				mvy	
c334fa60a0cbb65df0d0a6431ecd607c1740b45e0f057ed72e42c813af5dedacee11819963b0f000d24cf3ad868292f8c817ba75efc7c487979e6a4339408073	common_voice_mvy_42520410.mp3	e2628e3dd9cb003e688963c7f62412791b275c36739486e725f94de128b4484c	سیں تَس دعوت قبلَیں زئ لا بانیۡ		1	0	thirties				mvy	
c334fa60a0cbb65df0d0a6431ecd607c1740b45e0f057ed72e42c813af5dedacee11819963b0f000d24cf3ad868292f8c817ba75efc7c487979e6a4339408073	common_voice_mvy_42520411.mp3	de156fb621f1053338e53a4905b902831e1268626f454bb747012b482710fa5b	چے گی رنگاں مُت مُلکہ فېدہ ہراں تھو۔		0	0	thirties				mvy	
c334fa60a0cbb65df0d0a6431ecd607c1740b45e0f057ed72e42c813af5dedacee11819963b0f000d24cf3ad868292f8c817ba75efc7c487979e6a4339408073	common_voice_mvy_42520412.mp3	c54e76773022242a6c6aee9f1f2778061a26cab56c872a61882da83da39359dd	اسیں وزنہ چے ناشنا تھو مراتی یاں،		0	0	thirties				mvy	
c334fa60a0cbb65df0d0a6431ecd607c1740b45e0f057ed72e42c813af5dedacee11819963b0f000d24cf3ad868292f8c817ba75efc7c487979e6a4339408073	common_voice_mvy_42520413.mp3	ddd9e83601dbb5afd1fd08f8b42982f2236241d3fc896a753059ddbc11b9fa53	واجب عینی سو لازمی کام تُھو چے		0	0	thirties				mvy	
c334fa60a0cbb65df0d0a6431ecd607c1740b45e0f057ed72e42c813af5dedacee11819963b0f000d24cf3ad868292f8c817ba75efc7c487979e6a4339408073	common_voice_mvy_42520414.mp3	ec02574f30f29eac919686a4d66c828a607105bf70c368b73e32bce5929cf951	ݜِݜہ لا گھاݜ کھیں ݜِݜَیں دڑ ختم ہوتھی۔		0	0	thirties				mvy	
c334fa60a0cbb65df0d0a6431ecd607c1740b45e0f057ed72e42c813af5dedacee11819963b0f000d24cf3ad868292f8c817ba75efc7c487979e6a4339408073	common_voice_mvy_42520415.mp3	ee475368fefe081ffeb19e3c4bbb5983cb68ecc0988b4f54f12e1ea2c2812a46	تسیں کریا پیاز سم تُھو۔		0	0	thirties				mvy	
c334fa60a0cbb65df0d0a6431ecd607c1740b45e0f057ed72e42c813af5dedacee11819963b0f000d24cf3ad868292f8c817ba75efc7c487979e6a4339408073	common_voice_mvy_42520416.mp3	d07c54e29145122b7adbeebf33c7aca0120515a019997ff33acaa64345e64fd0	ݜس کلیۡ مہ مدینہ رڇھَیں یاں دَن		0	0	thirties				mvy	
c334fa60a0cbb65df0d0a6431ecd607c1740b45e0f057ed72e42c813af5dedacee11819963b0f000d24cf3ad868292f8c817ba75efc7c487979e6a4339408073	common_voice_mvy_42520417.mp3	e99c695ea368c6ed7ce520dee89d90e126963600df5c9a7cef27665396532781	سبقہ مژ نہ بے غرض څیز الُو بے،		0	0	thirties				mvy	
c334fa60a0cbb65df0d0a6431ecd607c1740b45e0f057ed72e42c813af5dedacee11819963b0f000d24cf3ad868292f8c817ba75efc7c487979e6a4339408073	common_voice_mvy_42520418.mp3	a4abc2e9299afbea79803efde65a60469d79d1311a02ef36fd8d2cd820ac297c	ݜس تصُور نېرے لَس چے اُو کِتاباں شکل اِختیار کرا تُھو		0	0	thirties				mvy	
c334fa60a0cbb65df0d0a6431ecd607c1740b45e0f057ed72e42c813af5dedacee11819963b0f000d24cf3ad868292f8c817ba75efc7c487979e6a4339408073	common_voice_mvy_42520419.mp3	ca5080869c93bb4f6c615e75d1c8c3d906e2a5c14314739750aafa7a74acb77d	اُو ݜے لک علاقہ ہُوئ تھی		0	0	thirties				mvy	
c334fa60a0cbb65df0d0a6431ecd607c1740b45e0f057ed72e42c813af5dedacee11819963b0f000d24cf3ad868292f8c817ba75efc7c487979e6a4339408073	common_voice_mvy_42520420.mp3	e32255a7bf42ecca3d42aabcf81f5ef82bcfbd3c6ddca4bb338294c86d21bef9	گھریۡماݜے ماسُم (چُن٘ڑ) ایں ہِن آں		1	0	thirties				mvy	
c334fa60a0cbb65df0d0a6431ecd607c1740b45e0f057ed72e42c813af5dedacee11819963b0f000d24cf3ad868292f8c817ba75efc7c487979e6a4339408073	common_voice_mvy_42520421.mp3	deffc552a02d7fcad6ae5fcbf97b3e8244ee6f00d6f8eac0ffb552f2798f6946	عَمَر بن امیہ ضمری سو وخت مال دھا بَئیں (زنگلے) بئ یان٘س،		0	0	thirties				mvy	
c334fa60a0cbb65df0d0a6431ecd607c1740b45e0f057ed72e42c813af5dedacee11819963b0f000d24cf3ad868292f8c817ba75efc7c487979e6a4339408073	common_voice_mvy_42520422.mp3	f36cb304212191d8313ef7e48cf448ea32355761ef2dc3d24407c375cd69be59	ہلالیں مژ ݜے ڈھمب ہار نِکا تھی		0	0	thirties				mvy	
c334fa60a0cbb65df0d0a6431ecd607c1740b45e0f057ed72e42c813af5dedacee11819963b0f000d24cf3ad868292f8c817ba75efc7c487979e6a4339408073	common_voice_mvy_42520423.mp3	f0bd1ccbe522734fb8313c4a70c3714b4b85abbf4ff2f8647ab26dbb5c0aec31	تِئیں گھڑَئی مہ گی وَخ تُھو؟		0	0	thirties				mvy	
c334fa60a0cbb65df0d0a6431ecd607c1740b45e0f057ed72e42c813af5dedacee11819963b0f000d24cf3ad868292f8c817ba75efc7c487979e6a4339408073	common_voice_mvy_42520424.mp3	e705b1b7ee3ad1ba1de9f26dad034e7e1f93aa75409c21a42067e05bc919ca2f	خالیں یُوں مہ، ہجرتیاں ݜویوں کال،		0	0	thirties				mvy	
c334fa60a0cbb65df0d0a6431ecd607c1740b45e0f057ed72e42c813af5dedacee11819963b0f000d24cf3ad868292f8c817ba75efc7c487979e6a4339408073	common_voice_mvy_42520425.mp3	e5b51589ae13fcff470d1626e61f2772fde29f1989644c7123ba368b89d8a7a1	آج دُنئ مہ کتُک کتابہ تھو آں کتک علماں ذخیرہ تُھو		1	0	thirties				mvy	
c334fa60a0cbb65df0d0a6431ecd607c1740b45e0f057ed72e42c813af5dedacee11819963b0f000d24cf3ad868292f8c817ba75efc7c487979e6a4339408073	common_voice_mvy_42520427.mp3	d30d77c00df857d6725b7d3409ea28138c6e004ba127d8c7b91cae0f312a7966	جملہ دُو قِسمہ تھی،		0	0	thirties				mvy	
c334fa60a0cbb65df0d0a6431ecd607c1740b45e0f057ed72e42c813af5dedacee11819963b0f000d24cf3ad868292f8c817ba75efc7c487979e6a4339408073	common_voice_mvy_42520428.mp3	e5c1b92648a7f8ef67219db04a4047ce14491cf0dd2fc369d26d832bedc54b52	آں مُت اسیں مثالہ تھہ۔		0	0	thirties				mvy	
c334fa60a0cbb65df0d0a6431ecd607c1740b45e0f057ed72e42c813af5dedacee11819963b0f000d24cf3ad868292f8c817ba75efc7c487979e6a4339408073	common_voice_mvy_42520429.mp3	f7c9bf1bb0f00e079eb8bbf0e15b2f3dbcaf2d894e54d2dcd8e4384a6bc87c62	جیجُو تُھویی؟مہ حق حېران۔		1	0	thirties				mvy	
c334fa60a0cbb65df0d0a6431ecd607c1740b45e0f057ed72e42c813af5dedacee11819963b0f000d24cf3ad868292f8c817ba75efc7c487979e6a4339408073	common_voice_mvy_42520435.mp3	c59a0fea64d85daa94faf7492eee5ceee0195f154576ca0fea6a7d442f966cef	اېک نہ پھری چئ ہُوئ تُھو		0	0	thirties				mvy	
c334fa60a0cbb65df0d0a6431ecd607c1740b45e0f057ed72e42c813af5dedacee11819963b0f000d24cf3ad868292f8c817ba75efc7c487979e6a4339408073	common_voice_mvy_42520436.mp3	f74521a73cce6977d53c689488baa2a47409007fb7fe67d90d0d61df936e2b93	نبوتیاں ݜویؤں کال، سامٹَھیں حضرت حمزہ رض		1	0	thirties				mvy	
c334fa60a0cbb65df0d0a6431ecd607c1740b45e0f057ed72e42c813af5dedacee11819963b0f000d24cf3ad868292f8c817ba75efc7c487979e6a4339408073	common_voice_mvy_42520437.mp3	ee8cb268b0a838ed20df0992d9d9909804188731058ef1e637bacd58d4ff2bd9	چے چو ٹھاٹ آں عِزت والا تُھو۔		0	0	thirties				mvy	
c334fa60a0cbb65df0d0a6431ecd607c1740b45e0f057ed72e42c813af5dedacee11819963b0f000d24cf3ad868292f8c817ba75efc7c487979e6a4339408073	common_voice_mvy_42520438.mp3	9baa7fc6212d5aebe675ef30bd55e10b1fbee36db28cdd4d4e50fba7d7f7cf63	آں بنژی گلا تھی چے تُس پھېرٹیۡران٘س۔		0	0	thirties				mvy	
c334fa60a0cbb65df0d0a6431ecd607c1740b45e0f057ed72e42c813af5dedacee11819963b0f000d24cf3ad868292f8c817ba75efc7c487979e6a4339408073	common_voice_mvy_42520439.mp3	f21047012a7f1180a583c642362a956ea9cfedd8b13f6a932766713bf7d62af8	آں اَرگٹ ہُون٘دُوں حُکُم نشیۡ تھُو۔		0	0	thirties				mvy	
c334fa60a0cbb65df0d0a6431ecd607c1740b45e0f057ed72e42c813af5dedacee11819963b0f000d24cf3ad868292f8c817ba75efc7c487979e6a4339408073	common_voice_mvy_42520440.mp3	ea8f18c3ad75b4ec381d01f0f7f138c2935f06bc5c175deb139425f1790b3b83	اسی مہ لازِم ہُوئیں لاقَت پُوریۡ ہُوئ تھی		0	0	thirties				mvy	
c334fa60a0cbb65df0d0a6431ecd607c1740b45e0f057ed72e42c813af5dedacee11819963b0f000d24cf3ad868292f8c817ba75efc7c487979e6a4339408073	common_voice_mvy_42520441.mp3	e58753cd01cfbfb919eba56f637144d0551a5e9c06d3e026a937b8f28d957bd6	پروفائل پُٹو مہ اک سَم سُگائی پھونڈہۡ لک آں ہَسِیلیۡ مَٹی آن٘سیۡ،		0	0	thirties				mvy	
c334fa60a0cbb65df0d0a6431ecd607c1740b45e0f057ed72e42c813af5dedacee11819963b0f000d24cf3ad868292f8c817ba75efc7c487979e6a4339408073	common_voice_mvy_42520442.mp3	d3caa7afd7e98f4a4c3be1377573fa110b8d0e4b640584aa901b6c33bcce8958	کلہۡ دُشمنہ مِلیۡ مُخامُخ ہُون٘دہۡ کھیں کلیۡیاں ماحول سن٘دژِلوۡ۔		1	0	thirties				mvy	
c334fa60a0cbb65df0d0a6431ecd607c1740b45e0f057ed72e42c813af5dedacee11819963b0f000d24cf3ad868292f8c817ba75efc7c487979e6a4339408073	common_voice_mvy_42520443.mp3	d252b1e315d8a382013ceae882e42e61ec0446f21d34e183c0eec66bf8b43c99	تفصیل پاتُو اے تھُو۔		1	0	thirties				mvy	
c334fa60a0cbb65df0d0a6431ecd607c1740b45e0f057ed72e42c813af5dedacee11819963b0f000d24cf3ad868292f8c817ba75efc7c487979e6a4339408073	common_voice_mvy_42520444.mp3	e650db0d28808f9f5cf6860386827e7beef92394e8b97a74daa1691f58d972be	تُو گُلاں اِی تُھو؟		0	0	thirties				mvy	
c334fa60a0cbb65df0d0a6431ecd607c1740b45e0f057ed72e42c813af5dedacee11819963b0f000d24cf3ad868292f8c817ba75efc7c487979e6a4339408073	common_voice_mvy_42520450.mp3	e45a0cf5f8069acfa40793d11d61c368ab6e506cbf2313def6da34f89bcb2747	کھِنگ ݜَیا نِین٘ڙ بیں ہِن ادُوس شریۡ تھُو۔		0	0	thirties				mvy	
c334fa60a0cbb65df0d0a6431ecd607c1740b45e0f057ed72e42c813af5dedacee11819963b0f000d24cf3ad868292f8c817ba75efc7c487979e6a4339408073	common_voice_mvy_42520451.mp3	f8b70fcf478fcabf09961cce1a658d8d7699a586ac37e53dc81cb54d129637dc	معلوم تے نامعلوم لازمی کمہۡ (واجب محدّد):		0	1	thirties				mvy	
c334fa60a0cbb65df0d0a6431ecd607c1740b45e0f057ed72e42c813af5dedacee11819963b0f000d24cf3ad868292f8c817ba75efc7c487979e6a4339408073	common_voice_mvy_42520452.mp3	f162eda8a6ba0749ec521214be2cca642e4b34474f53ee1923c126e307227bbf	ہر دیسؤں استعمال ہویں والا		0	0	thirties				mvy	
c334fa60a0cbb65df0d0a6431ecd607c1740b45e0f057ed72e42c813af5dedacee11819963b0f000d24cf3ad868292f8c817ba75efc7c487979e6a4339408073	common_voice_mvy_42520453.mp3	f87764e29f95be39191440a963b3d8007ae62377df6666e7d31d9cf563269c93	اُو سو حکم تُھو کؤں چے ایک څیزمُتاں کِریا،		0	0	thirties				mvy	
c334fa60a0cbb65df0d0a6431ecd607c1740b45e0f057ed72e42c813af5dedacee11819963b0f000d24cf3ad868292f8c817ba75efc7c487979e6a4339408073	common_voice_mvy_42520454.mp3	efe7a9dc2ee385080e67af06060d26437496788d903999da33583ac8782192a1	ماسُم جُوڑ پیدا ہوتُھو۔		0	0	thirties				mvy	
c334fa60a0cbb65df0d0a6431ecd607c1740b45e0f057ed72e42c813af5dedacee11819963b0f000d24cf3ad868292f8c817ba75efc7c487979e6a4339408073	common_voice_mvy_42520469.mp3	e4a19813fca968245dcd9ca60fbd1596837666f366892ed6d3eea0aa9dc61838	ݜلگے بُٹٶں نہ کَچھ بھاؤ ایوب انصاریؓ اں بھاؤ آن٘س۔		0	0	thirties				mvy	
c334fa60a0cbb65df0d0a6431ecd607c1740b45e0f057ed72e42c813af5dedacee11819963b0f000d24cf3ad868292f8c817ba75efc7c487979e6a4339408073	common_voice_mvy_42520470.mp3	f79b8b653b72324a4ebe0b498a058937759350b22618fc47827278e9fc16e903	تسیں ݜُو جواب ڇیلِلوۡ چےۡ سو حضورؐ گے اېگلے مسلما ہُوۡن٘دُوۡ۔		0	0	thirties				mvy	
c334fa60a0cbb65df0d0a6431ecd607c1740b45e0f057ed72e42c813af5dedacee11819963b0f000d24cf3ad868292f8c817ba75efc7c487979e6a4339408073	common_voice_mvy_42520471.mp3	c700477cb7e87c82cd01e602cf9702c6beb699fc8d81fe8c991a40a77c7aa2b3	آں سِواں کریا پان٘د پشٶں		0	0	thirties				mvy	
c334fa60a0cbb65df0d0a6431ecd607c1740b45e0f057ed72e42c813af5dedacee11819963b0f000d24cf3ad868292f8c817ba75efc7c487979e6a4339408073	common_voice_mvy_42520472.mp3	e613d4a418e43a55452d02d2a241404d4b679c91317a66918bf659c018565be5	مریض فورًا تُوی زئ ہری۔		0	0	thirties				mvy	
c334fa60a0cbb65df0d0a6431ecd607c1740b45e0f057ed72e42c813af5dedacee11819963b0f000d24cf3ad868292f8c817ba75efc7c487979e6a4339408073	common_voice_mvy_42520473.mp3	e3a6e3820bb6a8eec1285422c69a2a242edf6e87ad4a3ad53da2126ffe191924	جسم خُود بخُود تُوی ہُوی تُھو۔		1	0	thirties				mvy	
c334fa60a0cbb65df0d0a6431ecd607c1740b45e0f057ed72e42c813af5dedacee11819963b0f000d24cf3ad868292f8c817ba75efc7c487979e6a4339408073	common_voice_mvy_42524426.mp3	ee6b9b8d9051bc7d37122c8c8c5d17a90910ea604e41fbabcff8ec22ddbfe408	آں زِن٘دگی لَن٘گَھیں یاں ولی سِڇھیائ۔		1	0	thirties				mvy	
c334fa60a0cbb65df0d0a6431ecd607c1740b45e0f057ed72e42c813af5dedacee11819963b0f000d24cf3ad868292f8c817ba75efc7c487979e6a4339408073	common_voice_mvy_42524427.mp3	d9fae5a61cce5504e6b7af9196065b06b06b473a8d6fceb0f81a51b34437f8c2	گاں خلکؤں بان:”بے تی، تاں دن، نِپلوۡ کالِگ تھہ؛		0	0	thirties				mvy	
c334fa60a0cbb65df0d0a6431ecd607c1740b45e0f057ed72e42c813af5dedacee11819963b0f000d24cf3ad868292f8c817ba75efc7c487979e6a4339408073	common_voice_mvy_42524429.mp3	e51060cbbcd700365fe793ba0527a74e7a7c61187af8bdb249c1b040c531a3c5	بازارہ نہ سُگائ چھواری آ بلالے نیڙ بېن٘یاں وخ		0	0	thirties				mvy	
c334fa60a0cbb65df0d0a6431ecd607c1740b45e0f057ed72e42c813af5dedacee11819963b0f000d24cf3ad868292f8c817ba75efc7c487979e6a4339408073	common_voice_mvy_42524430.mp3	e97423e6cbc1c1b012e853ccad0ca1eceb3f028f8ae47f3816f0fdc78067a4a5	تکلیف چو ہُون٘دُوں ہسپتال مہ داخل ہوں۔		0	0	thirties				mvy	
c334fa60a0cbb65df0d0a6431ecd607c1740b45e0f057ed72e42c813af5dedacee11819963b0f000d24cf3ad868292f8c817ba75efc7c487979e6a4339408073	common_voice_mvy_42524431.mp3	ed28f21be523622650a1157fc99bc29676c6512fc4d9f514679d9681af413137	خو چېرہ وخ ݜو رَتاں اخراج ہُم رَتَیں کمی کیریۡ تھو۔		0	0	thirties				mvy	
c334fa60a0cbb65df0d0a6431ecd607c1740b45e0f057ed72e42c813af5dedacee11819963b0f000d24cf3ad868292f8c817ba75efc7c487979e6a4339408073	common_voice_mvy_42524499.mp3	e7d4fdf5b49e87bea6608895ccca4a4e8ca1924b88043740a87eba07f2444425	کھیں کھڑاں مجھولہ مہ گیلیۡ		1	0	thirties				mvy	
c334fa60a0cbb65df0d0a6431ecd607c1740b45e0f057ed72e42c813af5dedacee11819963b0f000d24cf3ad868292f8c817ba75efc7c487979e6a4339408073	common_voice_mvy_42524500.mp3	e07270a4bac38f7dbde63ad67d2399faa637a1e4b9941a6e0826d2548929aa79	تے (وو پېریۡ یی تے ماݜؤں!) تُس دُو، تاں ربَیں گِھن٘لیۡ گِھن٘لیۡ نِعمتی پھېرٹیۡ را تھو؟		1	0	thirties				mvy	
c334fa60a0cbb65df0d0a6431ecd607c1740b45e0f057ed72e42c813af5dedacee11819963b0f000d24cf3ad868292f8c817ba75efc7c487979e6a4339408073	common_voice_mvy_42524501.mp3	ee046055715b8a10f6d40bb02d9b52d6b0ddbe49d52e0bbd8fb92c13226beef8	عبداللہ بن سلام میمون بن یامینے ہُم اسلام آلیۡ		0	0	thirties				mvy	
c334fa60a0cbb65df0d0a6431ecd607c1740b45e0f057ed72e42c813af5dedacee11819963b0f000d24cf3ad868292f8c817ba75efc7c487979e6a4339408073	common_voice_mvy_42524502.mp3	e1a05899728a0c10f0cc8e9b07a38e4ff2399cbd0fd29ce38f5f7924803cea03	کے پی کے مہ بٹوں نہ پات دھری تھی۔		0	0	thirties				mvy	
4281ed2314a2c85676db55efdfd06ae0e80cca28b8a50303c9a63524c1b0bccc51e7d7dd44e22e4f6f155ee87c22d5c9f9423d73d9afcbb03a5b77e125c05f09	common_voice_mvy_42532221.mp3	e16fc62c96879f09f96682eda4e838cc09a232bc48ac9dbfd5d084be7c49287f	حُکمہ مِلیۡ گن٘ڈژېل چھال ناں (اِصطِلاحات):		1	0	thirties		کھیل/دوبېرَیں		mvy	
4281ed2314a2c85676db55efdfd06ae0e80cca28b8a50303c9a63524c1b0bccc51e7d7dd44e22e4f6f155ee87c22d5c9f9423d73d9afcbb03a5b77e125c05f09	common_voice_mvy_42532222.mp3	f5ed2a271b4bec97e23cd48d339dd182b85ab0a639cb690fbb11728549198728	کھبُو کُھور رِزا تل بھَیؤں،		1	0	thirties		کھیل/دوبېرَیں		mvy	
4281ed2314a2c85676db55efdfd06ae0e80cca28b8a50303c9a63524c1b0bccc51e7d7dd44e22e4f6f155ee87c22d5c9f9423d73d9afcbb03a5b77e125c05f09	common_voice_mvy_42532224.mp3	f1966dba12420eb55aefd8f7e4d7ee38e381d37676f41aa5cbc66193d4c084e8	چام پھلی انفیکشن ہُوئ تُھو		1	0	thirties		کھیل/دوبېرَیں		mvy	
4281ed2314a2c85676db55efdfd06ae0e80cca28b8a50303c9a63524c1b0bccc51e7d7dd44e22e4f6f155ee87c22d5c9f9423d73d9afcbb03a5b77e125c05f09	common_voice_mvy_42532233.mp3	ede977189ab130c2cc45c0816dba1e7eb3f7661bf57ddaf502c52bcbbd5b436e	یا بگِن نہ گھُرَیں یاں بان تسے حُکُم بناں تھہ۔		1	0	thirties		کھیل/دوبېرَیں		mvy	
4281ed2314a2c85676db55efdfd06ae0e80cca28b8a50303c9a63524c1b0bccc51e7d7dd44e22e4f6f155ee87c22d5c9f9423d73d9afcbb03a5b77e125c05f09	common_voice_mvy_42532234.mp3	d2dfc226c05c74aa65c01d6e57580c0e746cdd3155c45a55250ce204da78e076	ݜَیں دُو څیزہۡ بڅَیں انفرادی ترقی مِلی ملی		1	0	thirties		کھیل/دوبېرَیں		mvy	
4281ed2314a2c85676db55efdfd06ae0e80cca28b8a50303c9a63524c1b0bccc51e7d7dd44e22e4f6f155ee87c22d5c9f9423d73d9afcbb03a5b77e125c05f09	common_voice_mvy_42532236.mp3	fb56961566a668aaf2e40f8b2340695d91fd169081fdc4c5040641ad888f4edb	سو چے سو موتھلو دل ہو،		1	0	thirties		کھیل/دوبېرَیں		mvy	
4281ed2314a2c85676db55efdfd06ae0e80cca28b8a50303c9a63524c1b0bccc51e7d7dd44e22e4f6f155ee87c22d5c9f9423d73d9afcbb03a5b77e125c05f09	common_voice_mvy_42532237.mp3	ebe13d554e1a920cb5947741b6c91d8b693ad2367db5179ae0a3c43fc3737b6a	فِرعونے بال ڇېلیان٘لَیں (رسُول) نی قبلاؤ،		1	0	thirties		کھیل/دوبېرَیں		mvy	
4281ed2314a2c85676db55efdfd06ae0e80cca28b8a50303c9a63524c1b0bccc51e7d7dd44e22e4f6f155ee87c22d5c9f9423d73d9afcbb03a5b77e125c05f09	common_voice_mvy_42532238.mp3	e5058ad445fa124d5095c3d85ee2bb5826e47368803a3eae24c287210b4a7d1e	آں نہ کؤں مژے (می مُچَیں یاں کِریا) اے ہَیں تھُو۔		1	0	thirties		کھیل/دوبېرَیں		mvy	
4281ed2314a2c85676db55efdfd06ae0e80cca28b8a50303c9a63524c1b0bccc51e7d7dd44e22e4f6f155ee87c22d5c9f9423d73d9afcbb03a5b77e125c05f09	common_voice_mvy_42532239.mp3	b072d616e1b7d6948d07a661b3c2d27a376f576082677ec599ebeddc95d39fa5	اسیں کران٘لاں کِریا لکھہ (مٹھوۡ) بدل (ثواب) ملا تُھو،		1	0	thirties		کھیل/دوبېرَیں		mvy	
4281ed2314a2c85676db55efdfd06ae0e80cca28b8a50303c9a63524c1b0bccc51e7d7dd44e22e4f6f155ee87c22d5c9f9423d73d9afcbb03a5b77e125c05f09	common_voice_mvy_42532240.mp3	cb2112b07e6d7b99ba1db6e20c38877ef55b82b72934e135bd832dabb0f34318	معونَیں کُہئ ایں واقعہ ہُون٘دیۡ۔		1	0	thirties		کھیل/دوبېرَیں		mvy	
4281ed2314a2c85676db55efdfd06ae0e80cca28b8a50303c9a63524c1b0bccc51e7d7dd44e22e4f6f155ee87c22d5c9f9423d73d9afcbb03a5b77e125c05f09	common_voice_mvy_42532242.mp3	f052371fb13ddd480d129e396d7f7ae127d466e7df992b6820384fecd0946ba3	ݜَیں غم رازی کرَیں والؤں ملی اېک گھوں کاروباری ماݜ گتہ آن٘س		1	0	thirties		کھیل/دوبېرَیں		mvy	
4281ed2314a2c85676db55efdfd06ae0e80cca28b8a50303c9a63524c1b0bccc51e7d7dd44e22e4f6f155ee87c22d5c9f9423d73d9afcbb03a5b77e125c05f09	common_voice_mvy_42532243.mp3	f825aab2f481f6b871384142aef1530664af40e80a177c29323b317c2aa07a35	حق نا حق سجدَیں زائ کھݜ کرَیں ہِن اڅھک ہُوئ تھُو۔		1	0	thirties		کھیل/دوبېرَیں		mvy	
4281ed2314a2c85676db55efdfd06ae0e80cca28b8a50303c9a63524c1b0bccc51e7d7dd44e22e4f6f155ee87c22d5c9f9423d73d9afcbb03a5b77e125c05f09	common_voice_mvy_42532244.mp3	f567f608c9dfefaad4b711748b6746f768f43ecd160e90cecf32472091af5ed8	آں دھان٘ک تپُوسہ کرہ گلے مُسلما ہُوۡن٘دوۡ۔		1	0	thirties		کھیل/دوبېرَیں		mvy	
4281ed2314a2c85676db55efdfd06ae0e80cca28b8a50303c9a63524c1b0bccc51e7d7dd44e22e4f6f155ee87c22d5c9f9423d73d9afcbb03a5b77e125c05f09	common_voice_mvy_42532250.mp3	e435f3f2aff844c030506ce82d19715d9da6b0d0c39d5b8396f153677bcd0f18	ایک حدہ کہ ہریۡ یاد دھریۡ تھُو۔		1	1	thirties		کھیل/دوبېرَیں		mvy	
4281ed2314a2c85676db55efdfd06ae0e80cca28b8a50303c9a63524c1b0bccc51e7d7dd44e22e4f6f155ee87c22d5c9f9423d73d9afcbb03a5b77e125c05f09	common_voice_mvy_42532253.mp3	fcca9a5ba524e44785c35dded9edc9bac8ebc720ee1c51e325aeb747a5908373	کلہۡ کلہۡ ڈېن٘گی ژری نہ بے ہُبتیا ہُم ای تُھو۔		1	0	thirties		کھیل/دوبېرَیں		mvy	
4281ed2314a2c85676db55efdfd06ae0e80cca28b8a50303c9a63524c1b0bccc51e7d7dd44e22e4f6f155ee87c22d5c9f9423d73d9afcbb03a5b77e125c05f09	common_voice_mvy_42532255.mp3	f12779a62255d3404b7caa5235961084bfc284e78ad06b6f04a88a7aba99b9bd	مرا تُھو آں دڑ ہم کم ہوتھی۔		1	0	thirties		کھیل/دوبېرَیں		mvy	
4281ed2314a2c85676db55efdfd06ae0e80cca28b8a50303c9a63524c1b0bccc51e7d7dd44e22e4f6f155ee87c22d5c9f9423d73d9afcbb03a5b77e125c05f09	common_voice_mvy_42532256.mp3	f05113f07627aac87d4f886a22aac3c8b9b59e38ab5ca72139fbe0be774f955a	پُھوتی واں جال استعمال کرؤں۔		1	0	thirties		کھیل/دوبېرَیں		mvy	
4281ed2314a2c85676db55efdfd06ae0e80cca28b8a50303c9a63524c1b0bccc51e7d7dd44e22e4f6f155ee87c22d5c9f9423d73d9afcbb03a5b77e125c05f09	common_voice_mvy_42532257.mp3	e49c2b68b9ff843d0fc322fd14fab45e82c96760c03fa78db9f43b4dd3b12e42	سِوَیں نېست کرؤں لُوکھ،		1	0	thirties		کھیل/دوبېرَیں		mvy	
4281ed2314a2c85676db55efdfd06ae0e80cca28b8a50303c9a63524c1b0bccc51e7d7dd44e22e4f6f155ee87c22d5c9f9423d73d9afcbb03a5b77e125c05f09	common_voice_mvy_42532258.mp3	eef532560018edaa510f46cefe87fdcb7dc86dba0d9df36ffe91a19ed352d18b	بھاؤ دُھواں دُھواں آن٘س		1	0	thirties		کھیل/دوبېرَیں		mvy	
4281ed2314a2c85676db55efdfd06ae0e80cca28b8a50303c9a63524c1b0bccc51e7d7dd44e22e4f6f155ee87c22d5c9f9423d73d9afcbb03a5b77e125c05f09	common_voice_mvy_42532264.mp3	8a4583110b86b0da50b31b55acc130e05b2626071ee1fc18e8191537694adffd	آں تُو گھریں واں مان٘ژھان٘ڑ سن٘دژی ݜلہ بھېٹېلوۡ تُھو“۔		1	0	thirties		کھیل/دوبېرَیں		mvy	
4281ed2314a2c85676db55efdfd06ae0e80cca28b8a50303c9a63524c1b0bccc51e7d7dd44e22e4f6f155ee87c22d5c9f9423d73d9afcbb03a5b77e125c05f09	common_voice_mvy_42532272.mp3	ea80c598b77f06c92bd10ee5b1ab108b0eb551518be033b8e868ff4b09e99168	ہر سو کام چے تسے دینے اڅھک بنیل ہو،		1	0	thirties		کھیل/دوبېرَیں		mvy	
4281ed2314a2c85676db55efdfd06ae0e80cca28b8a50303c9a63524c1b0bccc51e7d7dd44e22e4f6f155ee87c22d5c9f9423d73d9afcbb03a5b77e125c05f09	common_voice_mvy_42532273.mp3	e6cfc4b35d73037b6068bd9aea2c4e2dff4c73b907d69c5c0c82e4f3cc5e6017	ہلالیُوں تے دماغ چاقیۡرَیں یاں دن شربت پُودینہ چو مفید تُھو۔		1	1	thirties		کھیل/دوبېرَیں		mvy	
4281ed2314a2c85676db55efdfd06ae0e80cca28b8a50303c9a63524c1b0bccc51e7d7dd44e22e4f6f155ee87c22d5c9f9423d73d9afcbb03a5b77e125c05f09	common_voice_mvy_42532290.mp3	e1290296f27852a51625deca183cf3cb724a9a2e62a530b2058ae4c6018a4cbd	ڈیمب تے ڈِیۡمبُوۡیُوں ملی ملی		1	0	thirties		کھیل/دوبېرَیں		mvy	
4281ed2314a2c85676db55efdfd06ae0e80cca28b8a50303c9a63524c1b0bccc51e7d7dd44e22e4f6f155ee87c22d5c9f9423d73d9afcbb03a5b77e125c05f09	common_voice_mvy_42532291.mp3	fefb37642ae79e02363d822bf576dca190231d51f51221b573e60ccb0c905b97	اُو قران تے سنتی نہ پاتی ڇیؤں مُون٘ڈ تُھو		1	0	thirties		کھیل/دوبېرَیں		mvy	
4281ed2314a2c85676db55efdfd06ae0e80cca28b8a50303c9a63524c1b0bccc51e7d7dd44e22e4f6f155ee87c22d5c9f9423d73d9afcbb03a5b77e125c05f09	common_voice_mvy_42532293.mp3	f2857693b2909bdc34fc3ed94013e98cf3a8ddb4c64656af91d0faedeadf4f6a	گھؤں لہ اڅھکوۡ ہُوئ تُھو خو ݜَیں مُتیۡ فائدی پشی ماݜ برداش کیریۡ تُھو		1	0	thirties		کھیل/دوبېرَیں		mvy	
8ecec5f505eaceeec903a637f9e99fb41552de1c3835264f40cfaa29caee335ad6267d5b8c438bfad860f556b9fe09bb1797f01b6d4f938423c9c6e67009a780	common_voice_mvy_42532294.mp3	b3fe9ab36ecc17e975b06328104187bac2652df86224d462b306400a6e8a4dcc	اېک مُت گھېن٘روۡ 'بریدہ اسلمیؓ' ڇیلِلوۡ		0	0	twenties				mvy	
4281ed2314a2c85676db55efdfd06ae0e80cca28b8a50303c9a63524c1b0bccc51e7d7dd44e22e4f6f155ee87c22d5c9f9423d73d9afcbb03a5b77e125c05f09	common_voice_mvy_42532296.mp3	f11395c941f498b4fb532e6087c9436772b60b3f066e6e19ebc1eced4a5a0e9d	کھیں تَس مُسلماں واپس کرَیں یاں،		1	0	thirties		کھیل/دوبېرَیں		mvy	
4281ed2314a2c85676db55efdfd06ae0e80cca28b8a50303c9a63524c1b0bccc51e7d7dd44e22e4f6f155ee87c22d5c9f9423d73d9afcbb03a5b77e125c05f09	common_voice_mvy_42532297.mp3	e912313321fe08dadc00eb0ea6646b803f33a960373dba34b242cc4bad0b8781	مہ بکرہۡ لن٘گھا پن٘ڑہۡ وَیں لیکھیۡ بٹُو کرے بھئ ایلوۡ۔		1	0	thirties		کھیل/دوبېرَیں		mvy	
4281ed2314a2c85676db55efdfd06ae0e80cca28b8a50303c9a63524c1b0bccc51e7d7dd44e22e4f6f155ee87c22d5c9f9423d73d9afcbb03a5b77e125c05f09	common_voice_mvy_42532303.mp3	f4b322926a213ef8c6ec1e05eeb35378a3668d5bd1e77e6674ee6cf8491a578c	بُٹؤں نہ سامٹَھیں اللہ پاک خوشال کرؤں،		1	0	thirties		کھیل/دوبېرَیں		mvy	
4281ed2314a2c85676db55efdfd06ae0e80cca28b8a50303c9a63524c1b0bccc51e7d7dd44e22e4f6f155ee87c22d5c9f9423d73d9afcbb03a5b77e125c05f09	common_voice_mvy_42532304.mp3	e470cba6b9aba8a1f260534af2185cea0fdc661a378085aa0a29105d152ea333	سېوں مہ بُٹؤں نہ اہم قومواں اِتفاق (اقوام متحدہ/یونائٹِڈ نېشن)،		1	0	thirties		کھیل/دوبېرَیں		mvy	
4281ed2314a2c85676db55efdfd06ae0e80cca28b8a50303c9a63524c1b0bccc51e7d7dd44e22e4f6f155ee87c22d5c9f9423d73d9afcbb03a5b77e125c05f09	common_voice_mvy_42532305.mp3	efe8c08cf2ae123766f1aa5b45f88d7cf3bf13997666aa683c08584cb3dcae3f	کوَیں تیں تاں نی تُھو		1	0	thirties		کھیل/دوبېرَیں		mvy	
4281ed2314a2c85676db55efdfd06ae0e80cca28b8a50303c9a63524c1b0bccc51e7d7dd44e22e4f6f155ee87c22d5c9f9423d73d9afcbb03a5b77e125c05f09	common_voice_mvy_42532306.mp3	e75862124fa91f45e0b45837d84f1afde51fd4beb5c57bf51d8f6783dd2f98c1	مہ ݜَلہ څَوکیدار تُھو۔		1	0	thirties		کھیل/دوبېرَیں		mvy	
4281ed2314a2c85676db55efdfd06ae0e80cca28b8a50303c9a63524c1b0bccc51e7d7dd44e22e4f6f155ee87c22d5c9f9423d73d9afcbb03a5b77e125c05f09	common_voice_mvy_42532307.mp3	f7ae085b140379fb79bbeff150e128660ab68df1f4ab992ba582fcbb37d9357c	اَس جنگیں تیاری یاں دَن حضورِؐ پاکے بُٹہۡ واں کِریا بانیۡ۔		1	0	thirties		کھیل/دوبېرَیں		mvy	
4281ed2314a2c85676db55efdfd06ae0e80cca28b8a50303c9a63524c1b0bccc51e7d7dd44e22e4f6f155ee87c22d5c9f9423d73d9afcbb03a5b77e125c05f09	common_voice_mvy_42532308.mp3	ddfb015cf9da23c94a051acb3a4230ee67ee836123f657a62932ae2a6e324eac	آج اسلام جیت ہوگا کفر ہوگا ہار		1	0	thirties		کھیل/دوبېرَیں		mvy	
4281ed2314a2c85676db55efdfd06ae0e80cca28b8a50303c9a63524c1b0bccc51e7d7dd44e22e4f6f155ee87c22d5c9f9423d73d9afcbb03a5b77e125c05f09	common_voice_mvy_42532309.mp3	ee3938fedfc81dab7a5a44828aaaf405e746f497ec3930407cec24923769ae99	آں دُوئیں طرف طالبہ تے عام خلق		1	0	thirties		کھیل/دوبېرَیں		mvy	
4281ed2314a2c85676db55efdfd06ae0e80cca28b8a50303c9a63524c1b0bccc51e7d7dd44e22e4f6f155ee87c22d5c9f9423d73d9afcbb03a5b77e125c05f09	common_voice_mvy_42532311.mp3	cfdcc39322858de47f1192e54c5b8c457abd03ab7c38441df6301c79bb70c11e	ݜِݜَیں زُھوک یا دڑ ہُوئ تھی		1	0	thirties		کھیل/دوبېرَیں		mvy	
4281ed2314a2c85676db55efdfd06ae0e80cca28b8a50303c9a63524c1b0bccc51e7d7dd44e22e4f6f155ee87c22d5c9f9423d73d9afcbb03a5b77e125c05f09	common_voice_mvy_42532312.mp3	000f671ec54ce0914e9e91e69fdff8536da98a8e7449927487e06dd6bcf4e34c	پاتیُوں ایک گلاس تُو وے پوں پکار تُھو		1	0	thirties		کھیل/دوبېرَیں		mvy	
4281ed2314a2c85676db55efdfd06ae0e80cca28b8a50303c9a63524c1b0bccc51e7d7dd44e22e4f6f155ee87c22d5c9f9423d73d9afcbb03a5b77e125c05f09	common_voice_mvy_42532313.mp3	9dcbd66778f39aa099182ba36019e469fe7ae37ea73f6180094f1d5920edb792	آں جُنوب مشرق مہ سر کریک ہری مِلیۡ تُھو ،		1	0	thirties		کھیل/دوبېرَیں		mvy	
c334fa60a0cbb65df0d0a6431ecd607c1740b45e0f057ed72e42c813af5dedacee11819963b0f000d24cf3ad868292f8c817ba75efc7c487979e6a4339408073	common_voice_mvy_42533303.mp3	d0674d6b4f21d5052c3cfe07d5c9941f371511da74d3937eb020e1577d227cd6	دُو ہیش چائ پُو ڇئیں ہیش سلامے گتہ بان چائ گل لہ		0	0	thirties				mvy	
c334fa60a0cbb65df0d0a6431ecd607c1740b45e0f057ed72e42c813af5dedacee11819963b0f000d24cf3ad868292f8c817ba75efc7c487979e6a4339408073	common_voice_mvy_42533304.mp3	f185a468ff3e4a2c7408ebd949cc5aa72e3ade84ed2380fea2ae344365a4e129	بُٹوں نہ چئ تېرئ نبی کریم صلی اللہ علیہ وسلم لا ہُوۡن٘دیۡ۔		0	0	thirties				mvy	
c334fa60a0cbb65df0d0a6431ecd607c1740b45e0f057ed72e42c813af5dedacee11819963b0f000d24cf3ad868292f8c817ba75efc7c487979e6a4339408073	common_voice_mvy_42533305.mp3	ea2991c2ff7b7cde2a7ebac630c44a88cce7808f1ee5edc99f0dbc096cfff293	آں ݜس مرضیں عِلاجَیں سہولیات دېوں چئ اہم تھی		0	0	thirties				mvy	
c334fa60a0cbb65df0d0a6431ecd607c1740b45e0f057ed72e42c813af5dedacee11819963b0f000d24cf3ad868292f8c817ba75efc7c487979e6a4339408073	common_voice_mvy_42533306.mp3	f5dc9bb163cf33551df2a3e7464cbbe956aeb3c8a194f2cdcc77c3c866c04f29	چے اېں (کھن٘ڑہ) رِزیلیۡ دُھڑہۡ سن٘دژا تھہ۔		0	0	thirties				mvy	
c334fa60a0cbb65df0d0a6431ecd607c1740b45e0f057ed72e42c813af5dedacee11819963b0f000d24cf3ad868292f8c817ba75efc7c487979e6a4339408073	common_voice_mvy_42533309.mp3	f382f78f20c87844ffe7167259a8cceffd8d3504129f3001521d56d213f6da34	چو احتیاط کرِگ		0	0	thirties				mvy	
c334fa60a0cbb65df0d0a6431ecd607c1740b45e0f057ed72e42c813af5dedacee11819963b0f000d24cf3ad868292f8c817ba75efc7c487979e6a4339408073	common_voice_mvy_42533323.mp3	ceb4eec38ec5598cefba4d41d5b1ab689faaf082fd911723fa7766e1fe3375e4	مِیں گھڑئی مہ دُوئیں بج تھی۔		0	0	thirties				mvy	
c334fa60a0cbb65df0d0a6431ecd607c1740b45e0f057ed72e42c813af5dedacee11819963b0f000d24cf3ad868292f8c817ba75efc7c487979e6a4339408073	common_voice_mvy_42533324.mp3	ed3d5dfe4192d101ceab2b2535ffd9935c342cf4f5393ed77de7cd80c07fa7ad	آخرکار عرباں سَئیں زنٚگلی دیہاتی چِہ سَئیں تَئیں		0	0	thirties				mvy	
c334fa60a0cbb65df0d0a6431ecd607c1740b45e0f057ed72e42c813af5dedacee11819963b0f000d24cf3ad868292f8c817ba75efc7c487979e6a4339408073	common_voice_mvy_42533325.mp3	ef03c919d0db8300c8a9b2611b8ece45071efbea2ffe92896077d73cb0cf5603	اُو رتاں ذرّی پھالے ڙُھویں نِکی تُھو۔		1	0	thirties				mvy	
c334fa60a0cbb65df0d0a6431ecd607c1740b45e0f057ed72e42c813af5dedacee11819963b0f000d24cf3ad868292f8c817ba75efc7c487979e6a4339408073	common_voice_mvy_42533326.mp3	e38df8be930059c8a56c3803310c504c076689e31034ab1dbe54844a2f2d1dc2	سو وخ خدیجہرض دُوبیۡش کالیۡ آن٘سیۡ		0	0	thirties				mvy	
c334fa60a0cbb65df0d0a6431ecd607c1740b45e0f057ed72e42c813af5dedacee11819963b0f000d24cf3ad868292f8c817ba75efc7c487979e6a4339408073	common_voice_mvy_42533327.mp3	af428533ead4ba895e5966fa44da249e907879a5ae73fdb3a2d14bc4aff68245	تقلید قلادہ نہ نِکئ تُھو		0	0	thirties				mvy	
c334fa60a0cbb65df0d0a6431ecd607c1740b45e0f057ed72e42c813af5dedacee11819963b0f000d24cf3ad868292f8c817ba75efc7c487979e6a4339408073	common_voice_mvy_42533328.mp3	dfa04b2bef5c94d70b53bb9aaaabb81fcf7c82165f97b053b8e804b62d263e61	انشاءاللہ مسئلہ حل ہو تھی۔		1	0	thirties				mvy	
c334fa60a0cbb65df0d0a6431ecd607c1740b45e0f057ed72e42c813af5dedacee11819963b0f000d24cf3ad868292f8c817ba75efc7c487979e6a4339408073	common_voice_mvy_42533329.mp3	f5a75e3a2d46e319022e7cadc18295f510ff145a2bb8e90c59488da7870f7f3f	گتہ پتہۡ نَیں بِتُس کو کس پشہاں تھہ گی نَیں		0	0	thirties				mvy	
c334fa60a0cbb65df0d0a6431ecd607c1740b45e0f057ed72e42c813af5dedacee11819963b0f000d24cf3ad868292f8c817ba75efc7c487979e6a4339408073	common_voice_mvy_42533330.mp3	ba9eb6c1881c9a6f74661509fecd3d4113b5dc30715697579cbd1ad6a2540a92	اسیں لِکان٘لو شمس العالمین کاکاخېل تُھو		0	0	thirties				mvy	
c334fa60a0cbb65df0d0a6431ecd607c1740b45e0f057ed72e42c813af5dedacee11819963b0f000d24cf3ad868292f8c817ba75efc7c487979e6a4339408073	common_voice_mvy_42533331.mp3	dd6f57b9bf4a00b9a2cd112413dc161d851553410ea4df65e200d2e0f03730ca	تسِیں آنڇھیُوں مُوٹھیُوں تھپ تَمئ اے تھی۔		1	1	thirties				mvy	
c334fa60a0cbb65df0d0a6431ecd607c1740b45e0f057ed72e42c813af5dedacee11819963b0f000d24cf3ad868292f8c817ba75efc7c487979e6a4339408073	common_voice_mvy_42533332.mp3	d47c8e15966f57834f17a1b30c8f3fc31c8c2c1bc3267abe7dcbe1392913e824	ہسان نحوۡ مہ ڇَیوں سبق ای گا		0	0	thirties				mvy	
c334fa60a0cbb65df0d0a6431ecd607c1740b45e0f057ed72e42c813af5dedacee11819963b0f000d24cf3ad868292f8c817ba75efc7c487979e6a4339408073	common_voice_mvy_42533338.mp3	e81406ff3f8d8dc5031f4e0bac0387cfcd989c15939b0b0e7b7992e82ddfbe46	ݜیں اسی تعریف بَدلا گلاں تھو۔		0	0	thirties				mvy	
c334fa60a0cbb65df0d0a6431ecd607c1740b45e0f057ed72e42c813af5dedacee11819963b0f000d24cf3ad868292f8c817ba75efc7c487979e6a4339408073	common_voice_mvy_42533339.mp3	b56430ce56619d0fc169361f16c65d669965ac290ff1c473d8154c7765200839	نیاسنگی ، مقام، مھرگڑھ، کان٘سی یاں وختاں ،		0	0	thirties				mvy	
c334fa60a0cbb65df0d0a6431ecd607c1740b45e0f057ed72e42c813af5dedacee11819963b0f000d24cf3ad868292f8c817ba75efc7c487979e6a4339408073	common_voice_mvy_42533340.mp3	9042e3faca6030b7f6f0896e49104560b6b0a51d9686d300e659db834d6c2946	اېں سېں کمہۡ تھہ کاں چے مختلف وطنؤں آں قومؤں کوکسی مِل کر چھی۔		1	0	thirties				mvy	
c334fa60a0cbb65df0d0a6431ecd607c1740b45e0f057ed72e42c813af5dedacee11819963b0f000d24cf3ad868292f8c817ba75efc7c487979e6a4339408073	common_voice_mvy_42533341.mp3	e9c12bd832806d7a8d039829ff06e4f3c99df3bfceedf716ab1a14d387667ff3	سو وجہۡ ہِن خلکہ چے بیمار نی ہوں تھہ۔		0	0	thirties				mvy	
c334fa60a0cbb65df0d0a6431ecd607c1740b45e0f057ed72e42c813af5dedacee11819963b0f000d24cf3ad868292f8c817ba75efc7c487979e6a4339408073	common_voice_mvy_42533342.mp3	f7140b5de8c1c50166238701a4e3edadc5beb91955bdff4a0bb82e9a87cafaa8	ایں بانیۡ: ہئ ارمان! میں قام شِدیۡ ہو وتے		0	0	thirties				mvy	
c334fa60a0cbb65df0d0a6431ecd607c1740b45e0f057ed72e42c813af5dedacee11819963b0f000d24cf3ad868292f8c817ba75efc7c487979e6a4339408073	common_voice_mvy_42533343.mp3	f0a02bc2373eab5ab31aae3217c01fba6416325821d7f54fdc5386cac7e566e9	ہا کُھور چُلَیں نہ نِکا تُھو۔		0	0	thirties				mvy	
c334fa60a0cbb65df0d0a6431ecd607c1740b45e0f057ed72e42c813af5dedacee11819963b0f000d24cf3ad868292f8c817ba75efc7c487979e6a4339408073	common_voice_mvy_42533344.mp3	f2186c1d18d8848cdd6efe572ff16d0aebb4bd4f308222e905f9305b3bf3efd4	چے سوﷺ نہ چو ڙِگوۡ آن٘س آں نہ کھٹؤں		0	0	thirties				mvy	
c334fa60a0cbb65df0d0a6431ecd607c1740b45e0f057ed72e42c813af5dedacee11819963b0f000d24cf3ad868292f8c817ba75efc7c487979e6a4339408073	common_voice_mvy_42533345.mp3	c282297c96bbf791918133b5d42d7bf8492a49b1641fabc270e78584fb9a5052	پاتُو گُھران٘س پېریۡ واں اېک ڈلے اِسلام قبلاؤ۔		0	0	thirties				mvy	
c334fa60a0cbb65df0d0a6431ecd607c1740b45e0f057ed72e42c813af5dedacee11819963b0f000d24cf3ad868292f8c817ba75efc7c487979e6a4339408073	common_voice_mvy_42533346.mp3	f89a05ae8ad3cfce70e6ee302e50cfc16813bd81821d573c021e7e12032afa93	لفظ دُو قِسمہ تُھو مؤضوع آں مُہمل		0	0	thirties				mvy	
c334fa60a0cbb65df0d0a6431ecd607c1740b45e0f057ed72e42c813af5dedacee11819963b0f000d24cf3ad868292f8c817ba75efc7c487979e6a4339408073	common_voice_mvy_42533347.mp3	ee75947a14eb902db7bb861d52ac781f9da1c64cd3b1e644050289a8e3e8435d	اُتھل کھن٘ڑاں زن٘گلہ مہ تپ چک ہُوندوۡ۔		0	0	thirties				mvy	
c334fa60a0cbb65df0d0a6431ecd607c1740b45e0f057ed72e42c813af5dedacee11819963b0f000d24cf3ad868292f8c817ba75efc7c487979e6a4339408073	common_voice_mvy_42533348.mp3	e475ce37fcf7fcbe14175639e21be6df89b2555adf607a6058d7f10ec5c7f74b	کوستاں خلکہ تے علاقہ وَیں نھالُوں		0	0	thirties				mvy	
c334fa60a0cbb65df0d0a6431ecd607c1740b45e0f057ed72e42c813af5dedacee11819963b0f000d24cf3ad868292f8c817ba75efc7c487979e6a4339408073	common_voice_mvy_42533349.mp3	f9e7e2180725f634977a14f98f128554d06485ff51204aadfa0c0a32a00f73c1	قومواں قانُون گنے بناں تھو؟		0	0	thirties				mvy	
c334fa60a0cbb65df0d0a6431ecd607c1740b45e0f057ed72e42c813af5dedacee11819963b0f000d24cf3ad868292f8c817ba75efc7c487979e6a4339408073	common_voice_mvy_42533350.mp3	fdaa2f56bdbcf0162b13862cd125b0a3fd77dab47ee95cfe9dae3cabf5676f03	چہ سو مردار ہوگا زؤں کابلی خر		0	1	thirties				mvy	
c334fa60a0cbb65df0d0a6431ecd607c1740b45e0f057ed72e42c813af5dedacee11819963b0f000d24cf3ad868292f8c817ba75efc7c487979e6a4339408073	common_voice_mvy_42533351.mp3	f01233a7587e6a032ccc29e86d6833a69a408b469d0bab5c7398d68f59911ff1	وختی لا اُتھی سَیں وُڅکی کھا		1	0	thirties				mvy	
c334fa60a0cbb65df0d0a6431ecd607c1740b45e0f057ed72e42c813af5dedacee11819963b0f000d24cf3ad868292f8c817ba75efc7c487979e6a4339408073	common_voice_mvy_42533352.mp3	9210370f6d29a833b524a91593bb3203c8f8a19ef365ed532aec473dccc50d55	ولے اَس استحساناً دیوں تُھو۔		0	0	thirties				mvy	
c334fa60a0cbb65df0d0a6431ecd607c1740b45e0f057ed72e42c813af5dedacee11819963b0f000d24cf3ad868292f8c817ba75efc7c487979e6a4339408073	common_voice_mvy_42533353.mp3	f34684933925af4ccbad333f6b6e623c0c11b0a7a6ea6fe870e8067a6e9f0960	آں ݜُو نبیؐ اں ژؤن٘دُنی مہ سامُوٹھیۡ جُمعہ آن٘سیۡ۔		1	0	thirties				mvy	
c334fa60a0cbb65df0d0a6431ecd607c1740b45e0f057ed72e42c813af5dedacee11819963b0f000d24cf3ad868292f8c817ba75efc7c487979e6a4339408073	common_voice_mvy_42533354.mp3	fd10339c5684243fd83305310af0bf65c1ba948df31d88e720b051846d94ef05	(نِلیار لا) ݜېں باغہ کھݜ کِݜیں لیل ہوں تھہ۔		0	0	thirties				mvy	
c334fa60a0cbb65df0d0a6431ecd607c1740b45e0f057ed72e42c813af5dedacee11819963b0f000d24cf3ad868292f8c817ba75efc7c487979e6a4339408073	common_voice_mvy_42533355.mp3	e9384796dcfdd7e001002569aac94056969105bd3deca04d6ac0f986cdbef2b5	تُس قت اپان٘دُو بئ تھہ۔		0	0	thirties				mvy	
c334fa60a0cbb65df0d0a6431ecd607c1740b45e0f057ed72e42c813af5dedacee11819963b0f000d24cf3ad868292f8c817ba75efc7c487979e6a4339408073	common_voice_mvy_42533356.mp3	f93539398d8758f9aa8fbe75d2cf5f62b1ff1a59ed8f8ed960738f1c5ac4dc47	معنہ ݜے چے بھژدہ، گھین٘رہ (اِمام)		1	0	thirties				mvy	
c334fa60a0cbb65df0d0a6431ecd607c1740b45e0f057ed72e42c813af5dedacee11819963b0f000d24cf3ad868292f8c817ba75efc7c487979e6a4339408073	common_voice_mvy_42533357.mp3	6d91b518434dd013802fce1171a57602f11c8c2085c39962baf85ce95006750f	ہر ہیشی لا چے کلہۡ اېک ڈلہ (مژ) گلژا تھی،		1	0	thirties				mvy	
c334fa60a0cbb65df0d0a6431ecd607c1740b45e0f057ed72e42c813af5dedacee11819963b0f000d24cf3ad868292f8c817ba75efc7c487979e6a4339408073	common_voice_mvy_42533362.mp3	fb4d213f3c8b05d5e9b0a627366f758ab38ea47acff1b53f0d8dbd4df775069a	پُولیۡ کھیں چھاڑیۡ کم ہوتھی۔		0	0	thirties				mvy	
c334fa60a0cbb65df0d0a6431ecd607c1740b45e0f057ed72e42c813af5dedacee11819963b0f000d24cf3ad868292f8c817ba75efc7c487979e6a4339408073	common_voice_mvy_42533363.mp3	f9e42bde1c447784d869ad536663216161eb53fb445e5965b3981acafb7cfc31	دُو دیس لن٘گھاؤ کھیں سقرہ مہ زؤں بھیٹ		1	0	thirties				mvy	
c334fa60a0cbb65df0d0a6431ecd607c1740b45e0f057ed72e42c813af5dedacee11819963b0f000d24cf3ad868292f8c817ba75efc7c487979e6a4339408073	common_voice_mvy_42533364.mp3	f7a494a3caae27416513a8e1d3b7aa6f415077b437376ea07a63d89e73f2c56b	بِڅاں کوستاں مہ اسیں رِزَئیں وجہۡ گی تھی؟		1	0	thirties				mvy	
c334fa60a0cbb65df0d0a6431ecd607c1740b45e0f057ed72e42c813af5dedacee11819963b0f000d24cf3ad868292f8c817ba75efc7c487979e6a4339408073	common_voice_mvy_42533365.mp3	ea87ae1787be9a782808f6681f179e6f0a9732b3a9b8f117c43f55d19f667730	سُگاؤ اڙوۡ دی تُھو، اسی مہ اما بلیاگ نَیں یی!		0	0	thirties				mvy	
c334fa60a0cbb65df0d0a6431ecd607c1740b45e0f057ed72e42c813af5dedacee11819963b0f000d24cf3ad868292f8c817ba75efc7c487979e6a4339408073	common_voice_mvy_42533366.mp3	f02a6517b0ee3c74531ae3c2b86b93fe87d7bbe63b89140870080c7cf41e9402	اُگُھر خلقؤں لا ہُم ظِلم ہُون٘د۔		1	0	thirties				mvy	
c334fa60a0cbb65df0d0a6431ecd607c1740b45e0f057ed72e42c813af5dedacee11819963b0f000d24cf3ad868292f8c817ba75efc7c487979e6a4339408073	common_voice_mvy_42533377.mp3	b8ae22a9912d46a78d210dec3b259bbc7dca14a4788fb5eb8885359eed445e45	چے قانُون پوہہۡ تسی لا رضا تھہ۔		0	0	thirties				mvy	
c334fa60a0cbb65df0d0a6431ecd607c1740b45e0f057ed72e42c813af5dedacee11819963b0f000d24cf3ad868292f8c817ba75efc7c487979e6a4339408073	common_voice_mvy_42533378.mp3	f94dc47f5a217d5c3283b32d141a30bcdeed716fa9ee95be363768793c02bb7e	ولے سون٘ہہۡ مہ وخ نی بنژی یان٘س چےۡ کلہۡ بے تھہ کرے۔		0	0	thirties				mvy	
c334fa60a0cbb65df0d0a6431ecd607c1740b45e0f057ed72e42c813af5dedacee11819963b0f000d24cf3ad868292f8c817ba75efc7c487979e6a4339408073	common_voice_mvy_42533379.mp3	f7f157cf6e724832754ac2708472422f7e5391bd1f555c969d037b72ace8dc9c	مولی یاں پن٘ڑاں وے سُگو زکے پویں ہِن نَشاں اثر ختم ہو تُھو۔		0	0	thirties				mvy	
c334fa60a0cbb65df0d0a6431ecd607c1740b45e0f057ed72e42c813af5dedacee11819963b0f000d24cf3ad868292f8c817ba75efc7c487979e6a4339408073	common_voice_mvy_42533384.mp3	e453038c9a950e6ae2bd6b53b7c1bad882ac20ed4da98001047b2efd1218e9c6	مٹی تا بھاں شن٘دہ نہ پیال بېں لا نھالِسیۡ۔		1	0	thirties				mvy	
c334fa60a0cbb65df0d0a6431ecd607c1740b45e0f057ed72e42c813af5dedacee11819963b0f000d24cf3ad868292f8c817ba75efc7c487979e6a4339408073	common_voice_mvy_42533386.mp3	f6786e32bc94d8d497beeec116eebc1fecc71ce5d0bc5c0414246ebca37f119f	آں اېں بدل ہرَیں یاں غرضی آن٘س۔		0	0	thirties				mvy	
c334fa60a0cbb65df0d0a6431ecd607c1740b45e0f057ed72e42c813af5dedacee11819963b0f000d24cf3ad868292f8c817ba75efc7c487979e6a4339408073	common_voice_mvy_42533393.mp3	e4552e8f229d0b395820f746083085c8ad22383cc306ea2eae17cdc4d02603d8	آں اس علاقہ پسماندگیں تمیؤں نہ نھیلے		0	0	thirties				mvy	
c334fa60a0cbb65df0d0a6431ecd607c1740b45e0f057ed72e42c813af5dedacee11819963b0f000d24cf3ad868292f8c817ba75efc7c487979e6a4339408073	common_voice_mvy_42533398.mp3	ed6501a2a15fa49ac637342a7cd67af3336e5e9ce0e0688cafe8dfdd7d03e98d	چِہ سَو دُنئ تھی ہار انسانوں کِراں امن تے انصافَئیں پاند پَشاݜَت		0	0	thirties				mvy	
c334fa60a0cbb65df0d0a6431ecd607c1740b45e0f057ed72e42c813af5dedacee11819963b0f000d24cf3ad868292f8c817ba75efc7c487979e6a4339408073	common_voice_mvy_42533399.mp3	f602ef311a893343f8aa6f6115aaf218f265802f77002eda95966e549d9e762f	چے تلہ کھَیں پویں یاں وے بُٹ اېک زئ نہ استعمال کراں۔		0	0	thirties				mvy	
c334fa60a0cbb65df0d0a6431ecd607c1740b45e0f057ed72e42c813af5dedacee11819963b0f000d24cf3ad868292f8c817ba75efc7c487979e6a4339408073	common_voice_mvy_42533400.mp3	fbc7d6350b7631e3e0c2b437c7fea8bc963544c684dde297790afd8c9a0509e8	رُکوع مہ ݜِݜ یی تے ڈاؤ کوکسے سون٘ݜیۡ رؤں،		0	0	thirties				mvy	
c334fa60a0cbb65df0d0a6431ecd607c1740b45e0f057ed72e42c813af5dedacee11819963b0f000d24cf3ad868292f8c817ba75efc7c487979e6a4339408073	common_voice_mvy_42533405.mp3	f941da81773b57365ee7a2c612d952e313a5133130f93a2819e534d24453cb6f	غیر مفید تسے بناں تھہ چے		0	0	thirties				mvy	
c334fa60a0cbb65df0d0a6431ecd607c1740b45e0f057ed72e42c813af5dedacee11819963b0f000d24cf3ad868292f8c817ba75efc7c487979e6a4339408073	common_voice_mvy_42545034.mp3	fa67f93197e29e18d505b25ebff90e8bb27ee2a427bd8f57ee491fca8bbf036f	ݜسیں کریا چے اتفاق اتحاد قائم دھرہۡ،		1	0	thirties				mvy	
c334fa60a0cbb65df0d0a6431ecd607c1740b45e0f057ed72e42c813af5dedacee11819963b0f000d24cf3ad868292f8c817ba75efc7c487979e6a4339408073	common_voice_mvy_42545035.mp3	eda4b0c39f07b2f12d1d8dd61fddb802b55c59b4195be9f9f5b9830b7263672f	کھیں گُمان کرُژ تُھو چے		0	0	thirties				mvy	
c334fa60a0cbb65df0d0a6431ecd607c1740b45e0f057ed72e42c813af5dedacee11819963b0f000d24cf3ad868292f8c817ba75efc7c487979e6a4339408073	common_voice_mvy_42545036.mp3	e98936767d91e5bcc2c6a5dee5ce116683474edb593fcdbdb57ec1ac61ffea41	آں نسل مُوٹُھو بَیؤں تُھو۔		1	0	thirties				mvy	
c334fa60a0cbb65df0d0a6431ecd607c1740b45e0f057ed72e42c813af5dedacee11819963b0f000d24cf3ad868292f8c817ba75efc7c487979e6a4339408073	common_voice_mvy_42545037.mp3	f241b9f9fa0809e8c18a9f11e546b0dc587bd67e2bb822122019dbc5727aaba7	ایک کھن٘ڑہۡ لا چو ژَیں والا تگُو چے تسیں نؤں کِمُوش تُھو۔		0	0	thirties				mvy	
c334fa60a0cbb65df0d0a6431ecd607c1740b45e0f057ed72e42c813af5dedacee11819963b0f000d24cf3ad868292f8c817ba75efc7c487979e6a4339408073	common_voice_mvy_42545039.mp3	b397fe143a526e99829de64ebd7fb70f12c8e1bcc30358e6be8fc081824ca760	ادُوس مہ مُت نہ مدد نِی ہَرٶں مستحب تھُو۔		0	0	thirties				mvy	
c334fa60a0cbb65df0d0a6431ecd607c1740b45e0f057ed72e42c813af5dedacee11819963b0f000d24cf3ad868292f8c817ba75efc7c487979e6a4339408073	common_voice_mvy_42545064.mp3	fea7f79c759e0725c9913cd4e7896b57f3f7ab929827a6051ad4673659cde143	ݜُو ٹېم مہ حضرت عباسؓ اے کٶ کیریۡ		1	0	thirties				mvy	
c334fa60a0cbb65df0d0a6431ecd607c1740b45e0f057ed72e42c813af5dedacee11819963b0f000d24cf3ad868292f8c817ba75efc7c487979e6a4339408073	common_voice_mvy_42545065.mp3	f3de33e6c140c4b0289533dfcc8a571a1f78bbb45063859df831fc0b14d32da3	رِخَیں مرض ختم ہوتھی۔		1	0	thirties				mvy	
c334fa60a0cbb65df0d0a6431ecd607c1740b45e0f057ed72e42c813af5dedacee11819963b0f000d24cf3ad868292f8c817ba75efc7c487979e6a4339408073	common_voice_mvy_42545066.mp3	ee7d7044a5d29017199cf03f0f355d64c6b254bcec3e2ea27672a3c6186055e4	ݜُو شاناں اِواں کِریا کھؤں پوں آں سامان نیۡ دے تھہ۔		0	0	thirties				mvy	
c334fa60a0cbb65df0d0a6431ecd607c1740b45e0f057ed72e42c813af5dedacee11819963b0f000d24cf3ad868292f8c817ba75efc7c487979e6a4339408073	common_voice_mvy_42545067.mp3	eca3a0436fe213c29d31935b024c3492a1fcf99c25e4d0629b773f1c8773d9df	(اِوَیں) بنہ او نبی، تُس مے بنی چے		1	0	thirties				mvy	
c334fa60a0cbb65df0d0a6431ecd607c1740b45e0f057ed72e42c813af5dedacee11819963b0f000d24cf3ad868292f8c817ba75efc7c487979e6a4339408073	common_voice_mvy_42545068.mp3	e688f3f602a48f07673a4641da8b44b7add7a30548239604b0de57060486f6c5	ہر کال تام دُنئ لا لاکھؤں لا خلکہ		0	0	thirties				mvy	
c334fa60a0cbb65df0d0a6431ecd607c1740b45e0f057ed72e42c813af5dedacee11819963b0f000d24cf3ad868292f8c817ba75efc7c487979e6a4339408073	common_voice_mvy_42545083.mp3	f4eefbf7cb205762d748a612e1dbf354949321e0ada02ebe905fc4e72fd1ab8f	لَکھہ نسل باریۡرَیں/مارے ختم کرَیں لا پابندی۔		0	0	thirties				mvy	
c334fa60a0cbb65df0d0a6431ecd607c1740b45e0f057ed72e42c813af5dedacee11819963b0f000d24cf3ad868292f8c817ba75efc7c487979e6a4339408073	common_voice_mvy_42545084.mp3	fd407dd5c4132873ad31b473b48a7962edfaeea2f5a2846551fb3b56fe4e21c7	کھیں اُو جسِم تت دھرئیں کوشش کرا تُھو۔		0	0	thirties				mvy	
c334fa60a0cbb65df0d0a6431ecd607c1740b45e0f057ed72e42c813af5dedacee11819963b0f000d24cf3ad868292f8c817ba75efc7c487979e6a4339408073	common_voice_mvy_42545085.mp3	fc646bad8cb096169573bcc668856d93c92a7ad8acfe2a910f02fdc1d056f568	پھیں سار کوستٶں ایک ضِلعہ آن٘سیۡ۔		0	0	thirties				mvy	
c334fa60a0cbb65df0d0a6431ecd607c1740b45e0f057ed72e42c813af5dedacee11819963b0f000d24cf3ad868292f8c817ba75efc7c487979e6a4339408073	common_voice_mvy_42545086.mp3	a8a46c9a3fb7829b3036e0d696ee4f0372e7a36f72d0a806614199a4740224f3	خاص کر ہیپاٹائٹس اے یاں خلاف حفاظتی سُویں وېکسین رِن٘گؤں۔		1	0	thirties				mvy	
c334fa60a0cbb65df0d0a6431ecd607c1740b45e0f057ed72e42c813af5dedacee11819963b0f000d24cf3ad868292f8c817ba75efc7c487979e6a4339408073	common_voice_mvy_42545107.mp3	a693504e26f61b62a69f670f727fd8353553db5afa5bf92dc4bb896108f9325d	آں دش غیر مُستقل مېمبرہ تھو۔		1	0	thirties				mvy	
c334fa60a0cbb65df0d0a6431ecd607c1740b45e0f057ed72e42c813af5dedacee11819963b0f000d24cf3ad868292f8c817ba75efc7c487979e6a4339408073	common_voice_mvy_42545108.mp3	ff09d1a812170837dd8fbe6da97f2c6be4fbe3f73e9e9b604318cbcbee1b3220	اس پاک خلک (ملائکہ) قدر چک کرہاں تھہ		1	0	thirties				mvy	
c334fa60a0cbb65df0d0a6431ecd607c1740b45e0f057ed72e42c813af5dedacee11819963b0f000d24cf3ad868292f8c817ba75efc7c487979e6a4339408073	common_voice_mvy_42545110.mp3	ed576502170bb7efd3dd367092c67b2b7d33a25e6e82259b928df02b168136ea	گازریۡ ہِن نظرَیں چئ بہتہۡرین علاج ہُوئ تھی		0	0	thirties				mvy	
c334fa60a0cbb65df0d0a6431ecd607c1740b45e0f057ed72e42c813af5dedacee11819963b0f000d24cf3ad868292f8c817ba75efc7c487979e6a4339408073	common_voice_mvy_42545111.mp3	f4edd05a6884b645a101ea22f98131ebf0f8b525b245ce9eae7ae03d3581d0bd	اِماماں کِریا دُویُوں سلام سامُوٹھ		0	0	thirties				mvy	
c334fa60a0cbb65df0d0a6431ecd607c1740b45e0f057ed72e42c813af5dedacee11819963b0f000d24cf3ad868292f8c817ba75efc7c487979e6a4339408073	common_voice_mvy_42545125.mp3	aa3e92f5f515055d051539d2cfd60afa4d2a6c6db17a363d2d705644f61e4a9a	”او ککی تے سُگاؤ معلوم تُھو،		1	0	thirties				mvy	
c334fa60a0cbb65df0d0a6431ecd607c1740b45e0f057ed72e42c813af5dedacee11819963b0f000d24cf3ad868292f8c817ba75efc7c487979e6a4339408073	common_voice_mvy_42545126.mp3	ff048bb6305c43ef2c97cd49d47763d842f86b55f1675be08aac2e08df05d0c5	اُببل زکے وے ملی کھیائ		1	0	thirties				mvy	
c334fa60a0cbb65df0d0a6431ecd607c1740b45e0f057ed72e42c813af5dedacee11819963b0f000d24cf3ad868292f8c817ba75efc7c487979e6a4339408073	common_voice_mvy_42545127.mp3	dd3c9b4c752c212f55194be4ad0fcb726b814f49032863426d3c05ce0fb16b58	اېک ہفتہ دریاب مِلی مِلی پان٘د کیریۡ۔		1	0	thirties				mvy	
c334fa60a0cbb65df0d0a6431ecd607c1740b45e0f057ed72e42c813af5dedacee11819963b0f000d24cf3ad868292f8c817ba75efc7c487979e6a4339408073	common_voice_mvy_42545128.mp3	f8c28d9cf65cf02f0ef0577e8880fd2f5bf766577a87951393e03c83889a8f34	مُن٘ڈہۡ نہ حرام سو تُھو چے کؤں شُروع نہ		0	0	thirties				mvy	
c334fa60a0cbb65df0d0a6431ecd607c1740b45e0f057ed72e42c813af5dedacee11819963b0f000d24cf3ad868292f8c817ba75efc7c487979e6a4339408073	common_voice_mvy_42545129.mp3	f2f099e56cc54da8f1b8f3397ecee87cd60a7d05c99bee0d4c6cb890228cfa4c	چےۡ دُوبارِی اِنسٹاگرام لا کَسِی مِلی یاری کرَیں نہ مُوٹھن		0	0	thirties				mvy	
c334fa60a0cbb65df0d0a6431ecd607c1740b45e0f057ed72e42c813af5dedacee11819963b0f000d24cf3ad868292f8c817ba75efc7c487979e6a4339408073	common_voice_mvy_42545135.mp3	009d75045a1c590e1468e44a03690442869e5a6abf87145e83c0dae5073114c1	چے کسیں مھال دالہ (اڅھکیار نہ) بِھیالس نَیں،		0	0	thirties				mvy	
c334fa60a0cbb65df0d0a6431ecd607c1740b45e0f057ed72e42c813af5dedacee11819963b0f000d24cf3ad868292f8c817ba75efc7c487979e6a4339408073	common_voice_mvy_42545136.mp3	dd6f71ab443ac4f5e19ad5c0beca585fbcf1d2305f0b76f6f8896347ff7d8a1e	ݜَیں تمام بلی ݜس ظاہر کراں تھی		1	0	thirties				mvy	
c334fa60a0cbb65df0d0a6431ecd607c1740b45e0f057ed72e42c813af5dedacee11819963b0f000d24cf3ad868292f8c817ba75efc7c487979e6a4339408073	common_voice_mvy_42545137.mp3	f022835e2444e995142439b605f19670452abfcd0bfca9b030aa8d0540c8dc51	آں عقل خراب کیریۡ تُھو۔		0	0	thirties				mvy	
c334fa60a0cbb65df0d0a6431ecd607c1740b45e0f057ed72e42c813af5dedacee11819963b0f000d24cf3ad868292f8c817ba75efc7c487979e6a4339408073	common_voice_mvy_42546173.mp3	e33e54b63b542446c452d64584f50919666592782e65f937d4bf7de9fdc05618	کلہۡ کلہۡ ݜَس تَصُور کَرم تُھو		1	0	thirties				mvy	
c334fa60a0cbb65df0d0a6431ecd607c1740b45e0f057ed72e42c813af5dedacee11819963b0f000d24cf3ad868292f8c817ba75efc7c487979e6a4339408073	common_voice_mvy_42546174.mp3	f2a1e5b83dc17d8e4af26ccf7dd6baa5e0ab59f8c9f5b3efebe3c1a918589396	ݜُوشاناں سخ مریضاں دن		0	0	thirties				mvy	
c334fa60a0cbb65df0d0a6431ecd607c1740b45e0f057ed72e42c813af5dedacee11819963b0f000d24cf3ad868292f8c817ba75efc7c487979e6a4339408073	common_voice_mvy_42546175.mp3	ee5fe677db0711a80a27e7d08ed0ab0b7297ad3969003bfbdb9d9b2ca93d6e88	کھڑہۡ مہ گیلیۡ آں سو زئ ٹِکئ لا سُور ہُون٘دیۡ۔		1	0	thirties				mvy	
c334fa60a0cbb65df0d0a6431ecd607c1740b45e0f057ed72e42c813af5dedacee11819963b0f000d24cf3ad868292f8c817ba75efc7c487979e6a4339408073	common_voice_mvy_42546177.mp3	fc7e3d9f03c5412f656a16356c4a284a140970fa9957facd50419eb0a463b06b	اسی مہ شرعی مَسلاں حل نھالژا تُھو		1	0	thirties				mvy	
c334fa60a0cbb65df0d0a6431ecd607c1740b45e0f057ed72e42c813af5dedacee11819963b0f000d24cf3ad868292f8c817ba75efc7c487979e6a4339408073	common_voice_mvy_42546193.mp3	e4b3db44592ce14f5f8847e17446d6a0b5fed0fe86c0660c8b7ad4b82a1d7fcd	اسلام جیت ہوگا آنٚس رباں وعدہ		1	0	thirties				mvy	
c334fa60a0cbb65df0d0a6431ecd607c1740b45e0f057ed72e42c813af5dedacee11819963b0f000d24cf3ad868292f8c817ba75efc7c487979e6a4339408073	common_voice_mvy_42546194.mp3	ea0cf67791f6ce815f3c76f0904480649b1ba4948be769f37b41cdb54696e06b	آژ مہ څَیں اېک ارگٹیۡ موحبَتِیں قصہ کرم		1	0	thirties				mvy	
c334fa60a0cbb65df0d0a6431ecd607c1740b45e0f057ed72e42c813af5dedacee11819963b0f000d24cf3ad868292f8c817ba75efc7c487979e6a4339408073	common_voice_mvy_42546197.mp3	eaf2c5ca5a1831d6c3ce401ae1df1a21fd761bd30faa09170d9e83b2535857c3	مطلب چے تیں علماں امتحان قلم گِھنیۡ تُھو،		0	0	thirties				mvy	
c334fa60a0cbb65df0d0a6431ecd607c1740b45e0f057ed72e42c813af5dedacee11819963b0f000d24cf3ad868292f8c817ba75efc7c487979e6a4339408073	common_voice_mvy_42546199.mp3	ebcd52d4bded47bf806b544a99c11740b7da5ae43407e3b7a1988891bde007c8	آں ݜُو تِجارتیں قافلہ مسلمؤں مِلی لمَی یاں کِریا		1	0	thirties				mvy	
c334fa60a0cbb65df0d0a6431ecd607c1740b45e0f057ed72e42c813af5dedacee11819963b0f000d24cf3ad868292f8c817ba75efc7c487979e6a4339408073	common_voice_mvy_42546202.mp3	f7f67ac238e95b572208394ac7325d95a795185851e34916fdc46736afc5f73d	جمع سالم تسے بناں تھہ چے تسیں		1	0	thirties				mvy	
c334fa60a0cbb65df0d0a6431ecd607c1740b45e0f057ed72e42c813af5dedacee11819963b0f000d24cf3ad868292f8c817ba75efc7c487979e6a4339408073	common_voice_mvy_42546208.mp3	d773a225a682c9ba211ddd9b3f1d2eacfe162c8b2f00014d9f10fc4585e2a341	دیناں تہوارہ آں احکامؤں لا ہمیشگری کراں تھو۔		1	0	thirties				mvy	
c334fa60a0cbb65df0d0a6431ecd607c1740b45e0f057ed72e42c813af5dedacee11819963b0f000d24cf3ad868292f8c817ba75efc7c487979e6a4339408073	common_voice_mvy_42546209.mp3	f741a955fa98be510a40d37906263cd6e601cfa9c25dab772b57899540eb7bd0	آں مُت ݜُو چے دویُوں ݜُو کام سامُوٹھھ		0	0	thirties				mvy	
c334fa60a0cbb65df0d0a6431ecd607c1740b45e0f057ed72e42c813af5dedacee11819963b0f000d24cf3ad868292f8c817ba75efc7c487979e6a4339408073	common_voice_mvy_42546210.mp3	f8e2c4e1a2b559200caa0dbac25778c61ed5f6ebf891d95cc78bf4ce34b4d1c5	ݜُو شاناں حرامے قط څیز روا کرؤں۔		0	0	thirties				mvy	
c334fa60a0cbb65df0d0a6431ecd607c1740b45e0f057ed72e42c813af5dedacee11819963b0f000d24cf3ad868292f8c817ba75efc7c487979e6a4339408073	common_voice_mvy_42546211.mp3	d5c6842a720cda659737e5a66a5195fed21e9f39fcc4ac4614e9e442d6055765	بادامہ ہِن پیلیۡ مرضیں علاج کیرُوں ہو یی؟		1	0	thirties				mvy	
c334fa60a0cbb65df0d0a6431ecd607c1740b45e0f057ed72e42c813af5dedacee11819963b0f000d24cf3ad868292f8c817ba75efc7c487979e6a4339408073	common_voice_mvy_42546212.mp3	e9c279ee77b4f65eb0dc7d5628801417f56018699a6f3a0f0c526a03428abc9e	اس چو استعمال کرَیں وجہۡ ہِن ہلالیں یاں سُکُون ختم ہُوئ تُھو		0	0	thirties				mvy	
c334fa60a0cbb65df0d0a6431ecd607c1740b45e0f057ed72e42c813af5dedacee11819963b0f000d24cf3ad868292f8c817ba75efc7c487979e6a4339408073	common_voice_mvy_42546218.mp3	eba2b3dd6ff49ccbc21576ae11519084f7a822740308bfa996c82ce5932b7ccd	چے ݜېں کیژېل ہڑہۡ کؤں ژن٘دیۡرا تھُو؟		1	0	thirties				mvy	
c334fa60a0cbb65df0d0a6431ecd607c1740b45e0f057ed72e42c813af5dedacee11819963b0f000d24cf3ad868292f8c817ba75efc7c487979e6a4339408073	common_voice_mvy_42546219.mp3	f8820a4feee2d40878bedcefca3fc52ebaf8fb83625f88063d1af761ecb52c0e	ولے کم لک علاقی ݜُو شان تھی		0	0	thirties				mvy	
c334fa60a0cbb65df0d0a6431ecd607c1740b45e0f057ed72e42c813af5dedacee11819963b0f000d24cf3ad868292f8c817ba75efc7c487979e6a4339408073	common_voice_mvy_42546220.mp3	009a493575a6a64e53bba311c67741ba27afcfc4dff3a202dc2ad8760f6c6908	اسیں مِثال لیونتُوب، قمقلتیا، اؤن٘شؤں		1	0	thirties				mvy	
c334fa60a0cbb65df0d0a6431ecd607c1740b45e0f057ed72e42c813af5dedacee11819963b0f000d24cf3ad868292f8c817ba75efc7c487979e6a4339408073	common_voice_mvy_42546221.mp3	98b8b60cf0b8dfb5c28dc67986c98307aef85c4afec3bebee3b373ef81309690	”مٹُو پردیسی واں کریا ہی مہ زائ دگلے		0	0	thirties				mvy	
c334fa60a0cbb65df0d0a6431ecd607c1740b45e0f057ed72e42c813af5dedacee11819963b0f000d24cf3ad868292f8c817ba75efc7c487979e6a4339408073	common_voice_mvy_42546222.mp3	e832ed6775956b4f1dc0eccdb5774528360c82a3f28fc0c19ec379a1c5245179	نِوان٘ز ساموٹھیۡ وحیۡ مِلیۡ فرض ہووان٘س ولے		1	0	thirties				mvy	
c334fa60a0cbb65df0d0a6431ecd607c1740b45e0f057ed72e42c813af5dedacee11819963b0f000d24cf3ad868292f8c817ba75efc7c487979e6a4339408073	common_voice_mvy_42546232.mp3	bfa432dcaabb075e721698be2211397a5bfcc7524dc1ca4f90e7f33da8a74ab8	ہمیش تاں شاگِڑؤں سبق بنیایان٘س		1	0	thirties				mvy	
c334fa60a0cbb65df0d0a6431ecd607c1740b45e0f057ed72e42c813af5dedacee11819963b0f000d24cf3ad868292f8c817ba75efc7c487979e6a4339408073	common_voice_mvy_42546234.mp3	f89322ac67d520a3bd0f0dbfa28e77382f75876159f0f45758b943af83f276b0	تے بُٹیۡ گھریں وَیں اجازتی ہِن عائشہ مھالیۡیاں رض بہی ایلوۡ۔		0	0	thirties				mvy	
c334fa60a0cbb65df0d0a6431ecd607c1740b45e0f057ed72e42c813af5dedacee11819963b0f000d24cf3ad868292f8c817ba75efc7c487979e6a4339408073	common_voice_mvy_42546235.mp3	001a8dae7cda5f951713c3363e9c2a71b3a630be20612066bf0dfaac861ab359	لُغتی / ڈِکشنری مہ ہسانی تے رُخصت ایک څیز تھُو۔		1	0	thirties				mvy	
c334fa60a0cbb65df0d0a6431ecd607c1740b45e0f057ed72e42c813af5dedacee11819963b0f000d24cf3ad868292f8c817ba75efc7c487979e6a4339408073	common_voice_mvy_42546243.mp3	ef26eec288a6adf090bf652687d593b308057f9102bccfd65a1ce25450e7f79d	تسیں دن مِٹھوۡ بدل (اجر) تُھو،		0	0	thirties				mvy	
c334fa60a0cbb65df0d0a6431ecd607c1740b45e0f057ed72e42c813af5dedacee11819963b0f000d24cf3ad868292f8c817ba75efc7c487979e6a4339408073	common_voice_mvy_42546244.mp3	f363bf4b7add1f07a9840c71d0489ebba7ecdabe3c1db9c28ad592b1f9cc02cd	شارا تُھو مہ اَیں کؤں ہُون٘دُوں تیں دُشمن		0	0	thirties				mvy	
c334fa60a0cbb65df0d0a6431ecd607c1740b45e0f057ed72e42c813af5dedacee11819963b0f000d24cf3ad868292f8c817ba75efc7c487979e6a4339408073	common_voice_mvy_42546245.mp3	e697dd5c980fb1d31c3215b6dd6306922ce84c32e00c6c8fb975893e503a280b	نبی علیہ السلامے جُماتھی کَچھ اک څپرُو سن٘دېلان٘س		0	0	thirties				mvy	
c334fa60a0cbb65df0d0a6431ecd607c1740b45e0f057ed72e42c813af5dedacee11819963b0f000d24cf3ad868292f8c817ba75efc7c487979e6a4339408073	common_voice_mvy_42546246.mp3	fc81d8db45216e64f8b5ab5a2719a1a92f80c6c26489234060cc9b86a3a11c66	اللہ پاکاں ݜے حُکمہ		0	0	thirties				mvy	
c334fa60a0cbb65df0d0a6431ecd607c1740b45e0f057ed72e42c813af5dedacee11819963b0f000d24cf3ad868292f8c817ba75efc7c487979e6a4339408073	common_voice_mvy_42546247.mp3	ff5e89f3b95182c0f04f5467dd6116a76c61473dd1676ca8a5a0568e81c2305f	مال ٹاکُو ہُوگے کھیں تسیں کریا نمېراں تازا پن٘ڑوۡ کھیٶں ہم مفید تُھو۔		0	0	thirties				mvy	
c334fa60a0cbb65df0d0a6431ecd607c1740b45e0f057ed72e42c813af5dedacee11819963b0f000d24cf3ad868292f8c817ba75efc7c487979e6a4339408073	common_voice_mvy_42546253.mp3	019e83c10f44a53d6af59ceec8c3124ef64867db82e2fe6ef4357bff20529be5	اېک قلاہوۡ فتح نی ہُون٘دوۡ		0	0	thirties				mvy	
c334fa60a0cbb65df0d0a6431ecd607c1740b45e0f057ed72e42c813af5dedacee11819963b0f000d24cf3ad868292f8c817ba75efc7c487979e6a4339408073	common_voice_mvy_42546254.mp3	d0ae0e009a7e9e074e12f310a88e119fd94d047e7b67a2a349899cd05807f909	جلسہ (دُوئیں سجدیوں مَن٘ژ کَم لَک بُوئی التَّحِیَّاتاں ول لا بھَہ یٶں		0	0	thirties				mvy	
c334fa60a0cbb65df0d0a6431ecd607c1740b45e0f057ed72e42c813af5dedacee11819963b0f000d24cf3ad868292f8c817ba75efc7c487979e6a4339408073	common_voice_mvy_42546256.mp3	e4d8ca6cec863c8b91bd02693b9161eb71084229d755843cd06322410a83ea77	چے تسیں اَسترہ بکُل رېشمَیں شُو ہو تھہ،		1	0	thirties				mvy	
c334fa60a0cbb65df0d0a6431ecd607c1740b45e0f057ed72e42c813af5dedacee11819963b0f000d24cf3ad868292f8c817ba75efc7c487979e6a4339408073	common_voice_mvy_42546258.mp3	ca36a408cd0defd7ea4256a6b673859043e6525098121a8f425e6b8ee9c7953f	ہِلاک کالی مصری ملا گلے پُولیۡ کھیں		0	0	thirties				mvy	
c334fa60a0cbb65df0d0a6431ecd607c1740b45e0f057ed72e42c813af5dedacee11819963b0f000d24cf3ad868292f8c817ba75efc7c487979e6a4339408073	common_voice_mvy_42546260.mp3	fd9ad01d8eec9f2ef19dc0165fab8f2dec27426077ce1f1a7bb99198a8c4c330	یا ایک څیز مُتاں کِریا شرط سن٘دژېل ہو،		1	0	thirties				mvy	
c334fa60a0cbb65df0d0a6431ecd607c1740b45e0f057ed72e42c813af5dedacee11819963b0f000d24cf3ad868292f8c817ba75efc7c487979e6a4339408073	common_voice_mvy_42546268.mp3	f9f4591f28dd08552f273dd6e1700c76ce7faaa8729c051eb1969aeceeca90a4	الُوی طرفی نہ ریاستیاں وکیل چے کسی لا ورانی گُھرژِی تھی		0	0	thirties				mvy	
c334fa60a0cbb65df0d0a6431ecd607c1740b45e0f057ed72e42c813af5dedacee11819963b0f000d24cf3ad868292f8c817ba75efc7c487979e6a4339408073	common_voice_mvy_42546269.mp3	ef2ce74be83b3c3260dd6f8857af4bf01d40a14e24d6dc4877d111cf965c41a1	اچھہۡ تے ہضمے ہسان خوراکہ لکھہ بڑقال شا سبزی آں دلیہ۔		0	0	thirties				mvy	
c334fa60a0cbb65df0d0a6431ecd607c1740b45e0f057ed72e42c813af5dedacee11819963b0f000d24cf3ad868292f8c817ba75efc7c487979e6a4339408073	common_voice_mvy_42546270.mp3	da5bf920f22a15c1db52ff9c32c260b84ec7db992f511534800153dba334abdc	تلہ کمرہ کَئیتکَوں تل تھی؟		0	0	thirties				mvy	
c334fa60a0cbb65df0d0a6431ecd607c1740b45e0f057ed72e42c813af5dedacee11819963b0f000d24cf3ad868292f8c817ba75efc7c487979e6a4339408073	common_voice_mvy_42546272.mp3	eea1f9ee0471a5538d7d285fae9be112f1c7850c295f42f02f864168afa9f152	موبائل چارجہ مہ چھالُوں گتہ خیر تھی		1	0	thirties				mvy	
c334fa60a0cbb65df0d0a6431ecd607c1740b45e0f057ed72e42c813af5dedacee11819963b0f000d24cf3ad868292f8c817ba75efc7c487979e6a4339408073	common_voice_mvy_42546273.mp3	99df64c1ea97f2eb240686f5d71f8138872c6b72064b653da0ad49bcda58af42	شربت پُودینہ چو سُرس ہُوئ تُھو		1	0	thirties				mvy	
c334fa60a0cbb65df0d0a6431ecd607c1740b45e0f057ed72e42c813af5dedacee11819963b0f000d24cf3ad868292f8c817ba75efc7c487979e6a4339408073	common_voice_mvy_42546274.mp3	008168646373c22041b9b2a525c2eb7072cf8afb4db9dbbc20ea932ed337c6b2	”ہجو گِنہۡ، رُشتا۔ہلالیں اْے ڙِھکے آچھی“		0	0	thirties				mvy	
c334fa60a0cbb65df0d0a6431ecd607c1740b45e0f057ed72e42c813af5dedacee11819963b0f000d24cf3ad868292f8c817ba75efc7c487979e6a4339408073	common_voice_mvy_42546275.mp3	f42f2be8981c7257f172e2dcd51355ca0d9a5a91ee8194131a29847a1171c389	گَولہ چِہ ظلماں ماحول آنٚس		0	0	thirties				mvy	
c334fa60a0cbb65df0d0a6431ecd607c1740b45e0f057ed72e42c813af5dedacee11819963b0f000d24cf3ad868292f8c817ba75efc7c487979e6a4339408073	common_voice_mvy_42546276.mp3	f3152cbc7d43c81a9df1f02d7a430d9975da040578897ac12c68e0837d222db9	چےۡ گھېن٘ری بکرؤں ملی لن٘گھا، ماݜ اے۔		0	0	thirties				mvy	
c334fa60a0cbb65df0d0a6431ecd607c1740b45e0f057ed72e42c813af5dedacee11819963b0f000d24cf3ad868292f8c817ba75efc7c487979e6a4339408073	common_voice_mvy_42546277.mp3	dcfbf3c801acb2137a835df7914f223253c22855ffa503b7f4337c99738d516c	صبر آں قربانیں رن٘گَیں خُوبی پیدا کرؤں چو ضروۡری تُھو،		1	0	thirties				mvy	
c334fa60a0cbb65df0d0a6431ecd607c1740b45e0f057ed72e42c813af5dedacee11819963b0f000d24cf3ad868292f8c817ba75efc7c487979e6a4339408073	common_voice_mvy_42546278.mp3	00a9af9bb654f891c4dd11782679d562c81767c9a4c961947cccdcf05ec11fe0	آں سَیں گتہ چؤں نیل ہوں تھو		1	0	thirties				mvy	
c334fa60a0cbb65df0d0a6431ecd607c1740b45e0f057ed72e42c813af5dedacee11819963b0f000d24cf3ad868292f8c817ba75efc7c487979e6a4339408073	common_voice_mvy_42546279.mp3	e380e4be9f45515b972453734d4a1fca0a2ac6cd0b76964f7503c84d8e46f898	ستر مُردار کیری ستر گرفتار		0	0	thirties				mvy	
c334fa60a0cbb65df0d0a6431ecd607c1740b45e0f057ed72e42c813af5dedacee11819963b0f000d24cf3ad868292f8c817ba75efc7c487979e6a4339408073	common_voice_mvy_42546280.mp3	e21ada97cafef3ff0518c606c32c5406faab18c92061830868c8fc11a86e9f28	تسیں شاگِڑؤں مہ کاں چاق مھولا		0	0	thirties				mvy	
c334fa60a0cbb65df0d0a6431ecd607c1740b45e0f057ed72e42c813af5dedacee11819963b0f000d24cf3ad868292f8c817ba75efc7c487979e6a4339408073	common_voice_mvy_42546281.mp3	e1b10b393c61acf5f2c6c04c012ae53974c35223e9cd3bcc62c3b9f35f1d3932	پَکوۡ دلیل ہِن بِڅاں گے حُکم موجود نی ہو۔		0	0	thirties				mvy	
c334fa60a0cbb65df0d0a6431ecd607c1740b45e0f057ed72e42c813af5dedacee11819963b0f000d24cf3ad868292f8c817ba75efc7c487979e6a4339408073	common_voice_mvy_42546282.mp3	01a45eea73b9feb5a45c57031e2efa32cdbeb2d413cf2dfe53788553c1a80707	سو روا ہُوئ تھُو۔		0	0	thirties				mvy	
c334fa60a0cbb65df0d0a6431ecd607c1740b45e0f057ed72e42c813af5dedacee11819963b0f000d24cf3ad868292f8c817ba75efc7c487979e6a4339408073	common_voice_mvy_42546283.mp3	fb14e5d3e1263aeb3220c8761a54f5e0a604c860bbaf8b0ca5671c1f8ce1dfb7	آں ایں پھیر کیریۡ کھیں مُوٹھیۡ حالتی نہ چو نقصان کیریۡ تھی۔		1	0	thirties				mvy	
c334fa60a0cbb65df0d0a6431ecd607c1740b45e0f057ed72e42c813af5dedacee11819963b0f000d24cf3ad868292f8c817ba75efc7c487979e6a4339408073	common_voice_mvy_42546284.mp3	0309f0013466d1b345cec80733e605ca6407c9705b4fd9c0cc413836e0b92f71	کِتاب څاں ہَتہۡ مہ تُھو، پڑی۔		0	0	thirties				mvy	
c334fa60a0cbb65df0d0a6431ecd607c1740b45e0f057ed72e42c813af5dedacee11819963b0f000d24cf3ad868292f8c817ba75efc7c487979e6a4339408073	common_voice_mvy_42546285.mp3	eb9a1b78ff450062b4791f5c731963789c60c8aa86ce9f2603571e495a3686b7	آں تُس (سو دېس) ڇا ڈلی ہو تھہ۔		0	0	thirties				mvy	
c334fa60a0cbb65df0d0a6431ecd607c1740b45e0f057ed72e42c813af5dedacee11819963b0f000d24cf3ad868292f8c817ba75efc7c487979e6a4339408073	common_voice_mvy_42546297.mp3	f81ff02238908429cde48894110d191f94cb3558c776677fe374e5ce38ac0969	نہ اېوں گے وصیتیاں ٹېم ہو تُھو آں نہ پاتُو بھئ بېہاں تھہ		0	0	thirties				mvy	
c334fa60a0cbb65df0d0a6431ecd607c1740b45e0f057ed72e42c813af5dedacee11819963b0f000d24cf3ad868292f8c817ba75efc7c487979e6a4339408073	common_voice_mvy_42546298.mp3	d9beb896c30faf2c33737bffdfb4139d2b11f7f1b9a8f98e9b1c621f0e33a713	کېر اللہ مے نصیب تیں ݜُو آب و ہوا		0	0	thirties				mvy	
c334fa60a0cbb65df0d0a6431ecd607c1740b45e0f057ed72e42c813af5dedacee11819963b0f000d24cf3ad868292f8c817ba75efc7c487979e6a4339408073	common_voice_mvy_42546299.mp3	d3845cacf2439bd08bc5576b9531a70a3bdf74e5f3b150ac3b97a251a63234ba	چےۡ نبی علیہ سلامے پشِلیۡ چےۡ مرگلئیؤں مِلیۡ عُمرہ کیریان٘س۔		0	0	thirties				mvy	
c334fa60a0cbb65df0d0a6431ecd607c1740b45e0f057ed72e42c813af5dedacee11819963b0f000d24cf3ad868292f8c817ba75efc7c487979e6a4339408073	common_voice_mvy_42546300.mp3	00735105df5b012ae747a2d23f703d181f1d1fa34096d6f09580eed67f9a3dee	علمِ نحواں تعریف گی تُھو؟		0	0	thirties				mvy	
c334fa60a0cbb65df0d0a6431ecd607c1740b45e0f057ed72e42c813af5dedacee11819963b0f000d24cf3ad868292f8c817ba75efc7c487979e6a4339408073	common_voice_mvy_42546301.mp3	e8cac332fa106fec0a8ec6891dc8d79872f780ef94e8b67474fea8f43643245a	اٹھؤں دلیل عام رواج یا عُرف تھی۔		0	0	thirties				mvy	
4281ed2314a2c85676db55efdfd06ae0e80cca28b8a50303c9a63524c1b0bccc51e7d7dd44e22e4f6f155ee87c22d5c9f9423d73d9afcbb03a5b77e125c05f09	common_voice_mvy_42547509.mp3	076bb64ffeb5743a7bb0c19d57929abe254bf4e4be21b04828b526c94a7cafdb	زقُومَیں گئ نہ (کن٘ڈِل پلیت مېوہ) کھاتہ۔		1	0	thirties		کھیل/دوبېرَیں		mvy	
4281ed2314a2c85676db55efdfd06ae0e80cca28b8a50303c9a63524c1b0bccc51e7d7dd44e22e4f6f155ee87c22d5c9f9423d73d9afcbb03a5b77e125c05f09	common_voice_mvy_42547510.mp3	00480d74961dae1e2149a5e95418f790c15efad17ad501ab7c966dcbd9e089e4	اسیں دُو قِسمہ تھہ۔		1	0	thirties		کھیل/دوبېرَیں		mvy	
4281ed2314a2c85676db55efdfd06ae0e80cca28b8a50303c9a63524c1b0bccc51e7d7dd44e22e4f6f155ee87c22d5c9f9423d73d9afcbb03a5b77e125c05f09	common_voice_mvy_42547511.mp3	9fb588e61a2987bbd3f71caed68047cdf9cb6c18c9a9de714c797d615cac2096	آں بِڅاں لیَکھہۡ گھېں، مېش گھریُوں آں ژرہۡ لؤ		1	0	thirties		کھیل/دوبېرَیں		mvy	
4281ed2314a2c85676db55efdfd06ae0e80cca28b8a50303c9a63524c1b0bccc51e7d7dd44e22e4f6f155ee87c22d5c9f9423d73d9afcbb03a5b77e125c05f09	common_voice_mvy_42547512.mp3	0722944d47ec0a9ab640adc5844f343f65f725e996121704b13ca0cb1589f2de	ولے ݜُو قَصہ تھی مِیں تے مِیں موبائلَیں ارگٹیۡ موحبتیں،		1	0	thirties		کھیل/دوبېرَیں		mvy	
4281ed2314a2c85676db55efdfd06ae0e80cca28b8a50303c9a63524c1b0bccc51e7d7dd44e22e4f6f155ee87c22d5c9f9423d73d9afcbb03a5b77e125c05f09	common_voice_mvy_42547513.mp3	f5c62e046ef7728b419f12a0c8c5cbeb16db879be482b4337ddb16e5c822829d	ہوسی ݜے وخت اے، چےۡ مُوٹُھکیۡ وضاحتی تے کام نېراں۔		1	0	thirties		کھیل/دوبېرَیں		mvy	
4281ed2314a2c85676db55efdfd06ae0e80cca28b8a50303c9a63524c1b0bccc51e7d7dd44e22e4f6f155ee87c22d5c9f9423d73d9afcbb03a5b77e125c05f09	common_voice_mvy_42547516.mp3	05fd07d4d8050cd9cec1919b743f71f220cf8dc723ead07dfb558ae56deb6058	مولی یاں پٹہۡ باریک پیݜی سرکہ ملی ملا گلے		1	0	thirties		کھیل/دوبېرَیں		mvy	
4281ed2314a2c85676db55efdfd06ae0e80cca28b8a50303c9a63524c1b0bccc51e7d7dd44e22e4f6f155ee87c22d5c9f9423d73d9afcbb03a5b77e125c05f09	common_voice_mvy_42547519.mp3	e63735298e78dc47b651766d506cdc1c3e25b197e179b6b5d74a6869439fc8ae	ݜسی نہ (زقُومَیں گئ) تُس اماں تُشا تھہ۔		1	0	thirties		کھیل/دوبېرَیں		mvy	
4281ed2314a2c85676db55efdfd06ae0e80cca28b8a50303c9a63524c1b0bccc51e7d7dd44e22e4f6f155ee87c22d5c9f9423d73d9afcbb03a5b77e125c05f09	common_voice_mvy_42547521.mp3	e8d919723994ebf1bf7109e8428ae4cbc0dcde082561a08f2facad616de85c6f	بال بَنیں والاں کریا پھېرٹوۡ یا سُون٘ݜوۡ بنُژ		1	0	thirties		کھیل/دوبېرَیں		mvy	
4281ed2314a2c85676db55efdfd06ae0e80cca28b8a50303c9a63524c1b0bccc51e7d7dd44e22e4f6f155ee87c22d5c9f9423d73d9afcbb03a5b77e125c05f09	common_voice_mvy_42547522.mp3	fff2377e6ceec34ed93a0317a89e26696ada3278811cc30b18ff64bf8cb11cf8	ایں بھجدُو خبر واحد ہِن ثابت تھو،		1	0	thirties		کھیل/دوبېرَیں		mvy	
4281ed2314a2c85676db55efdfd06ae0e80cca28b8a50303c9a63524c1b0bccc51e7d7dd44e22e4f6f155ee87c22d5c9f9423d73d9afcbb03a5b77e125c05f09	common_voice_mvy_42547523.mp3	f1d507871ae64f33b509287b24e8260f679df4a385c9395b9133c811071a2557	کالئیں یاں اِدبارہ ہِن اسم ڇا قِسمہ تُھو		1	0	thirties		کھیل/دوبېرَیں		mvy	
4281ed2314a2c85676db55efdfd06ae0e80cca28b8a50303c9a63524c1b0bccc51e7d7dd44e22e4f6f155ee87c22d5c9f9423d73d9afcbb03a5b77e125c05f09	common_voice_mvy_42547525.mp3	efa60a9d3fe09a41ea0f490bb1127cde09397c3d3a5e25a64d72abb186fad929	اَس مَنز بُٹ کتِیُوک کمری تھی؟		1	0	thirties		کھیل/دوبېرَیں		mvy	
4281ed2314a2c85676db55efdfd06ae0e80cca28b8a50303c9a63524c1b0bccc51e7d7dd44e22e4f6f155ee87c22d5c9f9423d73d9afcbb03a5b77e125c05f09	common_voice_mvy_42547526.mp3	d8e6a39666bc648def5039363374b03c8dbd6367c9e2aef737c11f7cafff1090	من٘ڑنئ ݜے تھی		1	0	thirties		کھیل/دوبېرَیں		mvy	
4281ed2314a2c85676db55efdfd06ae0e80cca28b8a50303c9a63524c1b0bccc51e7d7dd44e22e4f6f155ee87c22d5c9f9423d73d9afcbb03a5b77e125c05f09	common_voice_mvy_42547527.mp3	d9811552e8bb993358c4a3e285a2ed8f1278581b780fa1879d51e9ff9c501787	ݜَیں بیماری عام طور لا		1	0	thirties		کھیل/دوبېرَیں		mvy	
4281ed2314a2c85676db55efdfd06ae0e80cca28b8a50303c9a63524c1b0bccc51e7d7dd44e22e4f6f155ee87c22d5c9f9423d73d9afcbb03a5b77e125c05f09	common_voice_mvy_42547528.mp3	f97beafd2acafb167677288f127184a0e23187bac90f8ebf98d0e7a8a47e956a	تے اسیں پُوروۡ بھا والاں کریا نجاتاں سبب کېر		1	0	thirties		کھیل/دوبېرَیں		mvy	
4281ed2314a2c85676db55efdfd06ae0e80cca28b8a50303c9a63524c1b0bccc51e7d7dd44e22e4f6f155ee87c22d5c9f9423d73d9afcbb03a5b77e125c05f09	common_voice_mvy_42547529.mp3	e157d3bfc2f86f98545bc484ac4d10d0c6025a7d3071bb34af40d04f76b535d2	اسی مہ بھاݜ ایوں		1	0	thirties		کھیل/دوبېرَیں		mvy	
4281ed2314a2c85676db55efdfd06ae0e80cca28b8a50303c9a63524c1b0bccc51e7d7dd44e22e4f6f155ee87c22d5c9f9423d73d9afcbb03a5b77e125c05f09	common_voice_mvy_42547533.mp3	ede230aef62d8e25bf3c43ee6d4e2f4a4b76792c0a1db6027c2bd3d56349ff9a	آں نبی علیہ سلامے حضرت علیؓ ملیۡ فوز ڇِہېو؛		1	0	thirties		کھیل/دوبېرَیں		mvy	
4281ed2314a2c85676db55efdfd06ae0e80cca28b8a50303c9a63524c1b0bccc51e7d7dd44e22e4f6f155ee87c22d5c9f9423d73d9afcbb03a5b77e125c05f09	common_voice_mvy_42547538.mp3	00b88d7273bc7adacbdb69edb65ddd18619d8bc62666ee9137ccd1f6d89ea9b4	بھئ ڇیلِلوۡ کھیں مُوٹِھن مھالیۡ گتہ زوڑہۡ واں ٹپلُو دھا روان تھی۔		1	0	thirties		کھیل/دوبېرَیں		mvy	
4281ed2314a2c85676db55efdfd06ae0e80cca28b8a50303c9a63524c1b0bccc51e7d7dd44e22e4f6f155ee87c22d5c9f9423d73d9afcbb03a5b77e125c05f09	common_voice_mvy_42547543.mp3	d5e3e6bcc5a4f4f9fb3b7028d5211c36e6121b310a534de6ce2827406a3f6103	متوازن غذا ایں مطلب ݜُو تھی چے		1	0	thirties		کھیل/دوبېرَیں		mvy	
4281ed2314a2c85676db55efdfd06ae0e80cca28b8a50303c9a63524c1b0bccc51e7d7dd44e22e4f6f155ee87c22d5c9f9423d73d9afcbb03a5b77e125c05f09	common_voice_mvy_42547546.mp3	fb165afd68846428e2e2277d5d92d66c02c02d6e63a7480eefd45946237567cb	بال بانیۡ، ݜلہ اس ہِلاک چیرہ		1	0	thirties		کھیل/دوبېرَیں		mvy	
4281ed2314a2c85676db55efdfd06ae0e80cca28b8a50303c9a63524c1b0bccc51e7d7dd44e22e4f6f155ee87c22d5c9f9423d73d9afcbb03a5b77e125c05f09	common_voice_mvy_42547548.mp3	06fbbbd1173cb9db31b65b49f5295baa38c5bec89c5faf5c767bbe6958fbb997	”او ککی ایلیۡ ای“		1	0	thirties		کھیل/دوبېرَیں		mvy	
4281ed2314a2c85676db55efdfd06ae0e80cca28b8a50303c9a63524c1b0bccc51e7d7dd44e22e4f6f155ee87c22d5c9f9423d73d9afcbb03a5b77e125c05f09	common_voice_mvy_42547549.mp3	ff09907cc35f13995929588be48f2480cd5639bafc72b8bb067721243aa5418f	کلہۡ نھالہ کھیں بناں تھو ”ہیُو خپا تُھو“،”ہیُو خوشال تُھو“،		1	0	thirties		کھیل/دوبېرَیں		mvy	
4281ed2314a2c85676db55efdfd06ae0e80cca28b8a50303c9a63524c1b0bccc51e7d7dd44e22e4f6f155ee87c22d5c9f9423d73d9afcbb03a5b77e125c05f09	common_voice_mvy_42547552.mp3	d7aad72d6e3b794cbb331d5d87c3a9510f0a274005f8453a0f71f630595cbd82	آں ہِلاک دیس پویَیں ہِن شُورَیں خرابی ختم ہوتھی۔		1	0	thirties		کھیل/دوبېرَیں		mvy	
4281ed2314a2c85676db55efdfd06ae0e80cca28b8a50303c9a63524c1b0bccc51e7d7dd44e22e4f6f155ee87c22d5c9f9423d73d9afcbb03a5b77e125c05f09	common_voice_mvy_42547555.mp3	e0df0bd44dba9a7c574721cfdaba68bc21b58fad314443aa3653f2afb367f952	(جنتیان) نیل پوزئ یؤں/بالخؤں (قلیۡنؤں) لا		1	0	thirties		کھیل/دوبېرَیں		mvy	
4281ed2314a2c85676db55efdfd06ae0e80cca28b8a50303c9a63524c1b0bccc51e7d7dd44e22e4f6f155ee87c22d5c9f9423d73d9afcbb03a5b77e125c05f09	common_voice_mvy_42547558.mp3	ec28bed56810782a6fac522d55ae6e3ad6ef65fd4156bda670c5364ec594ad58	ساوات وختؤں مہ مِساک (مسواک) کیریۡ		1	0	thirties		کھیل/دوبېرَیں		mvy	
4281ed2314a2c85676db55efdfd06ae0e80cca28b8a50303c9a63524c1b0bccc51e7d7dd44e22e4f6f155ee87c22d5c9f9423d73d9afcbb03a5b77e125c05f09	common_voice_mvy_42547560.mp3	061e1d45bc4570e29a96dc8863e5845bf3c5d89f29f0bfebc7ef29f2522871d0	قران شریف ملی تمام الہامی کتابواں نسخی تے حدیث مبارکہ		1	0	thirties		کھیل/دوبېرَیں		mvy	
4281ed2314a2c85676db55efdfd06ae0e80cca28b8a50303c9a63524c1b0bccc51e7d7dd44e22e4f6f155ee87c22d5c9f9423d73d9afcbb03a5b77e125c05f09	common_voice_mvy_42547561.mp3	ffe122b27ebe77e57b900db54553526dc2fbce73b06f88a7f9c17375073fa35b	سو عُمرہ مہ گھین٘رہ ہو یا عُہدہ مہ		1	0	thirties		کھیل/دوبېرَیں		mvy	
4281ed2314a2c85676db55efdfd06ae0e80cca28b8a50303c9a63524c1b0bccc51e7d7dd44e22e4f6f155ee87c22d5c9f9423d73d9afcbb03a5b77e125c05f09	common_voice_mvy_42547562.mp3	07af49850262cf2b55cf81700fa16561eaa3ca36b764ed3cef0a8cd4a917fc5a	کَس مرضِیاں علاج ممکن آں کؤں مرض لاعلاج آن٘سیۡ۔		1	0	thirties		کھیل/دوبېرَیں		mvy	
4281ed2314a2c85676db55efdfd06ae0e80cca28b8a50303c9a63524c1b0bccc51e7d7dd44e22e4f6f155ee87c22d5c9f9423d73d9afcbb03a5b77e125c05f09	common_voice_mvy_42547563.mp3	02389173dbf0425d48e4db319de02ad8a7ff72598721aa6aac13862f52aa5c1f	آں اېں دو څیزہۡ اېک مُت مِشر گُمبژېل تھو۔		1	0	thirties		کھیل/دوبېرَیں		mvy	
4281ed2314a2c85676db55efdfd06ae0e80cca28b8a50303c9a63524c1b0bccc51e7d7dd44e22e4f6f155ee87c22d5c9f9423d73d9afcbb03a5b77e125c05f09	common_voice_mvy_42547569.mp3	fe5a825a10faa6053acd380d69adfb62166edd18fb65c3c2c38d7f925e9be510	تے کھبُوئ طرفی لا گھُرؤں سُنّت تھُو۔		1	0	thirties		کھیل/دوبېرَیں		mvy	
4281ed2314a2c85676db55efdfd06ae0e80cca28b8a50303c9a63524c1b0bccc51e7d7dd44e22e4f6f155ee87c22d5c9f9423d73d9afcbb03a5b77e125c05f09	common_voice_mvy_42547570.mp3	cab2ef68e6554093758ebe8a14f88f81c57f1fbab3d666c2e0dca760fc3537d2	چےۡ سِواں تمبو تل چور ہُوۡن٘د		1	0	thirties		کھیل/دوبېرَیں		mvy	
4281ed2314a2c85676db55efdfd06ae0e80cca28b8a50303c9a63524c1b0bccc51e7d7dd44e22e4f6f155ee87c22d5c9f9423d73d9afcbb03a5b77e125c05f09	common_voice_mvy_42547572.mp3	c54de5fc9e319540ad31829501c9ec80c530c52083b060b3d267cbefca6e929a	چپے لس نَیں کھیں اڅھک ہُوئ تھُو۔		1	0	thirties		کھیل/دوبېرَیں		mvy	
4281ed2314a2c85676db55efdfd06ae0e80cca28b8a50303c9a63524c1b0bccc51e7d7dd44e22e4f6f155ee87c22d5c9f9423d73d9afcbb03a5b77e125c05f09	common_voice_mvy_42547573.mp3	d62e379d3a903b84dc3b10c1f733c2ad03bab1a911d99d3cab72de2a205d99b9	مَثبت کِھن٘گ ݜو تھی چے		1	0	thirties		کھیل/دوبېرَیں		mvy	
4281ed2314a2c85676db55efdfd06ae0e80cca28b8a50303c9a63524c1b0bccc51e7d7dd44e22e4f6f155ee87c22d5c9f9423d73d9afcbb03a5b77e125c05f09	common_voice_mvy_42547575.mp3	f74cce029b290efad5a7a327adc60925cbe64b87d6dd71161aeb144e1005ab7b	سامُوٹھوۡ مُوں فعل ہو		1	0	thirties		کھیل/دوبېرَیں		mvy	
4281ed2314a2c85676db55efdfd06ae0e80cca28b8a50303c9a63524c1b0bccc51e7d7dd44e22e4f6f155ee87c22d5c9f9423d73d9afcbb03a5b77e125c05f09	common_voice_mvy_42547577.mp3	eaff2cd351441cdaff1e83dd97318d9403a52fcbe951431626d7fc179c38e125	بہرحال، تقلید لہ ہُوئیں کتُک لر ہُون٘دُوں		1	0	thirties		کھیل/دوبېرَیں		mvy	
4281ed2314a2c85676db55efdfd06ae0e80cca28b8a50303c9a63524c1b0bccc51e7d7dd44e22e4f6f155ee87c22d5c9f9423d73d9afcbb03a5b77e125c05f09	common_voice_mvy_42547580.mp3	e9d793d43d872aedb267565a9c0409fe1b950bc6394d5b2740b875247479051b	ٹھُن٘گُریۡ ڈاگیۡرا نِوان٘ز کیرُوں اڅھک ہُوئ تھُو۔		1	0	thirties		کھیل/دوبېرَیں		mvy	
4281ed2314a2c85676db55efdfd06ae0e80cca28b8a50303c9a63524c1b0bccc51e7d7dd44e22e4f6f155ee87c22d5c9f9423d73d9afcbb03a5b77e125c05f09	common_voice_mvy_42547583.mp3	9759ae081dff124685bd589ea28ff95eb374c4a3b3d8c7fd88111f4198dd8e84	ارباب بیا تاں ہمزولئ دھا منہ آن٘س		1	0	thirties		کھیل/دوبېرَیں		mvy	
4281ed2314a2c85676db55efdfd06ae0e80cca28b8a50303c9a63524c1b0bccc51e7d7dd44e22e4f6f155ee87c22d5c9f9423d73d9afcbb03a5b77e125c05f09	common_voice_mvy_42547585.mp3	07626be228cf54b392ccc80d73246d1782c01ebf6306be7072960019db08d5f1	یا شاہِدؤں نہ بغیر ژھان٘ل (نِکاح) ہُوگے۔		1	0	thirties		کھیل/دوبېرَیں		mvy	
4281ed2314a2c85676db55efdfd06ae0e80cca28b8a50303c9a63524c1b0bccc51e7d7dd44e22e4f6f155ee87c22d5c9f9423d73d9afcbb03a5b77e125c05f09	common_voice_mvy_42547588.mp3	07c4c656dddb9caa5fc101e5288ba13038268ff8639f07dc97a5f5e48583ce14	آں ٹائم لا عِلاج نی ہُوئیں وجہۡ نہ		1	0	thirties		کھیل/دوبېرَیں		mvy	
4281ed2314a2c85676db55efdfd06ae0e80cca28b8a50303c9a63524c1b0bccc51e7d7dd44e22e4f6f155ee87c22d5c9f9423d73d9afcbb03a5b77e125c05f09	common_voice_mvy_42547589.mp3	edddedf754573231f3bc1ece2042294d1200c51a7c0d0913ee57d9d2dfbff9bf	مچھر دانیُوں مہ وؤں چو فېدہ مند تُھو۔		1	0	thirties		کھیل/دوبېرَیں		mvy	
4281ed2314a2c85676db55efdfd06ae0e80cca28b8a50303c9a63524c1b0bccc51e7d7dd44e22e4f6f155ee87c22d5c9f9423d73d9afcbb03a5b77e125c05f09	common_voice_mvy_42547590.mp3	fa507a639b33e6eebebe2fea0f2ee7d4962ad14c24effe1b41151780bc149682	چے اُستا ملیۡ گشے پیش اېوں تُھو		1	0	thirties		کھیل/دوبېرَیں		mvy	
4281ed2314a2c85676db55efdfd06ae0e80cca28b8a50303c9a63524c1b0bccc51e7d7dd44e22e4f6f155ee87c22d5c9f9423d73d9afcbb03a5b77e125c05f09	common_voice_mvy_42547592.mp3	be48127ecc5c75dd46b9bba805483f879c86007b95613d973c9ffe2604228910	اسیں بارہ مہ بېداری رِزؤں		1	0	thirties		کھیل/دوبېرَیں		mvy	
4281ed2314a2c85676db55efdfd06ae0e80cca28b8a50303c9a63524c1b0bccc51e7d7dd44e22e4f6f155ee87c22d5c9f9423d73d9afcbb03a5b77e125c05f09	common_voice_mvy_42547602.mp3	e6236e23900c3bf9ed5b6f269230f311844af1d85c09506c0bea07cd5d43a22b	اُو جُنوب مہ بحریہ عرب ، جُنوب مغرب مہ خلیج عمان ،		1	0	thirties		کھیل/دوبېرَیں		mvy	
4281ed2314a2c85676db55efdfd06ae0e80cca28b8a50303c9a63524c1b0bccc51e7d7dd44e22e4f6f155ee87c22d5c9f9423d73d9afcbb03a5b77e125c05f09	common_voice_mvy_42547603.mp3	dddda76d030d5b126d347f43d380508cc74d8cab99263695031d3f475932a315	تسیں ݜُو معنہ نی ہو تھی چے		1	0	thirties		کھیل/دوبېرَیں		mvy	
4281ed2314a2c85676db55efdfd06ae0e80cca28b8a50303c9a63524c1b0bccc51e7d7dd44e22e4f6f155ee87c22d5c9f9423d73d9afcbb03a5b77e125c05f09	common_voice_mvy_42547605.mp3	a0061db14178ac33622f67048669f9020ceac5c84b1f13e556a2d26b005f1c65	ایوۡں لا لُوں آں کݜِیں مرچکیں دُھڑہۡ تالُو گلے بھاں مہ گلی		1	0	thirties		کھیل/دوبېرَیں		mvy	
4281ed2314a2c85676db55efdfd06ae0e80cca28b8a50303c9a63524c1b0bccc51e7d7dd44e22e4f6f155ee87c22d5c9f9423d73d9afcbb03a5b77e125c05f09	common_voice_mvy_42547606.mp3	06b087bff6eae7b823b06b811d069125393086077d1b6300c92ae1892ba4946d	اسی نہ علاوہ طاقت ہُم چئ ہوتھی۔		1	0	thirties		کھیل/دوبېرَیں		mvy	
4281ed2314a2c85676db55efdfd06ae0e80cca28b8a50303c9a63524c1b0bccc51e7d7dd44e22e4f6f155ee87c22d5c9f9423d73d9afcbb03a5b77e125c05f09	common_voice_mvy_42547607.mp3	00e219ab7b610de5b8669da04d5f33f0e2ee797b91ddcbd404b9c762cf712959	کسیں ہتہۡ مہ چے (ساریۡ کائناتَیں) باچھات/حُکمت تھی		1	0	thirties		کھیل/دوبېرَیں		mvy	
4281ed2314a2c85676db55efdfd06ae0e80cca28b8a50303c9a63524c1b0bccc51e7d7dd44e22e4f6f155ee87c22d5c9f9423d73d9afcbb03a5b77e125c05f09	common_voice_mvy_42547608.mp3	087449590f9f0a88f9313de18cae0bad76385074e00de9ec43dd54835d054eb7	گھَیں یار تسے تھُو چے کېں ہر څیز جوڑہ جوڑہ سن٘دہ چھی،		1	0	thirties		کھیل/دوبېرَیں		mvy	
4281ed2314a2c85676db55efdfd06ae0e80cca28b8a50303c9a63524c1b0bccc51e7d7dd44e22e4f6f155ee87c22d5c9f9423d73d9afcbb03a5b77e125c05f09	common_voice_mvy_42547609.mp3	f0ad153cf6f0a5bf26189b770177ae3c12525b2a9578d5602d629d116ea87507	نِوان٘ز کران٘لاں ݜِݜَیں چاری بُو، مُوٹھیوں، دڇھیوں یا کھبُو ہتہۡ لا		1	0	thirties		کھیل/دوبېرَیں		mvy	
4281ed2314a2c85676db55efdfd06ae0e80cca28b8a50303c9a63524c1b0bccc51e7d7dd44e22e4f6f155ee87c22d5c9f9423d73d9afcbb03a5b77e125c05f09	common_voice_mvy_42547610.mp3	01395dc432425fdafcb2fe8d89c183318f0fdee573f2b7e12cce21a27e88ec5f	مُختہ نِوان٘ز کری؛ زِکات دی،		1	0	thirties		کھیل/دوبېرَیں		mvy	
4281ed2314a2c85676db55efdfd06ae0e80cca28b8a50303c9a63524c1b0bccc51e7d7dd44e22e4f6f155ee87c22d5c9f9423d73d9afcbb03a5b77e125c05f09	common_voice_mvy_42547616.mp3	dd2e577e6b4b18f435e3801502d3838b26f8f6a65a2538e3f2402dfda16ca3de	سجدہ نہ پاتُو بُی ہُوئ یاں وختہ		1	0	thirties		کھیل/دوبېرَیں		mvy	
4281ed2314a2c85676db55efdfd06ae0e80cca28b8a50303c9a63524c1b0bccc51e7d7dd44e22e4f6f155ee87c22d5c9f9423d73d9afcbb03a5b77e125c05f09	common_voice_mvy_42547617.mp3	05611223833b2a88f72319fed5956c3d66a380b3ac0bda381e5b400718aa9ef5	چے اس گھداؤ واپس اسیں مرگلئیوں حوالہ کرِگ ۔		1	0	thirties		کھیل/دوبېرَیں		mvy	
4281ed2314a2c85676db55efdfd06ae0e80cca28b8a50303c9a63524c1b0bccc51e7d7dd44e22e4f6f155ee87c22d5c9f9423d73d9afcbb03a5b77e125c05f09	common_voice_mvy_42547619.mp3	f91585af30fd9825ea983f6720bbb333a0147261b8220cc88f12b7a17709e22f	چے سَیں می مِلیۡ اُولی ہُو تھہ		1	0	thirties		کھیل/دوبېرَیں		mvy	
4281ed2314a2c85676db55efdfd06ae0e80cca28b8a50303c9a63524c1b0bccc51e7d7dd44e22e4f6f155ee87c22d5c9f9423d73d9afcbb03a5b77e125c05f09	common_voice_mvy_42547620.mp3	d4f433b3dd1b46322df12428b9c8b46266ed926e6e9cfa85ccceb2ff589f7179	ݜَیں دېسؤں پُور مُلُک پاکستاں مژ		1	0	thirties		کھیل/دوبېرَیں		mvy	
4281ed2314a2c85676db55efdfd06ae0e80cca28b8a50303c9a63524c1b0bccc51e7d7dd44e22e4f6f155ee87c22d5c9f9423d73d9afcbb03a5b77e125c05f09	common_voice_mvy_42547621.mp3	fa909dd28cc5d28347834e9e3b320fe9e470cfb1d76e6ca9aa1a9d7c7537b369	ݜے سو بچ ہُون٘دوۡ۔		1	0	thirties		کھیل/دوبېرَیں		mvy	
4281ed2314a2c85676db55efdfd06ae0e80cca28b8a50303c9a63524c1b0bccc51e7d7dd44e22e4f6f155ee87c22d5c9f9423d73d9afcbb03a5b77e125c05f09	common_voice_mvy_42547625.mp3	057ccf9301d6586f4f4138edd706a532b992869ef4288fac88ac3728153d8557	دُنَیں ارمانَیں زائ تھی		1	0	thirties		کھیل/دوبېرَیں		mvy	
4281ed2314a2c85676db55efdfd06ae0e80cca28b8a50303c9a63524c1b0bccc51e7d7dd44e22e4f6f155ee87c22d5c9f9423d73d9afcbb03a5b77e125c05f09	common_voice_mvy_42547626.mp3	09029134afce408cd5f6ca54bfd89cc521c50a231dc36137c6b2ec63353596b8	یرقان مرضیں گازریۡ ہِن علاج کری		1	0	thirties		کھیل/دوبېرَیں		mvy	
4281ed2314a2c85676db55efdfd06ae0e80cca28b8a50303c9a63524c1b0bccc51e7d7dd44e22e4f6f155ee87c22d5c9f9423d73d9afcbb03a5b77e125c05f09	common_voice_mvy_42547629.mp3	06cc856cfb89d659d0f15e236be8fa9f5859bf556b8cb543182e2544f2ad57ca	تَیں لٹی نہ جھن٘ڈہ سن٘دے جھن٘ڈہ دَھیں والا ہُوگلے بِیان٘س۔		1	0	thirties		کھیل/دوبېرَیں		mvy	
4281ed2314a2c85676db55efdfd06ae0e80cca28b8a50303c9a63524c1b0bccc51e7d7dd44e22e4f6f155ee87c22d5c9f9423d73d9afcbb03a5b77e125c05f09	common_voice_mvy_42547630.mp3	00d3c91b7e611d1c46bdb604203b363f2c57664ed7057e3347f46ce93f2ff9c5	آں اُو اشتوۡ ثبوت تُھو،		1	0	thirties		کھیل/دوبېرَیں		mvy	
4281ed2314a2c85676db55efdfd06ae0e80cca28b8a50303c9a63524c1b0bccc51e7d7dd44e22e4f6f155ee87c22d5c9f9423d73d9afcbb03a5b77e125c05f09	common_voice_mvy_42547631.mp3	46f9274c413e1d2b612a7c83bdc0f1e3d59cd2cc19b0cfc6ca90fe6465b3aee9	او ما گی ان٘گُوٹ ای تُھو		1	0	thirties		کھیل/دوبېرَیں		mvy	
4281ed2314a2c85676db55efdfd06ae0e80cca28b8a50303c9a63524c1b0bccc51e7d7dd44e22e4f6f155ee87c22d5c9f9423d73d9afcbb03a5b77e125c05f09	common_voice_mvy_42547632.mp3	b6bbecc3453fdb94fde2ba74b5b047bc28a0c635ff327f8e08484eb220abcfe5	کھائ کھیں بُوڇھ رنگا تُھو۔		1	0	thirties		کھیل/دوبېرَیں		mvy	
4281ed2314a2c85676db55efdfd06ae0e80cca28b8a50303c9a63524c1b0bccc51e7d7dd44e22e4f6f155ee87c22d5c9f9423d73d9afcbb03a5b77e125c05f09	common_voice_mvy_42547633.mp3	e312c607d6f7c70d9ee3fff81f25577a0eba026cb76c3d1556178f417321b708	آں ݜُو رُومال قدر ݜُون٘دہ ڇیلی تھی۔		1	0	thirties		کھیل/دوبېرَیں		mvy	
4281ed2314a2c85676db55efdfd06ae0e80cca28b8a50303c9a63524c1b0bccc51e7d7dd44e22e4f6f155ee87c22d5c9f9423d73d9afcbb03a5b77e125c05f09	common_voice_mvy_42547634.mp3	6e4fb165ddca43bb72d44784d53b1e06ec03184d658cca9514b3309413238ff6	سو توفَیں شُو قلاؤں لا بَٹہ تُرُوں کرَیں یاں مشین آن٘س۔		1	0	thirties		کھیل/دوبېرَیں		mvy	
4281ed2314a2c85676db55efdfd06ae0e80cca28b8a50303c9a63524c1b0bccc51e7d7dd44e22e4f6f155ee87c22d5c9f9423d73d9afcbb03a5b77e125c05f09	common_voice_mvy_42547635.mp3	0a4da02604e1375b9992a2dc2a539fa7240dccf28230bdfbf57e969ef5980a06	آں ہُم تسی لا عمل کریاں تھہ		1	0	thirties		کھیل/دوبېرَیں		mvy	
4281ed2314a2c85676db55efdfd06ae0e80cca28b8a50303c9a63524c1b0bccc51e7d7dd44e22e4f6f155ee87c22d5c9f9423d73d9afcbb03a5b77e125c05f09	common_voice_mvy_42547636.mp3	b06ff3ced2cae3802b1d33ec1ca1926399e8de3147646d579146e6d905dbf413	ݜس ژن٘د خسٹُو(Microorganism) اسی جسمے داخل کیریۡ تھی۔		1	0	thirties		کھیل/دوبېرَیں		mvy	
4281ed2314a2c85676db55efdfd06ae0e80cca28b8a50303c9a63524c1b0bccc51e7d7dd44e22e4f6f155ee87c22d5c9f9423d73d9afcbb03a5b77e125c05f09	common_voice_mvy_42547637.mp3	fdeccf94f4506e8c69337c4fc83efb843f8edab0be7e03f103254982c787bebc	چےۡ سو نہ پُوریۡ ہُوندیۡ آں نہ مُچِلیۡ۔		1	0	thirties		کھیل/دوبېرَیں		mvy	
4281ed2314a2c85676db55efdfd06ae0e80cca28b8a50303c9a63524c1b0bccc51e7d7dd44e22e4f6f155ee87c22d5c9f9423d73d9afcbb03a5b77e125c05f09	common_voice_mvy_42547638.mp3	db263bb11fc11fd804d1d77a093159037d230d6d909f313b075a3188376ed235	مڅھہۡ مژے مہ سہا تُھو کوں ہُون٘دُوں فسادی		1	0	thirties		کھیل/دوبېرَیں		mvy	
4281ed2314a2c85676db55efdfd06ae0e80cca28b8a50303c9a63524c1b0bccc51e7d7dd44e22e4f6f155ee87c22d5c9f9423d73d9afcbb03a5b77e125c05f09	common_voice_mvy_42547639.mp3	02ba000101c6e61ac391f09e064d9c5e78f4d60bfab113aa5568e45f182c13b9	کھیں تسے پکار تھی چے سو		1	0	thirties		کھیل/دوبېرَیں		mvy	
4281ed2314a2c85676db55efdfd06ae0e80cca28b8a50303c9a63524c1b0bccc51e7d7dd44e22e4f6f155ee87c22d5c9f9423d73d9afcbb03a5b77e125c05f09	common_voice_mvy_42547651.mp3	f3ce1686aa7fbf994dd101634aae446ba50ae44825a3277a510c1b86b5994509	نَیں کھیں چو شوق ہِن ݜَیں ماسمؤں سبق بنیایان٘س۔		1	0	thirties		کھیل/دوبېرَیں		mvy	
4281ed2314a2c85676db55efdfd06ae0e80cca28b8a50303c9a63524c1b0bccc51e7d7dd44e22e4f6f155ee87c22d5c9f9423d73d9afcbb03a5b77e125c05f09	common_voice_mvy_42547653.mp3	e7c02b2271ee547daf6f4afbde5486d55d2610e71e05adbb5716b67072482b9f	”نی دی چھی کھیں تاں بھا بئ کن٘گوۡ دے۔		1	0	thirties		کھیل/دوبېرَیں		mvy	
4281ed2314a2c85676db55efdfd06ae0e80cca28b8a50303c9a63524c1b0bccc51e7d7dd44e22e4f6f155ee87c22d5c9f9423d73d9afcbb03a5b77e125c05f09	common_voice_mvy_42547660.mp3	f9510f29ea60df37859c9930925077bef8a79968515b31d54298b18d20602e01	تُو گِشے بانیۡ تُھو۔		1	0	thirties		کھیل/دوبېرَیں		mvy	
4281ed2314a2c85676db55efdfd06ae0e80cca28b8a50303c9a63524c1b0bccc51e7d7dd44e22e4f6f155ee87c22d5c9f9423d73d9afcbb03a5b77e125c05f09	common_voice_mvy_42547661.mp3	0a1b27adc0e441768aae1c3925f0d726c4c35c42afd53a8cc809180d48853a70	تسیں وجہۡ نہ بدنہ لا نیلیۡ داغی،		1	0	thirties		کھیل/دوبېرَیں		mvy	
4281ed2314a2c85676db55efdfd06ae0e80cca28b8a50303c9a63524c1b0bccc51e7d7dd44e22e4f6f155ee87c22d5c9f9423d73d9afcbb03a5b77e125c05f09	common_voice_mvy_42547662.mp3	08c9d2d9d52550ad182f168ca84690c79b47d2654710b6c6e5735d9b6170d1ec	اُو ماݜ اسلامی مُلکہ مہ ہُون٘دُوں		1	0	thirties		کھیل/دوبېرَیں		mvy	
4281ed2314a2c85676db55efdfd06ae0e80cca28b8a50303c9a63524c1b0bccc51e7d7dd44e22e4f6f155ee87c22d5c9f9423d73d9afcbb03a5b77e125c05f09	common_voice_mvy_42547665.mp3	f67830b8b78b8b61e2c32a54b3e9b085a796b2c8a304f558a15cdf10d13cf94f	تُوں امَیں مشقُلا سن٘دئیل		1	0	thirties		کھیل/دوبېرَیں		mvy	
4281ed2314a2c85676db55efdfd06ae0e80cca28b8a50303c9a63524c1b0bccc51e7d7dd44e22e4f6f155ee87c22d5c9f9423d73d9afcbb03a5b77e125c05f09	common_voice_mvy_42547667.mp3	e855f5f40614ced00fa0bcc8ccbdcc77e488b32fccc0a79f9f1b41de08f4669e	آں اسی نہ ڇھمبُو اُڅھہۡ نھېل لہ اېں اسیں مېوی کھاں؛		1	0	thirties		کھیل/دوبېرَیں		mvy	
4281ed2314a2c85676db55efdfd06ae0e80cca28b8a50303c9a63524c1b0bccc51e7d7dd44e22e4f6f155ee87c22d5c9f9423d73d9afcbb03a5b77e125c05f09	common_voice_mvy_42547670.mp3	006540b56f858902fd0a9117520283424835b675761e17e34d37b86ee6afc9f0	ڇَیؤں مِثال، سیں کاروبارہ روا کرؤں چے		1	0	thirties		کھیل/دوبېرَیں		mvy	
4281ed2314a2c85676db55efdfd06ae0e80cca28b8a50303c9a63524c1b0bccc51e7d7dd44e22e4f6f155ee87c22d5c9f9423d73d9afcbb03a5b77e125c05f09	common_voice_mvy_42547675.mp3	051263840b883355a30c0eac49d2dd90003ee2d2b66f1fb69b98808cfa3c500e	ݜس وجہۡ ہِن زاں اواز مہ گی اثر نی تُھو۔		1	0	thirties		کھیل/دوبېرَیں		mvy	
4281ed2314a2c85676db55efdfd06ae0e80cca28b8a50303c9a63524c1b0bccc51e7d7dd44e22e4f6f155ee87c22d5c9f9423d73d9afcbb03a5b77e125c05f09	common_voice_mvy_42547684.mp3	de81dbcd23099db7008a434866a8c79dc8b534390a57638347f319296c9bcfb2	چے ݜُو شاں پُرگِرامہ کراں چے		1	0	thirties		کھیل/دوبېرَیں		mvy	
4281ed2314a2c85676db55efdfd06ae0e80cca28b8a50303c9a63524c1b0bccc51e7d7dd44e22e4f6f155ee87c22d5c9f9423d73d9afcbb03a5b77e125c05f09	common_voice_mvy_42547685.mp3	0d7bfd04490dfb4a60edffa82aaa25c89f39be401c7ff3cb0860ae1cd38b460a	دشُوئ بیش کالہ سیں مُدرِسی مہ لن٘گھالان٘س		1	0	thirties		کھیل/دوبېرَیں		mvy	
4281ed2314a2c85676db55efdfd06ae0e80cca28b8a50303c9a63524c1b0bccc51e7d7dd44e22e4f6f155ee87c22d5c9f9423d73d9afcbb03a5b77e125c05f09	common_voice_mvy_42547687.mp3	f5cf5e10a8741f9a8097512cf5d522c8aa6664c9f0a3bceeedae25c290286039	ݜے تے چےۡ اوۡ ماݜ نی تُھوْ۔		1	0	thirties		کھیل/دوبېرَیں		mvy	
4281ed2314a2c85676db55efdfd06ae0e80cca28b8a50303c9a63524c1b0bccc51e7d7dd44e22e4f6f155ee87c22d5c9f9423d73d9afcbb03a5b77e125c05f09	common_voice_mvy_42547688.mp3	0a621590557fd3f65aa0430643577673c9b3053177e9222cf2815edaab69aa4e	یا ہر پیشیں نہ پتَیں کھے۔		1	0	thirties		کھیل/دوبېرَیں		mvy	
4281ed2314a2c85676db55efdfd06ae0e80cca28b8a50303c9a63524c1b0bccc51e7d7dd44e22e4f6f155ee87c22d5c9f9423d73d9afcbb03a5b77e125c05f09	common_voice_mvy_42547695.mp3	0be109c3e0e1b7555526d644a19fefec9793f79196715054733afefc8663d934	مُو نہ نِوان٘ز گھُرٶں واجب تھُو۔		1	0	thirties		کھیل/دوبېرَیں		mvy	
4281ed2314a2c85676db55efdfd06ae0e80cca28b8a50303c9a63524c1b0bccc51e7d7dd44e22e4f6f155ee87c22d5c9f9423d73d9afcbb03a5b77e125c05f09	common_voice_mvy_42547697.mp3	f250c32d5202c387ca7d3bf59edb1efe0da9c1ccf578ad1c289c6de3fc290d43	اَس باٶ مائع خارُخاں کُلہۡ لا رِݩگائ۔		1	0	thirties		کھیل/دوبېرَیں		mvy	
4281ed2314a2c85676db55efdfd06ae0e80cca28b8a50303c9a63524c1b0bccc51e7d7dd44e22e4f6f155ee87c22d5c9f9423d73d9afcbb03a5b77e125c05f09	common_voice_mvy_42547698.mp3	d43a755712d98fac280a204c2b6ace8f8d785b75bda215bf2bc5bb58d1af1ff6	سو ہُم چاق آں ہُم بخن کران٘لو (بِگوݜان٘لو) تُھو۔		1	0	thirties		کھیل/دوبېرَیں		mvy	
4281ed2314a2c85676db55efdfd06ae0e80cca28b8a50303c9a63524c1b0bccc51e7d7dd44e22e4f6f155ee87c22d5c9f9423d73d9afcbb03a5b77e125c05f09	common_voice_mvy_42547705.mp3	0a6b8f3a8335f2990ac6736138a7fc66426801baaae20e9456dcc8ff2239fbeb	وہ جان اللہ پاکاں چے حُکمہ تھو۔		1	0	thirties		کھیل/دوبېرَیں		mvy	
4281ed2314a2c85676db55efdfd06ae0e80cca28b8a50303c9a63524c1b0bccc51e7d7dd44e22e4f6f155ee87c22d5c9f9423d73d9afcbb03a5b77e125c05f09	common_voice_mvy_42547708.mp3	0d4afc47c9f92cdc8d8836f87ec22eb118ab9e2fad984d59b2bfff7d277f3dfc	اصول فقہاں اصطِلاحات آں ضروری کاں بلِی تھی		1	0	thirties		کھیل/دوبېرَیں		mvy	
4281ed2314a2c85676db55efdfd06ae0e80cca28b8a50303c9a63524c1b0bccc51e7d7dd44e22e4f6f155ee87c22d5c9f9423d73d9afcbb03a5b77e125c05f09	common_voice_mvy_42547778.mp3	010b9c9c5f5a9dedb0318fdfeeddfe6d2bcf8f5ef40a45332de8785aa978fbce	نِوان٘ز کرے گتہ ماݜ نی مُچ آں نېرے گتہ نی مُچ“		1	0	thirties		کھیل/دوبېرَیں		mvy	
4281ed2314a2c85676db55efdfd06ae0e80cca28b8a50303c9a63524c1b0bccc51e7d7dd44e22e4f6f155ee87c22d5c9f9423d73d9afcbb03a5b77e125c05f09	common_voice_mvy_42547781.mp3	df8899c19b226160b0d71c239034bb056a1ba7e8113d31ec692e9b812f7face6	آں یونیورسٹیاں شاگِڑہ واں دَن امَیں مُشکل ہُوئ تھُو۔		1	0	thirties		کھیل/دوبېرَیں		mvy	
4281ed2314a2c85676db55efdfd06ae0e80cca28b8a50303c9a63524c1b0bccc51e7d7dd44e22e4f6f155ee87c22d5c9f9423d73d9afcbb03a5b77e125c05f09	common_voice_mvy_42547782.mp3	fa4ffd2615b6643afe8275f7723a2d72fb962b2357b082614e4450b7ab21fa8b	کھیں مِیں اسُویں اما ملی دھا ای یان٘س“		1	0	thirties		کھیل/دوبېرَیں		mvy	
4281ed2314a2c85676db55efdfd06ae0e80cca28b8a50303c9a63524c1b0bccc51e7d7dd44e22e4f6f155ee87c22d5c9f9423d73d9afcbb03a5b77e125c05f09	common_voice_mvy_42547783.mp3	e4325734ac3c7e1cf90059f6c04d61411c9a3beea21705db0df4fd9da5e83ed8	چے یا مرېل ڇا یی بیش ماݜہ وَیں ساز دی		1	0	thirties		کھیل/دوبېرَیں		mvy	
4281ed2314a2c85676db55efdfd06ae0e80cca28b8a50303c9a63524c1b0bccc51e7d7dd44e22e4f6f155ee87c22d5c9f9423d73d9afcbb03a5b77e125c05f09	common_voice_mvy_42547784.mp3	07ef27b7767d3c1483d338d4ce0697244757875378d5f2dda38afd4de532949e	آں تَیں ژِبَیں خِدمت ہو۔		1	0	thirties		کھیل/دوبېرَیں		mvy	
4281ed2314a2c85676db55efdfd06ae0e80cca28b8a50303c9a63524c1b0bccc51e7d7dd44e22e4f6f155ee87c22d5c9f9423d73d9afcbb03a5b77e125c05f09	common_voice_mvy_42547785.mp3	0cefe8556a283c10160d573c455cc0846b7fee0d2f2cbee27191834ffa1ed000	کھیں تسی ہِن نِوان٘ز شریۡ تھُو۔		1	0	thirties		کھیل/دوبېرَیں		mvy	
4281ed2314a2c85676db55efdfd06ae0e80cca28b8a50303c9a63524c1b0bccc51e7d7dd44e22e4f6f155ee87c22d5c9f9423d73d9afcbb03a5b77e125c05f09	common_voice_mvy_42547786.mp3	bc06f92543a3f05241d2a5b72ea8abde6f0434b6090f3be7ec7d4a2b36063816	اېں بُٹ اېک ہتَیں اَن٘گُوئ کالژا تھہ۔		1	0	thirties		کھیل/دوبېرَیں		mvy	
4281ed2314a2c85676db55efdfd06ae0e80cca28b8a50303c9a63524c1b0bccc51e7d7dd44e22e4f6f155ee87c22d5c9f9423d73d9afcbb03a5b77e125c05f09	common_voice_mvy_42547787.mp3	f272dad3b54fcb50d2782642862d1fe0471409f7c3729c051db3c4c2d76a09f3	ݜُو شاناں دنہۡ ہُم مضبوط ہوتھہ۔		1	0	thirties		کھیل/دوبېرَیں		mvy	
4281ed2314a2c85676db55efdfd06ae0e80cca28b8a50303c9a63524c1b0bccc51e7d7dd44e22e4f6f155ee87c22d5c9f9423d73d9afcbb03a5b77e125c05f09	common_voice_mvy_42547788.mp3	fced0b0fd8e0e2593cf090f8d647e7a13fd23fa6a5a4e446d95fad8f22787714	تسے ݜے حالات پیدا کرژیل ہوں چے		1	0	thirties		کھیل/دوبېرَیں		mvy	
4281ed2314a2c85676db55efdfd06ae0e80cca28b8a50303c9a63524c1b0bccc51e7d7dd44e22e4f6f155ee87c22d5c9f9423d73d9afcbb03a5b77e125c05f09	common_voice_mvy_42547789.mp3	0813840bbed560747ed31a2ea351ad40b1198211d062c1a69a18a8a190a7bf4a	اَک ڈاگدَریں حیثتی ہِن چے مریضہ نھالہ چھی۔		1	0	thirties		کھیل/دوبېرَیں		mvy	
4281ed2314a2c85676db55efdfd06ae0e80cca28b8a50303c9a63524c1b0bccc51e7d7dd44e22e4f6f155ee87c22d5c9f9423d73d9afcbb03a5b77e125c05f09	common_voice_mvy_42547790.mp3	cc3680d07caf89654bd075cbb849a51cf9e7c486f1d09b3de0ef7528d06ffe5b	سامُوٹھ مُعاہدی تے کنوِنشنہ لَک جینیوا کنوِنشن آں یو اېناں چارٹر۔		1	0	thirties		کھیل/دوبېرَیں		mvy	
4281ed2314a2c85676db55efdfd06ae0e80cca28b8a50303c9a63524c1b0bccc51e7d7dd44e22e4f6f155ee87c22d5c9f9423d73d9afcbb03a5b77e125c05f09	common_voice_mvy_42547791.mp3	ddbb2b031fccc2fc172c9167b8e3dcee4fae4b46762c46e54312cc1b4b243aab	اگر چے اُو گی لازمی بال نی تھی خو اکثر ݜے ہُوئ تھی۔		1	0	thirties		کھیل/دوبېرَیں		mvy	
4281ed2314a2c85676db55efdfd06ae0e80cca28b8a50303c9a63524c1b0bccc51e7d7dd44e22e4f6f155ee87c22d5c9f9423d73d9afcbb03a5b77e125c05f09	common_voice_mvy_42547793.mp3	d9db39b5fc5cf865f5ba36d71a7c4c6a93b358067499ea739ae5b852df020d0b	مہریں ایک نؤں چُکیۡ گورسی مژ گلے		1	0	thirties		کھیل/دوبېرَیں		mvy	
4281ed2314a2c85676db55efdfd06ae0e80cca28b8a50303c9a63524c1b0bccc51e7d7dd44e22e4f6f155ee87c22d5c9f9423d73d9afcbb03a5b77e125c05f09	common_voice_mvy_42547794.mp3	cd03096c1b3a54caeb8070f3b901c6915659c6bf944e78430b86e7135e0e0103	بالخؤں لا کِھن٘گ ݜیا کوکسی مُوٹھیُوں بھېٹېل ہوتھہ۔		1	0	thirties		کھیل/دوبېرَیں		mvy	
4281ed2314a2c85676db55efdfd06ae0e80cca28b8a50303c9a63524c1b0bccc51e7d7dd44e22e4f6f155ee87c22d5c9f9423d73d9afcbb03a5b77e125c05f09	common_voice_mvy_42547795.mp3	0a9496c81065e691ade571fd2fd509d65f65fe1ecef1df093bff3bc46e1a81f0	ݜس وختہ مہ رسولؐ پاکے زیدؓ بن ثابتاں کریا		1	0	thirties		کھیل/دوبېرَیں		mvy	
4281ed2314a2c85676db55efdfd06ae0e80cca28b8a50303c9a63524c1b0bccc51e7d7dd44e22e4f6f155ee87c22d5c9f9423d73d9afcbb03a5b77e125c05f09	common_voice_mvy_42547797.mp3	0c40a9c448a0ea33b9aed359066d9fe5dc5106f3503312df6f183faa9a3d13ce	پالکاں سُوپ کم کم وقفہ کرے پو		1	0	thirties		کھیل/دوبېرَیں		mvy	
4281ed2314a2c85676db55efdfd06ae0e80cca28b8a50303c9a63524c1b0bccc51e7d7dd44e22e4f6f155ee87c22d5c9f9423d73d9afcbb03a5b77e125c05f09	common_voice_mvy_42547798.mp3	083f52008b73ad153ce6362891c7b3eb16dfe9afe168e37a9042b2267e669c71	رسولِؐ پاک علیہ سلامے پاتُو اِگلے بنُونضیراں کِریا بانیۡ		1	0	thirties		کھیل/دوبېرَیں		mvy	
4281ed2314a2c85676db55efdfd06ae0e80cca28b8a50303c9a63524c1b0bccc51e7d7dd44e22e4f6f155ee87c22d5c9f9423d73d9afcbb03a5b77e125c05f09	common_voice_mvy_42547799.mp3	fb87d613fc87828ed01a0fbb1cb2139765bb691f4d935f74e8cd971e6ac49504	سو وخ پان٘ژ نِوان٘زواں نی بنژیان٘س۔		1	0	thirties		کھیل/دوبېرَیں		mvy	
4281ed2314a2c85676db55efdfd06ae0e80cca28b8a50303c9a63524c1b0bccc51e7d7dd44e22e4f6f155ee87c22d5c9f9423d73d9afcbb03a5b77e125c05f09	common_voice_mvy_42547801.mp3	01dec0adcb0b37af4876a23264eb08b878e3a82ee93d6d52d783d651dd2514bf	کھیں سو می وَیں نھالِسیۡ۔		1	0	thirties		کھیل/دوبېرَیں		mvy	
4281ed2314a2c85676db55efdfd06ae0e80cca28b8a50303c9a63524c1b0bccc51e7d7dd44e22e4f6f155ee87c22d5c9f9423d73d9afcbb03a5b77e125c05f09	common_voice_mvy_42547802.mp3	0689744ed173f70f62f212a458bd2db269c67696e7bd4c5aca6401abef43710f	کھیں منی کُلائی نی واہان٘س۔		1	0	thirties		کھیل/دوبېرَیں		mvy	
4281ed2314a2c85676db55efdfd06ae0e80cca28b8a50303c9a63524c1b0bccc51e7d7dd44e22e4f6f155ee87c22d5c9f9423d73d9afcbb03a5b77e125c05f09	common_voice_mvy_42547813.mp3	d58e8c9487ec81fea5e02a1ccb4357b25a257612ed4f0fd3baee012cb045f629	اِوَیں فِریاد ݜُون٘وان٘لو کوَین٘ژا نی ہو تھُو؛		1	0	thirties		کھیل/دوبېرَیں		mvy	
4281ed2314a2c85676db55efdfd06ae0e80cca28b8a50303c9a63524c1b0bccc51e7d7dd44e22e4f6f155ee87c22d5c9f9423d73d9afcbb03a5b77e125c05f09	common_voice_mvy_42547814.mp3	e4c7d015bc4dbcd4f41a6aebb617198f5a37d003cae5ff4237813f12740df029	ݜس سفری مہ چٸ ازمیختی (اِمتحانہ) ایلیۡ۔		1	0	thirties		کھیل/دوبېرَیں		mvy	
4281ed2314a2c85676db55efdfd06ae0e80cca28b8a50303c9a63524c1b0bccc51e7d7dd44e22e4f6f155ee87c22d5c9f9423d73d9afcbb03a5b77e125c05f09	common_voice_mvy_42547815.mp3	0f54aebda24a688650d59e533971656bf26452dfaad5d6d7e6be71092f505b37	میں بان پلاسٹک آم		1	0	thirties		کھیل/دوبېرَیں		mvy	
4281ed2314a2c85676db55efdfd06ae0e80cca28b8a50303c9a63524c1b0bccc51e7d7dd44e22e4f6f155ee87c22d5c9f9423d73d9afcbb03a5b77e125c05f09	common_voice_mvy_42547817.mp3	0c5281a8e8c99a4784d1ec7357b5c9bc1dee3a3860abc2be812ad39106ecf5b5	مُدام کریل (سنت موکد)		1	0	thirties		کھیل/دوبېرَیں		mvy	
4281ed2314a2c85676db55efdfd06ae0e80cca28b8a50303c9a63524c1b0bccc51e7d7dd44e22e4f6f155ee87c22d5c9f9423d73d9afcbb03a5b77e125c05f09	common_voice_mvy_42547818.mp3	03e6fee769f210b820e498f5b8eb4eb52278fed5b2340f1cf837400cf4c01490	گازریۡ ہِن دنہۡ تے دن٘درسیں علاج کیرُوں سم تھی		1	0	thirties		کھیل/دوبېرَیں		mvy	
4281ed2314a2c85676db55efdfd06ae0e80cca28b8a50303c9a63524c1b0bccc51e7d7dd44e22e4f6f155ee87c22d5c9f9423d73d9afcbb03a5b77e125c05f09	common_voice_mvy_42547819.mp3	07a42086f1a104f245da430f9aa723059db16243ae660c253a72e75d1f8de3e2	سو حُکُم ݜِݜہ نہ نی ہُوئ تُھو،		1	0	thirties		کھیل/دوبېرَیں		mvy	
4281ed2314a2c85676db55efdfd06ae0e80cca28b8a50303c9a63524c1b0bccc51e7d7dd44e22e4f6f155ee87c22d5c9f9423d73d9afcbb03a5b77e125c05f09	common_voice_mvy_42547820.mp3	f2a07762cdfbb5d3690f8888cc15c1592ca4054910f3551408959d2e7798758e	چے اسیں پان٘ژ قِسمہ تھو۔		1	0	thirties		کھیل/دوبېرَیں		mvy	
4281ed2314a2c85676db55efdfd06ae0e80cca28b8a50303c9a63524c1b0bccc51e7d7dd44e22e4f6f155ee87c22d5c9f9423d73d9afcbb03a5b77e125c05f09	common_voice_mvy_42547821.mp3	fd4de73d2830090b828f55e76d0c37fe9bc14dd0f0488585a947b44fbc67a208	گی قِسمہ تھو سَیں گتہ سِڇھاتھو۔		1	0	thirties		کھیل/دوبېرَیں		mvy	
4281ed2314a2c85676db55efdfd06ae0e80cca28b8a50303c9a63524c1b0bccc51e7d7dd44e22e4f6f155ee87c22d5c9f9423d73d9afcbb03a5b77e125c05f09	common_voice_mvy_42547822.mp3	e789b14e9e5e1dd8240ade8bab9dfd65fa7199a2944801bc0ef691fd30051f91	چےۡ اِݜ کال مُسلما پاتُو بئ		1	0	thirties		کھیل/دوبېرَیں		mvy	
4281ed2314a2c85676db55efdfd06ae0e80cca28b8a50303c9a63524c1b0bccc51e7d7dd44e22e4f6f155ee87c22d5c9f9423d73d9afcbb03a5b77e125c05f09	common_voice_mvy_42547828.mp3	ff4f546053213a4438317e82a18813e10629a796072169fb82f2325239b1a7c5	آں تسیں طرفی تُس بُٹ جمع کرژا تھو		1	0	thirties		کھیل/دوبېرَیں		mvy	
4281ed2314a2c85676db55efdfd06ae0e80cca28b8a50303c9a63524c1b0bccc51e7d7dd44e22e4f6f155ee87c22d5c9f9423d73d9afcbb03a5b77e125c05f09	common_voice_mvy_42547829.mp3	046d07dcf381d45f667066c08c46dbcd13cc6c7a55ee26b67b41a0373dd60619	مِٹھوۡ کھؤں (رِزق) آں مزیُوں دی پون٘شېلوۡ باغ ہو تُھو۔		1	0	thirties		کھیل/دوبېرَیں		mvy	
4281ed2314a2c85676db55efdfd06ae0e80cca28b8a50303c9a63524c1b0bccc51e7d7dd44e22e4f6f155ee87c22d5c9f9423d73d9afcbb03a5b77e125c05f09	common_voice_mvy_42547831.mp3	02fc6c2f30d5849a3c6bf3d29765031fffc9bc0ed3947c2c25adb879a5f24fd3	ݜُو وجہۡ نہ کہ علامات دُو ڇا ہفتی بئ		1	0	thirties		کھیل/دوبېرَیں		mvy	
4281ed2314a2c85676db55efdfd06ae0e80cca28b8a50303c9a63524c1b0bccc51e7d7dd44e22e4f6f155ee87c22d5c9f9423d73d9afcbb03a5b77e125c05f09	common_voice_mvy_42547833.mp3	fdac4cb31d962f415744b4e08ba279cf6040ebf34613f851fa7d082721dba07a	توفیق رڇھَیں والا ماݜاں دَن		1	0	thirties		کھیل/دوبېرَیں		mvy	
4281ed2314a2c85676db55efdfd06ae0e80cca28b8a50303c9a63524c1b0bccc51e7d7dd44e22e4f6f155ee87c22d5c9f9423d73d9afcbb03a5b77e125c05f09	common_voice_mvy_42547834.mp3	d310f30e4e1a4043cc963372448bb66390ed418c0d36e2d0872d776942229b67	سو زئ لا پیاز چن٘ڑیۡ را گیل گھݜِلیۡ کھیں فائدہ ہوتُھو۔		1	0	thirties		کھیل/دوبېرَیں		mvy	
4281ed2314a2c85676db55efdfd06ae0e80cca28b8a50303c9a63524c1b0bccc51e7d7dd44e22e4f6f155ee87c22d5c9f9423d73d9afcbb03a5b77e125c05f09	common_voice_mvy_42547836.mp3	f6abfafff38a45d87266fd669306f86f3096161409bd2642f46e730af3f6a0bf	اسی ملی ہیُوں، ادرکاں سِرکہ آں پودیناں پن٘ڑٹو گلے پھت کری		1	0	thirties		کھیل/دوبېرَیں		mvy	
4281ed2314a2c85676db55efdfd06ae0e80cca28b8a50303c9a63524c1b0bccc51e7d7dd44e22e4f6f155ee87c22d5c9f9423d73d9afcbb03a5b77e125c05f09	common_voice_mvy_42547841.mp3	05c471f459fe2db46f5f991a70fb1bba62427bf63dbb2d8e59d45dbedcd55fc9	آں مژ مہ بِگلاں پیڇی یاں پُوڇ علم جان ای گا۔		1	0	thirties		کھیل/دوبېرَیں		mvy	
4281ed2314a2c85676db55efdfd06ae0e80cca28b8a50303c9a63524c1b0bccc51e7d7dd44e22e4f6f155ee87c22d5c9f9423d73d9afcbb03a5b77e125c05f09	common_voice_mvy_42547844.mp3	f69f8423d3c254c8aeb8dd6d23c45f633c977b6cc496dcd6bb8d3d320e4d8ac5	نبی علیہ سلامے ژُن٘ڑُوں کلِیں تیاری شروع کیریۡ۔		1	0	thirties		کھیل/دوبېرَیں		mvy	
4281ed2314a2c85676db55efdfd06ae0e80cca28b8a50303c9a63524c1b0bccc51e7d7dd44e22e4f6f155ee87c22d5c9f9423d73d9afcbb03a5b77e125c05f09	common_voice_mvy_42547845.mp3	0f4045e1e07d90e5ddc5b649a23e6d2ff8a600bf0df0d14ea9cadd0ca1cdeb63	اسی نہ بچ ہویں یاں دن نیل دان٘ڑیالاں وے نھیلے ݜݜہ لا رِݩگائ ۔		1	0	thirties		کھیل/دوبېرَیں		mvy	
4281ed2314a2c85676db55efdfd06ae0e80cca28b8a50303c9a63524c1b0bccc51e7d7dd44e22e4f6f155ee87c22d5c9f9423d73d9afcbb03a5b77e125c05f09	common_voice_mvy_42547847.mp3	0b0eba7f5823f52d3d801db40668e5bcd39742838abf8847df9173ba0b8b334d	کؤں ماݜے چے بیماری لاحق تھی۔		1	0	thirties		کھیل/دوبېرَیں		mvy	
18e5be1fdb8add9f19c7d9cd8e84dff19ea202bdfbb7dca29496c4effbf031504d09d573a3cb803f8100140b10668d97e3d9fab4127a36663b8aae6d4d783ec9	common_voice_mvy_42549261.mp3	d8a4130546afff88fb2ab942bbbd741c283b5c4f06934acfc7e01e51da43de3a	قُریشؤں پاتیۡ نہ حملہ کرے سہت اوکاں کِریا مُسلماں پاتُو ڙھس کیریۡ۔		1	0	thirties				mvy	
18e5be1fdb8add9f19c7d9cd8e84dff19ea202bdfbb7dca29496c4effbf031504d09d573a3cb803f8100140b10668d97e3d9fab4127a36663b8aae6d4d783ec9	common_voice_mvy_42549263.mp3	f61d7d81306b84228346e62ad01eda09f606110c44a7dfcf1973d927105a0381	مشورہ مہ ݜُو بلیۡ لا فېصلہ ہُون٘دیۡ		1	0	thirties				mvy	
18e5be1fdb8add9f19c7d9cd8e84dff19ea202bdfbb7dca29496c4effbf031504d09d573a3cb803f8100140b10668d97e3d9fab4127a36663b8aae6d4d783ec9	common_voice_mvy_42549264.mp3	f1e8bc678e50bfd95c62203ac25271c36997865214ab60af2a688309b8e09846	گنان٘گارہ تاں مھوں نہ پُنیاک ہو تھہ،		1	0	thirties				mvy	
18e5be1fdb8add9f19c7d9cd8e84dff19ea202bdfbb7dca29496c4effbf031504d09d573a3cb803f8100140b10668d97e3d9fab4127a36663b8aae6d4d783ec9	common_voice_mvy_42549365.mp3	e7958d3a774168b5e167a1770a02ba95b546e81af9563d8dfd7b12d2e5c1a4dd	دُوئیں ݜُو چے تحقیق کَرہۡ واں دَن ہسانی ہو		1	0	thirties				mvy	
c334fa60a0cbb65df0d0a6431ecd607c1740b45e0f057ed72e42c813af5dedacee11819963b0f000d24cf3ad868292f8c817ba75efc7c487979e6a4339408073	common_voice_mvy_42550572.mp3	ffd44105fec9c7ee3193c998eee6cb69e27cff750d8e01117046d68b78fee933	چے اسی مژ اېک انقلاب اے۔		0	0	thirties				mvy	
c334fa60a0cbb65df0d0a6431ecd607c1740b45e0f057ed72e42c813af5dedacee11819963b0f000d24cf3ad868292f8c817ba75efc7c487979e6a4339408073	common_voice_mvy_42550573.mp3	fe50083aadb2e9493fb334b42a922358b4f8b18ecbd5959712ddb8982b653808	اَسیں نُقصانات گی گی تھہ؟		0	0	thirties				mvy	
c334fa60a0cbb65df0d0a6431ecd607c1740b45e0f057ed72e42c813af5dedacee11819963b0f000d24cf3ad868292f8c817ba75efc7c487979e6a4339408073	common_voice_mvy_42550574.mp3	df736a032cfa0dc34453bef1d2e23f97ec5552779140e840a4df8e3b0eb648db	بُٹؤں نہ مُون اسمان زَیں تارؤں ہِن سُگائرائ؛		1	0	thirties				mvy	
c334fa60a0cbb65df0d0a6431ecd607c1740b45e0f057ed72e42c813af5dedacee11819963b0f000d24cf3ad868292f8c817ba75efc7c487979e6a4339408073	common_voice_mvy_42550575.mp3	030bf127ac1d6987ec6697a9bbc15d93da11117feb2ee0581f5c557658054f32	کوستاں چے خلک تعلیم نہ دُور تھو		1	0	thirties				mvy	
c334fa60a0cbb65df0d0a6431ecd607c1740b45e0f057ed72e42c813af5dedacee11819963b0f000d24cf3ad868292f8c817ba75efc7c487979e6a4339408073	common_voice_mvy_42550576.mp3	0479c46587b827811b9cc3d7275e3dfb389c06f4d0f50e190e24bc2ef48b1293	ہِیُو تسیں قبلان٘لو ہو آں کاپھُر نی ہول ہو۔		0	0	thirties				mvy	
c334fa60a0cbb65df0d0a6431ecd607c1740b45e0f057ed72e42c813af5dedacee11819963b0f000d24cf3ad868292f8c817ba75efc7c487979e6a4339408073	common_voice_mvy_42550583.mp3	f7e2a8de450c323273baf20f7752cda325a7a60622a0601da3f6f96ed438a5c9	اسی نہ علاوہ چؤن٘ٹو واں جُٹہ کھؤں اڅھک ہُوئ تُھو۔		0	0	thirties				mvy	
c334fa60a0cbb65df0d0a6431ecd607c1740b45e0f057ed72e42c813af5dedacee11819963b0f000d24cf3ad868292f8c817ba75efc7c487979e6a4339408073	common_voice_mvy_42550584.mp3	ce6c91adcd10ac28492ab977acd7c605e3c4ecc5e64c6dcf38a0994dec8132cc	آں اسیں (نېمتی/نعمتی واں) بدل تُس ݜے دېں تھہ		1	0	thirties				mvy	
c334fa60a0cbb65df0d0a6431ecd607c1740b45e0f057ed72e42c813af5dedacee11819963b0f000d24cf3ad868292f8c817ba75efc7c487979e6a4339408073	common_voice_mvy_42550585.mp3	03fe175f50de87e2a430cbba7544b6477bfc5a151502ac0a52b5ee17aa6d275c	بنو قینقاع یہودی وَیں اېک قوم آن٘سیۡ		0	0	thirties				mvy	
c334fa60a0cbb65df0d0a6431ecd607c1740b45e0f057ed72e42c813af5dedacee11819963b0f000d24cf3ad868292f8c817ba75efc7c487979e6a4339408073	common_voice_mvy_42550586.mp3	ff9e89cf7c15cc8637c0a0cc38aaac6d672ef36d2d9379bbec2106a37b839ff1	ناراستی دے تھی۔		0	0	thirties				mvy	
c334fa60a0cbb65df0d0a6431ecd607c1740b45e0f057ed72e42c813af5dedacee11819963b0f000d24cf3ad868292f8c817ba75efc7c487979e6a4339408073	common_voice_mvy_42550587.mp3	041e9eb8bf0991494da07f0bbdc7d04924e76d6fa9b41f53dc042fa21a0e0f67	گاں خلکؤں بانیۡ: ”تُس بس زاں ڙر عام ماݜہ تھہ		0	0	thirties				mvy	
c334fa60a0cbb65df0d0a6431ecd607c1740b45e0f057ed72e42c813af5dedacee11819963b0f000d24cf3ad868292f8c817ba75efc7c487979e6a4339408073	common_voice_mvy_42550593.mp3	001626d634977f200c7c1f30912117437fc3b696fe939198ba566cf8fbffbebd	کم لک مریض ݜے گتہ ہُم ہوں تھہ		1	0	thirties				mvy	
c334fa60a0cbb65df0d0a6431ecd607c1740b45e0f057ed72e42c813af5dedacee11819963b0f000d24cf3ad868292f8c817ba75efc7c487979e6a4339408073	common_voice_mvy_42550594.mp3	0a04d1e19d7a1befb6e3acc447a15e2e47ba433864e51ae68ff32b36d5d92a47	بُوئ تے بوئے سو گھئیں مولی وٹَیں یاں دن		1	0	thirties				mvy	
c334fa60a0cbb65df0d0a6431ecd607c1740b45e0f057ed72e42c813af5dedacee11819963b0f000d24cf3ad868292f8c817ba75efc7c487979e6a4339408073	common_voice_mvy_42550595.mp3	013b458fffd5ea0786162b95e2dd62fbd48c4b3b5676a06492256f8db7267342	اېں گُھوں گناہ (اسلام نہ مُنکُر ہُوئ یاں گناہ) کراں بېن٘س۔		1	0	thirties				mvy	
c334fa60a0cbb65df0d0a6431ecd607c1740b45e0f057ed72e42c813af5dedacee11819963b0f000d24cf3ad868292f8c817ba75efc7c487979e6a4339408073	common_voice_mvy_42550596.mp3	0af70483a1982554335e932d6cd4850549ad6a8795d1fd9d9172ee61822d5747	چے گِران شرطہ چھالیۡ،		0	0	thirties				mvy	
c334fa60a0cbb65df0d0a6431ecd607c1740b45e0f057ed72e42c813af5dedacee11819963b0f000d24cf3ad868292f8c817ba75efc7c487979e6a4339408073	common_voice_mvy_42550597.mp3	bfb2587ec7f81d449ee8025996b17b24396e5d3ade3a1dd30f3cc24b23a30cce	زرتی نہ پات نمبر ہَجتی تھی		0	0	thirties				mvy	
c334fa60a0cbb65df0d0a6431ecd607c1740b45e0f057ed72e42c813af5dedacee11819963b0f000d24cf3ad868292f8c817ba75efc7c487979e6a4339408073	common_voice_mvy_42550598.mp3	0c22f3918f5d3bae7388b41b9089a972db19c3546c8697f5fe25a1fe2e7c5553	پُھوتیُوں نہ رڇَھین٘یاں جال:		0	0	thirties				mvy	
c334fa60a0cbb65df0d0a6431ecd607c1740b45e0f057ed72e42c813af5dedacee11819963b0f000d24cf3ad868292f8c817ba75efc7c487979e6a4339408073	common_voice_mvy_42550599.mp3	ac67fc1200ed281f1c55f5b109dbe4ff0c09e8011768a86f3f36d60e3d2fc0ee	پاتیوں نِوان٘ز کران٘لہ (مُقتدی) تاں گھین٘رہ (اِمام)		0	0	thirties				mvy	
c334fa60a0cbb65df0d0a6431ecd607c1740b45e0f057ed72e42c813af5dedacee11819963b0f000d24cf3ad868292f8c817ba75efc7c487979e6a4339408073	common_voice_mvy_42550600.mp3	eea44080a403c08f980d309d7c2b4b86264f24155a9ed67c4b63a54d0186be39	اسیں کران٘لو گنان٘گار آں اݜُوں (نافرمان) ہو تُھو۔		0	0	thirties				mvy	
c334fa60a0cbb65df0d0a6431ecd607c1740b45e0f057ed72e42c813af5dedacee11819963b0f000d24cf3ad868292f8c817ba75efc7c487979e6a4339408073	common_voice_mvy_42550601.mp3	d6392f22dd9b020b35a45e78f321fea32c93c517ff5e457a8167738b60bbcc82	آں نہ تسِی نہ گی څیز سن٘دژېلوۡ ہو		0	0	thirties				mvy	
c334fa60a0cbb65df0d0a6431ecd607c1740b45e0f057ed72e42c813af5dedacee11819963b0f000d24cf3ad868292f8c817ba75efc7c487979e6a4339408073	common_voice_mvy_42550602.mp3	e8a400ef54fb58f79832054a71da6110e32ea8fd844f6a184c7cf33ff51e5bac	حضرت سعد بن معاذؓاں دَن اِواں بارہ مہ فېصلاں اختیار دِتیۡ		1	0	thirties				mvy	
c334fa60a0cbb65df0d0a6431ecd607c1740b45e0f057ed72e42c813af5dedacee11819963b0f000d24cf3ad868292f8c817ba75efc7c487979e6a4339408073	common_voice_mvy_42550608.mp3	fc98017d6fc1affd1e2047986ab59e7f49659fcacd729dba46ef8e9190256a5f	اسی مہ چئ محنت رِن٘گیۡ تھی۔		1	0	thirties				mvy	
c334fa60a0cbb65df0d0a6431ecd607c1740b45e0f057ed72e42c813af5dedacee11819963b0f000d24cf3ad868292f8c817ba75efc7c487979e6a4339408073	common_voice_mvy_42550609.mp3	09b9ac9af90a94b0b554c8fb16403f94c16aa1d67c50cbd8f7ab90fcaf9e0f45	مُھو سُگائی ہوتُھو۔		0	0	thirties				mvy	
c334fa60a0cbb65df0d0a6431ecd607c1740b45e0f057ed72e42c813af5dedacee11819963b0f000d24cf3ad868292f8c817ba75efc7c487979e6a4339408073	common_voice_mvy_42550610.mp3	ee341b7b64221ce352703df0531c741a78cdcb67574ed67917619260346135d6	کیں نبیؑ ایں زندگی مہ ایمانَیں حالتی مہ تَس پشیل ہو		1	0	thirties				mvy	
c334fa60a0cbb65df0d0a6431ecd607c1740b45e0f057ed72e42c813af5dedacee11819963b0f000d24cf3ad868292f8c817ba75efc7c487979e6a4339408073	common_voice_mvy_42550611.mp3	04ae127cde79721f216421a3a60eaaab715ccd7aeb8a0fd1477ee1aacab6cf2c	کن٘ڑہۡ تے نسور گتہ تُوہہۡ تت ہو ہاں تھہ۔		0	0	thirties				mvy	
c334fa60a0cbb65df0d0a6431ecd607c1740b45e0f057ed72e42c813af5dedacee11819963b0f000d24cf3ad868292f8c817ba75efc7c487979e6a4339408073	common_voice_mvy_42550612.mp3	ed8baa5aa072d5ecc0a4548ffb151897f32fea8489de391b7b7d6b6bb013debc	انشاءاللہ ݜِݜَیں دڑ دُور ہوتھی۔		1	0	thirties				mvy	
18e5be1fdb8add9f19c7d9cd8e84dff19ea202bdfbb7dca29496c4effbf031504d09d573a3cb803f8100140b10668d97e3d9fab4127a36663b8aae6d4d783ec9	common_voice_mvy_42551666.mp3	027ac893f9dcf1e429112105a0148e3b157bb62c02da9d451abe48120746bd69	اسی مہ رسولِ پاک علیہ سلامَیں مارَیں سازش ہُم ٹل آن٘سیۡ۔		1	0	thirties				mvy	
18e5be1fdb8add9f19c7d9cd8e84dff19ea202bdfbb7dca29496c4effbf031504d09d573a3cb803f8100140b10668d97e3d9fab4127a36663b8aae6d4d783ec9	common_voice_mvy_42551669.mp3	03167d6f8cd49ca390a1990b3dbbff5a5cfdfb9c1628b41c1df1027af62f3a14	اُو ماݜ نشہ کیریۡ تُھو		1	0	thirties				mvy	
18e5be1fdb8add9f19c7d9cd8e84dff19ea202bdfbb7dca29496c4effbf031504d09d573a3cb803f8100140b10668d97e3d9fab4127a36663b8aae6d4d783ec9	common_voice_mvy_42551670.mp3	fa711b766cf1fe80f07099490ae60a4c75d81543012c14950a21218a259c5b5c	چےۡ کہ نبی ﷺ اے ہُم ہِجرت کیریۡ کھیں تے لہ بال ہتہۡ نہ نِکا تھی۔		1	0	thirties				mvy	
18e5be1fdb8add9f19c7d9cd8e84dff19ea202bdfbb7dca29496c4effbf031504d09d573a3cb803f8100140b10668d97e3d9fab4127a36663b8aae6d4d783ec9	common_voice_mvy_42551684.mp3	03f766805910fa91575d4569d2200d21fd089b29f5ce1eecb8048874c004b112	لېکن ہر بال مِٹھیۡ ہو تھی۔		1	0	thirties				mvy	
18e5be1fdb8add9f19c7d9cd8e84dff19ea202bdfbb7dca29496c4effbf031504d09d573a3cb803f8100140b10668d97e3d9fab4127a36663b8aae6d4d783ec9	common_voice_mvy_42551686.mp3	fd8735179c5fd4b35e5e38c45421cb9861ac010bf5608d40132709f3e66c07ff	عمرہ کرَیں نہ پتَیں تاں مرگلئیؤں مِلیۡ پاتُو ایلوۡ۔		0	1	thirties				mvy	
18e5be1fdb8add9f19c7d9cd8e84dff19ea202bdfbb7dca29496c4effbf031504d09d573a3cb803f8100140b10668d97e3d9fab4127a36663b8aae6d4d783ec9	common_voice_mvy_42551687.mp3	bbc3dfe286f5bda3dc21a8f38617b7415436d39c901f6d5b42ea1aa2675ad064	تاء، تگُو، انسان، حیوان		1	0	thirties				mvy	
18e5be1fdb8add9f19c7d9cd8e84dff19ea202bdfbb7dca29496c4effbf031504d09d573a3cb803f8100140b10668d97e3d9fab4127a36663b8aae6d4d783ec9	common_voice_mvy_42551689.mp3	050307bf5951d667dc93455532a2ee3e0bc571b3166789a1249265b67bfcea6d	نبوّتِیاں اِگالشؤں کال، مدینہ منورہ مژ		1	0	thirties				mvy	
18e5be1fdb8add9f19c7d9cd8e84dff19ea202bdfbb7dca29496c4effbf031504d09d573a3cb803f8100140b10668d97e3d9fab4127a36663b8aae6d4d783ec9	common_voice_mvy_42551691.mp3	fd1bb28270fd16134493feb675faa5aa809400b9e7a5f1b31200234d293eb03a	آں تے سیں ݜژی گلے بلی ایل؛		1	0	thirties				mvy	
18e5be1fdb8add9f19c7d9cd8e84dff19ea202bdfbb7dca29496c4effbf031504d09d573a3cb803f8100140b10668d97e3d9fab4127a36663b8aae6d4d783ec9	common_voice_mvy_42551692.mp3	fa8f1e65c4f413a47c5f4e6ec75c3c46c0913cdfad441ecb5e4332631e436765	آں فورًا قریبی ڈاگدرے/ ہسپتالے ڇېلیائ۔		1	0	thirties				mvy	
18e5be1fdb8add9f19c7d9cd8e84dff19ea202bdfbb7dca29496c4effbf031504d09d573a3cb803f8100140b10668d97e3d9fab4127a36663b8aae6d4d783ec9	common_voice_mvy_42551693.mp3	f23bf38e26dc1d66a912f5ba4cd753146604ea7f8e4e57f9b0012a4fb5e1161c	پیاز چو باریک کٹ کرے		1	0	thirties				mvy	
18e5be1fdb8add9f19c7d9cd8e84dff19ea202bdfbb7dca29496c4effbf031504d09d573a3cb803f8100140b10668d97e3d9fab4127a36663b8aae6d4d783ec9	common_voice_mvy_42551694.mp3	f579322733b10dde62b764daea85eb3c6ba8985f758b4a5135b3f88fac705eaf	کس ماݜَیں اَیں نہ گھؤں دے کھیں تسے پکار تھی		0	1	thirties				mvy	
18e5be1fdb8add9f19c7d9cd8e84dff19ea202bdfbb7dca29496c4effbf031504d09d573a3cb803f8100140b10668d97e3d9fab4127a36663b8aae6d4d783ec9	common_voice_mvy_42551695.mp3	f14a7e89cb9d3e9eb198ece7cd5ac9227fb24e57f78db3697b7dbcddbd708b45	بال الاؤ ہون٘دیۡ ولے گی خېر نِی ایلیۡ۔		1	0	thirties				mvy	
18e5be1fdb8add9f19c7d9cd8e84dff19ea202bdfbb7dca29496c4effbf031504d09d573a3cb803f8100140b10668d97e3d9fab4127a36663b8aae6d4d783ec9	common_voice_mvy_42551696.mp3	d459913505eb22c00e9dfc3b99adc1700cf5aad227f5a81a4ac6b0375a2ea877	طائفَیں عِلاقہ 'بنوسعد' مہ حلیمہ سعدیہ گے رچَھیں یاں کِریا ڇِہےلس؛		1	1	thirties				mvy	
18e5be1fdb8add9f19c7d9cd8e84dff19ea202bdfbb7dca29496c4effbf031504d09d573a3cb803f8100140b10668d97e3d9fab4127a36663b8aae6d4d783ec9	common_voice_mvy_42551698.mp3	0a15f9fb21f4d15549e8ea2c0879e9fd0dcd4172ab40fdd09a772fb03644bbd8	گازریۡ چئ طاقت ور سبزی تھی۔		1	0	thirties				mvy	
c334fa60a0cbb65df0d0a6431ecd607c1740b45e0f057ed72e42c813af5dedacee11819963b0f000d24cf3ad868292f8c817ba75efc7c487979e6a4339408073	common_voice_mvy_42552846.mp3	f70910cac4faddb91ebef09a012a33eae6676376b8d3f6db4bc146fe662d1a81	مہ زن٘گلہ اور نی تِلامَیں تُھو		0	0	thirties				mvy	
c334fa60a0cbb65df0d0a6431ecd607c1740b45e0f057ed72e42c813af5dedacee11819963b0f000d24cf3ad868292f8c817ba75efc7c487979e6a4339408073	common_voice_mvy_42552849.mp3	fe5db77576aaa6e937a371805abc7ec8d45d3c7f16c11c13986c91320036872d	کرئ یاں تگُو زکہ گلے اگار لا تل چھا		0	0	thirties				mvy	
c334fa60a0cbb65df0d0a6431ecd607c1740b45e0f057ed72e42c813af5dedacee11819963b0f000d24cf3ad868292f8c817ba75efc7c487979e6a4339408073	common_voice_mvy_42552851.mp3	0a2ce4ea14b38e64acaee491da5185fbb69d89bbd4116e7452133619d8cef203	آں تسیں اَیں بند کرہ گلے دیس سُوریۡ لا ہِلاک چھا۔		1	0	thirties				mvy	
c334fa60a0cbb65df0d0a6431ecd607c1740b45e0f057ed72e42c813af5dedacee11819963b0f000d24cf3ad868292f8c817ba75efc7c487979e6a4339408073	common_voice_mvy_42552853.mp3	e8d8bdaf85080b23f69ebc827ff48d99262bc51167f444c3a17439d899c57714	ولے لازمی نی ہُوئ تھی۔		0	0	thirties				mvy	
c334fa60a0cbb65df0d0a6431ecd607c1740b45e0f057ed72e42c813af5dedacee11819963b0f000d24cf3ad868292f8c817ba75efc7c487979e6a4339408073	common_voice_mvy_42552855.mp3	d1c542e978761df94c6feb2621be5a2b3d1728551cde0d4f58fc4dd29ec9463d	مالَیں کَھن٘گیۡیاں کریا اُببل ہِن علاج		0	0	thirties				mvy	
c334fa60a0cbb65df0d0a6431ecd607c1740b45e0f057ed72e42c813af5dedacee11819963b0f000d24cf3ad868292f8c817ba75efc7c487979e6a4339408073	common_voice_mvy_42552861.mp3	fe83c06e17a0bc8798a18d4891718728c53ba39de413a2ff29d6683fc898034d	آں ݜتُک من٘ڑنَیں وَلہ ہِن اُپار(طریقہ لا کاروبار)کیریۡ		1	0	thirties				mvy	
c334fa60a0cbb65df0d0a6431ecd607c1740b45e0f057ed72e42c813af5dedacee11819963b0f000d24cf3ad868292f8c817ba75efc7c487979e6a4339408073	common_voice_mvy_42552863.mp3	0adc9093026f342e3ad085c6ceaf3d0c9260c6cb0c8d55b6b3e69c4081e8e961	گتہ اس رالیان٘ک دیس ہِسار کرہ گل!“۔		0	0	thirties				mvy	
c334fa60a0cbb65df0d0a6431ecd607c1740b45e0f057ed72e42c813af5dedacee11819963b0f000d24cf3ad868292f8c817ba75efc7c487979e6a4339408073	common_voice_mvy_42552865.mp3	039c9c8203af21fb567958a1686b698e3d1e2b79ad00e2da166e01060271b73e	آں مہ اُن٘دہ ای بلیُوں ݜژی تُھو		0	0	thirties				mvy	
c334fa60a0cbb65df0d0a6431ecd607c1740b45e0f057ed72e42c813af5dedacee11819963b0f000d24cf3ad868292f8c817ba75efc7c487979e6a4339408073	common_voice_mvy_42552867.mp3	ec0ed282af00ecda6f56c3779fd204b6b5a4a8b4dd120797992cbe0827d1c8b6	حضرت علی، حضرت زید بن حارثے ہُم ایمان آئ؛		0	0	thirties				mvy	
c334fa60a0cbb65df0d0a6431ecd607c1740b45e0f057ed72e42c813af5dedacee11819963b0f000d24cf3ad868292f8c817ba75efc7c487979e6a4339408073	common_voice_mvy_42552871.mp3	0d436368cb9e434f283e61661e9f3b667b918bc6c6e24e31d11697b80a0eeed6	کوستَیں اکثر علاقی ݜے تھی چے تلہ اِسکُلہ نی تھو		0	0	thirties				mvy	
c334fa60a0cbb65df0d0a6431ecd607c1740b45e0f057ed72e42c813af5dedacee11819963b0f000d24cf3ad868292f8c817ba75efc7c487979e6a4339408073	common_voice_mvy_42552881.mp3	0c722964bdfcd57bc5aea1358c2497b16abbbefe9c85fa108766162f6cf98719	”تے مِیں لہ امِلا کن٘گوۡ نی دی چھی“		0	0	thirties				mvy	
c334fa60a0cbb65df0d0a6431ecd607c1740b45e0f057ed72e42c813af5dedacee11819963b0f000d24cf3ad868292f8c817ba75efc7c487979e6a4339408073	common_voice_mvy_42552882.mp3	05db6091b3158175d19c07656be53539f5e0d0809e0ae9cd1d54e213e7ed58a4	گُردہ آں مُوڙُوٹیں گِٹی ٹُکڑی ٹُکڑی ہُو نِکاتھی۔		0	0	thirties				mvy	
c334fa60a0cbb65df0d0a6431ecd607c1740b45e0f057ed72e42c813af5dedacee11819963b0f000d24cf3ad868292f8c817ba75efc7c487979e6a4339408073	common_voice_mvy_42552883.mp3	d2dfe8ddeb3b0c9a61b913c98e871632b4b9d2dc925448b3d77f26d96cfdb3f9	وے اَین٘یاں کریا ݜُو مٹی کھڑے بیسیۡ		1	0	thirties				mvy	
c334fa60a0cbb65df0d0a6431ecd607c1740b45e0f057ed72e42c813af5dedacee11819963b0f000d24cf3ad868292f8c817ba75efc7c487979e6a4339408073	common_voice_mvy_42552884.mp3	041595a1ed9778ad8c0e39a8ebce6473c135752c2afd3e743c6a1b6586b47c14	ݜُو وجہۡ نہ اَس ݜس ڈل مہ گلہ چھی۔		0	0	thirties				mvy	
c334fa60a0cbb65df0d0a6431ecd607c1740b45e0f057ed72e42c813af5dedacee11819963b0f000d24cf3ad868292f8c817ba75efc7c487979e6a4339408073	common_voice_mvy_42552885.mp3	e275d7dfe967336abdc4f921fc4576b399856926b80da4516aea9aaae06f0de5	آں اسیں پھت کران٘لاں کِریا عذاب نی دیوژا تُھو،		1	0	thirties				mvy	
c334fa60a0cbb65df0d0a6431ecd607c1740b45e0f057ed72e42c813af5dedacee11819963b0f000d24cf3ad868292f8c817ba75efc7c487979e6a4339408073	common_voice_mvy_42552906.mp3	0d035a2bb3b047b7c277fe9633fd870e205132acddbee5230f4c13b0a725381b	چے بِڅاں تعلیماں نظام چُو پُرؤں آں طريقه اېک قسمہ کَیں کِیژیلیۡ تھی۔		1	0	thirties				mvy	
c334fa60a0cbb65df0d0a6431ecd607c1740b45e0f057ed72e42c813af5dedacee11819963b0f000d24cf3ad868292f8c817ba75efc7c487979e6a4339408073	common_voice_mvy_42552907.mp3	f87fd5f0240b455a261acbe691b55068c14dab1446b9152f35255661cc6341c7	اماں ہی ہِن تسے خاص کرہ۔		0	0	thirties				mvy	
c334fa60a0cbb65df0d0a6431ecd607c1740b45e0f057ed72e42c813af5dedacee11819963b0f000d24cf3ad868292f8c817ba75efc7c487979e6a4339408073	common_voice_mvy_42552908.mp3	07a6ff611c4e8acb0f3f183df880c53fd0a9fc10219bdd906787e1870feced01	چے منہ مٹی سم پریشان ہو تھی		0	0	thirties				mvy	
c334fa60a0cbb65df0d0a6431ecd607c1740b45e0f057ed72e42c813af5dedacee11819963b0f000d24cf3ad868292f8c817ba75efc7c487979e6a4339408073	common_voice_mvy_42552909.mp3	0dfb2d860577886a9bff24c2aa3c5610d322e2b54c223d065a6bb0a42be0d548	مِیں ہلالِیں دُنئ بدلاگِیلیۡ،		0	0	thirties				mvy	
c334fa60a0cbb65df0d0a6431ecd607c1740b45e0f057ed72e42c813af5dedacee11819963b0f000d24cf3ad868292f8c817ba75efc7c487979e6a4339408073	common_voice_mvy_42552925.mp3	0b4040e7cd996854793ef9e8e6641e483ddabce35ff6c4abb8a1cbbf783be69e	انساناں جِسِم چو زات تپُژ تُھو		1	0	thirties				mvy	
c334fa60a0cbb65df0d0a6431ecd607c1740b45e0f057ed72e42c813af5dedacee11819963b0f000d24cf3ad868292f8c817ba75efc7c487979e6a4339408073	common_voice_mvy_42552926.mp3	012c5c8d9bc59dc8f163fcf0ca9908d31f5ea9fd3e819ce6708ebcc7204b29cb	آں ادم چے کؤں تھُو سو		1	0	thirties				mvy	
c334fa60a0cbb65df0d0a6431ecd607c1740b45e0f057ed72e42c813af5dedacee11819963b0f000d24cf3ad868292f8c817ba75efc7c487979e6a4339408073	common_voice_mvy_42552927.mp3	0e2bd10d01c9d64a48b93674f1f93ec8763621e5a57f8ea12f1ed5aee5dc23f2	خو کلہۡ کلہۡ سم نیت دھاؤ کھیں		1	0	thirties				mvy	
c334fa60a0cbb65df0d0a6431ecd607c1740b45e0f057ed72e42c813af5dedacee11819963b0f000d24cf3ad868292f8c817ba75efc7c487979e6a4339408073	common_voice_mvy_42552928.mp3	f241d9f31cbe1f9e1343e4a0a6b7aa897ab1e4212e7f5914b97c536ff486bd29	گِنہۡ چے اُو ایک زہر ہُوئ تُھو۔		0	0	thirties				mvy	
c334fa60a0cbb65df0d0a6431ecd607c1740b45e0f057ed72e42c813af5dedacee11819963b0f000d24cf3ad868292f8c817ba75efc7c487979e6a4339408073	common_voice_mvy_42552929.mp3	a2b817bedf5ae5f30633cddd9271614363a05150a2514891548bdc1901fc3a1a	صُلح حدیبییاں موقع لا عرب قومہ واں کِریا ݜُو واک دیُوژیسیۡ		0	0	thirties				mvy	
c334fa60a0cbb65df0d0a6431ecd607c1740b45e0f057ed72e42c813af5dedacee11819963b0f000d24cf3ad868292f8c817ba75efc7c487979e6a4339408073	common_voice_mvy_42552935.mp3	fbce1d8ed7dc0e889b3523f67b197b91b448ea1a43b4c710f71cbb3932bc7cde	ولے میں بانیۡ اُصول فِقہ اکثر طالبہ واں دَن ہُم گِران ہُوئ تُھو		0	0	thirties				mvy	
c334fa60a0cbb65df0d0a6431ecd607c1740b45e0f057ed72e42c813af5dedacee11819963b0f000d24cf3ad868292f8c817ba75efc7c487979e6a4339408073	common_voice_mvy_42552936.mp3	dea1b10ab38518a033a9b89949cd23cb0c4019024538c14ce0f67a0b51ab48d6	یا مسلکیاں قانون لا عمل کراں تھہ		0	0	thirties				mvy	
c334fa60a0cbb65df0d0a6431ecd607c1740b45e0f057ed72e42c813af5dedacee11819963b0f000d24cf3ad868292f8c817ba75efc7c487979e6a4339408073	common_voice_mvy_42552937.mp3	d580d90cf61c051d10ecb6304abbf1e9b929906f6ef5241a9f0062c204c3f425	ݜُو شاناں کہ ڇھاری ماحول تت ہُوگا		1	0	thirties				mvy	
c334fa60a0cbb65df0d0a6431ecd607c1740b45e0f057ed72e42c813af5dedacee11819963b0f000d24cf3ad868292f8c817ba75efc7c487979e6a4339408073	common_voice_mvy_42552938.mp3	e5fc1d2f1c721c5f1d8d44e774d9265c38a413beb448aafb81b02802a08cedee	آں سُوریۡ ہُم تَیں زئ وَیں روان تھی،		0	0	thirties				mvy	
c334fa60a0cbb65df0d0a6431ecd607c1740b45e0f057ed72e42c813af5dedacee11819963b0f000d24cf3ad868292f8c817ba75efc7c487979e6a4339408073	common_voice_mvy_42552939.mp3	e5486df9cc4257e97f6a283347bae55bc854f1b0e0803e91765629ed96ca8615	آں چُک چِٹھ کھَیں ملی نھالہ کھیں اُو دژَیں شروع ہوتُھو۔		1	0	thirties				mvy	
c334fa60a0cbb65df0d0a6431ecd607c1740b45e0f057ed72e42c813af5dedacee11819963b0f000d24cf3ad868292f8c817ba75efc7c487979e6a4339408073	common_voice_mvy_42552940.mp3	fce0c6299f752d3bc22d21231cbd8271dabf206f49afc90b8c3a244ab73b97eb	(اِواں کِریا) ہیُو ڙِھکان٘لی آن٘ڇھیُوں والا سُگائیہ ہو تھی۔		0	0	thirties				mvy	
c334fa60a0cbb65df0d0a6431ecd607c1740b45e0f057ed72e42c813af5dedacee11819963b0f000d24cf3ad868292f8c817ba75efc7c487979e6a4339408073	common_voice_mvy_42552941.mp3	ea58317672bce053f464155717a54309dc1321f562629066ffbd1e5e6d008fd0	ساریۡ رال آن٘ڇھیۡ پلیؤں نَیں،		1	0	thirties				mvy	
c334fa60a0cbb65df0d0a6431ecd607c1740b45e0f057ed72e42c813af5dedacee11819963b0f000d24cf3ad868292f8c817ba75efc7c487979e6a4339408073	common_voice_mvy_42552942.mp3	0d45c4021c5b7526a3fa9de5dbea3af58fcbc25d2dc0ef0fef95f03aa2192904	سو لہ مِیں مَرگَلئ بابر آن٘س،		0	0	thirties				mvy	
c334fa60a0cbb65df0d0a6431ecd607c1740b45e0f057ed72e42c813af5dedacee11819963b0f000d24cf3ad868292f8c817ba75efc7c487979e6a4339408073	common_voice_mvy_42552943.mp3	ebf01eea2cf640de3c71497974b0d777aa410853a4ac71439743e7f2bf91e721	پیاز زکے کھالُوں چو فائدہ ہوتُھو۔		0	0	thirties				mvy	
c334fa60a0cbb65df0d0a6431ecd607c1740b45e0f057ed72e42c813af5dedacee11819963b0f000d24cf3ad868292f8c817ba75efc7c487979e6a4339408073	common_voice_mvy_42552946.mp3	002e8e44c3063e8579a3c12c2873ed948ad2d64d34671d5ac8da739de2a94758	چے سیواں دن اِسلام سم نی بانیۡ تھُو؛		0	0	thirties				mvy	
c334fa60a0cbb65df0d0a6431ecd607c1740b45e0f057ed72e42c813af5dedacee11819963b0f000d24cf3ad868292f8c817ba75efc7c487979e6a4339408073	common_voice_mvy_42552947.mp3	f5e3a9abbe651fa028d7cdf3b8191ba25721c3673de7ae2025e5781fedd4cbbe	آں اِک مُت دِش بانیۡ۔		0	0	thirties				mvy	
c334fa60a0cbb65df0d0a6431ecd607c1740b45e0f057ed72e42c813af5dedacee11819963b0f000d24cf3ad868292f8c817ba75efc7c487979e6a4339408073	common_voice_mvy_42552948.mp3	01427937a94850a8cb0976cfdb07c87962ff711d4f331c8fbf42628575ff1510	کہ لیونَیں ماݜے گی مُول گھِنؤں کیر کھیں۔		0	0	thirties				mvy	
c334fa60a0cbb65df0d0a6431ecd607c1740b45e0f057ed72e42c813af5dedacee11819963b0f000d24cf3ad868292f8c817ba75efc7c487979e6a4339408073	common_voice_mvy_42552954.mp3	e1da53b982df5016fa670660bd92673055bf4ccb80f85001740b8434d66dce55	یا تُس اماں اسمان والا (اللہ پاک) نہ مُچېل کالاں تھہ		0	0	thirties				mvy	
c334fa60a0cbb65df0d0a6431ecd607c1740b45e0f057ed72e42c813af5dedacee11819963b0f000d24cf3ad868292f8c817ba75efc7c487979e6a4339408073	common_voice_mvy_42552955.mp3	f63bb8243bbe7e9bd599fac3ce73199b943647931002f18e020c154a6193df52	پھت کرٶں اڅھَک (گناہ) ہُوئ تھُو۔		1	0	thirties				mvy	
c334fa60a0cbb65df0d0a6431ecd607c1740b45e0f057ed72e42c813af5dedacee11819963b0f000d24cf3ad868292f8c817ba75efc7c487979e6a4339408073	common_voice_mvy_42552971.mp3	0f984f7ff0a9104b90de008d8c53140dc21359221c38f1a8265d813c88be00af	(او ڇِہېلوۡ) اِوَیں بلیُوں لا تاں ہیُو خپا نېرہ!		0	0	thirties				mvy	
c334fa60a0cbb65df0d0a6431ecd607c1740b45e0f057ed72e42c813af5dedacee11819963b0f000d24cf3ad868292f8c817ba75efc7c487979e6a4339408073	common_voice_mvy_42552977.mp3	eff6353d7365ebc55d77e192661b865de3eba3b466da6ba34f21c1ea00a9f0df	بس کھٹَیں ݜُو چے اک گتہ گی نی دھری تُھو۔		0	0	thirties				mvy	
c334fa60a0cbb65df0d0a6431ecd607c1740b45e0f057ed72e42c813af5dedacee11819963b0f000d24cf3ad868292f8c817ba75efc7c487979e6a4339408073	common_voice_mvy_42552978.mp3	01e215ee0b38c9e04bf54c38295a11bb936f5379d90b187c5e63c5ea85786774	تیں کرم خدمت نېرُوں مرگے تادی		0	0	thirties				mvy	
c334fa60a0cbb65df0d0a6431ecd607c1740b45e0f057ed72e42c813af5dedacee11819963b0f000d24cf3ad868292f8c817ba75efc7c487979e6a4339408073	common_voice_mvy_42552979.mp3	e661d1693a838e7f05493a0a14e223afea11eeab46c2cfa132979817cbb0fdd4	شلاں ایک تے دُوچند قیمتی لا مِلاں تھہ		0	0	thirties				mvy	
c334fa60a0cbb65df0d0a6431ecd607c1740b45e0f057ed72e42c813af5dedacee11819963b0f000d24cf3ad868292f8c817ba75efc7c487979e6a4339408073	common_voice_mvy_42552986.mp3	f8dee2ee89fc58e737205b6017daa11d833dd97fac7bce28334569895ed7cbe7	چے ݜس مُون٘ڈ لا اماں نہ نقصان الدیوں سامٹھَیں تُھو		0	0	thirties				mvy	
c334fa60a0cbb65df0d0a6431ecd607c1740b45e0f057ed72e42c813af5dedacee11819963b0f000d24cf3ad868292f8c817ba75efc7c487979e6a4339408073	common_voice_mvy_42552995.mp3	04409414f7e12a5a3d268d885f02a1cafd22698d99f868c9196fce0cbc8f0a15	کسیں عُمُر بے چئیرؤں کھیں تسیں پیداوخ بے اُلٹہ کرِگ تھہ		1	0	thirties				mvy	
c334fa60a0cbb65df0d0a6431ecd607c1740b45e0f057ed72e42c813af5dedacee11819963b0f000d24cf3ad868292f8c817ba75efc7c487979e6a4339408073	common_voice_mvy_42553002.mp3	08fe26c609b072f098a0cc66c29871246aea0635911cd4836b915e8152c34bcc	می لا تَیں پرېشانی آن٘سیۡ		1	0	thirties				mvy	
c334fa60a0cbb65df0d0a6431ecd607c1740b45e0f057ed72e42c813af5dedacee11819963b0f000d24cf3ad868292f8c817ba75efc7c487979e6a4339408073	common_voice_mvy_42553003.mp3	05e701d25ce72f7872e79d094fe3968d45d39d8b9e81cd775bc8a5792efa0414	ݜِݜہ لا آں کُھرؤں لا بلژیلیۡ ٹپیۡ گلی آں بار بار بدلاں بئ۔		1	0	thirties				mvy	
c334fa60a0cbb65df0d0a6431ecd607c1740b45e0f057ed72e42c813af5dedacee11819963b0f000d24cf3ad868292f8c817ba75efc7c487979e6a4339408073	common_voice_mvy_42553004.mp3	ff66af966eb41896bafde4f6ac8012b01927e0893b99aaedb75f2708a9439ae5	سو دېس، زُمُک یی تے کھن٘ڑہۡ جھڑقُژا تھہ		0	0	thirties				mvy	
c334fa60a0cbb65df0d0a6431ecd607c1740b45e0f057ed72e42c813af5dedacee11819963b0f000d24cf3ad868292f8c817ba75efc7c487979e6a4339408073	common_voice_mvy_42553010.mp3	f99fd7d1b1a308a2bf4accd24647caa7d612d28d5127841ec0fab4972a925607	ݜُو اڅھکیۡ خبر بئ پیالے ڇیلِلیۡ کھیں		0	0	thirties				mvy	
c334fa60a0cbb65df0d0a6431ecd607c1740b45e0f057ed72e42c813af5dedacee11819963b0f000d24cf3ad868292f8c817ba75efc7c487979e6a4339408073	common_voice_mvy_42553022.mp3	064b50cac7f2dbdadc1f1679e94b5bb8388414dbc80df32a41e8e83098383ad7	اؤلادَیں تربیتی مہ والدین واں کریا		0	0	thirties				mvy	
c334fa60a0cbb65df0d0a6431ecd607c1740b45e0f057ed72e42c813af5dedacee11819963b0f000d24cf3ad868292f8c817ba75efc7c487979e6a4339408073	common_voice_mvy_42553033.mp3	04fc0aa01e271bc9c967b2bd877282b68341ff7cae834021d6af060376f1333f	پُوروۡ کال مختلف موسمہ کوستَیں علاقوں مژ بسیرا کراں تھہ۔		0	0	thirties				mvy	
c334fa60a0cbb65df0d0a6431ecd607c1740b45e0f057ed72e42c813af5dedacee11819963b0f000d24cf3ad868292f8c817ba75efc7c487979e6a4339408073	common_voice_mvy_42556709.mp3	91135cf3213de0d28c1524a780f5c3b2f0f04a169ada84a74cfc2d9601c8dc28	سو مٹی زاں وَیں سُگاؤ کان٘ڑ دی بھېٹیۡ تھی۔		0	0	thirties				mvy	
c334fa60a0cbb65df0d0a6431ecd607c1740b45e0f057ed72e42c813af5dedacee11819963b0f000d24cf3ad868292f8c817ba75efc7c487979e6a4339408073	common_voice_mvy_42556710.mp3	d485175eaa7130b6bd4e03ef6c21555af05e5465f4d8ce1da55bcc13b59f2612	لاقَت یا اہلیت پُوریۡ ہُوئ تھی،		0	0	thirties				mvy	
c334fa60a0cbb65df0d0a6431ecd607c1740b45e0f057ed72e42c813af5dedacee11819963b0f000d24cf3ad868292f8c817ba75efc7c487979e6a4339408073	common_voice_mvy_42556711.mp3	0b6cbe4a9c0a5a90f95ce396b5ae97a11352f875a1eb06b30e4e4b839c97c502	ملیۡ ملیۡ تَیں ژِبَیں ہُم چئ گھَیں خِدمت تھی ادا کرہ چھی۔		0	0	thirties				mvy	
c334fa60a0cbb65df0d0a6431ecd607c1740b45e0f057ed72e42c813af5dedacee11819963b0f000d24cf3ad868292f8c817ba75efc7c487979e6a4339408073	common_voice_mvy_42556712.mp3	e72b04e3e33562d844ae51c8178e16095bfda741eb24f11e9f3774eb48e191fb	ڇا جُمعی (ہفتی) سِواں چارچاپېر گھېرہ رِنگائ۔		1	0	thirties				mvy	
c334fa60a0cbb65df0d0a6431ecd607c1740b45e0f057ed72e42c813af5dedacee11819963b0f000d24cf3ad868292f8c817ba75efc7c487979e6a4339408073	common_voice_mvy_42556713.mp3	06480b954fae8820105cd6dc0c505a1b85caa06d466c01d50e388cdeceef70f4	وار ژریۡ یاں عِلاجے ای یان٘س۔		0	0	thirties				mvy	
c334fa60a0cbb65df0d0a6431ecd607c1740b45e0f057ed72e42c813af5dedacee11819963b0f000d24cf3ad868292f8c817ba75efc7c487979e6a4339408073	common_voice_mvy_42556714.mp3	0feb224247a9769641fe50f34208c75488c35a4d390442cb0f335aec4c2a961b	بِتُس گتہ مل ہاں تھہ گی نَیں۔		1	0	thirties				mvy	
c334fa60a0cbb65df0d0a6431ecd607c1740b45e0f057ed72e42c813af5dedacee11819963b0f000d24cf3ad868292f8c817ba75efc7c487979e6a4339408073	common_voice_mvy_42556715.mp3	0d9d1b7acc59bd85364b8cee6918431542036cd8e25f5ebe0c80f7070d68bc70	بلکے اِواں مژھولہ مہ آن٘س۔		0	0	thirties				mvy	
c334fa60a0cbb65df0d0a6431ecd607c1740b45e0f057ed72e42c813af5dedacee11819963b0f000d24cf3ad868292f8c817ba75efc7c487979e6a4339408073	common_voice_mvy_42556716.mp3	0b4c6ca0d72c406fc9bdad860c61e5b40478bee2f3f73d8fab08869564102c3b	آنڇھی بند کریں لا رال نی ہوئی تھی۔		0	0	thirties				mvy	
c334fa60a0cbb65df0d0a6431ecd607c1740b45e0f057ed72e42c813af5dedacee11819963b0f000d24cf3ad868292f8c817ba75efc7c487979e6a4339408073	common_voice_mvy_42556717.mp3	fcdb1cc3f1bc321556f346a5988f4efe330ba0aa4fedb07c3d63696d0adcc162	(اِواں کِریا) اِواں ہیُو ہو، (سېں) چؤن٘ٹو واں ماس دیوژا تُھو۔		0	0	thirties				mvy	
c334fa60a0cbb65df0d0a6431ecd607c1740b45e0f057ed72e42c813af5dedacee11819963b0f000d24cf3ad868292f8c817ba75efc7c487979e6a4339408073	common_voice_mvy_42556718.mp3	fe4551ceb8ea21845e1971e29f6a67f1084d48b4f3ec3d6d36971a32a61c0e89	ݜُو مے بَر لیل ہُوئ تھی،		0	0	thirties				mvy	
c334fa60a0cbb65df0d0a6431ecd607c1740b45e0f057ed72e42c813af5dedacee11819963b0f000d24cf3ad868292f8c817ba75efc7c487979e6a4339408073	common_voice_mvy_42556762.mp3	f4613520a9b1b4915463eaf7b7fddfb61feb9de5aa0f1a075b40b2970e580f70	ݜَس وجہۡ ہِن اکثر قُدرتی آفاتواں زد مہ ای تُھو۔		0	0	thirties				mvy	
c334fa60a0cbb65df0d0a6431ecd607c1740b45e0f057ed72e42c813af5dedacee11819963b0f000d24cf3ad868292f8c817ba75efc7c487979e6a4339408073	common_voice_mvy_42556763.mp3	097a65c03f87648ca9b155fdec111b73a99f703222d926812f2e1bdf43cd1a7b	الَیں علاوہ اَس جُوس چینی مہ مِلا گلے		0	0	thirties				mvy	
c334fa60a0cbb65df0d0a6431ecd607c1740b45e0f057ed72e42c813af5dedacee11819963b0f000d24cf3ad868292f8c817ba75efc7c487979e6a4339408073	common_voice_mvy_42556764.mp3	0119327dc2986467569b52b90d986016dd39e8560e25bc7ee138766b524f9a58	قلم امناں پیغام تُھو آں آزادیں وجہۡ،		1	0	thirties				mvy	
c334fa60a0cbb65df0d0a6431ecd607c1740b45e0f057ed72e42c813af5dedacee11819963b0f000d24cf3ad868292f8c817ba75efc7c487979e6a4339408073	common_voice_mvy_42556765.mp3	f47e14790b59d02999509b9df01e0e11a5b4046894589202f2eef5eebc729b66	آں زاں مھال دالہ گتہ (اُتھیا تھی)؟		0	0	thirties				mvy	
c334fa60a0cbb65df0d0a6431ecd607c1740b45e0f057ed72e42c813af5dedacee11819963b0f000d24cf3ad868292f8c817ba75efc7c487979e6a4339408073	common_voice_mvy_42556766.mp3	0a3f7fd49097f3ba6d6325bde6586094c21189c79b311882aa6111da2174441a	اللہ پاکے نبی علیہ السلام لا مُت اِنعامہ ہُم کیریۡ؛		0	0	thirties				mvy	
c334fa60a0cbb65df0d0a6431ecd607c1740b45e0f057ed72e42c813af5dedacee11819963b0f000d24cf3ad868292f8c817ba75efc7c487979e6a4339408073	common_voice_mvy_42556779.mp3	ec11b1d388bc0c0b6d889d2d0df8dc8e7f4d5b40807b27aa59e52ebef4daa7cc	وو پُڇُو اللہ پاک پُوریۡ دُنئی یاں خالق تُھو آں سو ایک کیالو باچھا تھو		0	0	thirties				mvy	
c334fa60a0cbb65df0d0a6431ecd607c1740b45e0f057ed72e42c813af5dedacee11819963b0f000d24cf3ad868292f8c817ba75efc7c487979e6a4339408073	common_voice_mvy_42556780.mp3	098c1891edddf9e0f0d806004315ec2416746c7be14715b92504853d5ec4f946	ایک بوتل شڑشماں تیل آں دو آن٘ڑہ آئ۔		0	0	thirties				mvy	
c334fa60a0cbb65df0d0a6431ecd607c1740b45e0f057ed72e42c813af5dedacee11819963b0f000d24cf3ad868292f8c817ba75efc7c487979e6a4339408073	common_voice_mvy_42556781.mp3	fdfd5210217b5a369957a38e554d816d6c21e4f28d2cb15d73115fcea09f8534	نرخہ نہ بیل مُول گِھنَیں یا مِثال ہُوگا		0	0	thirties				mvy	
c334fa60a0cbb65df0d0a6431ecd607c1740b45e0f057ed72e42c813af5dedacee11819963b0f000d24cf3ad868292f8c817ba75efc7c487979e6a4339408073	common_voice_mvy_42556782.mp3	f97ddabf82ddee09d19a2038b48de65052fd547374934fa7fd46527a65991b80	جملہ انشائیہ سوتھی چے تسی مژ بال بنیں والاں کریا		0	0	thirties				mvy	
c334fa60a0cbb65df0d0a6431ecd607c1740b45e0f057ed72e42c813af5dedacee11819963b0f000d24cf3ad868292f8c817ba75efc7c487979e6a4339408073	common_voice_mvy_42556783.mp3	0faa0aa12096add9aa2a07dc3ed619f9060eb43933defc12062b53a69de47632	ڇا دیسؤں ہار ݜے کری۔		0	0	thirties				mvy	
c334fa60a0cbb65df0d0a6431ecd607c1740b45e0f057ed72e42c813af5dedacee11819963b0f000d24cf3ad868292f8c817ba75efc7c487979e6a4339408073	common_voice_mvy_42556789.mp3	0f55ab170da332e76f561f0ce25da6ea8cb78d70490a94bff7dfe98cc5533be2	آں اسے لر ہُم بنژا تُھو؛		0	0	thirties				mvy	
c334fa60a0cbb65df0d0a6431ecd607c1740b45e0f057ed72e42c813af5dedacee11819963b0f000d24cf3ad868292f8c817ba75efc7c487979e6a4339408073	common_voice_mvy_42556790.mp3	cf2aa213eeb92ba16d417c2cce5b37be2dabfbcf3a246c0febd718d66abffd06	تسیں دُوئیں ڈلہۡ ہِجرتِیاں نوؤں یا دَشؤں کال ایسیۡ،		0	0	thirties				mvy	
c334fa60a0cbb65df0d0a6431ecd607c1740b45e0f057ed72e42c813af5dedacee11819963b0f000d24cf3ad868292f8c817ba75efc7c487979e6a4339408073	common_voice_mvy_42556791.mp3	be97bb9c8fa6401cc44aed3f3cb66cd78f08691c644b2ebd7df1a3d1f5c94b83	خُداں رحم ݜُو ہُوگا چے اس بھا چو سامان نی آن٘س		0	0	thirties				mvy	
c334fa60a0cbb65df0d0a6431ecd607c1740b45e0f057ed72e42c813af5dedacee11819963b0f000d24cf3ad868292f8c817ba75efc7c487979e6a4339408073	common_voice_mvy_42556792.mp3	f8c5e38f57053506ce4a81eda175649310cb136eea1447fa5b7afbc11e19355c	پَیالاں کریا دوراں ہتہۡ ہِن سلام کیریۡ		1	0	thirties				mvy	
c334fa60a0cbb65df0d0a6431ecd607c1740b45e0f057ed72e42c813af5dedacee11819963b0f000d24cf3ad868292f8c817ba75efc7c487979e6a4339408073	common_voice_mvy_42556793.mp3	0a77cbd948ca8781337b5080b6d1495580ef28bbea00db2c222ea12111848a5a	”اسِیں ݜَیں اوشہۡ آں ڇؤن٘ٹو واں اوازی، اتی بحث نېرہ“		0	0	thirties				mvy	
c334fa60a0cbb65df0d0a6431ecd607c1740b45e0f057ed72e42c813af5dedacee11819963b0f000d24cf3ad868292f8c817ba75efc7c487979e6a4339408073	common_voice_mvy_42556804.mp3	d79e8daa7324cf57ec59d2493d8645e2350050859706ce20b0915a378ff5b699	پیݜېل دان٘ڑیال اَیں مہ دھاچُوݜالوئے		0	0	thirties				mvy	
c334fa60a0cbb65df0d0a6431ecd607c1740b45e0f057ed72e42c813af5dedacee11819963b0f000d24cf3ad868292f8c817ba75efc7c487979e6a4339408073	common_voice_mvy_42556806.mp3	0fc2082bdcf58d76661b0c5727e3ae16200f62717298d04627625e1ddfc3c3e1	بھَژَدہ دُو قاعدٶں مہ التَّحِیَّات بنٶں واجب تھو۔		1	0	thirties				mvy	
c334fa60a0cbb65df0d0a6431ecd607c1740b45e0f057ed72e42c813af5dedacee11819963b0f000d24cf3ad868292f8c817ba75efc7c487979e6a4339408073	common_voice_mvy_42556808.mp3	ed9b69eb02430d9adcbc1bef2578696edc9085865f5f27303dc40ae08377e1be	مِگے پان پشَئیں کِراں اک ماݜ پکار تُھو۔		0	0	thirties				mvy	
c334fa60a0cbb65df0d0a6431ecd607c1740b45e0f057ed72e42c813af5dedacee11819963b0f000d24cf3ad868292f8c817ba75efc7c487979e6a4339408073	common_voice_mvy_42556809.mp3	e419f116bc1f3c34a12692ad674526f12e73032169bc614b09eff8f018b966b1	کؤں چےۡ ان٘گُولی آن٘سیۡ؛		0	0	thirties				mvy	
c334fa60a0cbb65df0d0a6431ecd607c1740b45e0f057ed72e42c813af5dedacee11819963b0f000d24cf3ad868292f8c817ba75efc7c487979e6a4339408073	common_voice_mvy_42556811.mp3	fd2006f81f9c238cb0b49f1ce64ab7553c0955d0f229002d9af260b67468734f	آں اُو (دُسُق) بِرژا تھی۔		0	0	thirties				mvy	
c334fa60a0cbb65df0d0a6431ecd607c1740b45e0f057ed72e42c813af5dedacee11819963b0f000d24cf3ad868292f8c817ba75efc7c487979e6a4339408073	common_voice_mvy_42556832.mp3	9761d9e92f2de1e3243856707e5ffb928819742c5c8fc01729270d411c878488	(سو زائ کؤں چے) تالی ہولے (زبردست) آں پورژېلے (علیم) مقرر کرچھی۔		0	0	thirties				mvy	
c334fa60a0cbb65df0d0a6431ecd607c1740b45e0f057ed72e42c813af5dedacee11819963b0f000d24cf3ad868292f8c817ba75efc7c487979e6a4339408073	common_voice_mvy_42556833.mp3	da069317674afa9b141aabca686f1e3cc4ae43ffd30af94b39d0cc5d76765378	شاید ݜس وجہۡ تھی چے عوام ݜُوشان ایک نمائندہ مُوٹُھو کیریۡ تھی		1	0	thirties				mvy	
c334fa60a0cbb65df0d0a6431ecd607c1740b45e0f057ed72e42c813af5dedacee11819963b0f000d24cf3ad868292f8c817ba75efc7c487979e6a4339408073	common_voice_mvy_42556835.mp3	0f8c262ecbe74247b95d0adc1ec9495360b7c4f1bfe01f1dd19e4073fc7abb97	ݜویؤں مصلحتِ مُرسلہ تُھو		0	0	thirties				mvy	
c334fa60a0cbb65df0d0a6431ecd607c1740b45e0f057ed72e42c813af5dedacee11819963b0f000d24cf3ad868292f8c817ba75efc7c487979e6a4339408073	common_voice_mvy_42556836.mp3	ff8be10980f685f33bed819aafb38f5f998ebdc1dec3b3fd6ecbcfcb67c38575	ہُویں دُنَیں یاں ݜے عُلُومؤں مژ کوستاں خلکے چئ ترقی کرچھی۔		0	0	thirties				mvy	
32c785238358d3ff536ca2e6f0de0e6e30d47c2b0b9a485aa246bea40e297b3bfa77140ba24e24655fb669bed37bf2e9143c64693dcb4361331c3a6030a73743	common_voice_mvy_42556837.mp3	d1b240927bfa40e4b29f06c8935ad040c9be21df04396cc58a83190932ef23e2	اسیں تصرُف مہ ڇا بلی تھی۔		1	0	fourties				mvy	
32c785238358d3ff536ca2e6f0de0e6e30d47c2b0b9a485aa246bea40e297b3bfa77140ba24e24655fb669bed37bf2e9143c64693dcb4361331c3a6030a73743	common_voice_mvy_42556838.mp3	06cd40543d0f5e408e062de679ce9f8eb6d942e0f4cbecbea73bfb3c706cf157	تَیں قُوم تے تاں خلکاں رسم،رواج آں مقامی علم		1	0	fourties				mvy	
32c785238358d3ff536ca2e6f0de0e6e30d47c2b0b9a485aa246bea40e297b3bfa77140ba24e24655fb669bed37bf2e9143c64693dcb4361331c3a6030a73743	common_voice_mvy_42556839.mp3	ec42632f969344811f46ce8d84413207f75c09c9defa9e65777b2c993e15c688	تسی مہ ہسانی یاں حُکمہ رِن٘گا تھُو۔		1	0	fourties				mvy	
32c785238358d3ff536ca2e6f0de0e6e30d47c2b0b9a485aa246bea40e297b3bfa77140ba24e24655fb669bed37bf2e9143c64693dcb4361331c3a6030a73743	common_voice_mvy_42556840.mp3	0367e17f1a18587dc82a1f98e6fd41cf9cfba0d6ca57e7c501324f739c20be5a	یعنی کھڈیُوں مہ ماڅھ گلے پورؤں		1	0	fourties				mvy	
32c785238358d3ff536ca2e6f0de0e6e30d47c2b0b9a485aa246bea40e297b3bfa77140ba24e24655fb669bed37bf2e9143c64693dcb4361331c3a6030a73743	common_voice_mvy_42556841.mp3	098fb6309f09689b85bd3555cc191a3655e4394ade63df787b69a23953fa38ec	مژ نہ چقندراں پن٘ڑہۡ ال دی۔		1	0	fourties				mvy	
c334fa60a0cbb65df0d0a6431ecd607c1740b45e0f057ed72e42c813af5dedacee11819963b0f000d24cf3ad868292f8c817ba75efc7c487979e6a4339408073	common_voice_mvy_42556842.mp3	034246ba144f59fdb722d4e38d93d5bea7d63cb50d43d33ca5fef0c277e0db5d	مہ لہ څاں واضح بِھیان٘لو تھُو۔		1	0	thirties				mvy	
c334fa60a0cbb65df0d0a6431ecd607c1740b45e0f057ed72e42c813af5dedacee11819963b0f000d24cf3ad868292f8c817ba75efc7c487979e6a4339408073	common_voice_mvy_42556843.mp3	0ec2c66fc80aa73625eb4959722fa53bbbf5800e2066816207a4651ac7d79a91	وےیاں چېرہ استعمال		0	0	thirties				mvy	
c334fa60a0cbb65df0d0a6431ecd607c1740b45e0f057ed72e42c813af5dedacee11819963b0f000d24cf3ad868292f8c817ba75efc7c487979e6a4339408073	common_voice_mvy_42556844.mp3	0a5149c47edcf1fa8251045a3bdada02919d72874d07398dba094fde6f7239c8	مہ تی زن٘گلے ہرا تُھو		0	0	thirties				mvy	
c334fa60a0cbb65df0d0a6431ecd607c1740b45e0f057ed72e42c813af5dedacee11819963b0f000d24cf3ad868292f8c817ba75efc7c487979e6a4339408073	common_voice_mvy_42556845.mp3	fb772d6686f77c7136164a7e151b2a4ed97008d27512c76195a902ae9fabcf62	آں ادا کرَیں لاقت ختُم ہُوئ تھی۔		1	0	thirties				mvy	
c334fa60a0cbb65df0d0a6431ecd607c1740b45e0f057ed72e42c813af5dedacee11819963b0f000d24cf3ad868292f8c817ba75efc7c487979e6a4339408073	common_voice_mvy_42556846.mp3	0cfce1908e70574af871f7305dd527dc0ee74f2c0395335a53c30893ba87d552	آں تسیں رات ہُم مِٹُھویں کم ہُوئ تُھو۔		0	0	thirties				mvy	
32c785238358d3ff536ca2e6f0de0e6e30d47c2b0b9a485aa246bea40e297b3bfa77140ba24e24655fb669bed37bf2e9143c64693dcb4361331c3a6030a73743	common_voice_mvy_42556847.mp3	f325474670e4a744375c35e46dba9c7d2e7b7a1479b27a7b2fe3f8817dfe1917	نیڙ بېن٘یاں وخ گھلی لا دگلے ٹِپیۡ ہِن		1	0	fourties				mvy	
32c785238358d3ff536ca2e6f0de0e6e30d47c2b0b9a485aa246bea40e297b3bfa77140ba24e24655fb669bed37bf2e9143c64693dcb4361331c3a6030a73743	common_voice_mvy_42556849.mp3	e7bd5fc77e760c38b5b4d95a33e621a1a03e2088df1622a9551a9a99970c7592	تسیں لمنی مہ (کوراں کېں مہ) کل ہُون٘دیۡ۔		1	0	fourties				mvy	
32c785238358d3ff536ca2e6f0de0e6e30d47c2b0b9a485aa246bea40e297b3bfa77140ba24e24655fb669bed37bf2e9143c64693dcb4361331c3a6030a73743	common_voice_mvy_42556850.mp3	b6b17f685c2634aaa23f4e9d0e625a8408a85ea05ea5cb7a9a13dc7eebba372c	کِمَٹہۡ مارئیں دوائ کھؤں من٘ڑنئ تُھو۔		1	0	fourties				mvy	
32c785238358d3ff536ca2e6f0de0e6e30d47c2b0b9a485aa246bea40e297b3bfa77140ba24e24655fb669bed37bf2e9143c64693dcb4361331c3a6030a73743	common_voice_mvy_42556851.mp3	f681befd05f25f69a5a0939acafe91f6057100c7844f79f9b70eb94f60e92dcd	مِیں بان تُو گی کیریۡ تھی شڑ ڙُوہے ایگلے“۔		1	0	fourties				mvy	
c334fa60a0cbb65df0d0a6431ecd607c1740b45e0f057ed72e42c813af5dedacee11819963b0f000d24cf3ad868292f8c817ba75efc7c487979e6a4339408073	common_voice_mvy_42556852.mp3	0e2c2391f287357903ea45ec26a39af9bbe4b577951c1b15bcbac5a42a8fc43b	تس بیماری مژ مالاں چام خرابی ایں وجہ ہِن جسمے رِنگیۡ تُھو۔		1	0	thirties				mvy	
c334fa60a0cbb65df0d0a6431ecd607c1740b45e0f057ed72e42c813af5dedacee11819963b0f000d24cf3ad868292f8c817ba75efc7c487979e6a4339408073	common_voice_mvy_42556853.mp3	f681befd05f25f69a5a0939acafe91f6057100c7844f79f9b70eb94f60e92dcd	مِیں بان تُو گی کیریۡ تھی شڑ ڙُوہے ایگلے“۔		0	0	thirties				mvy	
c334fa60a0cbb65df0d0a6431ecd607c1740b45e0f057ed72e42c813af5dedacee11819963b0f000d24cf3ad868292f8c817ba75efc7c487979e6a4339408073	common_voice_mvy_42556854.mp3	f6d015fe5cb54d60c94ecfe856afd46625f502e05ee6d014031a0362b98b131b	ݜلہ ݜُو بال قابل ذکر تھی چے		0	0	thirties				mvy	
c334fa60a0cbb65df0d0a6431ecd607c1740b45e0f057ed72e42c813af5dedacee11819963b0f000d24cf3ad868292f8c817ba75efc7c487979e6a4339408073	common_voice_mvy_42556855.mp3	f140ad77f0fd8fac29ed8329d4c04242d1e4a6599a6ed15b4545121e34e43330	چے سېں خود اعتمادی آں خوش اخلاقی یاں مظاہرہ کراں۔		1	0	thirties				mvy	
c334fa60a0cbb65df0d0a6431ecd607c1740b45e0f057ed72e42c813af5dedacee11819963b0f000d24cf3ad868292f8c817ba75efc7c487979e6a4339408073	common_voice_mvy_42556856.mp3	0d78a3d30dca19185a7cdce33e17be3facf763439bdcd43b90e84771c185aa1b	تاں زُوڑہۡ ٹِپیۡ مہ گن٘ڈے پھان٘ڈ سن٘دے		0	0	thirties				mvy	
c334fa60a0cbb65df0d0a6431ecd607c1740b45e0f057ed72e42c813af5dedacee11819963b0f000d24cf3ad868292f8c817ba75efc7c487979e6a4339408073	common_voice_mvy_42556862.mp3	13bff14203ecd7ee70c1086f05d6d072a0a70954516fd08b5d92541e38077801	لیٙکھہۡ ماسُمہۡ سُوریۡ لا پھت نېری۔		0	0	thirties				mvy	
c334fa60a0cbb65df0d0a6431ecd607c1740b45e0f057ed72e42c813af5dedacee11819963b0f000d24cf3ad868292f8c817ba75efc7c487979e6a4339408073	common_voice_mvy_42556863.mp3	fbd4512d9de27b6b74f1736cf3448c6260ef839a49a0a52b867b8e530be19aff	نبی کریم صلی اللہ علیہ وسلم چاؤری مہ دُنَیں یاں کمہۡ شروع کرے لان٘س؛		0	0	thirties				mvy	
c334fa60a0cbb65df0d0a6431ecd607c1740b45e0f057ed72e42c813af5dedacee11819963b0f000d24cf3ad868292f8c817ba75efc7c487979e6a4339408073	common_voice_mvy_42556864.mp3	f307e4dd6d2deb00c63407369e7685ae7278b9274d754aec9a4ea013b5efe4a1	ہُگیۡ سُگائ چُن٘ڑیۡرا گلے پوریۡ رال		0	0	thirties				mvy	
c334fa60a0cbb65df0d0a6431ecd607c1740b45e0f057ed72e42c813af5dedacee11819963b0f000d24cf3ad868292f8c817ba75efc7c487979e6a4339408073	common_voice_mvy_42556865.mp3	e6ad420500603f562ec1728e633b02c52be85c94b386ba6007060b668d66b901	کلَت ہِن مُھوں رانگ سم ہُوئ تُھو		0	0	thirties				mvy	
c334fa60a0cbb65df0d0a6431ecd607c1740b45e0f057ed72e42c813af5dedacee11819963b0f000d24cf3ad868292f8c817ba75efc7c487979e6a4339408073	common_voice_mvy_42556866.mp3	f44d58764f0462cfd6c5ec1188d2fa6a470b8fbbf59e8a4cc178cf017f641774	چےۡ اِوَاں مېشوالہ مارِگ		0	0	thirties				mvy	
32c785238358d3ff536ca2e6f0de0e6e30d47c2b0b9a485aa246bea40e297b3bfa77140ba24e24655fb669bed37bf2e9143c64693dcb4361331c3a6030a73743	common_voice_mvy_42556867.mp3	a073df9f499152673a4d9ab779456d3829a3360b86441e09d8500432c5dff514	ݜُو پان گِشَہ تھی؟		1	0	fourties				mvy	
32c785238358d3ff536ca2e6f0de0e6e30d47c2b0b9a485aa246bea40e297b3bfa77140ba24e24655fb669bed37bf2e9143c64693dcb4361331c3a6030a73743	common_voice_mvy_42556869.mp3	0804a37fbc2d308d7368a999da7589fbb8dc0f75c6c8eeb349bb42a1e916a8b5	اسیں تاں ماسمہ نی آن٘س کھیں		1	0	fourties				mvy	
32c785238358d3ff536ca2e6f0de0e6e30d47c2b0b9a485aa246bea40e297b3bfa77140ba24e24655fb669bed37bf2e9143c64693dcb4361331c3a6030a73743	common_voice_mvy_42556870.mp3	06bb0e60aedf071d7d1f29368f69c838384e57554480c11926b148df76b5bbf9	آں نا ݜُو ہِون٘دیۡ اُوش چئ سخ ہُوئ تھی		1	0	fourties				mvy	
32c785238358d3ff536ca2e6f0de0e6e30d47c2b0b9a485aa246bea40e297b3bfa77140ba24e24655fb669bed37bf2e9143c64693dcb4361331c3a6030a73743	common_voice_mvy_42556871.mp3	ff4484f86eb3bdc2656fad4729c2d62688ede841971ef30c94f5b1525357f419	” دھیا دھیا تاں ݜِݜ،		1	0	fourties				mvy	
c334fa60a0cbb65df0d0a6431ecd607c1740b45e0f057ed72e42c813af5dedacee11819963b0f000d24cf3ad868292f8c817ba75efc7c487979e6a4339408073	common_voice_mvy_42556872.mp3	0e0a7f2a65c38c5a25d2c501eff8043a802a62b81eac66400b3a6ccb811364ed	حُکوۡمت آں غېر سرکاری اداری خلکہ پورژَئین٘یاں کریا		1	0	thirties				mvy	
c334fa60a0cbb65df0d0a6431ecd607c1740b45e0f057ed72e42c813af5dedacee11819963b0f000d24cf3ad868292f8c817ba75efc7c487979e6a4339408073	common_voice_mvy_42556873.mp3	081cf5d6b86029f49945c1b851caf18cf6d6d5c66652ef783e6939d7c80210d1	تے کؤں من٘ڑنَیں لیل ہویں لمِل کھیں		0	0	thirties				mvy	
c334fa60a0cbb65df0d0a6431ecd607c1740b45e0f057ed72e42c813af5dedacee11819963b0f000d24cf3ad868292f8c817ba75efc7c487979e6a4339408073	common_voice_mvy_42556874.mp3	11b1a15847fb92b1e769324c2814bd7bfad9cc1ca14c1b4790969d44d853564a	یا ڇا کالہ وحیں سلسلہ ہڑان٘گ ہُوۡندیۡ،		0	0	thirties				mvy	
c334fa60a0cbb65df0d0a6431ecd607c1740b45e0f057ed72e42c813af5dedacee11819963b0f000d24cf3ad868292f8c817ba75efc7c487979e6a4339408073	common_voice_mvy_42556876.mp3	e14a8b0efe4b54205432a92d88dfc707a4c56fb364ce17ed5f836da52fc2c82c	معراجے اماں گائے ہری کیر عزت		1	1	thirties				mvy	
32c785238358d3ff536ca2e6f0de0e6e30d47c2b0b9a485aa246bea40e297b3bfa77140ba24e24655fb669bed37bf2e9143c64693dcb4361331c3a6030a73743	common_voice_mvy_42556877.mp3	c95a563511627f126952a988b7df13468ac9e29c996494ac812d6936efed2aea	نیژ مہ تِلَیں ایں مرض چئ خطرناک تھی		1	0	fourties				mvy	
32c785238358d3ff536ca2e6f0de0e6e30d47c2b0b9a485aa246bea40e297b3bfa77140ba24e24655fb669bed37bf2e9143c64693dcb4361331c3a6030a73743	common_voice_mvy_42556879.mp3	cfe4da21d7fb13b0615431f138679756a696a49d324556a93e0e59cb2c651db6	اسیں سزا منصُوراں کِریا ݜُو مِلل چے تسیں انگُوئ شل ہُوندیۡ۔		1	0	fourties				mvy	
32c785238358d3ff536ca2e6f0de0e6e30d47c2b0b9a485aa246bea40e297b3bfa77140ba24e24655fb669bed37bf2e9143c64693dcb4361331c3a6030a73743	common_voice_mvy_42556881.mp3	c4be5715e57be82988cfa717747cef3eda3817c33dea4f52012a84583b333b88	سیںؐ دشُوی ڇَبیش قاری مرگلئ (صحابہ) ڇِہېلیۡ۔		1	0	fourties				mvy	
c334fa60a0cbb65df0d0a6431ecd607c1740b45e0f057ed72e42c813af5dedacee11819963b0f000d24cf3ad868292f8c817ba75efc7c487979e6a4339408073	common_voice_mvy_42556887.mp3	075a532052438430dc0a0596ccb55138bf9865dc67ef79ba5e50dde3814c2511	اسیں نی ہُویں ہِن نہ زندگی یے خطرہ ہُوئ تھی		0	0	thirties				mvy	
c334fa60a0cbb65df0d0a6431ecd607c1740b45e0f057ed72e42c813af5dedacee11819963b0f000d24cf3ad868292f8c817ba75efc7c487979e6a4339408073	common_voice_mvy_42556888.mp3	e29a455021a621e8b9aa7d6a41e77cf1d0a34e810af9b8c783492d85e1b6f244	”څاں کاکا ہُوئ تُھو او مِراتیُوں! ایلُوئ بنی“		1	0	thirties				mvy	
c334fa60a0cbb65df0d0a6431ecd607c1740b45e0f057ed72e42c813af5dedacee11819963b0f000d24cf3ad868292f8c817ba75efc7c487979e6a4339408073	common_voice_mvy_42556889.mp3	f7cf0a060f5341c3b8c2b067a43eb42feb58d0c081192a9a036ef166ff4a5b01	ہر دیسؤں وختی لا کھاݩراں وے		1	0	thirties				mvy	
c334fa60a0cbb65df0d0a6431ecd607c1740b45e0f057ed72e42c813af5dedacee11819963b0f000d24cf3ad868292f8c817ba75efc7c487979e6a4339408073	common_voice_mvy_42556890.mp3	081a8a6a3d38cce08f1c48ec2f99bd275b310b2deeb7809a8cb2f0222fd69349	چِٹئیں وجہۡ سَن٘دُژیۡ تھی		0	0	thirties				mvy	
c334fa60a0cbb65df0d0a6431ecd607c1740b45e0f057ed72e42c813af5dedacee11819963b0f000d24cf3ad868292f8c817ba75efc7c487979e6a4339408073	common_voice_mvy_42556891.mp3	0eb22ba6c71467e9ba484e70faa34c9680d23ff314a42188f833e8d2811602a6	نِوان٘ز امَیں جائز تُھو ولے پتَیں ݜُو ہُو تھی چے		0	0	thirties				mvy	
c334fa60a0cbb65df0d0a6431ecd607c1740b45e0f057ed72e42c813af5dedacee11819963b0f000d24cf3ad868292f8c817ba75efc7c487979e6a4339408073	common_voice_mvy_42556897.mp3	04386db1030bf4461130c043d82ca4fd5592a8222cf61bac2370fa1aeea2cf7f	حقیقت ݜُو تھی چے اُو مفتی صاحباں حُسن ظن تُھو		0	0	thirties				mvy	
c334fa60a0cbb65df0d0a6431ecd607c1740b45e0f057ed72e42c813af5dedacee11819963b0f000d24cf3ad868292f8c817ba75efc7c487979e6a4339408073	common_voice_mvy_42556898.mp3	112f63b1a356ed69c9033d622763d23c20116fc5da53c0371033246ad83ea17e	حدہ مہ داخل ہویں نہ رٹہ گیلیۡ؛		1	1	thirties				mvy	
c334fa60a0cbb65df0d0a6431ecd607c1740b45e0f057ed72e42c813af5dedacee11819963b0f000d24cf3ad868292f8c817ba75efc7c487979e6a4339408073	common_voice_mvy_42556899.mp3	0cc9ef0cddfbdefc23e137d123c1780d3867c6e92cb92509d5a338ec9370dcba	پورژیلہۡ ݜے بناں تھُو چے اسیں ہوں تے نیۡ ہوں۔		0	0	thirties				mvy	
c334fa60a0cbb65df0d0a6431ecd607c1740b45e0f057ed72e42c813af5dedacee11819963b0f000d24cf3ad868292f8c817ba75efc7c487979e6a4339408073	common_voice_mvy_42556900.mp3	00f464b08a8918d0c86498b465efce34690154e7aef0837da8acf6d05006b779	آں اسی نہ فائدہ ہری گلے بِس بیمار ہویں نہ بچ ہوݩگَیں تھو۔		0	0	thirties				mvy	
c334fa60a0cbb65df0d0a6431ecd607c1740b45e0f057ed72e42c813af5dedacee11819963b0f000d24cf3ad868292f8c817ba75efc7c487979e6a4339408073	common_voice_mvy_42556901.mp3	0dde2d0c7c5471458bde20716edf2bd0e993a06ba119ea2ae73c41c258ab6935	یا شرطؤں مہ ایک شرط نی ہون٘د کھیں		0	0	thirties				mvy	
32c785238358d3ff536ca2e6f0de0e6e30d47c2b0b9a485aa246bea40e297b3bfa77140ba24e24655fb669bed37bf2e9143c64693dcb4361331c3a6030a73743	common_voice_mvy_42556902.mp3	02c1fe048c8d276c578dd0ed89d54f462828299c38fdea95606b38c5f492c8ef	اُو بِڅاں چؤرؤں مُون٘ڈ تُھُو		1	0	fourties				mvy	
32c785238358d3ff536ca2e6f0de0e6e30d47c2b0b9a485aa246bea40e297b3bfa77140ba24e24655fb669bed37bf2e9143c64693dcb4361331c3a6030a73743	common_voice_mvy_42556903.mp3	0e4b47e0229a28547c191095e2824c35873b98228b636a78f76f45083a63b21b	مِیں خوشالی لا وئ رن٘ڈُو منہ پن٘ڑہۡ وَیں بٹو مہ دِتیۡ۔		1	0	fourties				mvy	
32c785238358d3ff536ca2e6f0de0e6e30d47c2b0b9a485aa246bea40e297b3bfa77140ba24e24655fb669bed37bf2e9143c64693dcb4361331c3a6030a73743	common_voice_mvy_42556904.mp3	09a2df4ab66698cfba3500876d162247daff7709e44ff2ece08862cc899dcd84	مگر چٸ کھٹَیں لِکے لان٘س۔		1	0	fourties				mvy	
32c785238358d3ff536ca2e6f0de0e6e30d47c2b0b9a485aa246bea40e297b3bfa77140ba24e24655fb669bed37bf2e9143c64693dcb4361331c3a6030a73743	common_voice_mvy_42556905.mp3	01d6d55b9ae84e1b156da467c0df1a522ec56bdca0a264d317282338cac88e63	ہُویں ضرورت ݜُو بلیں تھی چےۡ		1	0	fourties				mvy	
32c785238358d3ff536ca2e6f0de0e6e30d47c2b0b9a485aa246bea40e297b3bfa77140ba24e24655fb669bed37bf2e9143c64693dcb4361331c3a6030a73743	common_voice_mvy_42556906.mp3	f4a71ca2ddb467d13fae4b7a489ad17edf1cc628ab990b8dee3831289a7892f2	تسے اما ہسپتالے ڇېلیا تاں ٹېس کریؤں پکار تُھو۔		1	0	fourties				mvy	
c334fa60a0cbb65df0d0a6431ecd607c1740b45e0f057ed72e42c813af5dedacee11819963b0f000d24cf3ad868292f8c817ba75efc7c487979e6a4339408073	common_voice_mvy_42556912.mp3	10f5b4a1be4e7053d6814e292486a4d4c63981b1b4e4c734248d667ce2ff9dce	کڑاؤ ݜے کم تُھو چے گیس مہ پُھو کرَیں ضرت نی تھی		0	0	thirties				mvy	
c334fa60a0cbb65df0d0a6431ecd607c1740b45e0f057ed72e42c813af5dedacee11819963b0f000d24cf3ad868292f8c817ba75efc7c487979e6a4339408073	common_voice_mvy_42556913.mp3	0804a37fbc2d308d7368a999da7589fbb8dc0f75c6c8eeb349bb42a1e916a8b5	اسیں تاں ماسمہ نی آن٘س کھیں		0	0	thirties				mvy	
c334fa60a0cbb65df0d0a6431ecd607c1740b45e0f057ed72e42c813af5dedacee11819963b0f000d24cf3ad868292f8c817ba75efc7c487979e6a4339408073	common_voice_mvy_42556914.mp3	05ba564bd823b079b9b3191f52ed33a388b233b284d9c159b206d24102b93cdf	قدرتی مشکلاتواں عمل دخل تُھو۔		1	0	thirties				mvy	
c334fa60a0cbb65df0d0a6431ecd607c1740b45e0f057ed72e42c813af5dedacee11819963b0f000d24cf3ad868292f8c817ba75efc7c487979e6a4339408073	common_voice_mvy_42556915.mp3	ec1b2fe5e9489d0bff0212de8329999568e1a77e6a41dec0479a558f409a3b6a	ماسمہ واں کریا اخلاقَیں، سُون٘شیارَیں آں حق بنَئیں سیڇھ دی۔		0	0	thirties				mvy	
c334fa60a0cbb65df0d0a6431ecd607c1740b45e0f057ed72e42c813af5dedacee11819963b0f000d24cf3ad868292f8c817ba75efc7c487979e6a4339408073	common_voice_mvy_42556916.mp3	fe44757d74a61dc2a5de7bdc3e0849bfc68f6fd86946301ddcc45cd8292138d6	اسمانہ یی تے زُمُکاں پیدا کران٘لو څاں ڙر مُت نی سن٘دہاں تُھو یی؟		0	0	thirties				mvy	
c334fa60a0cbb65df0d0a6431ecd607c1740b45e0f057ed72e42c813af5dedacee11819963b0f000d24cf3ad868292f8c817ba75efc7c487979e6a4339408073	common_voice_mvy_42556937.mp3	f8801ba1511377e4e955586efdb5b7ee8c9b694722a9d4adc2442931630c53ff	چے کلہۡ ژر لا نی ایلیۡ ہو۔		0	0	thirties				mvy	
c334fa60a0cbb65df0d0a6431ecd607c1740b45e0f057ed72e42c813af5dedacee11819963b0f000d24cf3ad868292f8c817ba75efc7c487979e6a4339408073	common_voice_mvy_42556938.mp3	075a31bf1c95f08b2530ba0874820acfe5cdf065d663208f3830922d211ca939	سار جِسمہ لا تھتر اُکی تھی		0	0	thirties				mvy	
c334fa60a0cbb65df0d0a6431ecd607c1740b45e0f057ed72e42c813af5dedacee11819963b0f000d24cf3ad868292f8c817ba75efc7c487979e6a4339408073	common_voice_mvy_42556939.mp3	f4c79408f6b1f9d154cf719ab061a5375c97ed8a751ea4adb053f953d1375307	بلکہ بُٹوۡ جسم چاقی ہُوئ تُھو۔		1	0	thirties				mvy	
c334fa60a0cbb65df0d0a6431ecd607c1740b45e0f057ed72e42c813af5dedacee11819963b0f000d24cf3ad868292f8c817ba75efc7c487979e6a4339408073	common_voice_mvy_42556940.mp3	1261c92e24b749947f339d5ae883ec519418a99d8044f39e8cbad2ec5501016f	اَدُوس تے نِوان٘زاں وَل سِچھیاؤ، آں نِوان٘ز پڑیاؤ۔		0	0	thirties				mvy	
c334fa60a0cbb65df0d0a6431ecd607c1740b45e0f057ed72e42c813af5dedacee11819963b0f000d24cf3ad868292f8c817ba75efc7c487979e6a4339408073	common_voice_mvy_42556944.mp3	ece2910450587f275b5fc8d6331f0080d1f24c46cc01c7c43ec05d4c1c548ff9	کھیں دنہۡ وَیں بیماری ختم ہوتھی۔		0	0	thirties				mvy	
c334fa60a0cbb65df0d0a6431ecd607c1740b45e0f057ed72e42c813af5dedacee11819963b0f000d24cf3ad868292f8c817ba75efc7c487979e6a4339408073	common_voice_mvy_42557199.mp3	f383e892a5270528d1e7e7e26a5ea03881f4b46e60b930254df0384bf1cfaae6	مِیں زَر تھی۔		0	0	thirties				mvy	
c334fa60a0cbb65df0d0a6431ecd607c1740b45e0f057ed72e42c813af5dedacee11819963b0f000d24cf3ad868292f8c817ba75efc7c487979e6a4339408073	common_voice_mvy_42557200.mp3	00ac796b2b31d414d283697e734a291744fc9ba48d18fca6d78b3f9451b6b82d	(اېگُٹ لَک بېٹھژېل آن٘س)۔		1	0	thirties				mvy	
c334fa60a0cbb65df0d0a6431ecd607c1740b45e0f057ed72e42c813af5dedacee11819963b0f000d24cf3ad868292f8c817ba75efc7c487979e6a4339408073	common_voice_mvy_42557201.mp3	fa84eff27fd1679563719f18798281c7d2a8d566917b98058af9c487858e4916	لَک: میراث، وصیت آں وقف		1	0	thirties				mvy	
c334fa60a0cbb65df0d0a6431ecd607c1740b45e0f057ed72e42c813af5dedacee11819963b0f000d24cf3ad868292f8c817ba75efc7c487979e6a4339408073	common_voice_mvy_42557202.mp3	fbd27d274cca4093c6e33271945396545bf84169088637f3903955453dc7d87b	دَہیۡ کَہ لیکھیۡ یا تلُوئیں ہُون٘دُوں		0	0	thirties				mvy	
c334fa60a0cbb65df0d0a6431ecd607c1740b45e0f057ed72e42c813af5dedacee11819963b0f000d24cf3ad868292f8c817ba75efc7c487979e6a4339408073	common_voice_mvy_42557203.mp3	0a9014f66b39c2a360e72c8d29b640b9229bf79bbfdaade5fe93d9cceeb6c3de	کوستاں مہ تعلیماں شرح انتہائ کم تُھو۔		0	0	thirties				mvy	
c334fa60a0cbb65df0d0a6431ecd607c1740b45e0f057ed72e42c813af5dedacee11819963b0f000d24cf3ad868292f8c817ba75efc7c487979e6a4339408073	common_voice_mvy_42557204.mp3	001457a77d08687729ee5ca5ab0776a684b396197876b407a139f6a59fc0398b	جہالتِئیں وَج ہِن سابُوئِت دنیاں مز زلیل تے خوار آنٚسے		0	0	thirties				mvy	
c334fa60a0cbb65df0d0a6431ecd607c1740b45e0f057ed72e42c813af5dedacee11819963b0f000d24cf3ad868292f8c817ba75efc7c487979e6a4339408073	common_voice_mvy_42557205.mp3	1482c4146fc4bdf11c538bd774c831dde7d2fbd36d4191ce9f9fd47ab0f8cf33	ایک زئ کہ لا دھرَیں اں انتظام کرا تھی۔		0	0	thirties				mvy	
c334fa60a0cbb65df0d0a6431ecd607c1740b45e0f057ed72e42c813af5dedacee11819963b0f000d24cf3ad868292f8c817ba75efc7c487979e6a4339408073	common_voice_mvy_42557206.mp3	ca10ad079a609108b8d44d5a92dc8b1a0bf421d8cd8b5c482786b887c5b65771	اما تے تاں بھا والا رڇھَیں یاں ترتیب		0	0	thirties				mvy	
c334fa60a0cbb65df0d0a6431ecd607c1740b45e0f057ed72e42c813af5dedacee11819963b0f000d24cf3ad868292f8c817ba75efc7c487979e6a4339408073	common_voice_mvy_42557207.mp3	afeb99bce112c96fa7add806a4949c6695b28c65193be6e0702fd04987f4542f	تُو اېوں بِھیے یا نَیں، اِوَیں اېک څیز تھُو؛ اېں قبلَیں یاں نی تھہ۔		0	0	thirties				mvy	
c334fa60a0cbb65df0d0a6431ecd607c1740b45e0f057ed72e42c813af5dedacee11819963b0f000d24cf3ad868292f8c817ba75efc7c487979e6a4339408073	common_voice_mvy_42557208.mp3	07d90f520a379ed3eb6c3502be448aca3417b0489bd06ecfa74fb9420b5c1f19	تے مسلماں ہُم بدرَیں چاری مہ بَیل۔		0	0	thirties				mvy	
c334fa60a0cbb65df0d0a6431ecd607c1740b45e0f057ed72e42c813af5dedacee11819963b0f000d24cf3ad868292f8c817ba75efc7c487979e6a4339408073	common_voice_mvy_42557209.mp3	13d8e7c796653c523b7f0ea31da9dd0451cbb0c3f23e4a0c37f00c3418469713	زَرتیاں وَخ زور نہ نھیلَیں یاں کِریا		0	0	thirties				mvy	
c334fa60a0cbb65df0d0a6431ecd607c1740b45e0f057ed72e42c813af5dedacee11819963b0f000d24cf3ad868292f8c817ba75efc7c487979e6a4339408073	common_voice_mvy_42557210.mp3	047a71c45b8792a60eb559424ddd868c439790bad4709fdbae04f2ecc735832f	شرط پاتیُوں پُوروۡ دیس تُو وے نی پُویائ۔		0	0	thirties				mvy	
c334fa60a0cbb65df0d0a6431ecd607c1740b45e0f057ed72e42c813af5dedacee11819963b0f000d24cf3ad868292f8c817ba75efc7c487979e6a4339408073	common_voice_mvy_42557211.mp3	089127987e440483ad8d8cd9542802823bc26a545c45d0988f93b08c13e42e7e	سلام تاں ماسمؤں ملی بُخاریں کھِن٘گی مہ بھیٹیل آن٘س		0	0	thirties				mvy	
c334fa60a0cbb65df0d0a6431ecd607c1740b45e0f057ed72e42c813af5dedacee11819963b0f000d24cf3ad868292f8c817ba75efc7c487979e6a4339408073	common_voice_mvy_42557213.mp3	e472494db20b05c95c7349614e5eda0187d77f35244a369dde1e007c1bd016bc	مولی رشَیں نہ ڇا چٶر یُون٘ہہۡ پتَیں چئ مُلی اُکئیلیۡ		0	0	thirties				mvy	
c334fa60a0cbb65df0d0a6431ecd607c1740b45e0f057ed72e42c813af5dedacee11819963b0f000d24cf3ad868292f8c817ba75efc7c487979e6a4339408073	common_voice_mvy_42557216.mp3	12ff82b5d7567be217dbbf08f42d2eb8f63b0d490d809b14385c0d91c84eb299	کہ تُو شُوگر بُھلو تُھو یعنی تے شُوگرَیں مرض تھی		0	0	thirties				mvy	
c334fa60a0cbb65df0d0a6431ecd607c1740b45e0f057ed72e42c813af5dedacee11819963b0f000d24cf3ad868292f8c817ba75efc7c487979e6a4339408073	common_voice_mvy_42557224.mp3	dc3850cfcdb7a0f7e3a263f02b9c45c53b1f0e45ad8e4f3c9d7ac78005f3ce3a	خو نِکئ ہِلاک سہت بئیلیۡ کھیں ہی اور ای تھی چھترئ ہو وتے۔		1	0	thirties				mvy	
c334fa60a0cbb65df0d0a6431ecd607c1740b45e0f057ed72e42c813af5dedacee11819963b0f000d24cf3ad868292f8c817ba75efc7c487979e6a4339408073	common_voice_mvy_42557225.mp3	043e809cb34328ef297a0054f974c064b5efe3ea42b0e09bc572cd927317d56f	او ما شِݜیل قدر ہوں		0	0	thirties				mvy	
c334fa60a0cbb65df0d0a6431ecd607c1740b45e0f057ed72e42c813af5dedacee11819963b0f000d24cf3ad868292f8c817ba75efc7c487979e6a4339408073	common_voice_mvy_42557226.mp3	07fa573670a54703d384a4140fdc86384be3d080a9104199e617cf55d945f1a1	ولے اول چھال حکمَیں پُنیاک کرِگ۔		0	0	thirties				mvy	
c334fa60a0cbb65df0d0a6431ecd607c1740b45e0f057ed72e42c813af5dedacee11819963b0f000d24cf3ad868292f8c817ba75efc7c487979e6a4339408073	common_voice_mvy_42557227.mp3	dcd86fa1d57d5694720065df495c4cda825d05463bb89c91dec8dc86e953b848	زورؤں دھال زُمُک لا نِوان٘ز کرؤں یا حلالاں نِکاح۔		0	0	thirties				mvy	
c334fa60a0cbb65df0d0a6431ecd607c1740b45e0f057ed72e42c813af5dedacee11819963b0f000d24cf3ad868292f8c817ba75efc7c487979e6a4339408073	common_voice_mvy_42557228.mp3	032a643d65764622341af416e3dde699f6c3ca31a8a72a043954c1dad72532ad	مُسند الیہ ہو لکھہ		0	0	thirties				mvy	
c334fa60a0cbb65df0d0a6431ecd607c1740b45e0f057ed72e42c813af5dedacee11819963b0f000d24cf3ad868292f8c817ba75efc7c487979e6a4339408073	common_voice_mvy_42557234.mp3	116b04411286518274173d8f70386bc96f8b1c47380edf36de8f08b7297d5978	مِیں گئ لا تل نہ بان۔		1	0	thirties				mvy	
c334fa60a0cbb65df0d0a6431ecd607c1740b45e0f057ed72e42c813af5dedacee11819963b0f000d24cf3ad868292f8c817ba75efc7c487979e6a4339408073	common_voice_mvy_42557235.mp3	b467fef9ffe95dc9cae8ab0580bbeb56e3eb45203718c8dba3f94c935dc744df	چےۡ کوں ماݜ مکّہ نہ مُسلما ہوگلے مدینے بئ گا		1	0	thirties				mvy	
c334fa60a0cbb65df0d0a6431ecd607c1740b45e0f057ed72e42c813af5dedacee11819963b0f000d24cf3ad868292f8c817ba75efc7c487979e6a4339408073	common_voice_mvy_42557236.mp3	fcf9a23302745dac27e0dca1a756017103812f6caac5ac65c97eca05cf8ed760	کس ماݜاں دماغ مہ کمی ہُوݩدُوں تسے پکار تھی		0	0	thirties				mvy	
c334fa60a0cbb65df0d0a6431ecd607c1740b45e0f057ed72e42c813af5dedacee11819963b0f000d24cf3ad868292f8c817ba75efc7c487979e6a4339408073	common_voice_mvy_42557237.mp3	c7176ef7eb33c4e80fb2259ae4c82adc9fc1705bb967b9975a82d5477ae25bb6	مہ پورژیا می لا بِگ شکی ہُو، می نہ بال نھېلیۡ تھی۔		1	0	thirties				mvy	
c334fa60a0cbb65df0d0a6431ecd607c1740b45e0f057ed72e42c813af5dedacee11819963b0f000d24cf3ad868292f8c817ba75efc7c487979e6a4339408073	common_voice_mvy_42557238.mp3	122c1b0775984b922882a97681b3753395e5266d0c36ff8a119572165c7722ac	آں تسیں وجہۡ ہِن مال بے چینی یاں شکار ہُوگے		0	0	thirties				mvy	
c334fa60a0cbb65df0d0a6431ecd607c1740b45e0f057ed72e42c813af5dedacee11819963b0f000d24cf3ad868292f8c817ba75efc7c487979e6a4339408073	common_voice_mvy_42557239.mp3	1424ad6621e183ee3128dbc960ac47949b1e6633d954cf8318ed45e65f01a252	وختی بِلال استعمال کری۔		1	0	thirties				mvy	
c334fa60a0cbb65df0d0a6431ecd607c1740b45e0f057ed72e42c813af5dedacee11819963b0f000d24cf3ad868292f8c817ba75efc7c487979e6a4339408073	common_voice_mvy_42557240.mp3	089d144392212b2c35653ca60c699d61c826e9a860d3c5c680b00bd843171bde	کِمُوش کھیٶں چو مفید تُھو۔		0	0	thirties				mvy	
c334fa60a0cbb65df0d0a6431ecd607c1740b45e0f057ed72e42c813af5dedacee11819963b0f000d24cf3ad868292f8c817ba75efc7c487979e6a4339408073	common_voice_mvy_42557241.mp3	fb53ec5936984a946b191825b273e01bda1bc0e43cd808f3290baba7c0863146	اس کېں نی قبلالُوں سو کاپُھر ہوتُھو۔		0	0	thirties				mvy	
c334fa60a0cbb65df0d0a6431ecd607c1740b45e0f057ed72e42c813af5dedacee11819963b0f000d24cf3ad868292f8c817ba75efc7c487979e6a4339408073	common_voice_mvy_42557243.mp3	0c57ea1603f93b020eafdb85d7f7065cded29b23dbdca47a2ced883ca8d5e632	بوئے بان مہ مٶں دی بھیا تُھو		0	0	thirties				mvy	
c334fa60a0cbb65df0d0a6431ecd607c1740b45e0f057ed72e42c813af5dedacee11819963b0f000d24cf3ad868292f8c817ba75efc7c487979e6a4339408073	common_voice_mvy_42557244.mp3	e7defd59dbdadfe25eedee1209ef601716ceace2f896b7e4c064f5682acafc98	پتہۡ اِگلے گی قِسمَیں حالَت خراب نی ہو؛		0	0	thirties				mvy	
c334fa60a0cbb65df0d0a6431ecd607c1740b45e0f057ed72e42c813af5dedacee11819963b0f000d24cf3ad868292f8c817ba75efc7c487979e6a4339408073	common_voice_mvy_42557245.mp3	0d99e484c68bd533f4f41708479ca8485c8ef7078ea240ce7e64967ae6d780e5	انشاءاللہ فائدہ ہوتُھو۔		0	0	thirties				mvy	
c334fa60a0cbb65df0d0a6431ecd607c1740b45e0f057ed72e42c813af5dedacee11819963b0f000d24cf3ad868292f8c817ba75efc7c487979e6a4339408073	common_voice_mvy_42557246.mp3	ebdd5d548b4fa53d59136ebb3f323a71844070783c9df4da8369aab72a73d98f	اېں دُسقیں غن٘ڑبَیں آں مژگلېل خلکَیں ویری ݜُون٘واں تھہ؛		0	0	thirties				mvy	
c334fa60a0cbb65df0d0a6431ecd607c1740b45e0f057ed72e42c813af5dedacee11819963b0f000d24cf3ad868292f8c817ba75efc7c487979e6a4339408073	common_voice_mvy_42557247.mp3	133588251139f6a0fb9a5600e2056ad839d51d3dbde4eaf05e7535e7d06b2e2d	سو زئ لا گھاݜ، اسے فَیدہ ہوتُھو۔		0	0	thirties				mvy	
c334fa60a0cbb65df0d0a6431ecd607c1740b45e0f057ed72e42c813af5dedacee11819963b0f000d24cf3ad868292f8c817ba75efc7c487979e6a4339408073	common_voice_mvy_42557250.mp3	f1ab793455496509486222488ac4d25877ce870a09920858cdd9c33311268a70	بلی شُروع ہُوندیۡ کھیں تَسیں بلیُوں مہ		0	0	thirties				mvy	
c334fa60a0cbb65df0d0a6431ecd607c1740b45e0f057ed72e42c813af5dedacee11819963b0f000d24cf3ad868292f8c817ba75efc7c487979e6a4339408073	common_voice_mvy_42557254.mp3	16e2ca3e05aa947e7ea99b5d88b8fdf1bec5c3c1f95d379256f0bbafc0e3ce5d	(دین) پھېرٹیۡرَیں وجہۡ نہ آژ دژی!		0	0	thirties				mvy	
c334fa60a0cbb65df0d0a6431ecd607c1740b45e0f057ed72e42c813af5dedacee11819963b0f000d24cf3ad868292f8c817ba75efc7c487979e6a4339408073	common_voice_mvy_42557256.mp3	eea594e2c5fc04c45294edfb7ed1ccd876f9d9afc460ccec1d628bfa52106ee9	مے ݜے لیل ہُوگے چےۡ ہی یاں نؤں دی دی		0	0	thirties				mvy	
c334fa60a0cbb65df0d0a6431ecd607c1740b45e0f057ed72e42c813af5dedacee11819963b0f000d24cf3ad868292f8c817ba75efc7c487979e6a4339408073	common_voice_mvy_42557257.mp3	095b34e6edddb45a395f286491603056cd682c88e6a466ca02ba3b52103c19bd	بے لہ (کھَیں پوئیں نہ) محروم ہُوگے۔		1	0	thirties				mvy	
c334fa60a0cbb65df0d0a6431ecd607c1740b45e0f057ed72e42c813af5dedacee11819963b0f000d24cf3ad868292f8c817ba75efc7c487979e6a4339408073	common_voice_mvy_42557258.mp3	0c8f7f211e9c001f50e6971342baa2ec7cd22934916c2726929a0ee10421b30d	مختلف قِسماں حیوانہ آں چؤن٘ٹو ہُم ݜَیں زن٘گلؤں مژ دھراں تھہ۔		1	0	thirties				mvy	
c334fa60a0cbb65df0d0a6431ecd607c1740b45e0f057ed72e42c813af5dedacee11819963b0f000d24cf3ad868292f8c817ba75efc7c487979e6a4339408073	common_voice_mvy_42557259.mp3	0bb8b849a5a9af97438aea7a75b0251ece22b2df6300128237b24424a1581358	ترقی تے خوشحالی یاں پندہۡ تل روان ہوتھو۔		0	0	thirties				mvy	
c334fa60a0cbb65df0d0a6431ecd607c1740b45e0f057ed72e42c813af5dedacee11819963b0f000d24cf3ad868292f8c817ba75efc7c487979e6a4339408073	common_voice_mvy_42557260.mp3	0ef8f5ad42cfdb4cc68efe1d58ff501f841064ac9bd807cec5c051cdea6ae315	سوشل میڈیاں چو استعمال کرَیں ہِن نظرہ مہ کمی ایتھی		0	0	thirties				mvy	
c334fa60a0cbb65df0d0a6431ecd607c1740b45e0f057ed72e42c813af5dedacee11819963b0f000d24cf3ad868292f8c817ba75efc7c487979e6a4339408073	common_voice_mvy_42557261.mp3	0cbaae883a33e3692c570ea27d0c9a24117e5115088cb9d8f131b7093ab70619	سو ”نی ہول آں نشیل“ ہو تُھو۔		0	0	thirties				mvy	
c334fa60a0cbb65df0d0a6431ecd607c1740b45e0f057ed72e42c813af5dedacee11819963b0f000d24cf3ad868292f8c817ba75efc7c487979e6a4339408073	common_voice_mvy_42557262.mp3	14c99768779cdb0f403c43893ecf4badae172239579f6213adf86353f2ce71f4	گازریۡ یاں پن٘ڑؤں لا گھیل رِن٘گا گلے تؤ لا گرم کرے اِواں تیل نھیلی		0	0	thirties				mvy	
c334fa60a0cbb65df0d0a6431ecd607c1740b45e0f057ed72e42c813af5dedacee11819963b0f000d24cf3ad868292f8c817ba75efc7c487979e6a4339408073	common_voice_mvy_42557263.mp3	a682e62605160fa1154c1ac9cf3fea2c8211379e56bf9fe80c1bd8516ddfdfa6	ویٹو پاور تاریخی حیثیتی لا آں جیوگرافی حقائقوں تل منتخب ہوتھہ		1	0	thirties				mvy	
c334fa60a0cbb65df0d0a6431ecd607c1740b45e0f057ed72e42c813af5dedacee11819963b0f000d24cf3ad868292f8c817ba75efc7c487979e6a4339408073	common_voice_mvy_42557269.mp3	159705076a228d8d6180aa09468048975a0b76439c48cc299bd8c89ffa24c99d	پاکستان رقباں لحاظ ہِن		1	0	thirties				mvy	
c334fa60a0cbb65df0d0a6431ecd607c1740b45e0f057ed72e42c813af5dedacee11819963b0f000d24cf3ad868292f8c817ba75efc7c487979e6a4339408073	common_voice_mvy_42557270.mp3	d638c6e3565cf3e396150b5fa3d6083acd9cdc022f8f67932b1bd4302008aee2	اسیں گرمائش ختم ہوتھی۔		0	0	thirties				mvy	
c334fa60a0cbb65df0d0a6431ecd607c1740b45e0f057ed72e42c813af5dedacee11819963b0f000d24cf3ad868292f8c817ba75efc7c487979e6a4339408073	common_voice_mvy_42557271.mp3	168c8c49584533bc12a55d30bc016b60f960d925e0cf9d978f9ac403c28feba5	بُٹہ تئیں حمدہ لہ گویا		0	0	thirties				mvy	
c334fa60a0cbb65df0d0a6431ecd607c1740b45e0f057ed72e42c813af5dedacee11819963b0f000d24cf3ad868292f8c817ba75efc7c487979e6a4339408073	common_voice_mvy_42557272.mp3	e4996efeb6f082b3e59c995f4fa5112913fbac4972c57f0c3938d0666c4d1586	زَیں سِواں دن دُو بلی ڇېلیان٘لہ (پېغمبر) ڇِہېوۡ بھژدہ اِوَیں پھېرٹیۡراؤ؛		1	0	thirties				mvy	
c334fa60a0cbb65df0d0a6431ecd607c1740b45e0f057ed72e42c813af5dedacee11819963b0f000d24cf3ad868292f8c817ba75efc7c487979e6a4339408073	common_voice_mvy_42557273.mp3	0f4bf180d919ce97073af094fdfc217feb5674006e66f9a3c353d263e078c09f	حُکمہ گولاں نھېلؤں تھُو؟		0	0	thirties				mvy	
c334fa60a0cbb65df0d0a6431ecd607c1740b45e0f057ed72e42c813af5dedacee11819963b0f000d24cf3ad868292f8c817ba75efc7c487979e6a4339408073	common_voice_mvy_42557274.mp3	b2bb0de175d1158c404c109f905c1645803ccfe409335283f912dc5a530ec93f	دوراں مِیں پیڇی یاں پُوڇاں اواز ایل۔		0	0	thirties				mvy	
c334fa60a0cbb65df0d0a6431ecd607c1740b45e0f057ed72e42c813af5dedacee11819963b0f000d24cf3ad868292f8c817ba75efc7c487979e6a4339408073	common_voice_mvy_42557275.mp3	0dec71c34779502d2fc277767b772113e387f859b18369915d843e0fe3c60b7b	ݜے دَھیٶں چہ وے یاں ٹِپ منِی واں۔		0	0	thirties				mvy	
c334fa60a0cbb65df0d0a6431ecd607c1740b45e0f057ed72e42c813af5dedacee11819963b0f000d24cf3ad868292f8c817ba75efc7c487979e6a4339408073	common_voice_mvy_42557276.mp3	ffacc49298923e12110fe3fdf924c03cc9ef077d93c1913df924f3927ab149ea	تَیں تَیں قُربانی کرے پاتُو بَیل۔		0	0	thirties				mvy	
c334fa60a0cbb65df0d0a6431ecd607c1740b45e0f057ed72e42c813af5dedacee11819963b0f000d24cf3ad868292f8c817ba75efc7c487979e6a4339408073	common_voice_mvy_42557277.mp3	e98ad2c2e733dc3d21f7a6e7e68d63179f30d4f2cf78dd593c6ee903db49835b	اسی لا جِسمانی تے مالَیں عِبادت نی تھی		0	0	thirties				mvy	
c334fa60a0cbb65df0d0a6431ecd607c1740b45e0f057ed72e42c813af5dedacee11819963b0f000d24cf3ad868292f8c817ba75efc7c487979e6a4339408073	common_voice_mvy_42557278.mp3	dc395794bdd39429d603462473ecdd2d561207b0197a146a991e20ec855e7590	نھال کِھیں چُن٘گڑہ مہ اڑوۡ لک مُھو لیل ہُوئ تُھو۔		0	0	thirties				mvy	
c334fa60a0cbb65df0d0a6431ecd607c1740b45e0f057ed72e42c813af5dedacee11819963b0f000d24cf3ad868292f8c817ba75efc7c487979e6a4339408073	common_voice_mvy_42557279.mp3	df7d8cfe7e0517c6658716697dcdc4e6c42c447af1d585a78253515d0f97ccdc	تسی لا تاں مالاں تصرُف کرؤں بند ہُوئ تھُو۔		0	0	thirties				mvy	
c334fa60a0cbb65df0d0a6431ecd607c1740b45e0f057ed72e42c813af5dedacee11819963b0f000d24cf3ad868292f8c817ba75efc7c487979e6a4339408073	common_voice_mvy_42557280.mp3	0af9ea18e819186c8a689f91a954bb3bdeb21cfab695fdfc5a356bfb02f461ac	مالے وختی لا پویائ کھیں ژر کم ہوتھی۔		1	0	thirties				mvy	
c334fa60a0cbb65df0d0a6431ecd607c1740b45e0f057ed72e42c813af5dedacee11819963b0f000d24cf3ad868292f8c817ba75efc7c487979e6a4339408073	common_voice_mvy_42557281.mp3	11ec863d7adf340f22ad62eb0a6537fbcb73e416eb4574f77e33acc9229fe676	ہی ہِن نِوان٘ز کرے تل ݜس دعا لُکھَیں لمِل		0	0	thirties				mvy	
c334fa60a0cbb65df0d0a6431ecd607c1740b45e0f057ed72e42c813af5dedacee11819963b0f000d24cf3ad868292f8c817ba75efc7c487979e6a4339408073	common_voice_mvy_42557282.mp3	f12d132b83cc7058f12f1d3056450099ed9478643ddaf89fe5b90d1b9c20f55b	آج جنتیان مزی ہرا تھہ		1	0	thirties				mvy	
c334fa60a0cbb65df0d0a6431ecd607c1740b45e0f057ed72e42c813af5dedacee11819963b0f000d24cf3ad868292f8c817ba75efc7c487979e6a4339408073	common_voice_mvy_42557283.mp3	e7f6a6b0671c3d1c7bc1bc9aee4154c208452ed55a2d68c4e18569506a6e9fb3	آں ایک ماݜ کاں حُکمتی مِلیۡ گِشے چال چلن ہو تھی،		0	0	thirties				mvy	
c334fa60a0cbb65df0d0a6431ecd607c1740b45e0f057ed72e42c813af5dedacee11819963b0f000d24cf3ad868292f8c817ba75efc7c487979e6a4339408073	common_voice_mvy_42557284.mp3	0f8b604d1e607864e9c1f78310a15386c56f364d8945f49c8de8d4cbc3b66ddc	ڇا کالؤں ہاریۡ ݜُو مُعاہدہ دھریسیۡ،		1	0	thirties				mvy	
c334fa60a0cbb65df0d0a6431ecd607c1740b45e0f057ed72e42c813af5dedacee11819963b0f000d24cf3ad868292f8c817ba75efc7c487979e6a4339408073	common_voice_mvy_42557285.mp3	e2c4e6a8cb1dcde2b448566062f05b8af81b81c53fba85a577dd5e19aa6ad296	آں مُت شے بانیۡ		0	0	thirties				mvy	
c334fa60a0cbb65df0d0a6431ecd607c1740b45e0f057ed72e42c813af5dedacee11819963b0f000d24cf3ad868292f8c817ba75efc7c487979e6a4339408073	common_voice_mvy_42557286.mp3	d79b81a5b25a0c93527d79c4b6a426308f602f23e567287f588387e334e415af	اسیں وختی بلال استعمال ہِن گردہ تے مثانہ مہ		0	0	thirties				mvy	
c334fa60a0cbb65df0d0a6431ecd607c1740b45e0f057ed72e42c813af5dedacee11819963b0f000d24cf3ad868292f8c817ba75efc7c487979e6a4339408073	common_voice_mvy_42557292.mp3	eb49b00483c28f989d5488d4d207d9316109262527c3f51bb8f4296b6850e23e	مغرب مہ افغانستان ، جنوب مغرب مہ ایران ملی		0	0	thirties				mvy	
c334fa60a0cbb65df0d0a6431ecd607c1740b45e0f057ed72e42c813af5dedacee11819963b0f000d24cf3ad868292f8c817ba75efc7c487979e6a4339408073	common_voice_mvy_42557293.mp3	176bcb335367ca535d2ba5286e2f7e2f9accc08fd3465002afab4e6c47e0895f	اسم ظرف ، اسم آلہ ، اسم تفضیل،		0	0	thirties				mvy	
c334fa60a0cbb65df0d0a6431ecd607c1740b45e0f057ed72e42c813af5dedacee11819963b0f000d24cf3ad868292f8c817ba75efc7c487979e6a4339408073	common_voice_mvy_42557792.mp3	195d120561cc3e9034ebafd8c9c6042a909e65f73dbb91adaadd4b00fa0bc9ec	پېچساں کریا مہری ہِن علاج		0	0	thirties				mvy	
c334fa60a0cbb65df0d0a6431ecd607c1740b45e0f057ed72e42c813af5dedacee11819963b0f000d24cf3ad868292f8c817ba75efc7c487979e6a4339408073	common_voice_mvy_42557793.mp3	05b10164daef106736aa0a564db2b92de7a819227e54f0c337ad87297d112449	ساوات دلیلاں نؤں تُھو اِستِصحاب		0	0	thirties				mvy	
c334fa60a0cbb65df0d0a6431ecd607c1740b45e0f057ed72e42c813af5dedacee11819963b0f000d24cf3ad868292f8c817ba75efc7c487979e6a4339408073	common_voice_mvy_42557794.mp3	0dc91142bd88f2c55519c9959b65276d0195315de2357d8b01f6bb636a60a22f	مِیں بانیۡ اُوڅھےڇیلِل کھیں تے بگ ول کرِگ۔		0	0	thirties				mvy	
c334fa60a0cbb65df0d0a6431ecd607c1740b45e0f057ed72e42c813af5dedacee11819963b0f000d24cf3ad868292f8c817ba75efc7c487979e6a4339408073	common_voice_mvy_42557795.mp3	09c0ee816e93da359c43e7971c04c0614bf4dbf3332b04b5b86d2dd45b2d880b	استا شاگڑہ واں پیالوۡ آں نگران تُھو		0	0	thirties				mvy	
c334fa60a0cbb65df0d0a6431ecd607c1740b45e0f057ed72e42c813af5dedacee11819963b0f000d24cf3ad868292f8c817ba75efc7c487979e6a4339408073	common_voice_mvy_42557796.mp3	e4b9e164a326abb30ced963d930336b6a7ad830329731dff246f395353fc6a43	قلمَیں طاقت تروالیں طاقتی نہ چئ تھی		0	0	thirties				mvy	
c334fa60a0cbb65df0d0a6431ecd607c1740b45e0f057ed72e42c813af5dedacee11819963b0f000d24cf3ad868292f8c817ba75efc7c487979e6a4339408073	common_voice_mvy_42560088.mp3	cb35b53dfcf879a5f3dd21ba95ad17e438774c8c53a72a8dafe5e1101e496207	دَش یا دُوَالَش ماݜہ مرِلہۡ۔		0	0	thirties				mvy	
c334fa60a0cbb65df0d0a6431ecd607c1740b45e0f057ed72e42c813af5dedacee11819963b0f000d24cf3ad868292f8c817ba75efc7c487979e6a4339408073	common_voice_mvy_42560089.mp3	0b9fa27fcc60bd0074537e18a2b25a6e985df693464a699c994fcd850b567b8b	آں تُس مے گولیۡ کری		0	0	thirties				mvy	
c334fa60a0cbb65df0d0a6431ecd607c1740b45e0f057ed72e42c813af5dedacee11819963b0f000d24cf3ad868292f8c817ba75efc7c487979e6a4339408073	common_voice_mvy_42560090.mp3	0fbd99fcdc412f31ea197f37b4d4b6081d6b5dac0e8f85c96f94298651386434	ظاہر قیاس پھت کرے پلیل قیاس وات بیوں		0	0	thirties				mvy	
c334fa60a0cbb65df0d0a6431ecd607c1740b45e0f057ed72e42c813af5dedacee11819963b0f000d24cf3ad868292f8c817ba75efc7c487979e6a4339408073	common_voice_mvy_42560091.mp3	16a361babd1dad82f5e746c539f46e940bec7fb82feaf31fd35f44a1cfdc32ca	تسیں تُس زَیں نِشان دہی کری		0	0	thirties				mvy	
c334fa60a0cbb65df0d0a6431ecd607c1740b45e0f057ed72e42c813af5dedacee11819963b0f000d24cf3ad868292f8c817ba75efc7c487979e6a4339408073	common_voice_mvy_42560092.mp3	17a992b60e896c1374f4a6931be0f802245e0998c1d92d04ccabbe606adb3742	عام خلکؤں ݜسیں پتہۡ ہوں		0	0	thirties				mvy	
c334fa60a0cbb65df0d0a6431ecd607c1740b45e0f057ed72e42c813af5dedacee11819963b0f000d24cf3ad868292f8c817ba75efc7c487979e6a4339408073	common_voice_mvy_42560119.mp3	13f3e10ff813e769ba6cf4552242bc6a66c1e99ac6e1c41056b7dc7eb9679c0f	آں مُوٹ پات تسیں خوَن٘دہۡ مرِیان٘س؛		0	0	thirties				mvy	
c334fa60a0cbb65df0d0a6431ecd607c1740b45e0f057ed72e42c813af5dedacee11819963b0f000d24cf3ad868292f8c817ba75efc7c487979e6a4339408073	common_voice_mvy_42560120.mp3	170049edcaf7d89c855be347b45d08257ca9be603b63da573f4cd9d7cedee72c	رِنگَیں ہِن زہر دُور ہُوئ تُھو۔		0	0	thirties				mvy	
c334fa60a0cbb65df0d0a6431ecd607c1740b45e0f057ed72e42c813af5dedacee11819963b0f000d24cf3ad868292f8c817ba75efc7c487979e6a4339408073	common_voice_mvy_42560121.mp3	e5b72bf869a81b3cb577480edde1c056c10b1b95acbc3f0d4531415ba006fc52	ݜُو کتاب ہَسان نحوۡ مجیب مھولائے لِکہ چھئ		1	0	thirties				mvy	
c334fa60a0cbb65df0d0a6431ecd607c1740b45e0f057ed72e42c813af5dedacee11819963b0f000d24cf3ad868292f8c817ba75efc7c487979e6a4339408073	common_voice_mvy_42560122.mp3	1538e63bfe6c54952ebc13f69b0bca0604b9d0a569aaf27462ffb909720cc3a0	چے تسیں من٘ڑنَیں تربیت کېر		0	0	thirties				mvy	
c334fa60a0cbb65df0d0a6431ecd607c1740b45e0f057ed72e42c813af5dedacee11819963b0f000d24cf3ad868292f8c817ba75efc7c487979e6a4339408073	common_voice_mvy_42560123.mp3	00867b0f8b43d1c5c639794784431911178a66b4f4afcb36b6bb5367c325aa00	خو میں اس کتاب مہ صرف		0	0	thirties				mvy	
c334fa60a0cbb65df0d0a6431ecd607c1740b45e0f057ed72e42c813af5dedacee11819963b0f000d24cf3ad868292f8c817ba75efc7c487979e6a4339408073	common_voice_mvy_42560149.mp3	da640752160e27453d8bdd4c372a2469b33001938ba60e8afd6f5870b73f3f7d	مَیں کُڑہ بَٹَوں دَے څھے۔		0	0	thirties				mvy	
c334fa60a0cbb65df0d0a6431ecd607c1740b45e0f057ed72e42c813af5dedacee11819963b0f000d24cf3ad868292f8c817ba75efc7c487979e6a4339408073	common_voice_mvy_42560152.mp3	166c4bac183935a1943b32c87567e6d6bbf6bc84482f28f293a4ca34ad8d275e	مٹی اے ݜس سُوچ کیریۡ آں اُو سخ خپا ہُوئیے		1	0	thirties				mvy	
c334fa60a0cbb65df0d0a6431ecd607c1740b45e0f057ed72e42c813af5dedacee11819963b0f000d24cf3ad868292f8c817ba75efc7c487979e6a4339408073	common_voice_mvy_42560155.mp3	fdbdbe4a638958abf30b30c716ec058f73c24b6939be4f0fcc2417391fc79db5	اربابے بانیۡ واردےمہ ماچس آم		0	0	thirties				mvy	
c334fa60a0cbb65df0d0a6431ecd607c1740b45e0f057ed72e42c813af5dedacee11819963b0f000d24cf3ad868292f8c817ba75efc7c487979e6a4339408073	common_voice_mvy_42560157.mp3	13e82107df683c5949e5f3126443d13a2b5a6b89a75f3e20f0a0063943978e9b	”او لہ مہ بھا بھئ ہیپھال ہوم تھی،		0	0	thirties				mvy	
c334fa60a0cbb65df0d0a6431ecd607c1740b45e0f057ed72e42c813af5dedacee11819963b0f000d24cf3ad868292f8c817ba75efc7c487979e6a4339408073	common_voice_mvy_42560158.mp3	fb1bbeaa0a7b7c11c7f04c2f58022595d16c2703d66e088497c50db7cb7dc9d3	ݜِݜ مِیں بُوئ کرے نھال کھیں سو مٹی تھی آں تھی کیٙلی۔		0	0	thirties				mvy	
c334fa60a0cbb65df0d0a6431ecd607c1740b45e0f057ed72e42c813af5dedacee11819963b0f000d24cf3ad868292f8c817ba75efc7c487979e6a4339408073	common_voice_mvy_42560169.mp3	d66bd4fa22a10326abe50d91aa1cd5c955190d9a5d9b0263333774150f37f704	قصہ اک بو یی تے بُوئیں		0	0	thirties				mvy	
c334fa60a0cbb65df0d0a6431ecd607c1740b45e0f057ed72e42c813af5dedacee11819963b0f000d24cf3ad868292f8c817ba75efc7c487979e6a4339408073	common_voice_mvy_42560170.mp3	fd4a2476a91bc858148278e66dcf1d04a12905bd558de1589e853d51a91010df	ہتہۡ تے کُھرہ ایک دم تپاؤ کھیں		1	0	thirties				mvy	
c334fa60a0cbb65df0d0a6431ecd607c1740b45e0f057ed72e42c813af5dedacee11819963b0f000d24cf3ad868292f8c817ba75efc7c487979e6a4339408073	common_voice_mvy_42560171.mp3	19c1ac34094a4525ba7e4f5ee0a581bab4184d8cd50f70ed201520deb1f597c2	اسی نہ علاوہ ݜس علم رزَئین٘یاں کریا		0	0	thirties				mvy	
c334fa60a0cbb65df0d0a6431ecd607c1740b45e0f057ed72e42c813af5dedacee11819963b0f000d24cf3ad868292f8c817ba75efc7c487979e6a4339408073	common_voice_mvy_42560172.mp3	fe6b4224f567ff0b8da1c69e535ca472458ee7bf47de1090ade7ce48a84b139f	حُکماں دُو قسمہ ہوں تھہ		1	0	thirties				mvy	
c334fa60a0cbb65df0d0a6431ecd607c1740b45e0f057ed72e42c813af5dedacee11819963b0f000d24cf3ad868292f8c817ba75efc7c487979e6a4339408073	common_voice_mvy_42560173.mp3	f6f89a22d8eda7534c3e94ab22e331eb93d6cd5895eb88a365629e0710dbbb19	بُوٹی ہِن مالاں رات صاف ہوں		0	0	thirties				mvy	
c334fa60a0cbb65df0d0a6431ecd607c1740b45e0f057ed72e42c813af5dedacee11819963b0f000d24cf3ad868292f8c817ba75efc7c487979e6a4339408073	common_voice_mvy_42560180.mp3	0bbda58751d3ecb256fe06fd501d38262cf46c7c07001041ae84f5d4d40e9f56	خاص خیال رَڇھؤں آں ݜو یُون٘ہہۡ		0	0	thirties				mvy	
c334fa60a0cbb65df0d0a6431ecd607c1740b45e0f057ed72e42c813af5dedacee11819963b0f000d24cf3ad868292f8c817ba75efc7c487979e6a4339408073	common_voice_mvy_42560181.mp3	12294595c4e4fb9f0cb62254c03e06f881ce894704687719555fd6f2a5b67599	آں سو گھریۡماݜ مُٹ برِیُو ہرا تھی بنے		0	0	thirties				mvy	
c334fa60a0cbb65df0d0a6431ecd607c1740b45e0f057ed72e42c813af5dedacee11819963b0f000d24cf3ad868292f8c817ba75efc7c487979e6a4339408073	common_voice_mvy_42560187.mp3	e1ef021036e80a1d17a5b71adb09efc569a2571315abc19d1955ec492bb71508	نبی ﷺ تلہ منتقل ہُون٘دوۡ۔		0	0	thirties				mvy	
32c785238358d3ff536ca2e6f0de0e6e30d47c2b0b9a485aa246bea40e297b3bfa77140ba24e24655fb669bed37bf2e9143c64693dcb4361331c3a6030a73743	common_voice_mvy_42567270.mp3	f59743bce76b1652dbc3a68fcefeb1b40e9d68744cdc59b6c5bc98a2b7e9255b	چے تسی مہ انسان تاں ݜِݜاں بالؤں نہ محروم ہُوئ تُھو۔		1	0	fourties				mvy	
32c785238358d3ff536ca2e6f0de0e6e30d47c2b0b9a485aa246bea40e297b3bfa77140ba24e24655fb669bed37bf2e9143c64693dcb4361331c3a6030a73743	common_voice_mvy_42567271.mp3	0369165e49a7de96159aafcdc9cf84147fee8b8e59e1ff36e6148cbf1bf985ef	کھیں کِھن٘گی نہ کؤ ہُون٘دوۡ		1	0	fourties				mvy	
32c785238358d3ff536ca2e6f0de0e6e30d47c2b0b9a485aa246bea40e297b3bfa77140ba24e24655fb669bed37bf2e9143c64693dcb4361331c3a6030a73743	common_voice_mvy_42567273.mp3	ce92b7a3a217d8a58112b545922bd58f19e93f21a07937bd16eb90a92a0f43ea	نشہ نہ پتَیں فِکرے ایل کھیں اُو ذِموار ہو تُھو۔		1	0	fourties				mvy	
32c785238358d3ff536ca2e6f0de0e6e30d47c2b0b9a485aa246bea40e297b3bfa77140ba24e24655fb669bed37bf2e9143c64693dcb4361331c3a6030a73743	common_voice_mvy_42567944.mp3	0aed253cb3e8432f6a5656e8379c7ce268721bfaadf2a3a734bc2901157898fb	بے گی کرِگ بھاں کمؤں نہ مُچل کھیں تے بِگ کرِگ نا		1	0	fourties				mvy	
32c785238358d3ff536ca2e6f0de0e6e30d47c2b0b9a485aa246bea40e297b3bfa77140ba24e24655fb669bed37bf2e9143c64693dcb4361331c3a6030a73743	common_voice_mvy_42567945.mp3	e3ad7ad2e4aaddcc99e1aa5bdb650caf6ba6f8ea71f55c83a4eb3c6a14270789	سین اے لکھہ سَیَضرِبُ		1	0	fourties				mvy	
32c785238358d3ff536ca2e6f0de0e6e30d47c2b0b9a485aa246bea40e297b3bfa77140ba24e24655fb669bed37bf2e9143c64693dcb4361331c3a6030a73743	common_voice_mvy_42567946.mp3	e5a543c9fd626c84d67939b5083832b5e7627dec93b8d4ee0a775681e3238259	آں بادام چُن٘ڑیۡ را گلے لیکھ لیکھ کرے مِلائ۔		1	0	fourties				mvy	
32c785238358d3ff536ca2e6f0de0e6e30d47c2b0b9a485aa246bea40e297b3bfa77140ba24e24655fb669bed37bf2e9143c64693dcb4361331c3a6030a73743	common_voice_mvy_42567947.mp3	11c3ec7faf0bc1f291f9f383aa7efc7343819d6288a09a1fa4f48164785eb7e1	پاتیُون اَس تگو بُوٹی تسیں اَیں مہ گلے		1	0	fourties				mvy	
32c785238358d3ff536ca2e6f0de0e6e30d47c2b0b9a485aa246bea40e297b3bfa77140ba24e24655fb669bed37bf2e9143c64693dcb4361331c3a6030a73743	common_voice_mvy_42567948.mp3	e5ab8bafd29232abc9abd7afb665a9c4ef78345ad462b2fbbf5bc0309c5796b2	مگر اسیں کِریا بانیۡ چےۡ تُو امَیں طواف کرہ،		1	0	fourties				mvy	
32c785238358d3ff536ca2e6f0de0e6e30d47c2b0b9a485aa246bea40e297b3bfa77140ba24e24655fb669bed37bf2e9143c64693dcb4361331c3a6030a73743	common_voice_mvy_42567949.mp3	1061ac5fba36192d9986e76c2a0621db72c646c756b3d46b437bcb25ea0dc645	کسی لا نصب ہُون٘دوۡ کھیں تسے منصُوب بناں تھہ		1	0	fourties				mvy	
32c785238358d3ff536ca2e6f0de0e6e30d47c2b0b9a485aa246bea40e297b3bfa77140ba24e24655fb669bed37bf2e9143c64693dcb4361331c3a6030a73743	common_voice_mvy_42567950.mp3	e851448082b9e136980aa45f414f2a3b161683bde125df5ca92750ffbad4e794	حاجی صاحبے بېکتُک قومی نغمی ہُم لِکہ چھی		1	0	fourties				mvy	
32c785238358d3ff536ca2e6f0de0e6e30d47c2b0b9a485aa246bea40e297b3bfa77140ba24e24655fb669bed37bf2e9143c64693dcb4361331c3a6030a73743	common_voice_mvy_42567951.mp3	e5574ad118b7027d8bc0956d760ef2cb3947433af58929830b39601a87ad7511	اسیں بارہ مہ مِیں معلوم نېرہ چھی ہریۡ مہ بھیَیں یاں نی تُھو۔		1	0	fourties				mvy	
32c785238358d3ff536ca2e6f0de0e6e30d47c2b0b9a485aa246bea40e297b3bfa77140ba24e24655fb669bed37bf2e9143c64693dcb4361331c3a6030a73743	common_voice_mvy_42567952.mp3	14c5e0658fb38208694a04604ac3d1899c101bd6d0b53a966aab3197d4bbb6e8	اسیں بِلوٹھہ مہ نھال لہ۔		1	0	fourties				mvy	
32c785238358d3ff536ca2e6f0de0e6e30d47c2b0b9a485aa246bea40e297b3bfa77140ba24e24655fb669bed37bf2e9143c64693dcb4361331c3a6030a73743	common_voice_mvy_42567953.mp3	f6fbb0d308ddc34a71593a90f3fdacd0cba53a50813787829fa37e28697180d3	څَورُو اَئیڑ بج تھی۔		1	0	fourties				mvy	
32c785238358d3ff536ca2e6f0de0e6e30d47c2b0b9a485aa246bea40e297b3bfa77140ba24e24655fb669bed37bf2e9143c64693dcb4361331c3a6030a73743	common_voice_mvy_42568130.mp3	eb7c171c4a159fc0ba1f028d33d425604cbc91acdc5de86982b0f01148992bcb	وار ژریۡ یا ملېریا گِنے بناں تھو؟		1	0	fourties				mvy	
32c785238358d3ff536ca2e6f0de0e6e30d47c2b0b9a485aa246bea40e297b3bfa77140ba24e24655fb669bed37bf2e9143c64693dcb4361331c3a6030a73743	common_voice_mvy_42568131.mp3	c71117ca51b41cc80bdf661d7178f72100d147ca23d20f83a62e486647cf7ebf	کھیں ݜس پان٘د بَن کرَیں یاں کِریا		1	0	fourties				mvy	
32c785238358d3ff536ca2e6f0de0e6e30d47c2b0b9a485aa246bea40e297b3bfa77140ba24e24655fb669bed37bf2e9143c64693dcb4361331c3a6030a73743	common_voice_mvy_42568132.mp3	f0eac571422c60edc60bb88f70f495e5404b24fb48d0ef9577d7f436e14a3438	خوراکاں کتُوک بنیادی اجزا تھو		1	0	fourties				mvy	
32c785238358d3ff536ca2e6f0de0e6e30d47c2b0b9a485aa246bea40e297b3bfa77140ba24e24655fb669bed37bf2e9143c64693dcb4361331c3a6030a73743	common_voice_mvy_42568133.mp3	d5a9a44ad75e08b75336dea9bd6f5ccd0d00a80c7ebc054723f11a3a85d749df	آں تُس انصاف ہِن اُگھریار (وزن) تولی		1	0	fourties				mvy	
32c785238358d3ff536ca2e6f0de0e6e30d47c2b0b9a485aa246bea40e297b3bfa77140ba24e24655fb669bed37bf2e9143c64693dcb4361331c3a6030a73743	common_voice_mvy_42568134.mp3	06476bf6dd5abce0ed3f9644110590879e3c6d3cd504389b12831742f97dc017	لَک: نِوان٘ز سو شاناں کرؤں تُھو،		1	0	fourties				mvy	
32c785238358d3ff536ca2e6f0de0e6e30d47c2b0b9a485aa246bea40e297b3bfa77140ba24e24655fb669bed37bf2e9143c64693dcb4361331c3a6030a73743	common_voice_mvy_42568140.mp3	09e5fc87f60cbd0d05eab48f6558fd882ba86c1606b58ecc7c2787643bbae58b	سو، اللہ پاکاں شُکھر تُھُو چے باقائدہ ایک کِتابٹُو سَن٘دژی تُھو۔		1	0	fourties				mvy	
32c785238358d3ff536ca2e6f0de0e6e30d47c2b0b9a485aa246bea40e297b3bfa77140ba24e24655fb669bed37bf2e9143c64693dcb4361331c3a6030a73743	common_voice_mvy_42568141.mp3	1019352b1f01ff13b9872b98773359175ae45003ee1dbd77f0f10d1e70237d14	دُو سېر ماسمہ واں دن پھت کرچھی		1	0	fourties				mvy	
32c785238358d3ff536ca2e6f0de0e6e30d47c2b0b9a485aa246bea40e297b3bfa77140ba24e24655fb669bed37bf2e9143c64693dcb4361331c3a6030a73743	common_voice_mvy_42568142.mp3	0947a190c980f7656d307c4aa47edbbc4995728da7dbd6fdf7d3933309ec283a	ہُگیۡیاں ڈِڈرُو آ گلے سُگو پیݜی تسی نہ کُلٹُو سݩدے		1	0	fourties				mvy	
32c785238358d3ff536ca2e6f0de0e6e30d47c2b0b9a485aa246bea40e297b3bfa77140ba24e24655fb669bed37bf2e9143c64693dcb4361331c3a6030a73743	common_voice_mvy_42568143.mp3	0eac282a89ddfd7eb030f63b56d2c3b86c81dcacbf1abd923650dfcf18c78557	زَیں اېک کُوڑ اېوں مُوٹِھن آں اېک اېوں پاتِن دی چھی؛		1	0	fourties				mvy	
32c785238358d3ff536ca2e6f0de0e6e30d47c2b0b9a485aa246bea40e297b3bfa77140ba24e24655fb669bed37bf2e9143c64693dcb4361331c3a6030a73743	common_voice_mvy_42568144.mp3	0f958fe21acb21c851b5e899fff3303a41c7b2bf1fdd9d72d26537cf5cad8bc1	وے ملی لُوہیۡ مرچکی پیݜی گلے پھت کری		0	0	fourties				mvy	
32c785238358d3ff536ca2e6f0de0e6e30d47c2b0b9a485aa246bea40e297b3bfa77140ba24e24655fb669bed37bf2e9143c64693dcb4361331c3a6030a73743	common_voice_mvy_42568150.mp3	17217e50ff7c45ccc98000457ee1c7ec8ab3155b5a7b7b624fc027e05c83d39d	گئ لا اُکئ مِیں چھائ ہِن پن٘ڑہۡ کرَیں شروع کیر۔		1	0	fourties				mvy	
32c785238358d3ff536ca2e6f0de0e6e30d47c2b0b9a485aa246bea40e297b3bfa77140ba24e24655fb669bed37bf2e9143c64693dcb4361331c3a6030a73743	common_voice_mvy_42568151.mp3	f910eea15f31f318c2e2719cc295ce11f6fa1c612ec677da676dc507a468a2bc	ہجرتی نہ مُوٹھیُوں نبی علیہ السلامے		1	0	fourties				mvy	
32c785238358d3ff536ca2e6f0de0e6e30d47c2b0b9a485aa246bea40e297b3bfa77140ba24e24655fb669bed37bf2e9143c64693dcb4361331c3a6030a73743	common_voice_mvy_42568152.mp3	1278e0f1aa0587d39e561328982c64aef75c4d24732e3e0cd424e3748c9e2d5f	مٹی یاں ان٘ڇھہۡ کھݜ کیریۡ		1	0	fourties				mvy	
32c785238358d3ff536ca2e6f0de0e6e30d47c2b0b9a485aa246bea40e297b3bfa77140ba24e24655fb669bed37bf2e9143c64693dcb4361331c3a6030a73743	common_voice_mvy_42568153.mp3	fccd1e7d10f26f6f83589e3676e982f5301341a4ce2f3547299c8bf8eee5d7ae	ایک ٹَپ (ضَرب) ہَتہۡ یی تے بَکھوئیں واں کِریا		1	0	fourties				mvy	
32c785238358d3ff536ca2e6f0de0e6e30d47c2b0b9a485aa246bea40e297b3bfa77140ba24e24655fb669bed37bf2e9143c64693dcb4361331c3a6030a73743	common_voice_mvy_42568154.mp3	e0add1e4ef8b8c0af73b3ed1abcf288ddb760c216f0f0a5f203dd788da5760c8	ݜُو وجہۡ نہ مِٹُھویں چو احتیاط بی تُھو۔		1	0	fourties				mvy	
578b34e5d14eb92aedc0fd6dd7fdc71eb2803206d6024ea55eba96778588e96d05ac083cedcc18fab2adb9a134b73178ec3685f075f309c01e4e590e309ea32e	common_voice_mvy_42573063.mp3	11362566ba1b6c40825b612e1a70bf2d0e7666a38dbdecea1f59a19fa5a3b8e2	اُو ݜے حُکُم تھُو چے اسی مہ قبلان٘لہ واں کِریا		0	0					mvy	
578b34e5d14eb92aedc0fd6dd7fdc71eb2803206d6024ea55eba96778588e96d05ac083cedcc18fab2adb9a134b73178ec3685f075f309c01e4e590e309ea32e	common_voice_mvy_42573064.mp3	da87d3b04f7f174f9bdaa20276600192c0a7b4377b15451ab2575783da305bb5	لیونتُوب مہ لُزُوم اَرگٹوۡ ہُوئ تُھو		0	0					mvy	
578b34e5d14eb92aedc0fd6dd7fdc71eb2803206d6024ea55eba96778588e96d05ac083cedcc18fab2adb9a134b73178ec3685f075f309c01e4e590e309ea32e	common_voice_mvy_42573065.mp3	11977b4a51980bde8360000538c1bd4aec2fbf617e267eb00f2cbda84cf36a3e	میں مُت زائ گولہ ہیُو نی رِن٘گیۡ تُھو		0	1					mvy	
578b34e5d14eb92aedc0fd6dd7fdc71eb2803206d6024ea55eba96778588e96d05ac083cedcc18fab2adb9a134b73178ec3685f075f309c01e4e590e309ea32e	common_voice_mvy_42573066.mp3	137e91cf7bebb08154bc38db143d6dabb80eda018b39b3f62e223c3e2a961d46	بن٘دؤں مہ دڑی ہوں تھی		0	1					mvy	
32c785238358d3ff536ca2e6f0de0e6e30d47c2b0b9a485aa246bea40e297b3bfa77140ba24e24655fb669bed37bf2e9143c64693dcb4361331c3a6030a73743	common_voice_mvy_42573233.mp3	11674642a65ee49b6f288326d7a2d277ac59e97c370ab635cf34fc8a8c0984d3	قیاسی تسے بناں تھہ چے تسی مژ		1	0	fourties				mvy	
32c785238358d3ff536ca2e6f0de0e6e30d47c2b0b9a485aa246bea40e297b3bfa77140ba24e24655fb669bed37bf2e9143c64693dcb4361331c3a6030a73743	common_voice_mvy_42573234.mp3	06487680035a73bf1b334e43bff7a9b114e9b41cd41e3dcb934de967a152bf51	”خا خا گلیۡتہ نہ ایلیۡ سزُوئ تھی یی،		1	0	fourties				mvy	
32c785238358d3ff536ca2e6f0de0e6e30d47c2b0b9a485aa246bea40e297b3bfa77140ba24e24655fb669bed37bf2e9143c64693dcb4361331c3a6030a73743	common_voice_mvy_42573235.mp3	0e0c490ecef64878f38768ebaa31cc14a5d7b4b5a9487449908f85660e4007f8	اسی ہِن بِتُس تاں پېغام دُنئ یاں اېک کونہ نہ مُت کونے ڇېلیاں گَیں تھو		1	0	fourties				mvy	
32c785238358d3ff536ca2e6f0de0e6e30d47c2b0b9a485aa246bea40e297b3bfa77140ba24e24655fb669bed37bf2e9143c64693dcb4361331c3a6030a73743	common_voice_mvy_42573236.mp3	fc9794ab2ba40dcc9caed7e19b361813c7700933584f1f605c5ec995dd19f9d7	پیالاں ذہنہ مہ ایک ترکیب اوک ای گا		1	0	fourties				mvy	
32c785238358d3ff536ca2e6f0de0e6e30d47c2b0b9a485aa246bea40e297b3bfa77140ba24e24655fb669bed37bf2e9143c64693dcb4361331c3a6030a73743	common_voice_mvy_42573237.mp3	e4a17e196431f03262cb385e48fec20b34bde5673eff6552562f4d58a556dd82	ماݜُوری یا لڑمَیں کھالیۡیاں فوراً علاج کرؤں پکار تُھو		1	0	fourties				mvy	
32c785238358d3ff536ca2e6f0de0e6e30d47c2b0b9a485aa246bea40e297b3bfa77140ba24e24655fb669bed37bf2e9143c64693dcb4361331c3a6030a73743	common_voice_mvy_42573238.mp3	030e1dbab180056bb966de5d91117ba2ec15b42ebfb92c712043a5061ba1f569	ہتہۡ دَھیؤں(خاص کر گولیۡ کھَیں نہ مُوٹھیُوں آں ادوس شارَیں نہ پاتیُوں)۔		1	0	fourties				mvy	
32c785238358d3ff536ca2e6f0de0e6e30d47c2b0b9a485aa246bea40e297b3bfa77140ba24e24655fb669bed37bf2e9143c64693dcb4361331c3a6030a73743	common_voice_mvy_42573239.mp3	1324b8e65f1334bf8964ff414fa465877b6de73032a33c5d803a5c06240a4a40	ہَلالیں اے بانیۡ "بس! ݜُو تُھو میں ژؤن٘دنیاں سُکون۔"		1	0	fourties				mvy	
32c785238358d3ff536ca2e6f0de0e6e30d47c2b0b9a485aa246bea40e297b3bfa77140ba24e24655fb669bed37bf2e9143c64693dcb4361331c3a6030a73743	common_voice_mvy_42573240.mp3	177f3c6270ed70202454142aaac2ce13f4e5b340e06bd792ea21880538f6bee3	ماسُم رڇھَیں یاں کسے حاق تُھو،		1	0	fourties				mvy	
32c785238358d3ff536ca2e6f0de0e6e30d47c2b0b9a485aa246bea40e297b3bfa77140ba24e24655fb669bed37bf2e9143c64693dcb4361331c3a6030a73743	common_voice_mvy_42573241.mp3	17ccf4c5d13c5391c9bfc3ede0672480fc00eabf38a00c05c44e99b2e376d995	زات مِیں اَیں کُھلاؤ ہُوئسیۡ۔		1	0	fourties				mvy	
32c785238358d3ff536ca2e6f0de0e6e30d47c2b0b9a485aa246bea40e297b3bfa77140ba24e24655fb669bed37bf2e9143c64693dcb4361331c3a6030a73743	common_voice_mvy_42573248.mp3	846bed6777c97b888bae1e9c538f6e1616099aa3d3e1b55fe9355a280e0e9b7a	اَسی نہ پتَیں اېک مُتیۡ موقع لا		1	0	fourties				mvy	
32c785238358d3ff536ca2e6f0de0e6e30d47c2b0b9a485aa246bea40e297b3bfa77140ba24e24655fb669bed37bf2e9143c64693dcb4361331c3a6030a73743	common_voice_mvy_42573249.mp3	13c2055b2b0007364861b26df66c469925bf3dc4e19154c252c08e7dc3cb4174	ݜُو وخ ایوں نہ وے نِکئ		1	0	fourties				mvy	
32c785238358d3ff536ca2e6f0de0e6e30d47c2b0b9a485aa246bea40e297b3bfa77140ba24e24655fb669bed37bf2e9143c64693dcb4361331c3a6030a73743	common_voice_mvy_42573250.mp3	fda5f4bec1d07636b444807039dbf1b0afe2398adeb20dac99ac9066b0c79c16	کھیں سېں بُٹ بېں یاں کِریا تیار ہُون٘دہۡ،		1	0	fourties				mvy	
32c785238358d3ff536ca2e6f0de0e6e30d47c2b0b9a485aa246bea40e297b3bfa77140ba24e24655fb669bed37bf2e9143c64693dcb4361331c3a6030a73743	common_voice_mvy_42573251.mp3	17a5c89faad8de3a7adceaffe87986db912c53775736733ca490e84103f773d9	ہر وخ ݜے لِیل ہُویان٘س چےۡ دُنئِیں ہر خوشالی		1	0	fourties				mvy	
32c785238358d3ff536ca2e6f0de0e6e30d47c2b0b9a485aa246bea40e297b3bfa77140ba24e24655fb669bed37bf2e9143c64693dcb4361331c3a6030a73743	common_voice_mvy_42575009.mp3	1a263bf3381e92d234acaf132712287a5cf4d866f3c2e6b48415d7116cdaa100	تسی لا ثابِت کرَیں کوشیش کرا تُھو۔		1	0	fourties				mvy	
32c785238358d3ff536ca2e6f0de0e6e30d47c2b0b9a485aa246bea40e297b3bfa77140ba24e24655fb669bed37bf2e9143c64693dcb4361331c3a6030a73743	common_voice_mvy_42575010.mp3	a3406621baf74c3180433afdd257d171313e240f3e563489e52c7ba1194fde27	گت خیالوَیں دُنئ گھئین٘رائ تُھو۔		1	0	fourties				mvy	
32c785238358d3ff536ca2e6f0de0e6e30d47c2b0b9a485aa246bea40e297b3bfa77140ba24e24655fb669bed37bf2e9143c64693dcb4361331c3a6030a73743	common_voice_mvy_42575011.mp3	028d36c9d54c4d73ca02f2fbed36c9121fcd2ebdcc249228d929dd5f26aefeff	چےۡ اِوَیں پن٘داں خرچے بِگیۡ دےۡ؛		1	0	fourties				mvy	
32c785238358d3ff536ca2e6f0de0e6e30d47c2b0b9a485aa246bea40e297b3bfa77140ba24e24655fb669bed37bf2e9143c64693dcb4361331c3a6030a73743	common_voice_mvy_42575013.mp3	046b77bbc581c6e195727cce8772ae0c43c416540ba0b525e6d610ce560d7695	ݜلہ ہاریۡ چےۡ عام ماݜ ہُم اسِیں محتاج تُھو۔		1	0	fourties				mvy	
32c785238358d3ff536ca2e6f0de0e6e30d47c2b0b9a485aa246bea40e297b3bfa77140ba24e24655fb669bed37bf2e9143c64693dcb4361331c3a6030a73743	common_voice_mvy_42575014.mp3	008343171b02dc04dc0bf62dbddb01fdf861083a5161a78569cd2e0399d80d4b	کوستَیں مہ بِگ څیز نشَیں یان دن بناں تھُو۔		1	0	fourties				mvy	
32c785238358d3ff536ca2e6f0de0e6e30d47c2b0b9a485aa246bea40e297b3bfa77140ba24e24655fb669bed37bf2e9143c64693dcb4361331c3a6030a73743	common_voice_mvy_42575016.mp3	e7a47325d6d6a053601d7a1fdb69960cc6f957c07d332bef2bc3b7e83104ac27	کھیں پکار تھی چے ہلیڙ پیݜی ڈالٹہ مژ بڑقا گلے		1	0	fourties				mvy	
32c785238358d3ff536ca2e6f0de0e6e30d47c2b0b9a485aa246bea40e297b3bfa77140ba24e24655fb669bed37bf2e9143c64693dcb4361331c3a6030a73743	common_voice_mvy_42575017.mp3	11f2b36707874365a296492aeb3906d6b91798a43d4a108afb2e17e8a5560a5d	بھژدہ ہتہۡ ستھیوں لا چھؤں سُنّت تھُو۔		1	0	fourties				mvy	
32c785238358d3ff536ca2e6f0de0e6e30d47c2b0b9a485aa246bea40e297b3bfa77140ba24e24655fb669bed37bf2e9143c64693dcb4361331c3a6030a73743	common_voice_mvy_42575034.mp3	982e013232c8fcde5609254139d4ca6d586db0174891fed6cd171a4829cc182f	مِیں مٹی نہ معلوم گتہ نېرؤں		1	0	fourties				mvy	
32c785238358d3ff536ca2e6f0de0e6e30d47c2b0b9a485aa246bea40e297b3bfa77140ba24e24655fb669bed37bf2e9143c64693dcb4361331c3a6030a73743	common_voice_mvy_42575035.mp3	b5f4a6484e4a6e0a0685bfe35c10f59e605ac5f50d3fe601b556f0b4d8e69f64	گیۡ زَیؤں لا مجبُوری نہ شروع ہُو وان٘س		1	1	fourties				mvy	
32c785238358d3ff536ca2e6f0de0e6e30d47c2b0b9a485aa246bea40e297b3bfa77140ba24e24655fb669bed37bf2e9143c64693dcb4361331c3a6030a73743	common_voice_mvy_42575037.mp3	e288824d464f8ff1b67c92fc7acd0536ecb363c72aad86af386b569bda8802fd	سِوَیں نی قبلالیۡ کھیں		1	0	fourties				mvy	
32c785238358d3ff536ca2e6f0de0e6e30d47c2b0b9a485aa246bea40e297b3bfa77140ba24e24655fb669bed37bf2e9143c64693dcb4361331c3a6030a73743	common_voice_mvy_42575038.mp3	bca89c3323960fc751534a30a9b080af4e805a02c5dc6111142fc0df0757ad68	کیں اجتہاد کرہالُوں تسی لا اجتہاد کرؤں لازمی تُھو۔		1	0	fourties				mvy	
32c785238358d3ff536ca2e6f0de0e6e30d47c2b0b9a485aa246bea40e297b3bfa77140ba24e24655fb669bed37bf2e9143c64693dcb4361331c3a6030a73743	common_voice_mvy_42575069.mp3	11643e85f52ec05c4056ed93612b85b3453c4ecc72776a39d270ed822c34f32d	مِیں ہلالیُوں نی بانیۡ تھی		1	0	fourties				mvy	
32c785238358d3ff536ca2e6f0de0e6e30d47c2b0b9a485aa246bea40e297b3bfa77140ba24e24655fb669bed37bf2e9143c64693dcb4361331c3a6030a73743	common_voice_mvy_42575070.mp3	0f7a5f38670b1229ce758bfe1453977cae3220943c2ebe674691a35d2735a2f2	وہ با گشے سہولت؟		1	0	fourties				mvy	
32c785238358d3ff536ca2e6f0de0e6e30d47c2b0b9a485aa246bea40e297b3bfa77140ba24e24655fb669bed37bf2e9143c64693dcb4361331c3a6030a73743	common_voice_mvy_42575071.mp3	c04f8da8936187182e4c1786831ddc883514de0e2b03d6ad14a70d46ca1470e4	اگار مُوٹھِن دھا نی بھئ۔		1	0	fourties				mvy	
32c785238358d3ff536ca2e6f0de0e6e30d47c2b0b9a485aa246bea40e297b3bfa77140ba24e24655fb669bed37bf2e9143c64693dcb4361331c3a6030a73743	common_voice_mvy_42575072.mp3	05452ee54a77418568a021f9baa616b163272d5f604d4154f2807ea561c1232c	اسیں مثبت کِھن٘گ ݜُو تھی چے		1	0	fourties				mvy	
32c785238358d3ff536ca2e6f0de0e6e30d47c2b0b9a485aa246bea40e297b3bfa77140ba24e24655fb669bed37bf2e9143c64693dcb4361331c3a6030a73743	common_voice_mvy_42575073.mp3	ddc7fde63e7ddecaa30c5e1bde96bb0bebef19036a4cce9fa42f42783ff9b4ec	بَس ݜُو آن٘سیۡ مِیں تے مِیں ارگٹیۡ موحبَتِیں قَصَہ		1	0	fourties				mvy	
32c785238358d3ff536ca2e6f0de0e6e30d47c2b0b9a485aa246bea40e297b3bfa77140ba24e24655fb669bed37bf2e9143c64693dcb4361331c3a6030a73743	common_voice_mvy_42575074.mp3	e2f4c32dcb64a8ae325478af84aff47094ad97693627da39781765362b4eca43	عصری تعلیم یا جدید تعلیمَیں سہولت نی ہُوئیں برابر تھی۔		1	0	fourties				mvy	
32c785238358d3ff536ca2e6f0de0e6e30d47c2b0b9a485aa246bea40e297b3bfa77140ba24e24655fb669bed37bf2e9143c64693dcb4361331c3a6030a73743	common_voice_mvy_42575075.mp3	eb3ba45f369191205a80455bda69719998ab80f4ffe2fcfee0b0a744d3c71d3f	ڈېن٘گی ژر (ہڑہۡ شِلائ) گِنے بناں تھو؟		1	0	fourties				mvy	
32c785238358d3ff536ca2e6f0de0e6e30d47c2b0b9a485aa246bea40e297b3bfa77140ba24e24655fb669bed37bf2e9143c64693dcb4361331c3a6030a73743	common_voice_mvy_42575076.mp3	ea2da74606bccca295dd62e803a469c1156e2710b2b8eecacdc7f9e97470b633	کلہۡ اللہ پاکاں ہتہۡ مہ ہُوئ تُھو،		1	0	fourties				mvy	
32c785238358d3ff536ca2e6f0de0e6e30d47c2b0b9a485aa246bea40e297b3bfa77140ba24e24655fb669bed37bf2e9143c64693dcb4361331c3a6030a73743	common_voice_mvy_42575077.mp3	dafc9499281a574fe70ac52934ca0a693352eda748bfa4480759f2d7a64d356e	ٹاکُو مالَیں بھݩگارہ ہِن علاج		1	0	fourties				mvy	
32c785238358d3ff536ca2e6f0de0e6e30d47c2b0b9a485aa246bea40e297b3bfa77140ba24e24655fb669bed37bf2e9143c64693dcb4361331c3a6030a73743	common_voice_mvy_42575078.mp3	bff11ad493a9659eae44fdf880f2d087ef77a24c623f337f0c6e0cd767267912	”او یا تُو گُلُو بی تھی“		1	0	fourties				mvy	
32c785238358d3ff536ca2e6f0de0e6e30d47c2b0b9a485aa246bea40e297b3bfa77140ba24e24655fb669bed37bf2e9143c64693dcb4361331c3a6030a73743	common_voice_mvy_42575079.mp3	fa1ca9302619c4df11bf9963b1b8f6d5f21605e0155de85dab776d4aef774ac6	چو ہلے څَیں پتہۡ اے تھی چے کؤں اپان٘دُو (گمراہ) تھُو۔		1	0	fourties				mvy	
32c785238358d3ff536ca2e6f0de0e6e30d47c2b0b9a485aa246bea40e297b3bfa77140ba24e24655fb669bed37bf2e9143c64693dcb4361331c3a6030a73743	common_voice_mvy_42575080.mp3	032ed524463e25eb65f3e17e3fe47358c61fecd8ab583aad2706a102d977a1a4	تسے پلیلیۡ بلی وَیں پتہۡ تھی آں سو شِدیۡ تُھو۔		1	0	fourties				mvy	
32c785238358d3ff536ca2e6f0de0e6e30d47c2b0b9a485aa246bea40e297b3bfa77140ba24e24655fb669bed37bf2e9143c64693dcb4361331c3a6030a73743	common_voice_mvy_42575081.mp3	09d97df2197031b9198f3a5a9c9ece6c37cc72301b280e87072d3b3a2f11bbde	آں (تُس) چِݜے اُخَیں شُو پو تھہ۔		1	0	fourties				mvy	
32c785238358d3ff536ca2e6f0de0e6e30d47c2b0b9a485aa246bea40e297b3bfa77140ba24e24655fb669bed37bf2e9143c64693dcb4361331c3a6030a73743	common_voice_mvy_42575082.mp3	1663fa504ab1f4044f3d4cec6dfff5ed7d9d0f1b4c55dc48586cd0f177f8b4cc	چےۡ ݜېں ماسمہ واں مُستقبل میں ہتہۡ مہ تُھو		1	0	fourties				mvy	
32c785238358d3ff536ca2e6f0de0e6e30d47c2b0b9a485aa246bea40e297b3bfa77140ba24e24655fb669bed37bf2e9143c64693dcb4361331c3a6030a73743	common_voice_mvy_42575083.mp3	d8c430643d8ab37bcda1c179d80adb9eecf167c26de757f2c27d4a7db29f6e8a	آں مُوبائلہ وَیں نَھالے تَصُور کِیریۡ،		1	0	fourties				mvy	
32c785238358d3ff536ca2e6f0de0e6e30d47c2b0b9a485aa246bea40e297b3bfa77140ba24e24655fb669bed37bf2e9143c64693dcb4361331c3a6030a73743	common_voice_mvy_42585966.mp3	0c7627765223ae2eca4ffa0f06149056f479fe5c04cd4a8fa3543029904d75ed	مَیاں نُقصان کیر کھیں تسیں تواں دیوں لازمی تھُو۔		1	0	fourties				mvy	
32c785238358d3ff536ca2e6f0de0e6e30d47c2b0b9a485aa246bea40e297b3bfa77140ba24e24655fb669bed37bf2e9143c64693dcb4361331c3a6030a73743	common_voice_mvy_42585968.mp3	1bc0ba8af996d9b8a365bc680d0185abda39b807fccb9a47193b615f9d37ac25	”اخلاق تے اقدارَیں بلی سو ماݜ بانیۡ تُھو چےۡ کسیں وریۡ پون٘شیلیۡ ہو“۔		1	0	fourties				mvy	
32c785238358d3ff536ca2e6f0de0e6e30d47c2b0b9a485aa246bea40e297b3bfa77140ba24e24655fb669bed37bf2e9143c64693dcb4361331c3a6030a73743	common_voice_mvy_42585969.mp3	01891143106bfa6c412112178e3322b7d21501c1040e2c8005f51e85095699ce	ݜُو شاناں خوراک ایک دیس مہ ڇا وار ہُم دیوُژ تھو۔		1	0	fourties				mvy	
32c785238358d3ff536ca2e6f0de0e6e30d47c2b0b9a485aa246bea40e297b3bfa77140ba24e24655fb669bed37bf2e9143c64693dcb4361331c3a6030a73743	common_voice_mvy_42585970.mp3	e52ec7c68421a8796d0617cfe6513d8da3dcf9f1805080b32a3760419ab754a7	کھیں سِواں کریا سبقاں لېکچره وِڈیو مہ ریکاڈ کرہاں تھہ۔		1	0	fourties				mvy	
32c785238358d3ff536ca2e6f0de0e6e30d47c2b0b9a485aa246bea40e297b3bfa77140ba24e24655fb669bed37bf2e9143c64693dcb4361331c3a6030a73743	common_voice_mvy_42585971.mp3	c3b820c5e9b7d68b33d4c0cfea6c62948183e3652109adfd4a32e4c88b38bc29	چقندراں وے ݜُوشاناں بڑقائ		1	0	fourties				mvy	
32c785238358d3ff536ca2e6f0de0e6e30d47c2b0b9a485aa246bea40e297b3bfa77140ba24e24655fb669bed37bf2e9143c64693dcb4361331c3a6030a73743	common_voice_mvy_42585972.mp3	19793ccd35387aa7f3898e23d4c1e5727de0b0e755f88439c00743dc72c315e1	سِوَیں ہِلاک گئ ھم چیٹیۡ		1	0	fourties				mvy	
32c785238358d3ff536ca2e6f0de0e6e30d47c2b0b9a485aa246bea40e297b3bfa77140ba24e24655fb669bed37bf2e9143c64693dcb4361331c3a6030a73743	common_voice_mvy_42585973.mp3	ad3cad3d93f13205decf42290977d1ea678ff29870a882441f8216de6151afb1	خو سېوں مہ اِک چئ گھَیں مولی اُکئیلیۡ۔		1	0	fourties				mvy	
32c785238358d3ff536ca2e6f0de0e6e30d47c2b0b9a485aa246bea40e297b3bfa77140ba24e24655fb669bed37bf2e9143c64693dcb4361331c3a6030a73743	common_voice_mvy_42585974.mp3	03dcea0310801370b34a1e02292cd0a18e73e5526e538ec8660bf1ab45a85f9b	کَچھ بُٹ ماݜہ ݜُواں تسی ہِن ہُم ادُوس شریۡ تھُو۔		1	0	fourties				mvy	
32c785238358d3ff536ca2e6f0de0e6e30d47c2b0b9a485aa246bea40e297b3bfa77140ba24e24655fb669bed37bf2e9143c64693dcb4361331c3a6030a73743	common_voice_mvy_42585975.mp3	0178b759c6923a60e92698793c0ea7544aa40af697cf7b85a3e5ae211e16a95b	آں بے کس یادی ایا گېل اما لا پھر گتہ کیریۡ تُھو		1	0	fourties				mvy	
32c785238358d3ff536ca2e6f0de0e6e30d47c2b0b9a485aa246bea40e297b3bfa77140ba24e24655fb669bed37bf2e9143c64693dcb4361331c3a6030a73743	common_voice_mvy_42585981.mp3	e4fafd12a79ed8dedf6f8824053f196f051877a5823796cdb788c505a4629aac	وختی لا اُتھی ایک من٘ڑنئ ٹماٹراں کُلوۡ دھیاگیل کھہ۔		1	0	fourties				mvy	
32c785238358d3ff536ca2e6f0de0e6e30d47c2b0b9a485aa246bea40e297b3bfa77140ba24e24655fb669bed37bf2e9143c64693dcb4361331c3a6030a73743	common_voice_mvy_42585984.mp3	14d1f8d5133debf85aaf4868f6221bd18b3a20c066e48191018366d4591016fd	الحمد للہ سِویں تشخیص نہ پتَیں سِوَیں علاج ہُم ہُون٘دیۡ۔		1	0	fourties				mvy	
32c785238358d3ff536ca2e6f0de0e6e30d47c2b0b9a485aa246bea40e297b3bfa77140ba24e24655fb669bed37bf2e9143c64693dcb4361331c3a6030a73743	common_voice_mvy_42585985.mp3	d344dda2f6a00c251b3b9608948c3c7735573cc2399d153bfeb333cf3f9cc66d	ݜتوک مہ ککی ہتہۡ مہ څابُون یی تے زوڑہۡ وَیں پِراٹ دھا بݜ ہُون٘دیۡ۔		1	0	fourties				mvy	
32c785238358d3ff536ca2e6f0de0e6e30d47c2b0b9a485aa246bea40e297b3bfa77140ba24e24655fb669bed37bf2e9143c64693dcb4361331c3a6030a73743	common_voice_mvy_42586124.mp3	e09f77ff22f1022a90b6ce7a199a18237f427580081bf6a875f5396bf611a5ff	مِلیۡ امَیں مَلݜیۡ واں کریا دُو کمری ساندیۡ۔		1	0	fourties				mvy	
32c785238358d3ff536ca2e6f0de0e6e30d47c2b0b9a485aa246bea40e297b3bfa77140ba24e24655fb669bed37bf2e9143c64693dcb4361331c3a6030a73743	common_voice_mvy_42586125.mp3	117e1413233aadf20a015ce18f5b1fce84f6133d8f53f9a631a34e8a1c1f07d0	ہیْوانْد ہیوں دیتھو ڇھاری نیْ نِکا	general	1	0	fourties				mvy	
32c785238358d3ff536ca2e6f0de0e6e30d47c2b0b9a485aa246bea40e297b3bfa77140ba24e24655fb669bed37bf2e9143c64693dcb4361331c3a6030a73743	common_voice_mvy_42586126.mp3	162911580dfdb6e18ebfee2f2534a5c99db933bddffb81d590ae2fa97fe45bc9	بادی دڑی وَیں علاج چئ گِران تھی		1	0	fourties				mvy	
32c785238358d3ff536ca2e6f0de0e6e30d47c2b0b9a485aa246bea40e297b3bfa77140ba24e24655fb669bed37bf2e9143c64693dcb4361331c3a6030a73743	common_voice_mvy_42586127.mp3	14fdb9252280512db267a69a9add4d468166ca14bc17838c6c2b543c5c2bb814	او بو بُٹ وطن بازار		1	0	fourties				mvy	
32c785238358d3ff536ca2e6f0de0e6e30d47c2b0b9a485aa246bea40e297b3bfa77140ba24e24655fb669bed37bf2e9143c64693dcb4361331c3a6030a73743	common_voice_mvy_42586130.mp3	fc4622192bd080f1d4cbd280d962c35378a4ca10ea5b8aca212c002e85a24751	اَس مرضی لا قابُو ڇؤں چو ہسانی ہو تُھو		1	0	fourties				mvy	
32c785238358d3ff536ca2e6f0de0e6e30d47c2b0b9a485aa246bea40e297b3bfa77140ba24e24655fb669bed37bf2e9143c64693dcb4361331c3a6030a73743	common_voice_mvy_42586140.mp3	18fd94ddb3c5fa17670be4973c80e6d98367b4442e4880d7d04fa273551ab945	میشوالاں دن نِوان٘ز مہ پاتیوں ݜِݜ گن٘ڈے		1	0	fourties				mvy	
32c785238358d3ff536ca2e6f0de0e6e30d47c2b0b9a485aa246bea40e297b3bfa77140ba24e24655fb669bed37bf2e9143c64693dcb4361331c3a6030a73743	common_voice_mvy_42586156.mp3	104cf60cca8ec708113e88aacdfc683ec2a2415ca0a9c6f7fb7be006af85f25f	کلمہ امامہ ڇا قسمہ تھی، اسم ، فعل ، حرف		1	0	fourties				mvy	
32c785238358d3ff536ca2e6f0de0e6e30d47c2b0b9a485aa246bea40e297b3bfa77140ba24e24655fb669bed37bf2e9143c64693dcb4361331c3a6030a73743	common_voice_mvy_42586157.mp3	0a4fb38e9b26eff225584f5707456cfa53e9033d5279808f992c2e4251cb2ab2	جمع مذکر سالم سن٘دَئیں گی طریۡقہ تھی؟		1	0	fourties				mvy	
32c785238358d3ff536ca2e6f0de0e6e30d47c2b0b9a485aa246bea40e297b3bfa77140ba24e24655fb669bed37bf2e9143c64693dcb4361331c3a6030a73743	common_voice_mvy_42586158.mp3	fb64a76f1f68628c9001d466f6ff30aedf802c57928bb51929f141e0b3c504ff	کؤں ماݜاں مُوڙ دژیۡ لُوں		1	0	fourties				mvy	
32c785238358d3ff536ca2e6f0de0e6e30d47c2b0b9a485aa246bea40e297b3bfa77140ba24e24655fb669bed37bf2e9143c64693dcb4361331c3a6030a73743	common_voice_mvy_42586159.mp3	e5f0bdca0673fa156e5bac7cab8febb0357e3c4d647cec192f458eb3cd57f11a	کھیں سیں بناں تھُو چے کل ماݜ بھا لا ہُون٘دُوں		1	0	fourties				mvy	
c334fa60a0cbb65df0d0a6431ecd607c1740b45e0f057ed72e42c813af5dedacee11819963b0f000d24cf3ad868292f8c817ba75efc7c487979e6a4339408073	common_voice_mvy_42591081.mp3	1b5785de58ba15b965d41510602781900391d1bb8085ca6c1b8b8d789e38e7a6	غمی واں مُھوں نی پشے سُو کھالی کېر خدایا		0	0	thirties				mvy	
c334fa60a0cbb65df0d0a6431ecd607c1740b45e0f057ed72e42c813af5dedacee11819963b0f000d24cf3ad868292f8c817ba75efc7c487979e6a4339408073	common_voice_mvy_42591082.mp3	0d62a85ea8e259c51761572bf71c06dd0692bb3ba6cd95d323d69d169d1fb763	می موڙ ایتو	general	0	0	thirties				mvy	
c334fa60a0cbb65df0d0a6431ecd607c1740b45e0f057ed72e42c813af5dedacee11819963b0f000d24cf3ad868292f8c817ba75efc7c487979e6a4339408073	common_voice_mvy_42591083.mp3	d5ffa429ab3922cf663ac8ae84bb6c7cf1c4f9ab9a1670096411ddec1aedee39	آں نِکاح رَوا آن٘س ولے گتہ طلاق کرا تُھو		0	0	thirties				mvy	
c334fa60a0cbb65df0d0a6431ecd607c1740b45e0f057ed72e42c813af5dedacee11819963b0f000d24cf3ad868292f8c817ba75efc7c487979e6a4339408073	common_voice_mvy_42591084.mp3	9411b31e60a1c01659cfc2e7be93a0082ca698b724acc463c37e096df49669e0	آں نہ ݜے گُون٘ہېل ران٘گ آن٘س چے اِسکان٘ڑ ہو		1	0	thirties				mvy	
c334fa60a0cbb65df0d0a6431ecd607c1740b45e0f057ed72e42c813af5dedacee11819963b0f000d24cf3ad868292f8c817ba75efc7c487979e6a4339408073	common_voice_mvy_42591087.mp3	12d9fa575aa7495e6f676adcdce1a8023e63fd80c480990c355cf6e5701ea362	خدائ لا یقین کری سحرَیں بان٘گ اللہ اکبر ہُون٘دیۡ		0	0	thirties				mvy	
c334fa60a0cbb65df0d0a6431ecd607c1740b45e0f057ed72e42c813af5dedacee11819963b0f000d24cf3ad868292f8c817ba75efc7c487979e6a4339408073	common_voice_mvy_42591119.mp3	d38e37f6d483cbbbc396b6a915fc18c97df4ff31ff1f33b3a82bca52de122f35	ہاں اېمرجنسی مہ یا سخ زرتی مہ گولہ کالہ مہ دُو یا ڇا دېس چیٹی کرہ گیلیۡ کھیں کہ گیلیۡ		0	0	thirties				mvy	
c334fa60a0cbb65df0d0a6431ecd607c1740b45e0f057ed72e42c813af5dedacee11819963b0f000d24cf3ad868292f8c817ba75efc7c487979e6a4339408073	common_voice_mvy_42591121.mp3	0602078ad78cb36bc6cdba28b8f43793a64ad6a7003aa1ba7bc8b4b41f79d099	دھیس ݜے چے ساہ بُوہاں بُوئ دھرا تھی۔		0	0	thirties				mvy	
c334fa60a0cbb65df0d0a6431ecd607c1740b45e0f057ed72e42c813af5dedacee11819963b0f000d24cf3ad868292f8c817ba75efc7c487979e6a4339408073	common_voice_mvy_42591122.mp3	17cb8e61676605c35f52d11aa98e4b56e818e04f3a85e004ccd28bf05f38625c	یا شِشیل دان٘ڑیال سُگاؤ پیݜی گلے ملی کالی مصری مِلائ۔		0	0	thirties				mvy	
c334fa60a0cbb65df0d0a6431ecd607c1740b45e0f057ed72e42c813af5dedacee11819963b0f000d24cf3ad868292f8c817ba75efc7c487979e6a4339408073	common_voice_mvy_42591126.mp3	18866b8b82906a4e8d4f51c7db9c18bf7911c8a6462e468fc88c7a0bdc094158	اسے (کؤں چے گاں مژھولے من٘ڈہۡ دېں ای یان٘س) بنژِل:		0	0	thirties				mvy	
c334fa60a0cbb65df0d0a6431ecd607c1740b45e0f057ed72e42c813af5dedacee11819963b0f000d24cf3ad868292f8c817ba75efc7c487979e6a4339408073	common_voice_mvy_42591129.mp3	1a3d6adc58c4bc3b02b5465c3062d03b9a70b27eff4e535c63b2962ad1772c0f	مکروہ تنزیہی تسے بناں تھو چے تس کرَیں ہِن		0	0	thirties				mvy	
c334fa60a0cbb65df0d0a6431ecd607c1740b45e0f057ed72e42c813af5dedacee11819963b0f000d24cf3ad868292f8c817ba75efc7c487979e6a4339408073	common_voice_mvy_42591145.mp3	0469ccb68c11c8899cba7094d3d57c2988f7060e6e2ac43d9baf142f430dcc51	بلکہ پُوئیر دُنَئیں کِراں ہدایتیاں سَو ابدی ڇَول گُیال آنٚس		0	0	thirties				mvy	
c334fa60a0cbb65df0d0a6431ecd607c1740b45e0f057ed72e42c813af5dedacee11819963b0f000d24cf3ad868292f8c817ba75efc7c487979e6a4339408073	common_voice_mvy_42591146.mp3	ee2b98d8e51d1dbfd0d354e159bc35232d6f5296af06f229f409feca19d966e4	ایں بھژدہ چے زیات خپا ہون٘س۔		0	0	thirties				mvy	
c334fa60a0cbb65df0d0a6431ecd607c1740b45e0f057ed72e42c813af5dedacee11819963b0f000d24cf3ad868292f8c817ba75efc7c487979e6a4339408073	common_voice_mvy_42591147.mp3	1132b40a0a4b69b0ac31d0edc16c57627f042b4d23df4d55d7cb0054d21bd9ef	ݜُو سو دُسُق تھی چے څاں کِریا ان٘گُوی جھلیۡ کرژاں بیسیۡ۔		0	0	thirties				mvy	
c334fa60a0cbb65df0d0a6431ecd607c1740b45e0f057ed72e42c813af5dedacee11819963b0f000d24cf3ad868292f8c817ba75efc7c487979e6a4339408073	common_voice_mvy_42591148.mp3	ead118282424d1f68a048a2a411c36670216d6a2d0014ee93cfb4090c74c1cf4	اَس ہی اْے لہ مٹی پشی ژن٘درہ رِن٘گیسیۡ		1	0	thirties				mvy	
c334fa60a0cbb65df0d0a6431ecd607c1740b45e0f057ed72e42c813af5dedacee11819963b0f000d24cf3ad868292f8c817ba75efc7c487979e6a4339408073	common_voice_mvy_42591149.mp3	01df5152aefc98acb50c98296cfaecb0f45cbd06df0434111841d407f6e5fc36	یَا خُدایا ہِلہ بِلہ مَٹی مِلِلیۡ کھیں ݜُو نېٹ گِنہۡ کام نېریۡ تُھو،		0	0	thirties				mvy	
c334fa60a0cbb65df0d0a6431ecd607c1740b45e0f057ed72e42c813af5dedacee11819963b0f000d24cf3ad868292f8c817ba75efc7c487979e6a4339408073	common_voice_mvy_42591158.mp3	e8c02141e5bac9b74f52eb1bba27d92b9d265cd41792124b625bdbba823559ff	کلہ چے بے وٹ ہوئیں والا (قَیمت/ قیامت) ہُو گلا تھی۔		0	0	thirties				mvy	
c334fa60a0cbb65df0d0a6431ecd607c1740b45e0f057ed72e42c813af5dedacee11819963b0f000d24cf3ad868292f8c817ba75efc7c487979e6a4339408073	common_voice_mvy_42591159.mp3	fdae49b25b059af713cfb10c8ae3f13ef4f97caa75836bcd6c6e7081f363da95	اُو اصول فِقہ، اِجماع، شریعتیاں مقصدؤں		1	0	thirties				mvy	
c334fa60a0cbb65df0d0a6431ecd607c1740b45e0f057ed72e42c813af5dedacee11819963b0f000d24cf3ad868292f8c817ba75efc7c487979e6a4339408073	common_voice_mvy_42591160.mp3	1c644607b1a9d2578822338454020b99a9a04491475e5e7703f0b6823648d36f	مہ وختی لا تاں بَھیں کوݜیۡ مہ ہت مُھو دھیامان٘س		0	0	thirties				mvy	
c334fa60a0cbb65df0d0a6431ecd607c1740b45e0f057ed72e42c813af5dedacee11819963b0f000d24cf3ad868292f8c817ba75efc7c487979e6a4339408073	common_voice_mvy_42591161.mp3	03a7597a2ba63338b77e8858eed3dbf6015a494127228896ca89536646f489b4	تسی لا ݜَیں چھواری رِزَیں یاں حُکُم کیریۡ		0	0	thirties				mvy	
c334fa60a0cbb65df0d0a6431ecd607c1740b45e0f057ed72e42c813af5dedacee11819963b0f000d24cf3ad868292f8c817ba75efc7c487979e6a4339408073	common_voice_mvy_42591162.mp3	1ae2928188dd456d5aacd7a3d08c92cae8e874079176b7922d244e1fb54da77d	مہ سُوچی ہُو دھرِلوۡ چےۡ گی کرم آں گی نېرم۔		0	0	thirties				mvy	
c334fa60a0cbb65df0d0a6431ecd607c1740b45e0f057ed72e42c813af5dedacee11819963b0f000d24cf3ad868292f8c817ba75efc7c487979e6a4339408073	common_voice_mvy_42591163.mp3	18ae0f366385d648e98be5d3c08a3d00310dd415e1e8a616a85e8fcc57b0d4d7	وہ با اللہ پاکے زناؤرہ گِنہۡ پیدا کرہ چھے؟		0	0	thirties				mvy	
c334fa60a0cbb65df0d0a6431ecd607c1740b45e0f057ed72e42c813af5dedacee11819963b0f000d24cf3ad868292f8c817ba75efc7c487979e6a4339408073	common_voice_mvy_42591164.mp3	096b9ff5a5c503777dcdd0ac88b39004fbde03b1b6c465978c08f5e7889bd898	اسی نہ علاوہ ملېریا نہ اما رڇھیں گُولی واں استعمال		0	0	thirties				mvy	
c334fa60a0cbb65df0d0a6431ecd607c1740b45e0f057ed72e42c813af5dedacee11819963b0f000d24cf3ad868292f8c817ba75efc7c487979e6a4339408073	common_voice_mvy_42591165.mp3	1b95bf5b85b50c21e6f6ac441621e45d615ad04fd9141b4671ceeff38efd8e52	گرمی آں اسیں دُو مرضی		0	0	thirties				mvy	
c334fa60a0cbb65df0d0a6431ecd607c1740b45e0f057ed72e42c813af5dedacee11819963b0f000d24cf3ad868292f8c817ba75efc7c487979e6a4339408073	common_voice_mvy_42591166.mp3	1e58b0f8066b6e20e4a85dc129e23fae0c40698e138560d38a204885d3450c78	آں تیں ہتہۡ کۡھرہ تُوہہۡ تت ہوں تھہ کھیں		0	0	thirties				mvy	
32c785238358d3ff536ca2e6f0de0e6e30d47c2b0b9a485aa246bea40e297b3bfa77140ba24e24655fb669bed37bf2e9143c64693dcb4361331c3a6030a73743	common_voice_mvy_42595003.mp3	0afad23d804e5b4c559e06eef9d53e8d21ba2837f8d5890ba11721af89cc0973	ماݜی ہِن کھیژَئیں علاج		0	0	fourties				mvy	
32c785238358d3ff536ca2e6f0de0e6e30d47c2b0b9a485aa246bea40e297b3bfa77140ba24e24655fb669bed37bf2e9143c64693dcb4361331c3a6030a73743	common_voice_mvy_42595004.mp3	f44915fd4525a7531c4bbd24bd1da1489d2dd782bc4a22a9abd64bde3f24ad00	آں اسے (بلی) بنؤں سِڇھیا چھی۔		0	0	fourties				mvy	
32c785238358d3ff536ca2e6f0de0e6e30d47c2b0b9a485aa246bea40e297b3bfa77140ba24e24655fb669bed37bf2e9143c64693dcb4361331c3a6030a73743	common_voice_mvy_42595005.mp3	19954fe84f5b783dd5a2a1ddd5f9dd0f0c6431b7357e2563d9c38ba9f76f7a2f	نِوان٘ز مہ قص کرے سُنت		0	0	fourties				mvy	
32c785238358d3ff536ca2e6f0de0e6e30d47c2b0b9a485aa246bea40e297b3bfa77140ba24e24655fb669bed37bf2e9143c64693dcb4361331c3a6030a73743	common_voice_mvy_42595006.mp3	1e80ac93038b6b2807548d477aea34fe435c2abf452ca03eeff4d0498da38f68	نظر رِنٚگئیں مِلی کرہ گل یلغار		0	0	fourties				mvy	
32c785238358d3ff536ca2e6f0de0e6e30d47c2b0b9a485aa246bea40e297b3bfa77140ba24e24655fb669bed37bf2e9143c64693dcb4361331c3a6030a73743	common_voice_mvy_42595007.mp3	f2c39a3c1b9d45180a96271bcce36215c2fb6f7e0eb8681e7a5f58734b8792af	چے اِواں نسل پون٘شیل کشتی مژ بَھیاؤ۔		1	0	fourties				mvy	
32c785238358d3ff536ca2e6f0de0e6e30d47c2b0b9a485aa246bea40e297b3bfa77140ba24e24655fb669bed37bf2e9143c64693dcb4361331c3a6030a73743	common_voice_mvy_42595008.mp3	de672d3a0dcd414a433f3af120cf203bcd66d2aac2594a86e646040200fd08ed	خیال نی رڇھؤں ہُم رَتَیں کمی یاں باعث سندُژ تُھو۔		1	0	fourties				mvy	
32c785238358d3ff536ca2e6f0de0e6e30d47c2b0b9a485aa246bea40e297b3bfa77140ba24e24655fb669bed37bf2e9143c64693dcb4361331c3a6030a73743	common_voice_mvy_42595009.mp3	19ad413da5dac1e7338d3088a3adeda53f302a0f420b1865b0f375db38cb1ba8	آں تیں تصورَیں صلاحیت چئیرائ تُھو		0	0	fourties				mvy	
32c785238358d3ff536ca2e6f0de0e6e30d47c2b0b9a485aa246bea40e297b3bfa77140ba24e24655fb669bed37bf2e9143c64693dcb4361331c3a6030a73743	common_voice_mvy_42595010.mp3	119ae42992d11d56cf396d30a3ea8bf4934dc10eda8a4a4da00eb95d93de53fa	ݜسیں دن چے تُو ݜے خلکؤں		0	0	fourties				mvy	
32c785238358d3ff536ca2e6f0de0e6e30d47c2b0b9a485aa246bea40e297b3bfa77140ba24e24655fb669bed37bf2e9143c64693dcb4361331c3a6030a73743	common_voice_mvy_42595011.mp3	f6358e09cc50be39145c82acb1496c29b110b4d636c610a96433270b25b05e2c	نزلہ زُکاماں دن ایک بہتہۡرین دوائ سݩدُژیۡ تھی		0	0	fourties				mvy	
32c785238358d3ff536ca2e6f0de0e6e30d47c2b0b9a485aa246bea40e297b3bfa77140ba24e24655fb669bed37bf2e9143c64693dcb4361331c3a6030a73743	common_voice_mvy_42595012.mp3	f2548e26efabe9367972a6521aa9070beb0d4235e27f3082f55e5c8b2cb0cf01	ولے ݜُو ہُم رُشتا تھی چے قانُونَیں ݜے پُنیاک نی تھی		0	0	fourties				mvy	
32c785238358d3ff536ca2e6f0de0e6e30d47c2b0b9a485aa246bea40e297b3bfa77140ba24e24655fb669bed37bf2e9143c64693dcb4361331c3a6030a73743	common_voice_mvy_42595013.mp3	ee7da0b0598cc1830f101c2ce72a163079179baa89fd0a608426120735e0c0e9	میں بان چے میں ݜَیں ماسمہ ناجوڑ نی ہوں		1	0	fourties				mvy	
32c785238358d3ff536ca2e6f0de0e6e30d47c2b0b9a485aa246bea40e297b3bfa77140ba24e24655fb669bed37bf2e9143c64693dcb4361331c3a6030a73743	common_voice_mvy_42595014.mp3	06a50e7a834ca624ca17b926943247edd873ecf5a2dd09a73abb7350a7dc7fa6	قبلے گھُرٶں فرض تھُو۔		0	0	fourties				mvy	
32c785238358d3ff536ca2e6f0de0e6e30d47c2b0b9a485aa246bea40e297b3bfa77140ba24e24655fb669bed37bf2e9143c64693dcb4361331c3a6030a73743	common_voice_mvy_42595015.mp3	0094a4e39df0765de27f0a751c80dd84c1ec58d58ded2f4ecee8ef35d615abe4	آں ایوں ہِن زندگی ہَسانی ہُوئ تھی۔		1	0	fourties				mvy	
32c785238358d3ff536ca2e6f0de0e6e30d47c2b0b9a485aa246bea40e297b3bfa77140ba24e24655fb669bed37bf2e9143c64693dcb4361331c3a6030a73743	common_voice_mvy_42595016.mp3	1d31e55cde50a43cb2d7a229f7e0e0b2fddbe0a2e74c93f4677274b101483b8d	شُوگراں مریض جُوڑ ہو ݜرپھت ہوتُھو۔		0	0	fourties				mvy	
32c785238358d3ff536ca2e6f0de0e6e30d47c2b0b9a485aa246bea40e297b3bfa77140ba24e24655fb669bed37bf2e9143c64693dcb4361331c3a6030a73743	common_voice_mvy_42595017.mp3	0f64751340606ec66a6fc60e3216ce2de891aa69a32d78644b0ab8d65e16c44f	شارِع بناں تھو۔		1	0	fourties				mvy	
32c785238358d3ff536ca2e6f0de0e6e30d47c2b0b9a485aa246bea40e297b3bfa77140ba24e24655fb669bed37bf2e9143c64693dcb4361331c3a6030a73743	common_voice_mvy_42595018.mp3	db183b7273174a83214d6a6eeb24c401f9e0c4fd7f7ddbb80f258bce8c4c312e	پیالیُوں ہِن (جنتیاں خلکاں دن پُویَئیں یاں دن تِلا تھہ)۔		0	0	fourties				mvy	
32c785238358d3ff536ca2e6f0de0e6e30d47c2b0b9a485aa246bea40e297b3bfa77140ba24e24655fb669bed37bf2e9143c64693dcb4361331c3a6030a73743	common_voice_mvy_42595019.mp3	1e9b6adc7a2ee76209ad29ac5b165d10038f862c64d77e89598c591a0f7e81f1	چُن٘ڑُوں اڙوۡ دی یان٘س		0	0	fourties				mvy	
32c785238358d3ff536ca2e6f0de0e6e30d47c2b0b9a485aa246bea40e297b3bfa77140ba24e24655fb669bed37bf2e9143c64693dcb4361331c3a6030a73743	common_voice_mvy_42595020.mp3	f52454637583db6aafdf425ff18dc6dff71e332317a18e7641980072384fd037	نبی علیہ سلامَیں سون٘ہہۡ وحی ہُوئ تھی،		1	0	fourties				mvy	
32c785238358d3ff536ca2e6f0de0e6e30d47c2b0b9a485aa246bea40e297b3bfa77140ba24e24655fb669bed37bf2e9143c64693dcb4361331c3a6030a73743	common_voice_mvy_42595021.mp3	13f3055c150290fe60e39fd91b89a80b3f811008db282cdb9132b7250d9337eb	ہتَیں بَکھُویں ٹھُن٘گُریۡ سَیں دَھیٶں۔		0	0	fourties				mvy	
32c785238358d3ff536ca2e6f0de0e6e30d47c2b0b9a485aa246bea40e297b3bfa77140ba24e24655fb669bed37bf2e9143c64693dcb4361331c3a6030a73743	common_voice_mvy_42595022.mp3	1ef34397ca4ba8d52a0814f806f8a2da1d9d558f4988b5951bb947d581f3c51c	ترتیب ہِن نِوان٘ز کرٶں واجِب تھُو۔		1	0	fourties				mvy	
32c785238358d3ff536ca2e6f0de0e6e30d47c2b0b9a485aa246bea40e297b3bfa77140ba24e24655fb669bed37bf2e9143c64693dcb4361331c3a6030a73743	common_voice_mvy_42595023.mp3	1730f84ad1767ce7c28d541f2ac1b439b8da4acfca9a78260b24ef43fd898476	تس تاں ݜِݜ تے تال لا گھشَیں ہِن		0	0	fourties				mvy	
32c785238358d3ff536ca2e6f0de0e6e30d47c2b0b9a485aa246bea40e297b3bfa77140ba24e24655fb669bed37bf2e9143c64693dcb4361331c3a6030a73743	common_voice_mvy_42595024.mp3	17a19d6088bfe1e4d06b233f70997aa89dfbd66a0bbedfef5957cf14b401ee99	کام دېل ہُوئ تُھو چے اس کری۔		0	0	fourties				mvy	
32c785238358d3ff536ca2e6f0de0e6e30d47c2b0b9a485aa246bea40e297b3bfa77140ba24e24655fb669bed37bf2e9143c64693dcb4361331c3a6030a73743	common_voice_mvy_42595025.mp3	08d1fb2afbe19edb1ab0d246bcbd361af405d322c85f3180514af63519c6549c	مالَیں پھپ پچِلیۡ کھیں مال بے چینی مہ ہُوئ تھی۔		0	0	fourties				mvy	
32c785238358d3ff536ca2e6f0de0e6e30d47c2b0b9a485aa246bea40e297b3bfa77140ba24e24655fb669bed37bf2e9143c64693dcb4361331c3a6030a73743	common_voice_mvy_42595026.mp3	1c605079dc2f53c24eabb7f8d05229a76cbb43dba6347e3043e870415c34e1c6	جسم لا گولہ زخم ہُوگا کھیں تسے پکار تھی		1	0	fourties				mvy	
32c785238358d3ff536ca2e6f0de0e6e30d47c2b0b9a485aa246bea40e297b3bfa77140ba24e24655fb669bed37bf2e9143c64693dcb4361331c3a6030a73743	common_voice_mvy_42595031.mp3	1a8b2e46e50dfca4a54128c254368fc41a997a373a56fcc1be452fe8bf55f064	پاتے حرام تسے بَناں تھہ چے کؤں کام اؤلہ نہ		0	0	fourties				mvy	
32c785238358d3ff536ca2e6f0de0e6e30d47c2b0b9a485aa246bea40e297b3bfa77140ba24e24655fb669bed37bf2e9143c64693dcb4361331c3a6030a73743	common_voice_mvy_42595032.mp3	fae0143083f731269f8eb5267ef4346976c0bc666759af21ccd19db549b9aadc	آں اُچت تعلیماں کریا ڇېلَوں ہسان ہو۔		0	0	fourties				mvy	
32c785238358d3ff536ca2e6f0de0e6e30d47c2b0b9a485aa246bea40e297b3bfa77140ba24e24655fb669bed37bf2e9143c64693dcb4361331c3a6030a73743	common_voice_mvy_42595033.mp3	13060851a829f8f8a1103ae36444c3577ca705fd56e1d3fade9b1e685c0a2a56	اُحُد مہ مُسلماوَیں عارضی لکھ پاتیۡ نہ پتَیں		0	0	fourties				mvy	
32c785238358d3ff536ca2e6f0de0e6e30d47c2b0b9a485aa246bea40e297b3bfa77140ba24e24655fb669bed37bf2e9143c64693dcb4361331c3a6030a73743	common_voice_mvy_42595034.mp3	d1fb66882c01649550fd114398e4f2b10b1d9b8d40c47041c5d3d2a9b5622e45	بے محتاجہ تو داتا		0	0	fourties				mvy	
32c785238358d3ff536ca2e6f0de0e6e30d47c2b0b9a485aa246bea40e297b3bfa77140ba24e24655fb669bed37bf2e9143c64693dcb4361331c3a6030a73743	common_voice_mvy_42595035.mp3	1ccf17ec791efed41576585dbbd623dcb75ee7e62859da994405e664be87fcf5	مُت ملکؤں مِلیۡ تعلق رڇھئ یاں بارہ مہ احکامات		0	0	fourties				mvy	
4281ed2314a2c85676db55efdfd06ae0e80cca28b8a50303c9a63524c1b0bccc51e7d7dd44e22e4f6f155ee87c22d5c9f9423d73d9afcbb03a5b77e125c05f09	common_voice_mvy_42604440.mp3	188dc03596a027dfe1c6a3b98ffd94036c2296b858a9d03a45d9de27af0da39c	اسیں اثر تے اسیں طاقت گت لامحدُود تھی۔		0	0	thirties		کھیل/دوبېرَیں		mvy	
4281ed2314a2c85676db55efdfd06ae0e80cca28b8a50303c9a63524c1b0bccc51e7d7dd44e22e4f6f155ee87c22d5c9f9423d73d9afcbb03a5b77e125c05f09	common_voice_mvy_42604441.mp3	e95b647597c941400236cbf23189f7a978c17ae5186fad913a32859da81d8be2	منہ چور اک مُتیۡ دُنئ آن٘سیۡ		0	0	thirties		کھیل/دوبېرَیں		mvy	
4281ed2314a2c85676db55efdfd06ae0e80cca28b8a50303c9a63524c1b0bccc51e7d7dd44e22e4f6f155ee87c22d5c9f9423d73d9afcbb03a5b77e125c05f09	common_voice_mvy_42604442.mp3	014743e0c4ee37048940f0972aac98fddf5a77f6ded7b808747b906f1b19d445	اېں کن٘ڈؤں نہ بېل سِگیں وَیں گیوں مہ ہو تھہ۔		0	0	thirties		کھیل/دوبېرَیں		mvy	
4281ed2314a2c85676db55efdfd06ae0e80cca28b8a50303c9a63524c1b0bccc51e7d7dd44e22e4f6f155ee87c22d5c9f9423d73d9afcbb03a5b77e125c05f09	common_voice_mvy_42604443.mp3	de3d9b3773397ec04f587d8aecea4818904f4b660a9a5eeb31acdd94b7cafe37	مُتیۡ علامات ݜَیں ہو تھی		0	0	thirties		کھیل/دوبېرَیں		mvy	
4281ed2314a2c85676db55efdfd06ae0e80cca28b8a50303c9a63524c1b0bccc51e7d7dd44e22e4f6f155ee87c22d5c9f9423d73d9afcbb03a5b77e125c05f09	common_voice_mvy_42604444.mp3	0485fec9d948f34ed63664d10aaf52b4997a2706923777c92f5608111c8cca0a	کیں چے بُٹیۡ ژبہۡ پَیدا کرچھی،		1	0	thirties		کھیل/دوبېرَیں		mvy	
4281ed2314a2c85676db55efdfd06ae0e80cca28b8a50303c9a63524c1b0bccc51e7d7dd44e22e4f6f155ee87c22d5c9f9423d73d9afcbb03a5b77e125c05f09	common_voice_mvy_42604456.mp3	0b4e452824a2c47e92c3821de92d77a0504d4a69c5ba7960931a72fed74176d5	کوستؤں سُگاؤ وطن تُھو۔		0	0	thirties		کھیل/دوبېرَیں		mvy	
4281ed2314a2c85676db55efdfd06ae0e80cca28b8a50303c9a63524c1b0bccc51e7d7dd44e22e4f6f155ee87c22d5c9f9423d73d9afcbb03a5b77e125c05f09	common_voice_mvy_42604457.mp3	2151aab92a6ef163c52d84b9fb236cb5e248b0b1b3b5f02956a0572784be5511	بہ او دُوزخیاں ٹپُوتئیں دارو تُھو اگار		1	0	thirties		کھیل/دوبېرَیں		mvy	
4281ed2314a2c85676db55efdfd06ae0e80cca28b8a50303c9a63524c1b0bccc51e7d7dd44e22e4f6f155ee87c22d5c9f9423d73d9afcbb03a5b77e125c05f09	common_voice_mvy_42604458.mp3	182636f87571a05746a7ff6dcaef7024ef6fab30795dc52acafe9a4297b9561f	نھالی نا ݜے ہُویں ݜتَیں پان٘د کرَیں نہ پتَیں		0	0	thirties		کھیل/دوبېرَیں		mvy	
4281ed2314a2c85676db55efdfd06ae0e80cca28b8a50303c9a63524c1b0bccc51e7d7dd44e22e4f6f155ee87c22d5c9f9423d73d9afcbb03a5b77e125c05f09	common_voice_mvy_42604459.mp3	238f3cd1b67ef9fb6c47c278f61a17d6756605680b5bc804b8ee426abbf18b97	آں کُن٘زؤں ہِن آں روان خالص شراباں کھڑہۡ نہ		0	0	thirties		کھیل/دوبېرَیں		mvy	
4281ed2314a2c85676db55efdfd06ae0e80cca28b8a50303c9a63524c1b0bccc51e7d7dd44e22e4f6f155ee87c22d5c9f9423d73d9afcbb03a5b77e125c05f09	common_voice_mvy_42604460.mp3	0f2fca63edf4595571eab6ae9a6e1f81aaefa690dc83c3aa3e639e96fd82d84e	خو بِڅاں کریا تئیں سو مقصد حاصل کَرؤں پکار تُھو		1	0	thirties		کھیل/دوبېرَیں		mvy	
4281ed2314a2c85676db55efdfd06ae0e80cca28b8a50303c9a63524c1b0bccc51e7d7dd44e22e4f6f155ee87c22d5c9f9423d73d9afcbb03a5b77e125c05f09	common_voice_mvy_42604461.mp3	054bb084250f03a7141bafcb3e1181b7fd3fe1ed274f0ebd3271d8d78fc7efb9	معامِلؤں مہ ایک ادم ہُم کم ہُون٘دُوں اُو نی ہول ہو تُھو۔		0	0	thirties		کھیل/دوبېرَیں		mvy	
4281ed2314a2c85676db55efdfd06ae0e80cca28b8a50303c9a63524c1b0bccc51e7d7dd44e22e4f6f155ee87c22d5c9f9423d73d9afcbb03a5b77e125c05f09	common_voice_mvy_42604463.mp3	0205173e54d95ad35f6ff1b901b4dc61b21780967fb4a3232d3a4b0d22ebdc79	بو چور بئ بھېٹوۡ کھیں بُوئی بولاں بواں دن		0	0	thirties		کھیل/دوبېرَیں		mvy	
4281ed2314a2c85676db55efdfd06ae0e80cca28b8a50303c9a63524c1b0bccc51e7d7dd44e22e4f6f155ee87c22d5c9f9423d73d9afcbb03a5b77e125c05f09	common_voice_mvy_42604464.mp3	eb9b9c12efb35b269027e54201fb991206c6222d46d16fa2f11d7a6ae4d8405b	تُھکیۡ مہ رات اېوں آں بعضی وخ نسور نہ رات بېن٘یاں		0	0	thirties		کھیل/دوبېرَیں		mvy	
4281ed2314a2c85676db55efdfd06ae0e80cca28b8a50303c9a63524c1b0bccc51e7d7dd44e22e4f6f155ee87c22d5c9f9423d73d9afcbb03a5b77e125c05f09	common_voice_mvy_42604468.mp3	1ecc773b477d6303f383b260b78f0de93075e791888baba8b931bbd698c98d2d	ہُگیں ڇا یا چؤر ڈِڈُوری صاف کرے نہرہۡ لا کھَیں ہِن		0	0	thirties		کھیل/دوبېرَیں		mvy	
4281ed2314a2c85676db55efdfd06ae0e80cca28b8a50303c9a63524c1b0bccc51e7d7dd44e22e4f6f155ee87c22d5c9f9423d73d9afcbb03a5b77e125c05f09	common_voice_mvy_42604470.mp3	1fb24533557f0593bd1785c152a20c53e8b10843a22468cc33fa85331a017564	نِوان٘ز مہ بلی بنَیں ہِن نِوان٘ز شریۡ تھُو۔		0	0	thirties		کھیل/دوبېرَیں		mvy	
4281ed2314a2c85676db55efdfd06ae0e80cca28b8a50303c9a63524c1b0bccc51e7d7dd44e22e4f6f155ee87c22d5c9f9423d73d9afcbb03a5b77e125c05f09	common_voice_mvy_42604479.mp3	21a3a630b4fc6b1b7d15d577a5fbfb7cd04e68225f61aac1ba1faf0ac6e55271	اسیں ہُوئن٘یاں ثُبوت اشتوۡ (کمزور) ہو		0	0	thirties		کھیل/دوبېرَیں		mvy	
4281ed2314a2c85676db55efdfd06ae0e80cca28b8a50303c9a63524c1b0bccc51e7d7dd44e22e4f6f155ee87c22d5c9f9423d73d9afcbb03a5b77e125c05f09	common_voice_mvy_42604480.mp3	1ea2eeec359ef7de1fe2a44921bcd06319a3eacffb0816c589f2943db326e18e	طالیۡبہ تَیں مدرسیُوں مہ حاضری کراں تھہ۔		0	0	thirties		کھیل/دوبېرَیں		mvy	
4281ed2314a2c85676db55efdfd06ae0e80cca28b8a50303c9a63524c1b0bccc51e7d7dd44e22e4f6f155ee87c22d5c9f9423d73d9afcbb03a5b77e125c05f09	common_voice_mvy_42604481.mp3	1c2479406d6d4a76a52ca7017ffeedff638c953c7b50e023c0e2d2b9d666b1e7	چےۡ مُوبائل اَل دَم وَلے جِیب مہ چَھا چَھا ادَت سَن٘دژی تھی،		0	0	thirties		کھیل/دوبېرَیں		mvy	
4281ed2314a2c85676db55efdfd06ae0e80cca28b8a50303c9a63524c1b0bccc51e7d7dd44e22e4f6f155ee87c22d5c9f9423d73d9afcbb03a5b77e125c05f09	common_voice_mvy_42604482.mp3	250da5d25e377c52caa3eb185430cadf2c964baa451a627413b7e90ec6e22aff	اس (اگار) زَیں (دُسُق) یاد کرَیں یاں نَخوۡ سن٘دہ چھی،		0	0	thirties		کھیل/دوبېرَیں		mvy	
4281ed2314a2c85676db55efdfd06ae0e80cca28b8a50303c9a63524c1b0bccc51e7d7dd44e22e4f6f155ee87c22d5c9f9423d73d9afcbb03a5b77e125c05f09	common_voice_mvy_42604483.mp3	f7787ba58ea6c6c15adabdca29281c2e618724bcaf7f43992b9687ff30713cb9	نبوتیۡ یاں پن٘ژؤں کال مُسلمؤں لا ہویں والا ظِلموں نہ بچ کَریں یاں کِریا		0	0	thirties		کھیل/دوبېرَیں		mvy	
4281ed2314a2c85676db55efdfd06ae0e80cca28b8a50303c9a63524c1b0bccc51e7d7dd44e22e4f6f155ee87c22d5c9f9423d73d9afcbb03a5b77e125c05f09	common_voice_mvy_42604488.mp3	1b8a36b4f25dc6af9415aecb1f64fe3d3c31436ee29596d833d8e98ad89dd06d	سامُوٹھ درؤں قَیمتیاں دِیس		0	0	thirties		کھیل/دوبېرَیں		mvy	
4281ed2314a2c85676db55efdfd06ae0e80cca28b8a50303c9a63524c1b0bccc51e7d7dd44e22e4f6f155ee87c22d5c9f9423d73d9afcbb03a5b77e125c05f09	common_voice_mvy_42604489.mp3	247a1bb80cf4d1a15489f42444e66d31dedd9d87aef2ffa85366ffd85da1f34d	تسیں بارہ مہ حُکم پھیں ایل ہو		1	0	thirties		کھیل/دوبېرَیں		mvy	
4281ed2314a2c85676db55efdfd06ae0e80cca28b8a50303c9a63524c1b0bccc51e7d7dd44e22e4f6f155ee87c22d5c9f9423d73d9afcbb03a5b77e125c05f09	common_voice_mvy_42604490.mp3	23f2a33c95b2861ca1f236074ae7e82d4930b99a807407772a59e0c7329e8479	گی شے چے سَحراں دُو رکاتی سنت نِوان٘ز ہُوگا		0	0	thirties		کھیل/دوبېرَیں		mvy	
4281ed2314a2c85676db55efdfd06ae0e80cca28b8a50303c9a63524c1b0bccc51e7d7dd44e22e4f6f155ee87c22d5c9f9423d73d9afcbb03a5b77e125c05f09	common_voice_mvy_42604492.mp3	1b0a296472dddae808a9b9c45e582ce61b0f816549b19fe23789a31c58e9bdb6	دُنئ یاں ڇِگولشُوئ بِشؤں بُٹؤں نہ گھوں مُلک تُھو ،		0	0	thirties		کھیل/دوبېرَیں		mvy	
4281ed2314a2c85676db55efdfd06ae0e80cca28b8a50303c9a63524c1b0bccc51e7d7dd44e22e4f6f155ee87c22d5c9f9423d73d9afcbb03a5b77e125c05f09	common_voice_mvy_42604493.mp3	1a7f1ec37a2bf6e93769401a8cd938a1cbfa4f0d1d2333bbe09919c563cdcc46	نِوان٘ز مہ اُن٘دہ پرہ نھالُوں اڅھک ہُوئ تھُو۔		0	0	thirties		کھیل/دوبېرَیں		mvy	
4281ed2314a2c85676db55efdfd06ae0e80cca28b8a50303c9a63524c1b0bccc51e7d7dd44e22e4f6f155ee87c22d5c9f9423d73d9afcbb03a5b77e125c05f09	common_voice_mvy_42604500.mp3	fc9fe1dc3233c0954f32d658d131cf07cd9af22f4f66bc078064e229d31f00fe	ݜس وجہۡ ہِن تسےکن٘داں غزا ہُم بناں تھو۔		1	0	thirties		کھیل/دوبېرَیں		mvy	
4281ed2314a2c85676db55efdfd06ae0e80cca28b8a50303c9a63524c1b0bccc51e7d7dd44e22e4f6f155ee87c22d5c9f9423d73d9afcbb03a5b77e125c05f09	common_voice_mvy_42604501.mp3	15bde93a60ae2d7da4ebd4fb94a597446505a9210713803ccc350d3ff981f710	سو وختہ ہاریۡ حضرت ابوبکر صدیقؓ		0	0	thirties		کھیل/دوبېرَیں		mvy	
4281ed2314a2c85676db55efdfd06ae0e80cca28b8a50303c9a63524c1b0bccc51e7d7dd44e22e4f6f155ee87c22d5c9f9423d73d9afcbb03a5b77e125c05f09	common_voice_mvy_42604502.mp3	f60df7e1498f74eaa0d96641e78c6f402316604506f832d07e46100afb804fb7	اسیں کِریا بېعت عُقبہ اولیٰ بناں تھہ،		0	0	thirties		کھیل/دوبېرَیں		mvy	
4281ed2314a2c85676db55efdfd06ae0e80cca28b8a50303c9a63524c1b0bccc51e7d7dd44e22e4f6f155ee87c22d5c9f9423d73d9afcbb03a5b77e125c05f09	common_voice_mvy_42604503.mp3	017c753f95b8ef0f1e28db3393e35775dbe6bd3ebf9df3441fd686c3ea4a257f	مُشقَت یا بھا مہ بِکسیں خرچ اسی لا گُھریۡ تھُو		0	0	thirties		کھیل/دوبېرَیں		mvy	
4281ed2314a2c85676db55efdfd06ae0e80cca28b8a50303c9a63524c1b0bccc51e7d7dd44e22e4f6f155ee87c22d5c9f9423d73d9afcbb03a5b77e125c05f09	common_voice_mvy_42604505.mp3	1da140b66fe3a5c6a2abaafbf621c2edf6ad41af6d013daf9f70e4b8a249197e	ڈاگ لا موجود نی ہو صرف عربی ژیب والا تسے مؤنث بَناں		1	0	thirties		کھیل/دوبېرَیں		mvy	
4281ed2314a2c85676db55efdfd06ae0e80cca28b8a50303c9a63524c1b0bccc51e7d7dd44e22e4f6f155ee87c22d5c9f9423d73d9afcbb03a5b77e125c05f09	common_voice_mvy_42604510.mp3	174658e096cd04aa33a6a23a5a29140632701cff5ac3782f414034d9088934ce	باربار ݜَیں علامات ایں شروع ہُوندیۡ		1	0	thirties		کھیل/دوبېرَیں		mvy	
4281ed2314a2c85676db55efdfd06ae0e80cca28b8a50303c9a63524c1b0bccc51e7d7dd44e22e4f6f155ee87c22d5c9f9423d73d9afcbb03a5b77e125c05f09	common_voice_mvy_42604511.mp3	253ee630f774d25a0fa7e08f7a9b28ba28b0941881609cb7ec20df7e6644eae9	بِڅاں کریا تاں مھال دالہ نہ ای یان٘س		0	0	thirties		کھیل/دوبېرَیں		mvy	
4281ed2314a2c85676db55efdfd06ae0e80cca28b8a50303c9a63524c1b0bccc51e7d7dd44e22e4f6f155ee87c22d5c9f9423d73d9afcbb03a5b77e125c05f09	common_voice_mvy_42604512.mp3	20fa34ec605bf73643b379f66a13b9ae9322d38b2e9a42b93d914a5eae273f52	ݜَس وجہۡ نہ اللہ پاکے جبرائل علیہ السلام ہِن ݜُو بال ڇِہېو		0	0	thirties		کھیل/دوبېرَیں		mvy	
4281ed2314a2c85676db55efdfd06ae0e80cca28b8a50303c9a63524c1b0bccc51e7d7dd44e22e4f6f155ee87c22d5c9f9423d73d9afcbb03a5b77e125c05f09	common_voice_mvy_42604513.mp3	fd8ddd1e4a05e4651389535422c5c4361e1543217393f5f85d0c9a7b6461e888	چےۡ نئ او ما تُوں چو سُگاؤ ”ہی پوروۡ“ لِکہ چھی۔		0	0	thirties		کھیل/دوبېرَیں		mvy	
4281ed2314a2c85676db55efdfd06ae0e80cca28b8a50303c9a63524c1b0bccc51e7d7dd44e22e4f6f155ee87c22d5c9f9423d73d9afcbb03a5b77e125c05f09	common_voice_mvy_42604514.mp3	1ebc86558769d4f85100631a55c13e588592d32d8353f4cb865aa8a487c3626e	چے تگے خدائے پاکے قلمہ ہِن علم سِڇھیاچھی،		1	0	thirties		کھیل/دوبېرَیں		mvy	
efe7a77683c96ea54402c57d5123c35e8109ec77523680527590e7346e98e48f0bc79b24d10589a818448af304588fc249b14c0dad7ecaf3c834aa96860c7f2a	common_voice_mvy_42646749.mp3	d3ca24aec857b62fe85b4b7d74cbc75eb7ef73755e60f09a52a2f1bda6a9f5ec	علاقَیں ابادی ہر دیس چئ ہوں بی تھی		0	0					mvy	
efe7a77683c96ea54402c57d5123c35e8109ec77523680527590e7346e98e48f0bc79b24d10589a818448af304588fc249b14c0dad7ecaf3c834aa96860c7f2a	common_voice_mvy_42646750.mp3	16fa5eacd2fc71eefca02dab7be996ac68a240718c07ba380ec486f66522baa1	بنہ، تی گے سو گِھن٘لوک کنار (لخکر/لشکر) یا طاقت تھی،		0	0					mvy	
efe7a77683c96ea54402c57d5123c35e8109ec77523680527590e7346e98e48f0bc79b24d10589a818448af304588fc249b14c0dad7ecaf3c834aa96860c7f2a	common_voice_mvy_42646751.mp3	0034629652bba8c65e513e6e8148f4a6464b55f96efa841e45f64a5356a20498	اڑوۡ ݜِݜَیں دڑِیاں دن اُو چو من٘ڑنئ څیز تُھو۔		0	0					mvy	
efe7a77683c96ea54402c57d5123c35e8109ec77523680527590e7346e98e48f0bc79b24d10589a818448af304588fc249b14c0dad7ecaf3c834aa96860c7f2a	common_voice_mvy_42646752.mp3	1e51790626b260421e623f0d3b142b500fddcf4dfc54665291fa2db373f90a91	تسیں دن مِٹھوۡ بدل تُھو، آں اسے سم بنژا تُھو۔		0	0					mvy	
efe7a77683c96ea54402c57d5123c35e8109ec77523680527590e7346e98e48f0bc79b24d10589a818448af304588fc249b14c0dad7ecaf3c834aa96860c7f2a	common_voice_mvy_42646753.mp3	1c3c02ec53ca6940a250cf16b0b4ed0574ac31aa2a2cf97d09593151ac0f0968	مزی مزی لہ سُوئ گیس مہ تھی		0	0					mvy	
efe7a77683c96ea54402c57d5123c35e8109ec77523680527590e7346e98e48f0bc79b24d10589a818448af304588fc249b14c0dad7ecaf3c834aa96860c7f2a	common_voice_mvy_42646794.mp3	06f5de4a90161b53d4e0fd3e5a4b239fd6cbe69edf5b5f245c6e993ca564ebc3	چے تسی لا عقل چئ ہو۔		0	0	twenties				mvy	
efe7a77683c96ea54402c57d5123c35e8109ec77523680527590e7346e98e48f0bc79b24d10589a818448af304588fc249b14c0dad7ecaf3c834aa96860c7f2a	common_voice_mvy_42646795.mp3	186ddc18effcda9f4ea75d5a976982a80e7ce16e42368ac20a453b1e14d2de77	ملی دُنئ مہ اِواں اثر رسوخ تے اِوَیں طاقت گتہ بُنیادی وجہۡ تھی۔		0	0	twenties				mvy	
efe7a77683c96ea54402c57d5123c35e8109ec77523680527590e7346e98e48f0bc79b24d10589a818448af304588fc249b14c0dad7ecaf3c834aa96860c7f2a	common_voice_mvy_42646796.mp3	17b425c77de08cf5d078473beebe75c70b717775b242f25008f6989e0055d1a7	یا ایک ڈیمب ازاد کرا تُھو۔		0	0	twenties				mvy	
efe7a77683c96ea54402c57d5123c35e8109ec77523680527590e7346e98e48f0bc79b24d10589a818448af304588fc249b14c0dad7ecaf3c834aa96860c7f2a	common_voice_mvy_42646797.mp3	1a6cc51b14546fb94ef60f734edf3639004198f7d57bf6010afbafe7e4b41eca	اُو ہُویں مُڙاں دن چو فائدہ مند تُھو۔		0	0	twenties				mvy	
efe7a77683c96ea54402c57d5123c35e8109ec77523680527590e7346e98e48f0bc79b24d10589a818448af304588fc249b14c0dad7ecaf3c834aa96860c7f2a	common_voice_mvy_42646798.mp3	1bc7433447d301022dbc8536fbd318edcfbdfbc06706f0bef70dba82e5b61de4	بھابی ہِن ݜِݜَیں دڑیں علاج		0	0	twenties				mvy	
32c785238358d3ff536ca2e6f0de0e6e30d47c2b0b9a485aa246bea40e297b3bfa77140ba24e24655fb669bed37bf2e9143c64693dcb4361331c3a6030a73743	common_voice_mvy_42706518.mp3	1480a6b7d4c5301f403bc22c219c7789e5e733219d4f5640a870423299f8856f	گتہ گی ول تُھو		0	0	fourties				mvy	
32c785238358d3ff536ca2e6f0de0e6e30d47c2b0b9a485aa246bea40e297b3bfa77140ba24e24655fb669bed37bf2e9143c64693dcb4361331c3a6030a73743	common_voice_mvy_42706519.mp3	db68be8f346cf1889efee2bffe562af7cc0a23a2727d3c38a03c4257bf97e5e8	دُو یی بیۡشَیں لا واپس مدینے ایلوۡ۔		0	0	fourties				mvy	
32c785238358d3ff536ca2e6f0de0e6e30d47c2b0b9a485aa246bea40e297b3bfa77140ba24e24655fb669bed37bf2e9143c64693dcb4361331c3a6030a73743	common_voice_mvy_42706520.mp3	1a57e8f09fc549d828cb085310acf12568bd88c74666aa13d350ccaa3e52f0a6	ہُم وطن پھت کرَیں یاں حُکماں تمہۡ لا آن٘س۔		1	0	fourties				mvy	
32c785238358d3ff536ca2e6f0de0e6e30d47c2b0b9a485aa246bea40e297b3bfa77140ba24e24655fb669bed37bf2e9143c64693dcb4361331c3a6030a73743	common_voice_mvy_42706521.mp3	0cc29993c3a329a6bfc5964da232e852dd255ae862daa6b6223cd59bbd1cd71a	سو کَھٹَیں ہُو 'مدینہ' دھری تُھو۔		0	0	fourties				mvy	
32c785238358d3ff536ca2e6f0de0e6e30d47c2b0b9a485aa246bea40e297b3bfa77140ba24e24655fb669bed37bf2e9143c64693dcb4361331c3a6030a73743	common_voice_mvy_42706522.mp3	1a1f4856b57bedfb1ce91ca343c1351b72ad09056c8d8e84b1bbdbd8e52d860d	امہ واں رس چو وېلوۡ آں سُرسوۡ،		0	0	fourties				mvy	
32c785238358d3ff536ca2e6f0de0e6e30d47c2b0b9a485aa246bea40e297b3bfa77140ba24e24655fb669bed37bf2e9143c64693dcb4361331c3a6030a73743	common_voice_mvy_42706523.mp3	f67610323d83b5ee12484d9bbe6261628f71b66a32130c82590d3ddbb70daafc	کسیں کھانگیۡ ایلُوں یا سینہ خراب ہُون٘دوں تسے		0	0	fourties				mvy	
32c785238358d3ff536ca2e6f0de0e6e30d47c2b0b9a485aa246bea40e297b3bfa77140ba24e24655fb669bed37bf2e9143c64693dcb4361331c3a6030a73743	common_voice_mvy_42706524.mp3	1a3ff540ad410a77a970754d1066a3dcb496833bc4c3e4ee03b490087303b8a8	گھؤں کورا گیل نِوان٘ز کیر کھیں اڅھک ہُوئ تھُو۔		0	0	fourties				mvy	
32c785238358d3ff536ca2e6f0de0e6e30d47c2b0b9a485aa246bea40e297b3bfa77140ba24e24655fb669bed37bf2e9143c64693dcb4361331c3a6030a73743	common_voice_mvy_42706525.mp3	b53ed5ae0781bcef6c83497e82a9307656ac8a032a6da9ee3d35b226748e2f01	آں نہ دُنئ مہ امناں کریا اسیں گی تعریفاں قابل کِردار تُھو۔		1	0	fourties				mvy	
32c785238358d3ff536ca2e6f0de0e6e30d47c2b0b9a485aa246bea40e297b3bfa77140ba24e24655fb669bed37bf2e9143c64693dcb4361331c3a6030a73743	common_voice_mvy_42706526.mp3	3e3251f3a752aa32bf308f9d81d25961ddd56218aa8f98135427dd3f4c1105a1	۔۔۔ل		0	0	fourties				mvy	
32c785238358d3ff536ca2e6f0de0e6e30d47c2b0b9a485aa246bea40e297b3bfa77140ba24e24655fb669bed37bf2e9143c64693dcb4361331c3a6030a73743	common_voice_mvy_42706527.mp3	db1b1f36095b6452af01552e76693bfebd886cd48641c80c1c6b81ed437a635b	مُولان٘لاں کِریا اَقالہ اِختیار شرط کریل ہو۔		0	0	fourties				mvy	
32c785238358d3ff536ca2e6f0de0e6e30d47c2b0b9a485aa246bea40e297b3bfa77140ba24e24655fb669bed37bf2e9143c64693dcb4361331c3a6030a73743	common_voice_mvy_42706528.mp3	1f66f54536acfe14251b72b7440f19650e5e44d4e10675960cd56eef9addad32	ݜَس ماݜاں کمَہ یا بَلی وَیں شرعی نتیجہ ہو تھی۔		1	0	fourties				mvy	
32c785238358d3ff536ca2e6f0de0e6e30d47c2b0b9a485aa246bea40e297b3bfa77140ba24e24655fb669bed37bf2e9143c64693dcb4361331c3a6030a73743	common_voice_mvy_42706529.mp3	0df92054bcac01230915ef8a6e7b22c6b27349d0224161989f61bc3e7e857f5d	پادېس دیُو زن٘گلے روان ہُوندوۡ		0	0	fourties				mvy	
32c785238358d3ff536ca2e6f0de0e6e30d47c2b0b9a485aa246bea40e297b3bfa77140ba24e24655fb669bed37bf2e9143c64693dcb4361331c3a6030a73743	common_voice_mvy_42706530.mp3	219a165ded0fca9936a381bf855a90d98ca1253459f1ada218ad282377950930	ولے سېوں لا وے گیلیۡ کھیں ژھپ ہوں تھو۔		0	0	fourties				mvy	
32c785238358d3ff536ca2e6f0de0e6e30d47c2b0b9a485aa246bea40e297b3bfa77140ba24e24655fb669bed37bf2e9143c64693dcb4361331c3a6030a73743	common_voice_mvy_42706531.mp3	1599721779d094a06f206a8fc2e8582a7b00853870493543e8e5b0c4a52b2a58	آں نہ شاہِری اسی لا خُن (مزہ) کیریۡ تھی؛		0	0	fourties				mvy	
32c785238358d3ff536ca2e6f0de0e6e30d47c2b0b9a485aa246bea40e297b3bfa77140ba24e24655fb669bed37bf2e9143c64693dcb4361331c3a6030a73743	common_voice_mvy_42706532.mp3	213d06f5e62b7d76dfee8aeacb2946eac7e1caf99b0d6dee65ae615e7e324c41	حرفاں تعریف گِشے تُھو		0	0	fourties				mvy	
32c785238358d3ff536ca2e6f0de0e6e30d47c2b0b9a485aa246bea40e297b3bfa77140ba24e24655fb669bed37bf2e9143c64693dcb4361331c3a6030a73743	common_voice_mvy_42706533.mp3	db0c91f52e534fbda478189986637d3079b5534b51dffc6d6485a6b6937e4827	رسولؐ پاکے سِوَیں ژُن٘ڑُوں محاصرہ کیریۡ؛		0	0	fourties				mvy	
32c785238358d3ff536ca2e6f0de0e6e30d47c2b0b9a485aa246bea40e297b3bfa77140ba24e24655fb669bed37bf2e9143c64693dcb4361331c3a6030a73743	common_voice_mvy_42706534.mp3	f0cd688d8ca18c830954c169888886b41d9cdef728f167acf9e64711956ccd6e	آں گی گی اېں پاتُو (دُنَیں مہ) پھت کراں تھہ،		0	0	fourties				mvy	
32c785238358d3ff536ca2e6f0de0e6e30d47c2b0b9a485aa246bea40e297b3bfa77140ba24e24655fb669bed37bf2e9143c64693dcb4361331c3a6030a73743	common_voice_mvy_42706535.mp3	d2e5b776ab0ff08cdaef0b90fe0146e8d65ec85265470093c7fb0f87e47e9c0b	تَیں کؤرٹوں مہ وے پوراں تھی		0	0	fourties				mvy	
32c785238358d3ff536ca2e6f0de0e6e30d47c2b0b9a485aa246bea40e297b3bfa77140ba24e24655fb669bed37bf2e9143c64693dcb4361331c3a6030a73743	common_voice_mvy_42706536.mp3	1d76a52cb905fe4974dd13dff6973a5177667a26d63e3b0a305af6f426229404	ژر مکمل ختم ہُوئ تھی		0	0	fourties				mvy	
32c785238358d3ff536ca2e6f0de0e6e30d47c2b0b9a485aa246bea40e297b3bfa77140ba24e24655fb669bed37bf2e9143c64693dcb4361331c3a6030a73743	common_voice_mvy_42706537.mp3	1965dc42b87a79042d7079a03c9c5072bfb51861aded1aeb7ec5021ab7e18c57	معرفاں سات قسمؤں نہ علاوہ تمام اسمہ نکرہ تھہ		1	0	fourties				mvy	
32c785238358d3ff536ca2e6f0de0e6e30d47c2b0b9a485aa246bea40e297b3bfa77140ba24e24655fb669bed37bf2e9143c64693dcb4361331c3a6030a73743	common_voice_mvy_42706538.mp3	eaa36e93f7e2a84991381a6c2df9fa445b6610cc38feacc6af44141011d3af9f	قُرېشَیں مُطالبہ ہِن رسول اللہ ص وسلّمَیں ان٘گُوۡئ مبارکَیں		0	0	fourties				mvy	
32c785238358d3ff536ca2e6f0de0e6e30d47c2b0b9a485aa246bea40e297b3bfa77140ba24e24655fb669bed37bf2e9143c64693dcb4361331c3a6030a73743	common_voice_mvy_42706539.mp3	119b0d9f60e565cd7da642254949d6d6f7ffe4b7d9311273da0754c1efe47ce1	اللہ پاکئیں عبادت کرؤں،		0	0	fourties				mvy	
32c785238358d3ff536ca2e6f0de0e6e30d47c2b0b9a485aa246bea40e297b3bfa77140ba24e24655fb669bed37bf2e9143c64693dcb4361331c3a6030a73743	common_voice_mvy_42706540.mp3	e4c16f3dd2a24bab6c62781b6d8de9b63461f002fac88900f0d00f00579fec66	کلَتاں جُوشانده رال نیڙ بېن٘یاں وخ استعمال کرَیں ہِن		0	0	fourties				mvy	
32c785238358d3ff536ca2e6f0de0e6e30d47c2b0b9a485aa246bea40e297b3bfa77140ba24e24655fb669bed37bf2e9143c64693dcb4361331c3a6030a73743	common_voice_mvy_42706541.mp3	1559499981624ed958e00108fc25f62c97b1bf3cdadfa742fdcf9f2bf6ac2c99	اېک مُوݜے اېک ماݜئیں قیمتی کان٘ڑئ اوک غُرُٹ کرہ گِلیۡ۔		0	0	fourties				mvy	
32c785238358d3ff536ca2e6f0de0e6e30d47c2b0b9a485aa246bea40e297b3bfa77140ba24e24655fb669bed37bf2e9143c64693dcb4361331c3a6030a73743	common_voice_mvy_42706542.mp3	b8f2fe7bf6c0108c470f286d980f380957733254cd5dd1337b3d96773d045208	بشام کتِیُوک دُور تُھو؟		0	0	fourties				mvy	
32c785238358d3ff536ca2e6f0de0e6e30d47c2b0b9a485aa246bea40e297b3bfa77140ba24e24655fb669bed37bf2e9143c64693dcb4361331c3a6030a73743	common_voice_mvy_42706543.mp3	1234f669ba585ec3c370a9852d654ae5bb48ec1ac58561c01f2e98d8771918d4	ݜُو، سو وختیں رِواج آن٘سیۡ،		0	0	fourties				mvy	
41faa61747f8f2ebdd22bd5c42f52129d737d45c8c795b1d9f9bdca5f3c83c03a3e3a8eab4e5d9f4f778931381320331a9206e683e8bca5303f1a7a47fee2be2	common_voice_mvy_42736011.mp3	056096a01408e05a5a88e6d3515cfdef7afc229fb21cc3ba00ac348cfeffafcd	اجازت ملَیں مِلیۡ رسول اللہ صلی اللہ علیہ وسلمے		0	0					mvy	
41faa61747f8f2ebdd22bd5c42f52129d737d45c8c795b1d9f9bdca5f3c83c03a3e3a8eab4e5d9f4f778931381320331a9206e683e8bca5303f1a7a47fee2be2	common_voice_mvy_42736012.mp3	f4dbf30fe3fd76d77e5118d413dd18c08de040c7bda2affb01c2d750fb9ae152	چُون٘ڑ بول یا بَہر کَرَیں ہِن یا		0	0					mvy	
41faa61747f8f2ebdd22bd5c42f52129d737d45c8c795b1d9f9bdca5f3c83c03a3e3a8eab4e5d9f4f778931381320331a9206e683e8bca5303f1a7a47fee2be2	common_voice_mvy_42736013.mp3	0c4560a470d774b7fe250c6f711029d758849435ae98801e7748f4f6882c8820	کھیں انشاءاللہ چؤرُیی بیش گین٘ٹیُوں مہ خیر اےتھی۔		0	0					mvy	
41faa61747f8f2ebdd22bd5c42f52129d737d45c8c795b1d9f9bdca5f3c83c03a3e3a8eab4e5d9f4f778931381320331a9206e683e8bca5303f1a7a47fee2be2	common_voice_mvy_42736014.mp3	f7292765c135c47ddb49cfb8f53d7e722baa3ae2546290bdd1c171923c732bc3	فرض نِوان٘زاں پاتی دُو رکاتیوں (رکعتیوں) مہ		0	0					mvy	
41faa61747f8f2ebdd22bd5c42f52129d737d45c8c795b1d9f9bdca5f3c83c03a3e3a8eab4e5d9f4f778931381320331a9206e683e8bca5303f1a7a47fee2be2	common_voice_mvy_42736015.mp3	1e9bd041dcc52beb65c1d50b02f0b2ef2df0a120fdeeb9acdde71f1ca8696c4d	آں تسیں نرخ ہُم بُٹواں کریا اک شاناں ہوتُھو۔۔		0	0					mvy	
41faa61747f8f2ebdd22bd5c42f52129d737d45c8c795b1d9f9bdca5f3c83c03a3e3a8eab4e5d9f4f778931381320331a9206e683e8bca5303f1a7a47fee2be2	common_voice_mvy_42736021.mp3	1f18c4ececb9e333ab46eed97db6895143e5bf7336f582efcc45a4e4c6aac674	دراں تے کھڑکیُوں لا ڇِہن٘وۡ جال رِن٘گؤں		0	0					mvy	
41faa61747f8f2ebdd22bd5c42f52129d737d45c8c795b1d9f9bdca5f3c83c03a3e3a8eab4e5d9f4f778931381320331a9206e683e8bca5303f1a7a47fee2be2	common_voice_mvy_42736022.mp3	fb07e2dac02d002d7ed55b37e9298a2cc003e7d9f90e89ca146f98af0895ec63	آژ ڈاگدر ، انجنېر ،نقشی سندوۡ، خبری دېو، کاروباری ، بین٘گ وال		0	0					mvy	
41faa61747f8f2ebdd22bd5c42f52129d737d45c8c795b1d9f9bdca5f3c83c03a3e3a8eab4e5d9f4f778931381320331a9206e683e8bca5303f1a7a47fee2be2	common_voice_mvy_42736023.mp3	14f8411b50ba81c3c0c6290dda601b67ca46725be374257347b60304c7fdff0e	مِٹھائ، چِگمہ آں بِگ بِگ څیزہۡ گلاں بیئل		0	0					mvy	
41faa61747f8f2ebdd22bd5c42f52129d737d45c8c795b1d9f9bdca5f3c83c03a3e3a8eab4e5d9f4f778931381320331a9206e683e8bca5303f1a7a47fee2be2	common_voice_mvy_42736024.mp3	1d7e5382aec3d48fa151f6d23ca78f8f7f53cae3dd1200242845a2723cd0a7f6	اِواں رس نھیلہ گلے اسیں کم لک قطری نسُور تے کن٘ڑہۡ مہ گلی۔		0	0					mvy	
41faa61747f8f2ebdd22bd5c42f52129d737d45c8c795b1d9f9bdca5f3c83c03a3e3a8eab4e5d9f4f778931381320331a9206e683e8bca5303f1a7a47fee2be2	common_voice_mvy_42736025.mp3	c16dd3640b5517ca74182f6c1049caa248389690d89f9aeb0994272905c757af	اللہ پاکَیں دین مہ اسی معنہ خاص		0	0					mvy	
41faa61747f8f2ebdd22bd5c42f52129d737d45c8c795b1d9f9bdca5f3c83c03a3e3a8eab4e5d9f4f778931381320331a9206e683e8bca5303f1a7a47fee2be2	common_voice_mvy_42736051.mp3	f1f70f41bb1348fbce367c8be16c8ae37594d0aa8a154dd63fbb913a371619a8	کاں خلکؤں چے دوییں پن لا بئ تھہ		0	0	thirties				mvy	
41faa61747f8f2ebdd22bd5c42f52129d737d45c8c795b1d9f9bdca5f3c83c03a3e3a8eab4e5d9f4f778931381320331a9206e683e8bca5303f1a7a47fee2be2	common_voice_mvy_42736052.mp3	0f85c5dad85f5b308806ef7027efec90c422fde0b070fd28f5670230b3c2d41f	اَس سُرسیۡرَیں یاں باوجود)، تُس شُکھریہ گِن نېراں تھہ؟		0	0	thirties				mvy	
41faa61747f8f2ebdd22bd5c42f52129d737d45c8c795b1d9f9bdca5f3c83c03a3e3a8eab4e5d9f4f778931381320331a9206e683e8bca5303f1a7a47fee2be2	common_voice_mvy_42736053.mp3	1b4d34e06f31456ed7f5b69b1f55f8d86a672c7d158956593fc0833bf7e766cf	پارُو سَیں گھریۡ ماݜہ روان آن٘سیۡ۔		0	0	thirties				mvy	
41faa61747f8f2ebdd22bd5c42f52129d737d45c8c795b1d9f9bdca5f3c83c03a3e3a8eab4e5d9f4f778931381320331a9206e683e8bca5303f1a7a47fee2be2	common_voice_mvy_42736054.mp3	156e25b4cc436e62555c25e90a6a8535167baaf35b2a9a244a8b06f3a9e4738d	اېں بنا تُھو: گِن نَیں! زاں گے بِھیان٘لو رُشتا ای یان٘س		0	0	thirties				mvy	
41faa61747f8f2ebdd22bd5c42f52129d737d45c8c795b1d9f9bdca5f3c83c03a3e3a8eab4e5d9f4f778931381320331a9206e683e8bca5303f1a7a47fee2be2	common_voice_mvy_42736055.mp3	1889a0e534b434143c723074d9551bd8737d632a944e8f837455f294a14e4e38	ران٘گ، قام، ٹبر، ذات، مذہب، ڈلہۡ پَرہۡ		0	0	thirties				mvy	
41faa61747f8f2ebdd22bd5c42f52129d737d45c8c795b1d9f9bdca5f3c83c03a3e3a8eab4e5d9f4f778931381320331a9206e683e8bca5303f1a7a47fee2be2	common_voice_mvy_42736056.mp3	cf0aaf96841a0354def787bf8c512b874c97867bb6032bdf20eb6792f6a7dc12	اسی مہ رٹان٘لو اسیں مارؤں ہُوگا۔		0	0	thirties				mvy	
41faa61747f8f2ebdd22bd5c42f52129d737d45c8c795b1d9f9bdca5f3c83c03a3e3a8eab4e5d9f4f778931381320331a9206e683e8bca5303f1a7a47fee2be2	common_voice_mvy_42736057.mp3	1c2078db85b2b86d664a61af3c4f41eca4ab743137eaa5e1ae27c89e79ab13ec	مُت ناجوڑ کرَیں تیار ہُوئ تُھو۔		0	0	thirties				mvy	
41faa61747f8f2ebdd22bd5c42f52129d737d45c8c795b1d9f9bdca5f3c83c03a3e3a8eab4e5d9f4f778931381320331a9206e683e8bca5303f1a7a47fee2be2	common_voice_mvy_42736058.mp3	06421900fcc4be96bcfec8b8ec63a9ad50a6662b0c995168f6d02e33d8f9182c	کېر اللہ محفوظ ہمیش تیں ابادی		0	0	thirties				mvy	
41faa61747f8f2ebdd22bd5c42f52129d737d45c8c795b1d9f9bdca5f3c83c03a3e3a8eab4e5d9f4f778931381320331a9206e683e8bca5303f1a7a47fee2be2	common_voice_mvy_42736059.mp3	0e59a5de7dcd523dd01f66d3fc92b37a00491ce69dd95763b50731ccf130d811	انتہائی پسندیدہ فن تُھو۔		0	0	thirties				mvy	
41faa61747f8f2ebdd22bd5c42f52129d737d45c8c795b1d9f9bdca5f3c83c03a3e3a8eab4e5d9f4f778931381320331a9206e683e8bca5303f1a7a47fee2be2	common_voice_mvy_42736060.mp3	1c0b3ada32e9654301d3a1dfd7747e6c5453af3df51a3955a92de851dab8edb6	پویں یاں وے صاف آں بِرژېلوۡ ہو۔		0	0	thirties				mvy	
41faa61747f8f2ebdd22bd5c42f52129d737d45c8c795b1d9f9bdca5f3c83c03a3e3a8eab4e5d9f4f778931381320331a9206e683e8bca5303f1a7a47fee2be2	common_voice_mvy_42736066.mp3	1f30a14d7abd981dcc15812cbc62d1347aa90ac7e335e44f6e32ec9210e0c2da	مالاں غاڑ مہ گلے سیوں دھا بِگلُو بیں تھہ۔		0	0	thirties				mvy	
41faa61747f8f2ebdd22bd5c42f52129d737d45c8c795b1d9f9bdca5f3c83c03a3e3a8eab4e5d9f4f778931381320331a9206e683e8bca5303f1a7a47fee2be2	common_voice_mvy_42736067.mp3	1dd5a257945acacb31583af39492f3bb30381cf7208bce710e7aab78deb5a535	خلکؤں تسی مژ کتابہ لِکہ ڇھی۔		0	0	thirties				mvy	
41faa61747f8f2ebdd22bd5c42f52129d737d45c8c795b1d9f9bdca5f3c83c03a3e3a8eab4e5d9f4f778931381320331a9206e683e8bca5303f1a7a47fee2be2	common_voice_mvy_42736068.mp3	9d8d7c508a0e48546e0772b1ddbf14bfd1ce81e9d47c2d980e5a4cd6a1704e76	اللہ پاکے ”دېل یا چکساں حُکُم“ نیېَیں یاں بنیل ہو۔		0	0	thirties				mvy	
41faa61747f8f2ebdd22bd5c42f52129d737d45c8c795b1d9f9bdca5f3c83c03a3e3a8eab4e5d9f4f778931381320331a9206e683e8bca5303f1a7a47fee2be2	common_voice_mvy_42736069.mp3	d6f39b6c234405f1f6df5ae787b9ecc1d45fe10ccd0cd2fd868623350203a167	کھیں کھٹؤں لَک نوٹ سَن٘دَم لہ اِوَیں ہسانی ہو۔		0	0	thirties				mvy	
41faa61747f8f2ebdd22bd5c42f52129d737d45c8c795b1d9f9bdca5f3c83c03a3e3a8eab4e5d9f4f778931381320331a9206e683e8bca5303f1a7a47fee2be2	common_voice_mvy_42736070.mp3	d6667979d295700f7e9e10468420d6f22ac2ff01fdd212c1949a2db76dd5d9e8	او میں کُوٹھؤں وے وئ گا“		0	0	thirties				mvy	
18e5be1fdb8add9f19c7d9cd8e84dff19ea202bdfbb7dca29496c4effbf031504d09d573a3cb803f8100140b10668d97e3d9fab4127a36663b8aae6d4d783ec9	common_voice_mvy_43085491.mp3	0f6976cca6fef6f4609f860b46ff996b70dd1079200922cdd7bd4e11ab9ae9f7	(سو) چئ اڅھکیۡ زائ تھی۔		0	0	thirties				mvy	
18e5be1fdb8add9f19c7d9cd8e84dff19ea202bdfbb7dca29496c4effbf031504d09d573a3cb803f8100140b10668d97e3d9fab4127a36663b8aae6d4d783ec9	common_voice_mvy_43085492.mp3	1e1dd5d7e8ee6106b53cb7859edbdf008c76b31c7085d7b127c9f52c457ad159	اسیں وجہۡ علاقاں مُنتظمین وَیں لاپرواہی تے غفلت		0	0	thirties				mvy	
18e5be1fdb8add9f19c7d9cd8e84dff19ea202bdfbb7dca29496c4effbf031504d09d573a3cb803f8100140b10668d97e3d9fab4127a36663b8aae6d4d783ec9	common_voice_mvy_43085493.mp3	edca945d3e5a5d82dd69c0fb5d152b6ed59d2907beb89bf20e8147f0f098b213	تاں ربَیں گِھن٘لیۡ گِھن٘لیۡ نِعمتی پھېرٹیۡرا تھو؟		0	0	thirties				mvy	
18e5be1fdb8add9f19c7d9cd8e84dff19ea202bdfbb7dca29496c4effbf031504d09d573a3cb803f8100140b10668d97e3d9fab4127a36663b8aae6d4d783ec9	common_voice_mvy_43085494.mp3	1e256381b5be9ef6eafcadbf596de8f5881b9d2732235e2891b02ffd2dbeb579	کس شاگِڑہ ملیۡ تُوں محنت کیریۡ		0	0	thirties				mvy	
18e5be1fdb8add9f19c7d9cd8e84dff19ea202bdfbb7dca29496c4effbf031504d09d573a3cb803f8100140b10668d97e3d9fab4127a36663b8aae6d4d783ec9	common_voice_mvy_43085496.mp3	f60a03285333a2419f50ccb1b84f8f3a802deba47bfbabb4cf54496a805b0ade	ݜُو نِوان٘ز ہِن بیکسے تکلیف دیوں		0	0	thirties				mvy	
4a4a5c2e11f445124c7de21466bee9db2e0e5793ce709afa3fe8b2c39b99f2f6e0f8637f5cc9e48b2e8060c1005e9fdb7e932c620687367ea9d79ffb3e62e81d	common_voice_mvy_43136371.mp3	12067c1a415e3ca3bc03fa724e98a27e53407a2d2ed811566a007c891310d383	آں پیالے گتہ سلام کرے		0	0					mvy	
4a4a5c2e11f445124c7de21466bee9db2e0e5793ce709afa3fe8b2c39b99f2f6e0f8637f5cc9e48b2e8060c1005e9fdb7e932c620687367ea9d79ffb3e62e81d	common_voice_mvy_43136372.mp3	121081fee1d21bdcb6d3538718b58376d0697f5043f3759cb8577a3b2978a7b9	مھالی کؤ کیریۡ او مٹُوتمَیں ہُویے زات منی بھئ وہ۔		0	0					mvy	
4a4a5c2e11f445124c7de21466bee9db2e0e5793ce709afa3fe8b2c39b99f2f6e0f8637f5cc9e48b2e8060c1005e9fdb7e932c620687367ea9d79ffb3e62e81d	common_voice_mvy_43136373.mp3	1af4288818e3e18e9d1e17c39b1b1a4b760e7ea8cac06f25905f11465b7b4b49	شرط یی تے وجہۡ مہ فرق		0	0					mvy	
4a4a5c2e11f445124c7de21466bee9db2e0e5793ce709afa3fe8b2c39b99f2f6e0f8637f5cc9e48b2e8060c1005e9fdb7e932c620687367ea9d79ffb3e62e81d	common_voice_mvy_43136374.mp3	1a3c563433d3d5937156edf169366b34a66529d8dfba008afeb8ccf95a762e79	اُو (دیس) اسمان څرپُّو څېرہ گلا تھُو؛		0	0					mvy	
4a4a5c2e11f445124c7de21466bee9db2e0e5793ce709afa3fe8b2c39b99f2f6e0f8637f5cc9e48b2e8060c1005e9fdb7e932c620687367ea9d79ffb3e62e81d	common_voice_mvy_43136375.mp3	1251340430955895e38097a19301d7bcf8b1c3acf330e18011797e6de11d4591	بعیینہ میں خواہشی یاں مُطابِق		0	0					mvy	
4281ed2314a2c85676db55efdfd06ae0e80cca28b8a50303c9a63524c1b0bccc51e7d7dd44e22e4f6f155ee87c22d5c9f9423d73d9afcbb03a5b77e125c05f09	common_voice_mvy_43579287.mp3	213195933c5fadccdef4666a4a75af1d1dc022a230e869369007e5725fb6ece1	بال ہمېش تمیز ہِن آں اعتراض ہمېش دلیل ہن کری۔		0	0	thirties		کھیل/دوبېرَیں		mvy	
4281ed2314a2c85676db55efdfd06ae0e80cca28b8a50303c9a63524c1b0bccc51e7d7dd44e22e4f6f155ee87c22d5c9f9423d73d9afcbb03a5b77e125c05f09	common_voice_mvy_43579288.mp3	1ca66c86ec5f2b74bbd0021c443bce770148bd2a349d39442c0a991b3ce76b79	حُنین' گے 'مالک بن عوفے' ہوازن تے ثقیفَیں ٹبری اېکٹِھرا گلے		0	0	thirties		کھیل/دوبېرَیں		mvy	
4281ed2314a2c85676db55efdfd06ae0e80cca28b8a50303c9a63524c1b0bccc51e7d7dd44e22e4f6f155ee87c22d5c9f9423d73d9afcbb03a5b77e125c05f09	common_voice_mvy_43579289.mp3	6d467cbb356bab964abef9fd42d9ef103ceab18c3a17d532b27aa462fe819a99	کو ڇہ پرہ تاؤں نہ څابُون اَیں بئ تھی،		0	0	thirties		کھیل/دوبېرَیں		mvy	
4281ed2314a2c85676db55efdfd06ae0e80cca28b8a50303c9a63524c1b0bccc51e7d7dd44e22e4f6f155ee87c22d5c9f9423d73d9afcbb03a5b77e125c05f09	common_voice_mvy_43579290.mp3	2504f33b15718f7b7316047d20f0f7197165b8b0d88f1a8028cfbd20b1dbd4fd	ݜُو وَل لا مُسلماں آں بنو ہاشم ݜس ظِلم نہ مُچِل۔		0	0	thirties		کھیل/دوبېرَیں		mvy	
4281ed2314a2c85676db55efdfd06ae0e80cca28b8a50303c9a63524c1b0bccc51e7d7dd44e22e4f6f155ee87c22d5c9f9423d73d9afcbb03a5b77e125c05f09	common_voice_mvy_43579291.mp3	26c42392ecd841285e2ccfd605229aa4c2d05a0023ebb02e778b9c48c1cea22d	تسے نبی ﷺ ایں میزبانیں عزت ملی گے۔		0	0	thirties		کھیل/دوبېرَیں		mvy	
4281ed2314a2c85676db55efdfd06ae0e80cca28b8a50303c9a63524c1b0bccc51e7d7dd44e22e4f6f155ee87c22d5c9f9423d73d9afcbb03a5b77e125c05f09	common_voice_mvy_43579292.mp3	231e01dfe41feefe488fbb4ca98b7a1c95ec8c48fc1d867399ed318ac88e149c	ݜیں صحابی یے ہُم نبیؐ پشے لس		0	0	thirties		کھیل/دوبېرَیں		mvy	
4281ed2314a2c85676db55efdfd06ae0e80cca28b8a50303c9a63524c1b0bccc51e7d7dd44e22e4f6f155ee87c22d5c9f9423d73d9afcbb03a5b77e125c05f09	common_voice_mvy_43579293.mp3	287b45b7a86204d8c0be3fd4edaf7548bbcfb751f2da8c0ee77e6c03572bfe1f	آژ نہ چور پان٘ژ شل کالہ موٹھ ہریۡ تروَلیاں زمانہ آن٘س،		0	0	thirties		کھیل/دوبېرَیں		mvy	
4281ed2314a2c85676db55efdfd06ae0e80cca28b8a50303c9a63524c1b0bccc51e7d7dd44e22e4f6f155ee87c22d5c9f9423d73d9afcbb03a5b77e125c05f09	common_voice_mvy_43579294.mp3	249251c082a35ee66e7aedf44260c6115538ea69b47725a2108de8625534aec0	اېک وار اوک ابو طالبہ لا قُریشؤں چَکس آؤ		0	0	thirties		کھیل/دوبېرَیں		mvy	
4281ed2314a2c85676db55efdfd06ae0e80cca28b8a50303c9a63524c1b0bccc51e7d7dd44e22e4f6f155ee87c22d5c9f9423d73d9afcbb03a5b77e125c05f09	common_voice_mvy_43579295.mp3	fbb7afa4bd06e059b7aeffbb048a049ff3bc3e3c539553ac16794152d561f955	کاپھرہ شِلَٹوۡ لڑزان (عذاب) نہ کؤں مُچا تُھو؟		0	0	thirties		کھیل/دوبېرَیں		mvy	
4281ed2314a2c85676db55efdfd06ae0e80cca28b8a50303c9a63524c1b0bccc51e7d7dd44e22e4f6f155ee87c22d5c9f9423d73d9afcbb03a5b77e125c05f09	common_voice_mvy_43579296.mp3	08fc5d2468439924939e4dfc102c546b4c51c97a2687e641cdca37cc25a287fe	ھیں سیں تسیں ذکر نبی علیہ السلام گے کیریۡ۔		0	0	thirties		کھیل/دوبېرَیں		mvy	
4281ed2314a2c85676db55efdfd06ae0e80cca28b8a50303c9a63524c1b0bccc51e7d7dd44e22e4f6f155ee87c22d5c9f9423d73d9afcbb03a5b77e125c05f09	common_voice_mvy_43579297.mp3	12b158489979f6a9f89124f4b4e194356f4c05e547c1bdd4dacf80cc5c09a2a6	قدرتیاں نظام چو عجبہ تُھو۔		0	0	thirties		کھیل/دوبېرَیں		mvy	
4281ed2314a2c85676db55efdfd06ae0e80cca28b8a50303c9a63524c1b0bccc51e7d7dd44e22e4f6f155ee87c22d5c9f9423d73d9afcbb03a5b77e125c05f09	common_voice_mvy_43579298.mp3	ca5d355bcd60dbc865f27ae4a0d22432ae486907171495041d91613e140d6e2f	بِس تھو ایک ولے ایک نی تھو۔		0	0	thirties		کھیل/دوبېرَیں		mvy	
4281ed2314a2c85676db55efdfd06ae0e80cca28b8a50303c9a63524c1b0bccc51e7d7dd44e22e4f6f155ee87c22d5c9f9423d73d9afcbb03a5b77e125c05f09	common_voice_mvy_43579299.mp3	020adb13e798db47b227c73cba5edf8498bfed475fa6442270eda0e5d932cf48	کھیں مِیں ہِیُو چو بېرام ہُویان٘س۔		0	0	thirties		کھیل/دوبېرَیں		mvy	
4281ed2314a2c85676db55efdfd06ae0e80cca28b8a50303c9a63524c1b0bccc51e7d7dd44e22e4f6f155ee87c22d5c9f9423d73d9afcbb03a5b77e125c05f09	common_voice_mvy_43579300.mp3	06652f24fd3c6e4deaeb0c48e701a627ada691cfb89b81704eac256033c465a1	سامُوٹھیۡ لِکان٘لیۡ (سیرت نگار) ہُم تھی۔		0	0	thirties		کھیل/دوبېرَیں		mvy	
4281ed2314a2c85676db55efdfd06ae0e80cca28b8a50303c9a63524c1b0bccc51e7d7dd44e22e4f6f155ee87c22d5c9f9423d73d9afcbb03a5b77e125c05f09	common_voice_mvy_43579301.mp3	15bc812b987d409f38d5bd9da2b7d18e07a2f3bdfa060efd3bb152a422006d2b	ݜس وجہۡ ہِن چے نقصانہ ہوں تھو،		0	0	thirties		کھیل/دوبېرَیں		mvy	
51a04e4590ab3ef52ba9d716c9abed85401438da2df44f81adbeb38e8fad4ab422b73c92e8338b4f58fa2c26ed4e048795b4431df82e8b165858668fe02a12d6	common_voice_mvy_48985818.mp3	0fa4bd0ef0ada44c05eb493f94c6defbd3e07cd3450f78ea6c3911e3b69b1ff1	ہتہۡ کُھرہ سُگا شِشا		0	0	twenties				mvy	
51a04e4590ab3ef52ba9d716c9abed85401438da2df44f81adbeb38e8fad4ab422b73c92e8338b4f58fa2c26ed4e048795b4431df82e8b165858668fe02a12d6	common_voice_mvy_48985819.mp3	163ea40165ef8f1b5f17de1dac25de8fe3e61791ec85a2634cf968f08cb1f628	اُو مرض چئ زیات آن٘سیۡ۔		0	0	twenties				mvy	
51a04e4590ab3ef52ba9d716c9abed85401438da2df44f81adbeb38e8fad4ab422b73c92e8338b4f58fa2c26ed4e048795b4431df82e8b165858668fe02a12d6	common_voice_mvy_48985820.mp3	217facf3fa2230da57dfa706fca9f2756146e15e8b9dccc95d332abf8de0a2a1	ݜس وائرساں چؤر قِسمہ تھو۔		0	0	twenties				mvy	
51a04e4590ab3ef52ba9d716c9abed85401438da2df44f81adbeb38e8fad4ab422b73c92e8338b4f58fa2c26ed4e048795b4431df82e8b165858668fe02a12d6	common_voice_mvy_48985821.mp3	1e39fe40e23b3565016795dacf3ffe1615d96501ca52de733c757bd6cae28ae6	سیں څاں مہ چے اپان٘دُو کر چھی؛ تُس پوژا تھہ نئ یی؟		0	0	twenties				mvy	
51a04e4590ab3ef52ba9d716c9abed85401438da2df44f81adbeb38e8fad4ab422b73c92e8338b4f58fa2c26ed4e048795b4431df82e8b165858668fe02a12d6	common_voice_mvy_48985822.mp3	1c3668166a151979e0abde852954a7ca330a7dd6da62c4982cfc7a80b6d029bc	(کھیں تے تُس گی کراتھہ؟		0	0	twenties				mvy	
51a04e4590ab3ef52ba9d716c9abed85401438da2df44f81adbeb38e8fad4ab422b73c92e8338b4f58fa2c26ed4e048795b4431df82e8b165858668fe02a12d6	common_voice_mvy_48992951.mp3	21c5550948b62506301ac16c6258a522a063d053b5d5d18ea0b592d4e72f7100	اُو دُو رن٘گاں تُھو۔		0	0	twenties				mvy	
51a04e4590ab3ef52ba9d716c9abed85401438da2df44f81adbeb38e8fad4ab422b73c92e8338b4f58fa2c26ed4e048795b4431df82e8b165858668fe02a12d6	common_voice_mvy_48992952.mp3	16012b404be1e037aef3822be3fb692848e66b9377d3240c7dc3ee19e19e352a	آژ سُگاؤ دیس اوک تُھو		0	0	twenties				mvy	
51a04e4590ab3ef52ba9d716c9abed85401438da2df44f81adbeb38e8fad4ab422b73c92e8338b4f58fa2c26ed4e048795b4431df82e8b165858668fe02a12d6	common_voice_mvy_48992953.mp3	1628b7e740a7ae51460c5ade0b907baf058cd38781744c415fed9b68e1f5221b	سو وختہ مژ مدیناں نؤں 'یَثرب' آن٘س ؛		0	0	twenties				mvy	
51a04e4590ab3ef52ba9d716c9abed85401438da2df44f81adbeb38e8fad4ab422b73c92e8338b4f58fa2c26ed4e048795b4431df82e8b165858668fe02a12d6	common_voice_mvy_48992954.mp3	1fbfb00666eda326663916820b25ba257870a38b39b87d83c1e32c6a94fe82ef	بِلوٹھؤں (دشمنؤں)، نہ حملہ کرؤں آں نہ مُسملؤں مُوٹھی ایل۔		0	0	twenties				mvy	
51a04e4590ab3ef52ba9d716c9abed85401438da2df44f81adbeb38e8fad4ab422b73c92e8338b4f58fa2c26ed4e048795b4431df82e8b165858668fe02a12d6	common_voice_mvy_48992955.mp3	ff552c500aa3a9269d843cb987ea6a33be0eca5c04a743ce1033c735ef56f79b	تس مریض لا اېک دم بے ہُوبتیا ای وی تُھو۔		0	0	twenties				mvy	
51a04e4590ab3ef52ba9d716c9abed85401438da2df44f81adbeb38e8fad4ab422b73c92e8338b4f58fa2c26ed4e048795b4431df82e8b165858668fe02a12d6	common_voice_mvy_48992956.mp3	f97386876f29f257473e8604180c0ef3a0bf4403405ce941e0621ce0638ef4e4	چے قانُون گھیں خَلکہ واں لیکھ خلکؤں لا حُکُم تُھو،		0	0	twenties				mvy	
51a04e4590ab3ef52ba9d716c9abed85401438da2df44f81adbeb38e8fad4ab422b73c92e8338b4f58fa2c26ed4e048795b4431df82e8b165858668fe02a12d6	common_voice_mvy_48992957.mp3	155b7a06a6831e46876936636dfb84cee83550c4f228152e39bc736e33b79b93	اَسی لا سِواں پُور کالاں خرچ نِکی یان٘س؛		0	0	twenties				mvy	
51a04e4590ab3ef52ba9d716c9abed85401438da2df44f81adbeb38e8fad4ab422b73c92e8338b4f58fa2c26ed4e048795b4431df82e8b165858668fe02a12d6	common_voice_mvy_48992958.mp3	d9999dd7e87aae3a2efed2389a981a84993c5f76322ae0a7a3b7bb7a02a6a22c	چے اس تُس بولاں اڙہۡ نہ مِنی والاں تھہ گی بے والِگ تھہ؟		0	0	twenties				mvy	
51a04e4590ab3ef52ba9d716c9abed85401438da2df44f81adbeb38e8fad4ab422b73c92e8338b4f58fa2c26ed4e048795b4431df82e8b165858668fe02a12d6	common_voice_mvy_48992959.mp3	0d834b55f1d13ac6ae4c837bb03d73023ab2f5f7b7d0930255a594ec2755418c	ضمیرِ مرفوع متصِل اے لکھہ کتَبُوا		0	0	twenties				mvy	
51a04e4590ab3ef52ba9d716c9abed85401438da2df44f81adbeb38e8fad4ab422b73c92e8338b4f58fa2c26ed4e048795b4431df82e8b165858668fe02a12d6	common_voice_mvy_48992960.mp3	099aaf926ac23ec0dd6f81c8ec1c3193dee539169325be984abe9e5dadb72eeb	پاکستاں مہ اسیں مثال گی تُھو؟		0	0	twenties				mvy	
51a04e4590ab3ef52ba9d716c9abed85401438da2df44f81adbeb38e8fad4ab422b73c92e8338b4f58fa2c26ed4e048795b4431df82e8b165858668fe02a12d6	common_voice_mvy_48992961.mp3	15de6183221167fb7762044e190ad95617f07449f426e03f12cd06284a2f7c1e	تاں مھال دالاں دَروۡ شعب ابی طالبے بئیلوۡ۔		0	0	twenties				mvy	
51a04e4590ab3ef52ba9d716c9abed85401438da2df44f81adbeb38e8fad4ab422b73c92e8338b4f58fa2c26ed4e048795b4431df82e8b165858668fe02a12d6	common_voice_mvy_48992962.mp3	d8746303b32ea886d1c16ceed6a73b49de309d7bdabbbad14f012c1829e471ac	تُو اَس بھا کرہَئ تل دَیت؟		0	0	twenties				mvy	
51a04e4590ab3ef52ba9d716c9abed85401438da2df44f81adbeb38e8fad4ab422b73c92e8338b4f58fa2c26ed4e048795b4431df82e8b165858668fe02a12d6	common_voice_mvy_48992963.mp3	08c8284109a13e00e15d7745d0f5490389807eb06c4e141adfa35d6e6ecddcd2	مُہریں مُوݩڈَیں نؤں گورسی مژ گلے		0	0	twenties				mvy	
51a04e4590ab3ef52ba9d716c9abed85401438da2df44f81adbeb38e8fad4ab422b73c92e8338b4f58fa2c26ed4e048795b4431df82e8b165858668fe02a12d6	common_voice_mvy_48992964.mp3	096fbe4c59c34a855f15d9603d292284ab74a5b2049c8f39042ea35c7535cffa	سُگائ اولاد پیدا گِشے ہو ؟		0	0	twenties				mvy	
51a04e4590ab3ef52ba9d716c9abed85401438da2df44f81adbeb38e8fad4ab422b73c92e8338b4f58fa2c26ed4e048795b4431df82e8b165858668fe02a12d6	common_voice_mvy_48992965.mp3	f758e7baf8360848ea19b30251821d8b852c5118193c030e5db160b2b7ff6b1d	دُو ڇا کوہستاناں مشکلاتوں تل آج بال منیگہ۔		0	0	twenties				mvy	
51a04e4590ab3ef52ba9d716c9abed85401438da2df44f81adbeb38e8fad4ab422b73c92e8338b4f58fa2c26ed4e048795b4431df82e8b165858668fe02a12d6	common_voice_mvy_48992966.mp3	f25df1e918fe0be95d3bc0053b0c50f1901474eb8ff463e948323927e76cd706	اَس تیلہ نہ ایک قطرہ گلَیں ہِن دڑ کم ہوتھی۔		0	0	twenties				mvy	
51a04e4590ab3ef52ba9d716c9abed85401438da2df44f81adbeb38e8fad4ab422b73c92e8338b4f58fa2c26ed4e048795b4431df82e8b165858668fe02a12d6	common_voice_mvy_48992967.mp3	1c5c6aa5b1bda99ac46f9ea51b96966444d83f47ae57bd09668ee8f644e8920a	اکثر لیکیرہ گھین٘رہ وَیں بلی ݜُون٘واں تھو۔		0	0	twenties				mvy	
51a04e4590ab3ef52ba9d716c9abed85401438da2df44f81adbeb38e8fad4ab422b73c92e8338b4f58fa2c26ed4e048795b4431df82e8b165858668fe02a12d6	common_voice_mvy_48992968.mp3	0e2acf7c15fe890bfd4ed2b9c768d5f4d7cd89489e77cc113a5bfa096add510b	سِواں کاروبار نېرُژیۡ تھُو خو بیع سَلَم روا تھی۔		0	0	twenties				mvy	
51a04e4590ab3ef52ba9d716c9abed85401438da2df44f81adbeb38e8fad4ab422b73c92e8338b4f58fa2c26ed4e048795b4431df82e8b165858668fe02a12d6	common_voice_mvy_48992969.mp3	0e41677c6933067d9351f20dd79aab580c01eb5fcc749f6a1b4bef54b5e4f15f	عام وختہ مہ کاں حُکمہ چے فرض کرژی تھہ		0	0	twenties				mvy	
51a04e4590ab3ef52ba9d716c9abed85401438da2df44f81adbeb38e8fad4ab422b73c92e8338b4f58fa2c26ed4e048795b4431df82e8b165858668fe02a12d6	common_voice_mvy_48992970.mp3	1d575e5c52868934315aee069bc304a31626f8c404b057ac571b69648626645e	اُستائے ہسی گېل بانیۡ چےۡ		0	0	twenties				mvy	
51a04e4590ab3ef52ba9d716c9abed85401438da2df44f81adbeb38e8fad4ab422b73c92e8338b4f58fa2c26ed4e048795b4431df82e8b165858668fe02a12d6	common_voice_mvy_48992971.mp3	11e13bc2343fbb314ecba4510e3c30ea3da654f92e8562aa809dfb0362e1d7f9	ایک کھِن٘گیاؤ نھالُوں اېوں دُویُوں مہ		0	0					mvy	
51a04e4590ab3ef52ba9d716c9abed85401438da2df44f81adbeb38e8fad4ab422b73c92e8338b4f58fa2c26ed4e048795b4431df82e8b165858668fe02a12d6	common_voice_mvy_48992972.mp3	1bd8105fa46cefe0db28f46af18b4994ed4fcfdfdbfbd3d03316f0335ef5de91	تسے ڈېن٘گی شاک سینڈروم یا ڈی اېس اېس بناں تھو۔		0	0					mvy	
51a04e4590ab3ef52ba9d716c9abed85401438da2df44f81adbeb38e8fad4ab422b73c92e8338b4f58fa2c26ed4e048795b4431df82e8b165858668fe02a12d6	common_voice_mvy_48992973.mp3	05883035295e0ed15c78b4b93e3c9e4c2f2d4e9874c080b8110e68e97390cdac	اېک ݜُو شاناں ورچوئل تعلیماں سسٹم سندؤں ہو تُھو		0	0					mvy	
51a04e4590ab3ef52ba9d716c9abed85401438da2df44f81adbeb38e8fad4ab422b73c92e8338b4f58fa2c26ed4e048795b4431df82e8b165858668fe02a12d6	common_voice_mvy_48992974.mp3	00870bf3c1ad92d7acff8c1bbdd77364c6d51853d8162c2036b69b761b89cb62	ملېریاں علاج پُور کرؤں انتہائی لازمی تُھو		0	0					mvy	
51a04e4590ab3ef52ba9d716c9abed85401438da2df44f81adbeb38e8fad4ab422b73c92e8338b4f58fa2c26ed4e048795b4431df82e8b165858668fe02a12d6	common_voice_mvy_48992975.mp3	93247713586bc3e7542521d8c1850832b128e7575080b2f1a1b72c8f09ee3694	آں پُوئیردُنئیں سیَئیں رحمدلی تے انصافَئیں ہاں شرافِتئیں صفتی کرَئیں تل مجبور ہُوئینٚل اَئینٚس		0	0					mvy	
