client_id	path	sentence_id	sentence	sentence_domain	up_votes	down_votes	age	gender	accents	variant	locale	segment
4281ed2314a2c85676db55efdfd06ae0e80cca28b8a50303c9a63524c1b0bccc51e7d7dd44e22e4f6f155ee87c22d5c9f9423d73d9afcbb03a5b77e125c05f09	common_voice_mvy_42376428.mp3	f241d9f31cbe1f9e1343e4a0a6b7aa897ab1e4212e7f5914b97c536ff486bd29	گِنہۡ چے اُو ایک زہر ہُوئ تُھو۔		2	0	thirties		کھیل/دوبېرَیں		mvy	
4281ed2314a2c85676db55efdfd06ae0e80cca28b8a50303c9a63524c1b0bccc51e7d7dd44e22e4f6f155ee87c22d5c9f9423d73d9afcbb03a5b77e125c05f09	common_voice_mvy_42362828.mp3	7836acc3c7fff283b4c477c31810477545a559b2f496f0e19ffad08aa8147446	وہ جگر بندگی اللہ پاکاں حُکمئیں تابعداری کرئیں بناتھہ۔		2	0	thirties		کھیل/دوبېرَیں		mvy	
4281ed2314a2c85676db55efdfd06ae0e80cca28b8a50303c9a63524c1b0bccc51e7d7dd44e22e4f6f155ee87c22d5c9f9423d73d9afcbb03a5b77e125c05f09	common_voice_mvy_42362827.mp3	77ffaabd5aa85b9b6e8f4d9f90c85131468e57caaf016e635457be98c0641895	دُوییں پاٹکی مہ سات مُون٘ڈہۡ مُت گتہ تھہ		2	0	thirties		کھیل/دوبېرَیں		mvy	
4281ed2314a2c85676db55efdfd06ae0e80cca28b8a50303c9a63524c1b0bccc51e7d7dd44e22e4f6f155ee87c22d5c9f9423d73d9afcbb03a5b77e125c05f09	common_voice_mvy_42362811.mp3	51c49d178e5a353d8f262f6c931724af49bc49f6f6d8f97e807da184a55a0e62	ماسمہ وَیں تربیت چین آں شفقت ہِنکراں		2	0	thirties		کھیل/دوبېرَیں		mvy	
4281ed2314a2c85676db55efdfd06ae0e80cca28b8a50303c9a63524c1b0bccc51e7d7dd44e22e4f6f155ee87c22d5c9f9423d73d9afcbb03a5b77e125c05f09	common_voice_mvy_42376529.mp3	e98ad2c2e733dc3d21f7a6e7e68d63179f30d4f2cf78dd593c6ee903db49835b	اسی لا جِسمانی تے مالَیں عِبادت نی تھی		2	0	thirties		کھیل/دوبېرَیں		mvy	
4281ed2314a2c85676db55efdfd06ae0e80cca28b8a50303c9a63524c1b0bccc51e7d7dd44e22e4f6f155ee87c22d5c9f9423d73d9afcbb03a5b77e125c05f09	common_voice_mvy_42362810.mp3	679d3b2d6553ffd1bd7a810270202278eca8ce42fb6b91e97f89f6d2eacf22f3	کدُوں رس زوڑہۡ مہ بلیا گلے ݜِݜہ لا چھا		2	0	thirties		کھیل/دوبېرَیں		mvy	
4281ed2314a2c85676db55efdfd06ae0e80cca28b8a50303c9a63524c1b0bccc51e7d7dd44e22e4f6f155ee87c22d5c9f9423d73d9afcbb03a5b77e125c05f09	common_voice_mvy_42362835.mp3	6d40868951602404b632d429ab4dbd3a50180ffba2eab1e62d3188c0a68243e5	چارچاپیر کن٘دہۡ والے لان٘س،		2	0	thirties		کھیل/دوبېرَیں		mvy	
4281ed2314a2c85676db55efdfd06ae0e80cca28b8a50303c9a63524c1b0bccc51e7d7dd44e22e4f6f155ee87c22d5c9f9423d73d9afcbb03a5b77e125c05f09	common_voice_mvy_42362803.mp3	6da506c9c5647514b4fcd58fe342b83f2aa5bab5cb853b63d3d26cc9fab56569	اُو ایک کام ماݜ لا کرؤں یا نېرؤں لازمی کیر تُھو		2	0	thirties		کھیل/دوبېرَیں		mvy	
4281ed2314a2c85676db55efdfd06ae0e80cca28b8a50303c9a63524c1b0bccc51e7d7dd44e22e4f6f155ee87c22d5c9f9423d73d9afcbb03a5b77e125c05f09	common_voice_mvy_42362802.mp3	77037e561fc58dc76c6c9e7cac46adfb752ea301bdfa38c85c1ad515b1aba39b	کھیں اُو سودا سُون٘ݜ رِن٘گیۡ تھُو۔		2	0	thirties		کھیل/دوبېرَیں		mvy	
4281ed2314a2c85676db55efdfd06ae0e80cca28b8a50303c9a63524c1b0bccc51e7d7dd44e22e4f6f155ee87c22d5c9f9423d73d9afcbb03a5b77e125c05f09	common_voice_mvy_42362801.mp3	6e70efe8f303e3ed763558a6cbd5128ca6fa551b1ce16caa7c4b1242ed3db5f3	مُت گی دعا نی آن٘س یی؟		2	0	thirties		کھیل/دوبېرَیں		mvy	
4281ed2314a2c85676db55efdfd06ae0e80cca28b8a50303c9a63524c1b0bccc51e7d7dd44e22e4f6f155ee87c22d5c9f9423d73d9afcbb03a5b77e125c05f09	common_voice_mvy_42362800.mp3	6a447e916f7454009a5689486b41fd3d41e1d2b299a344408e16ba02609fe509	اللہ پاکاں بنیلیۡ خامخا رُشتا ہُوئ تھی۔		2	0	thirties		کھیل/دوبېرَیں		mvy	
4281ed2314a2c85676db55efdfd06ae0e80cca28b8a50303c9a63524c1b0bccc51e7d7dd44e22e4f6f155ee87c22d5c9f9423d73d9afcbb03a5b77e125c05f09	common_voice_mvy_42362857.mp3	60e9c7d67d8d57ca23839cc7d9bf7716255d0ee788ac734273baf2ab9509539c	سَئیں اک مُت مِل ڙھا ڙھاوہ ہُونٚل آنٚسے		2	0	thirties		کھیل/دوبېرَیں		mvy	
4281ed2314a2c85676db55efdfd06ae0e80cca28b8a50303c9a63524c1b0bccc51e7d7dd44e22e4f6f155ee87c22d5c9f9423d73d9afcbb03a5b77e125c05f09	common_voice_mvy_42362627.mp3	6528cfa267ab02a0781b9c3205dd3b67efef4e0108d066ae73c6cd6a87d7ecb0	ککی اْے می بېل اگار نہ دژائ		2	0	thirties		کھیل/دوبېرَیں		mvy	
4281ed2314a2c85676db55efdfd06ae0e80cca28b8a50303c9a63524c1b0bccc51e7d7dd44e22e4f6f155ee87c22d5c9f9423d73d9afcbb03a5b77e125c05f09	common_voice_mvy_42362626.mp3	6b00abd2c59c38f2902d3a9ec7a51a310875e16f6bdf8f0bfaa85241b9ec640a	بِڅَیں مُوٹ حُکمؤں مہ نھالیۡ کھیں		2	0	thirties		کھیل/دوبېرَیں		mvy	
4281ed2314a2c85676db55efdfd06ae0e80cca28b8a50303c9a63524c1b0bccc51e7d7dd44e22e4f6f155ee87c22d5c9f9423d73d9afcbb03a5b77e125c05f09	common_voice_mvy_42362883.mp3	52e017568734b3194a16e98ed87f1b99c081d8a7036a5436b85d620da36a20d0	آں ݜُوشاناں اسیں بیُو وے مژ گلے ایک گین٘ٹہ پتَیں		2	0	thirties		کھیل/دوبېرَیں		mvy	
4281ed2314a2c85676db55efdfd06ae0e80cca28b8a50303c9a63524c1b0bccc51e7d7dd44e22e4f6f155ee87c22d5c9f9423d73d9afcbb03a5b77e125c05f09	common_voice_mvy_42362884.mp3	6d0a6d87f40c26566f399b87d54ffb3f1ef41054029108d7999df319ebfb18ca	ہیگوٹ قبلہ نہ مُت کھِن٘گ مرک کرَیں ہِن نِوان٘ز شریۡ تھُو۔		3	0	thirties		کھیل/دوبېرَیں		mvy	
4281ed2314a2c85676db55efdfd06ae0e80cca28b8a50303c9a63524c1b0bccc51e7d7dd44e22e4f6f155ee87c22d5c9f9423d73d9afcbb03a5b77e125c05f09	common_voice_mvy_42362607.mp3	6d093bf148b8e84873eefc53afd9bfae65c8856988a692813877e22363db2a65	کھَٹیں قاعدہ کرٶں واجب تھی۔		2	0	thirties		کھیل/دوبېرَیں		mvy	
4281ed2314a2c85676db55efdfd06ae0e80cca28b8a50303c9a63524c1b0bccc51e7d7dd44e22e4f6f155ee87c22d5c9f9423d73d9afcbb03a5b77e125c05f09	common_voice_mvy_42362623.mp3	5eb2e37dbb6f942bcaae9e073c705a67c7d7a404b1c8e6fbf43f87eee09b0d50	اسی نہ نہ صرف دماغ آں مردانہ قوت من٘ڑنئی ہُوئ تھی۔		2	1	thirties		کھیل/دوبېرَیں		mvy	
4281ed2314a2c85676db55efdfd06ae0e80cca28b8a50303c9a63524c1b0bccc51e7d7dd44e22e4f6f155ee87c22d5c9f9423d73d9afcbb03a5b77e125c05f09	common_voice_mvy_42362615.mp3	708123afc440c4e460e2d57cd4526cbb9ba6eaa1a5edb5c8e67e116cac686128	(سو لُوہہۡ ییۡ تے پن٘ڈر آن٘س).		2	0	thirties		کھیل/دوبېرَیں		mvy	
4281ed2314a2c85676db55efdfd06ae0e80cca28b8a50303c9a63524c1b0bccc51e7d7dd44e22e4f6f155ee87c22d5c9f9423d73d9afcbb03a5b77e125c05f09	common_voice_mvy_42362613.mp3	6de2a50e891e508d30deb1536af6bfcfacc6010c84f1e3c0758d590fcec710dd	اسیں مِثال ݜے ہُوگا چے پان٘ژ ماݜہ تھو،		3	0	thirties		کھیل/دوبېرَیں		mvy	
4281ed2314a2c85676db55efdfd06ae0e80cca28b8a50303c9a63524c1b0bccc51e7d7dd44e22e4f6f155ee87c22d5c9f9423d73d9afcbb03a5b77e125c05f09	common_voice_mvy_42362605.mp3	6d08315bc963ef60cf3b520fb566060fed346139709d3c42d0f4527053db818b	اُو کؤں ہُون٘دیۡ۔		2	0	thirties		کھیل/دوبېرَیں		mvy	
4281ed2314a2c85676db55efdfd06ae0e80cca28b8a50303c9a63524c1b0bccc51e7d7dd44e22e4f6f155ee87c22d5c9f9423d73d9afcbb03a5b77e125c05f09	common_voice_mvy_42362899.mp3	760cfff575cc01d21398110d7d5072efcfc1eaff25b6e46616a4bea05a777aac	یعنی ڈیڈِکیٹ کرَم تُھو		2	0	thirties		کھیل/دوبېرَیں		mvy	
4281ed2314a2c85676db55efdfd06ae0e80cca28b8a50303c9a63524c1b0bccc51e7d7dd44e22e4f6f155ee87c22d5c9f9423d73d9afcbb03a5b77e125c05f09	common_voice_mvy_42362900.mp3	743804cd5d58849421ed0b69a3278db7836b1ff71f4bc0cc9bd73780ad8b0677	قانُون خلکَیں رویّہ قابُو کران٘لو ہُوئ تُھو		2	0	thirties		کھیل/دوبېرَیں		mvy	
4281ed2314a2c85676db55efdfd06ae0e80cca28b8a50303c9a63524c1b0bccc51e7d7dd44e22e4f6f155ee87c22d5c9f9423d73d9afcbb03a5b77e125c05f09	common_voice_mvy_42362901.mp3	785c2bda60b2995d941b165c9e0418219ba9c4b6767db4e7b8e5a8f7b367f837	مے دیناں تے دُنَیں یاں تعلیم دگلے ہر کھِلہ (میداں) لا می پورژاؤ۔		2	0	thirties		کھیل/دوبېرَیں		mvy	
4281ed2314a2c85676db55efdfd06ae0e80cca28b8a50303c9a63524c1b0bccc51e7d7dd44e22e4f6f155ee87c22d5c9f9423d73d9afcbb03a5b77e125c05f09	common_voice_mvy_42362932.mp3	66f4bb2ddd8718de3ed0487a73813c930789c562956646eb0aa1029c07aa543a	رال نیژ بے یاں وختہ لا ڇھیرہ ملی استعمال کری۔		2	0	thirties		کھیل/دوبېرَیں		mvy	
4281ed2314a2c85676db55efdfd06ae0e80cca28b8a50303c9a63524c1b0bccc51e7d7dd44e22e4f6f155ee87c22d5c9f9423d73d9afcbb03a5b77e125c05f09	common_voice_mvy_42362604.mp3	6db6ce4cec9411c2c433462e6d6388206b5f238f5006a97d3b99b65d8422bae4	الاں مُوٹُھو لہ مِیں اَس گولہ نی پشے لس۔		2	0	thirties		کھیل/دوبېرَیں		mvy	
4281ed2314a2c85676db55efdfd06ae0e80cca28b8a50303c9a63524c1b0bccc51e7d7dd44e22e4f6f155ee87c22d5c9f9423d73d9afcbb03a5b77e125c05f09	common_voice_mvy_42362603.mp3	6e353ca57f346562262160b39c1eb0d5ecc562504ca5326750e3798b90518621	ہلالیُوں تے مغزاں علاج گتہ جڑی بُوٹیُوں ہِن کرہان٘گَیں تھو		2	0	thirties		کھیل/دوبېرَیں		mvy	
4281ed2314a2c85676db55efdfd06ae0e80cca28b8a50303c9a63524c1b0bccc51e7d7dd44e22e4f6f155ee87c22d5c9f9423d73d9afcbb03a5b77e125c05f09	common_voice_mvy_42362598.mp3	655aa8f885b28c8cb168c537d451e818f39b2659186cfde6b11823f47eaface6	گازریۡ ہِن ہاضمہ سم ہو تھی۔		4	0	thirties		کھیل/دوبېرَیں		mvy	
4281ed2314a2c85676db55efdfd06ae0e80cca28b8a50303c9a63524c1b0bccc51e7d7dd44e22e4f6f155ee87c22d5c9f9423d73d9afcbb03a5b77e125c05f09	common_voice_mvy_42362589.mp3	6d154e698a24d07a79e7a772c2b934b3250b990faf60b5c4e255d3e0cbea00bb	تلہ ابُو سفیان آں بدیل بن ورقا حضرت عباسؓ لا ڈوک ہُون٘دہۡ		2	0	thirties		کھیل/دوبېرَیں		mvy	
4281ed2314a2c85676db55efdfd06ae0e80cca28b8a50303c9a63524c1b0bccc51e7d7dd44e22e4f6f155ee87c22d5c9f9423d73d9afcbb03a5b77e125c05f09	common_voice_mvy_42362933.mp3	7771ce9048b9c3fd97c619f12e1cf971057f22a7f3c9807a59565a378f81a8f8	”آں وو جیجو“مٹی اْے بان۔		2	0	thirties		کھیل/دوبېرَیں		mvy	
4281ed2314a2c85676db55efdfd06ae0e80cca28b8a50303c9a63524c1b0bccc51e7d7dd44e22e4f6f155ee87c22d5c9f9423d73d9afcbb03a5b77e125c05f09	common_voice_mvy_42362934.mp3	7177def4f3bf37afeae29764f91907f482b74419cfaf94b303021cdaac69b7ca	آں گی بال مُون٘ڈ (بُنیاد) کرے حُکُم نھیلُژ تھُو		2	0	thirties		کھیل/دوبېرَیں		mvy	
4281ed2314a2c85676db55efdfd06ae0e80cca28b8a50303c9a63524c1b0bccc51e7d7dd44e22e4f6f155ee87c22d5c9f9423d73d9afcbb03a5b77e125c05f09	common_voice_mvy_42362935.mp3	63d9a25e6f070cf67d5bcfb78aff7c79bcab8ab8c5c228baaa8783e88977261a	ݜُو شاناں،کہ کؤں ماݜے اس پھت کیرُوں،		2	0	thirties		کھیل/دوبېرَیں		mvy	
4281ed2314a2c85676db55efdfd06ae0e80cca28b8a50303c9a63524c1b0bccc51e7d7dd44e22e4f6f155ee87c22d5c9f9423d73d9afcbb03a5b77e125c05f09	common_voice_mvy_42362586.mp3	758eca39da07cad379bcba73fab48cb1a79efa77ad6214c74b5b5c64b3fe2dbb	انسان تے تسیں معاشرَیں زندگی مژ اِواں گُھوں ہا تُھو۔		2	0	thirties		کھیل/دوبېرَیں		mvy	
4281ed2314a2c85676db55efdfd06ae0e80cca28b8a50303c9a63524c1b0bccc51e7d7dd44e22e4f6f155ee87c22d5c9f9423d73d9afcbb03a5b77e125c05f09	common_voice_mvy_42362583.mp3	700579bcd6650190aa60decbfcdda71107858d1f66c9f077bd5afce8de18ee01	کس ماݜاں ہیُو دژیۡ لُوں تسے پکار تھی		2	0	thirties		کھیل/دوبېرَیں		mvy	
4281ed2314a2c85676db55efdfd06ae0e80cca28b8a50303c9a63524c1b0bccc51e7d7dd44e22e4f6f155ee87c22d5c9f9423d73d9afcbb03a5b77e125c05f09	common_voice_mvy_42362564.mp3	6ee0f2944c9dd2ca4a36a61d5c693e3061275ae4b69cf2d24e685c61de818019	ایں فطرتی ملی چٸ مضبوطی ہِن گن٘ڈژیلہ ہوں تھو۔		2	0	thirties		کھیل/دوبېرَیں		mvy	
4281ed2314a2c85676db55efdfd06ae0e80cca28b8a50303c9a63524c1b0bccc51e7d7dd44e22e4f6f155ee87c22d5c9f9423d73d9afcbb03a5b77e125c05f09	common_voice_mvy_42362559.mp3	54bbbfd691bd23ff69c2a615c7269509ee1d4c5d1dbc3af28b7c41581dfe6953	لَک: کیالو اللہ، پیغمبرہۡ، ملائکی، کتابہۡ آں آخِرت قبلؤں		2	0	thirties		کھیل/دوبېرَیں		mvy	
4281ed2314a2c85676db55efdfd06ae0e80cca28b8a50303c9a63524c1b0bccc51e7d7dd44e22e4f6f155ee87c22d5c9f9423d73d9afcbb03a5b77e125c05f09	common_voice_mvy_42362943.mp3	7406975e40e8dfa28cbe32284d491f28b4f0270719ebd759420ce7654052dd58	رڇھان٘لہ زوڑہۡ واں گی کِردار تُھو؟		2	0	thirties		کھیل/دوبېرَیں		mvy	
4281ed2314a2c85676db55efdfd06ae0e80cca28b8a50303c9a63524c1b0bccc51e7d7dd44e22e4f6f155ee87c22d5c9f9423d73d9afcbb03a5b77e125c05f09	common_voice_mvy_42362944.mp3	2774b9fee0215f576469092df68afc450e19899e2230c91bb7cb4f7d3a14b46f	دُوالَش مېشوالہ آں چَؤر گھریۡماشہ وَیں ݜُو کنارٹُو		2	0	thirties		کھیل/دوبېرَیں		mvy	
4281ed2314a2c85676db55efdfd06ae0e80cca28b8a50303c9a63524c1b0bccc51e7d7dd44e22e4f6f155ee87c22d5c9f9423d73d9afcbb03a5b77e125c05f09	common_voice_mvy_42362558.mp3	715d06535dbc446ac043bcf49f1e30793da45220b32fb4a6da1377e26582a25b	کؤں بلی لا قران حدیث مہ گی نی ہو		2	0	thirties		کھیل/دوبېرَیں		mvy	
4281ed2314a2c85676db55efdfd06ae0e80cca28b8a50303c9a63524c1b0bccc51e7d7dd44e22e4f6f155ee87c22d5c9f9423d73d9afcbb03a5b77e125c05f09	common_voice_mvy_42362556.mp3	74c3c5a35945b7f01a6b46abd4334145d1c16966f5f3d17314c9d007d12b87e4	قلمَیں طاقت تے اہمیتی یاں کریا تلہ لکیلیۡ آیات کافی تھی۔		2	0	thirties		کھیل/دوبېرَیں		mvy	
4281ed2314a2c85676db55efdfd06ae0e80cca28b8a50303c9a63524c1b0bccc51e7d7dd44e22e4f6f155ee87c22d5c9f9423d73d9afcbb03a5b77e125c05f09	common_voice_mvy_42362554.mp3	6c409931e4b2c251f88d38a5207c8860ab5b48cd0124d967e461c9856fdd9aa8	ݜُو زئ مہ مھالٶں پکار تھی		2	0	thirties		کھیل/دوبېرَیں		mvy	
4281ed2314a2c85676db55efdfd06ae0e80cca28b8a50303c9a63524c1b0bccc51e7d7dd44e22e4f6f155ee87c22d5c9f9423d73d9afcbb03a5b77e125c05f09	common_voice_mvy_42362552.mp3	6e244e0b07ca43f7bade0836e59c911312a661fd2432e609c98e1184047b3fbe	سامُوٹھ اللہ اکبراں دَن ہَتہۡ کنڑے اُوڇھُؤں		2	0	thirties		کھیل/دوبېرَیں		mvy	
4281ed2314a2c85676db55efdfd06ae0e80cca28b8a50303c9a63524c1b0bccc51e7d7dd44e22e4f6f155ee87c22d5c9f9423d73d9afcbb03a5b77e125c05f09	common_voice_mvy_42362539.mp3	6d66204a5d885459ba7c7c473e0ee9cd12d87c9b5d2eff0c298f6a256da5e785	چے اسیں مواد لا بِگ بال بنم		2	0	thirties		کھیل/دوبېرَیں		mvy	
4281ed2314a2c85676db55efdfd06ae0e80cca28b8a50303c9a63524c1b0bccc51e7d7dd44e22e4f6f155ee87c22d5c9f9423d73d9afcbb03a5b77e125c05f09	common_voice_mvy_42362538.mp3	6b776b45546807ec77c6e50e166501a2996c822e3b236dc52a60d8fd9a542d8e	خلکہ تاں دُنَیں یاں کار روزگار مہ تھو		2	0	thirties		کھیل/دوبېرَیں		mvy	
4281ed2314a2c85676db55efdfd06ae0e80cca28b8a50303c9a63524c1b0bccc51e7d7dd44e22e4f6f155ee87c22d5c9f9423d73d9afcbb03a5b77e125c05f09	common_voice_mvy_42362537.mp3	5015d13408f15fc00a768b6f0ebf49065b8b7342ee9f8bba1f2ba5c9c82438a7	مُسلماں تے سِواں بُٹ مِلیۡ اُلیۡ ہُون٘لؤں مِلیۡ تعلقات ختُم کراتھہ؛		2	0	thirties		کھیل/دوبېرَیں		mvy	
4281ed2314a2c85676db55efdfd06ae0e80cca28b8a50303c9a63524c1b0bccc51e7d7dd44e22e4f6f155ee87c22d5c9f9423d73d9afcbb03a5b77e125c05f09	common_voice_mvy_42362536.mp3	67ce4f3f1983a1b824667744d34a8bc0c630e3dd53d3b0f736978b55fbaee095	سو ڇھیرمالاں اَیں مہ گُھرٶں پکار تُھو۔		2	0	thirties		کھیل/دوبېرَیں		mvy	
4281ed2314a2c85676db55efdfd06ae0e80cca28b8a50303c9a63524c1b0bccc51e7d7dd44e22e4f6f155ee87c22d5c9f9423d73d9afcbb03a5b77e125c05f09	common_voice_mvy_42362506.mp3	737b1426a835b6f121aaa624b1f0314ce1fe502340e7ff175c417598d794b4fe	چےۡ بَیت اللّٰہَ اں شن٘دے اُکٸ بان٘گ دے۔		2	0	thirties		کھیل/دوبېرَیں		mvy	
4281ed2314a2c85676db55efdfd06ae0e80cca28b8a50303c9a63524c1b0bccc51e7d7dd44e22e4f6f155ee87c22d5c9f9423d73d9afcbb03a5b77e125c05f09	common_voice_mvy_42362504.mp3	5e425b9f9820ed19bc310c6e259dc1eb384a2d1aaeb4d27fc7b84be9b36fadb0	شِنگلُو ہِن دنَیں دڑیں علاج		3	0	thirties		کھیل/دوبېرَیں		mvy	
4281ed2314a2c85676db55efdfd06ae0e80cca28b8a50303c9a63524c1b0bccc51e7d7dd44e22e4f6f155ee87c22d5c9f9423d73d9afcbb03a5b77e125c05f09	common_voice_mvy_42362502.mp3	622a5c17b7ff3db098c1edb56295776c1da35976cca7067c1b8d24900cb5f701	اېنافلِیز (Anopheles) مہ ڇوُژ تُھو۔		2	0	thirties		کھیل/دوبېرَیں		mvy	
4281ed2314a2c85676db55efdfd06ae0e80cca28b8a50303c9a63524c1b0bccc51e7d7dd44e22e4f6f155ee87c22d5c9f9423d73d9afcbb03a5b77e125c05f09	common_voice_mvy_42362490.mp3	667746ec52a78cb35836a6d823d2dfd57e4b795db3fabe8efc06a86219705771	کھاݩر ہِن اوکیں علاج		2	0	thirties		کھیل/دوبېرَیں		mvy	
4281ed2314a2c85676db55efdfd06ae0e80cca28b8a50303c9a63524c1b0bccc51e7d7dd44e22e4f6f155ee87c22d5c9f9423d73d9afcbb03a5b77e125c05f09	common_voice_mvy_42362480.mp3	6c6383782ef8d174d8a2d3140cec107421764fd1d229e58cee568f6b5dd0e5ec	رَتَیں کمِیں مرض ہُم ای تھی۔		2	0	thirties		کھیل/دوبېرَیں		mvy	
4281ed2314a2c85676db55efdfd06ae0e80cca28b8a50303c9a63524c1b0bccc51e7d7dd44e22e4f6f155ee87c22d5c9f9423d73d9afcbb03a5b77e125c05f09	common_voice_mvy_42362476.mp3	6569dda5078f225cc1a393ed9fc2581915a46b976c0a169cfa3b0747a8767380	وختی لا دی مالاں ڇھیرچئی ہوتُھو۔		2	0	thirties		کھیل/دوبېرَیں		mvy	
4281ed2314a2c85676db55efdfd06ae0e80cca28b8a50303c9a63524c1b0bccc51e7d7dd44e22e4f6f155ee87c22d5c9f9423d73d9afcbb03a5b77e125c05f09	common_voice_mvy_42362966.mp3	52a04cd40093c5e0d3494add225409fe2533aed651d033d67cb37aeb11d96cfb	اسیں گی علامی تھی؟		2	0	thirties		کھیل/دوبېرَیں		mvy	
4281ed2314a2c85676db55efdfd06ae0e80cca28b8a50303c9a63524c1b0bccc51e7d7dd44e22e4f6f155ee87c22d5c9f9423d73d9afcbb03a5b77e125c05f09	common_voice_mvy_42362967.mp3	71aecf47c336f77c9814b12ffb3b0efee33384d50d4bd61e2e0b758a2645aa9c	رال نیڙ بېن٘یاں ٹیم مہ ڇا ڇا سلائ رِݩگائ۔		3	0	thirties		کھیل/دوبېرَیں		mvy	
4281ed2314a2c85676db55efdfd06ae0e80cca28b8a50303c9a63524c1b0bccc51e7d7dd44e22e4f6f155ee87c22d5c9f9423d73d9afcbb03a5b77e125c05f09	common_voice_mvy_42362970.mp3	726342c52425ce0e8ae8e9efae85e447007d1a305c61a44a2095626d3cc8c8d8	اُو اِسلاماں سامُوٹھوۡ شھید تُھو۔		2	0	thirties		کھیل/دوبېرَیں		mvy	
4281ed2314a2c85676db55efdfd06ae0e80cca28b8a50303c9a63524c1b0bccc51e7d7dd44e22e4f6f155ee87c22d5c9f9423d73d9afcbb03a5b77e125c05f09	common_voice_mvy_42361905.mp3	5e47a13a3e74809ecd4c4c2db07c432eb9ec85987f29e76ee827a1a77f87cc70	حضرت ابوبکر رض نہ سِواں کریا ادائیگی کریائ		2	0	thirties		کھیل/دوبېرَیں		mvy	
4281ed2314a2c85676db55efdfd06ae0e80cca28b8a50303c9a63524c1b0bccc51e7d7dd44e22e4f6f155ee87c22d5c9f9423d73d9afcbb03a5b77e125c05f09	common_voice_mvy_42361904.mp3	70b05a6ac876fc732e31dfabecdfe99a53cd0fb6b6fa305bde7cdeaea15114c4	(مالدارواں سِواں شاناں) تمبوں مہ رڇھیلیۡ سُگائ ہو تھی۔		2	0	thirties		کھیل/دوبېرَیں		mvy	
4281ed2314a2c85676db55efdfd06ae0e80cca28b8a50303c9a63524c1b0bccc51e7d7dd44e22e4f6f155ee87c22d5c9f9423d73d9afcbb03a5b77e125c05f09	common_voice_mvy_42361903.mp3	707c9cb4c242f3c600adfc0a163a61642a5e77c0102d6c1e9aa3fc0a07b6d21a	تسِیں مطابق کتُک مریض چے میں نھالہ چھی		2	0	thirties		کھیل/دوبېرَیں		mvy	
4281ed2314a2c85676db55efdfd06ae0e80cca28b8a50303c9a63524c1b0bccc51e7d7dd44e22e4f6f155ee87c22d5c9f9423d73d9afcbb03a5b77e125c05f09	common_voice_mvy_42361895.mp3	6646dbdc0741893567400b95141680b826f7619dfec350078a745b06beb9547e	آں مزید ہوں بېں تھہ ݜُو وجہۡ نہ		2	0	thirties		کھیل/دوبېرَیں		mvy	
4281ed2314a2c85676db55efdfd06ae0e80cca28b8a50303c9a63524c1b0bccc51e7d7dd44e22e4f6f155ee87c22d5c9f9423d73d9afcbb03a5b77e125c05f09	common_voice_mvy_42361894.mp3	619822f512dab6a4cf708e82a0f230e9ab735c498e1640407beaac33118fc1fd	مختلف زیؤں لا کام کرُژ تُھو۔مثلًا		2	0	thirties		کھیل/دوبېرَیں		mvy	
4281ed2314a2c85676db55efdfd06ae0e80cca28b8a50303c9a63524c1b0bccc51e7d7dd44e22e4f6f155ee87c22d5c9f9423d73d9afcbb03a5b77e125c05f09	common_voice_mvy_42376527.mp3	f30aafa80301e8e3f62c4be8c09c863d7a1256539b3e2da2e62bdf3a1c5e3399	سیں کڑن٘گ پچېل چَڑِیں یاں مڅھہۡ نہ ماݜ سن٘دہ چھی۔		2	0	thirties		کھیل/دوبېرَیں		mvy	
4281ed2314a2c85676db55efdfd06ae0e80cca28b8a50303c9a63524c1b0bccc51e7d7dd44e22e4f6f155ee87c22d5c9f9423d73d9afcbb03a5b77e125c05f09	common_voice_mvy_42361315.mp3	64c9bf5b28d579d3007bfa59469cdc1ce063b91eee8134933c4ce72b6e3aa596	آں سِوَیں مسلہ حل کیریۡ تُھو۔		2	0	thirties		کھیل/دوبېرَیں		mvy	
4281ed2314a2c85676db55efdfd06ae0e80cca28b8a50303c9a63524c1b0bccc51e7d7dd44e22e4f6f155ee87c22d5c9f9423d73d9afcbb03a5b77e125c05f09	common_voice_mvy_42361304.mp3	680eeb847a6b1b7c78006bea48e600e9f8a140d99e04e6dd591835096fb0a0b8	سَیں دُو اک بھا کہ مہ دھران٘س۔		2	0	thirties		کھیل/دوبېرَیں		mvy	
4281ed2314a2c85676db55efdfd06ae0e80cca28b8a50303c9a63524c1b0bccc51e7d7dd44e22e4f6f155ee87c22d5c9f9423d73d9afcbb03a5b77e125c05f09	common_voice_mvy_42361303.mp3	67871463c04c718a87c013a75c56d0d24926f76eb781e17887cecc4a0f8178c5	گورېلو یا بکرېلو ڇھیرہ مہ گلے پو۔		2	0	thirties		کھیل/دوبېرَیں		mvy	
4281ed2314a2c85676db55efdfd06ae0e80cca28b8a50303c9a63524c1b0bccc51e7d7dd44e22e4f6f155ee87c22d5c9f9423d73d9afcbb03a5b77e125c05f09	common_voice_mvy_42361301.mp3	6b6c5390f4d09778795d3c623ee9a0816c6327c492a4898c4bb72773489d7795	ولے سېں بنَیں لمل تُو سو بَدرَیں برئ لا تَپ نیۡ بہ۔		2	0	thirties		کھیل/دوبېرَیں		mvy	
4281ed2314a2c85676db55efdfd06ae0e80cca28b8a50303c9a63524c1b0bccc51e7d7dd44e22e4f6f155ee87c22d5c9f9423d73d9afcbb03a5b77e125c05f09	common_voice_mvy_42361294.mp3	6ad4648163b015efc8cb6278a7a984c65345b2730a200e661246d6980c4d054e	قران پاک مہ رن٘گ رن٘گاں حُکمہ ای تھہ		2	0	thirties		کھیل/دوبېرَیں		mvy	
4281ed2314a2c85676db55efdfd06ae0e80cca28b8a50303c9a63524c1b0bccc51e7d7dd44e22e4f6f155ee87c22d5c9f9423d73d9afcbb03a5b77e125c05f09	common_voice_mvy_42361293.mp3	69a9fa4cb37144a74f29be1e8bf4695b9523cfd0837d6499b01b716d96f55468	کھیں اسے ہُویں میراث نی مِلا تھی؛		2	0	thirties		کھیل/دوبېرَیں		mvy	
4281ed2314a2c85676db55efdfd06ae0e80cca28b8a50303c9a63524c1b0bccc51e7d7dd44e22e4f6f155ee87c22d5c9f9423d73d9afcbb03a5b77e125c05f09	common_voice_mvy_42361292.mp3	6b9a162eba6f8e982f6ae6ee85f34fbeca905f39c8747d910d18dfbbce97acfd	اس علم محفوظ کرؤں پکار تُھو۔		2	0	thirties		کھیل/دوبېرَیں		mvy	
4281ed2314a2c85676db55efdfd06ae0e80cca28b8a50303c9a63524c1b0bccc51e7d7dd44e22e4f6f155ee87c22d5c9f9423d73d9afcbb03a5b77e125c05f09	common_voice_mvy_42363006.mp3	652475da0a43274b5eac48654050b1911c8c89f1de1f06c7b2a6a7a4cfdf0f5e	تعلیمَیں ترقی تے من٘ڑنئ پان٘د پشَیں یاں کِریا ہو۔		2	0	thirties		کھیل/دوبېرَیں		mvy	
4281ed2314a2c85676db55efdfd06ae0e80cca28b8a50303c9a63524c1b0bccc51e7d7dd44e22e4f6f155ee87c22d5c9f9423d73d9afcbb03a5b77e125c05f09	common_voice_mvy_42363007.mp3	2d174741b3c3e4b802e92dd4bbe8414bea142c7063304ec60700404bf18d2374	آں اَسی نہ مُوحبَتِیاں مَشِین نِی سَن٘دا تُھو		2	0	thirties		کھیل/دوبېرَیں		mvy	
4281ed2314a2c85676db55efdfd06ae0e80cca28b8a50303c9a63524c1b0bccc51e7d7dd44e22e4f6f155ee87c22d5c9f9423d73d9afcbb03a5b77e125c05f09	common_voice_mvy_42361284.mp3	59649b8a9133c658345387ce45e84ff9195e2bb1115fb37fa8afd04bd8bdf6f6	نِوان٘ز مہ قرآن پاک نھالے،		2	0	thirties		کھیل/دوبېرَیں		mvy	
4281ed2314a2c85676db55efdfd06ae0e80cca28b8a50303c9a63524c1b0bccc51e7d7dd44e22e4f6f155ee87c22d5c9f9423d73d9afcbb03a5b77e125c05f09	common_voice_mvy_42363042.mp3	78005b3ff70802a00df78b08103f3250bb5dbabe3fa102be0e8bba70c2be75b7	کناں مسح کَرٶں سنت تھُو۔		2	0	thirties		کھیل/دوبېرَیں		mvy	
4281ed2314a2c85676db55efdfd06ae0e80cca28b8a50303c9a63524c1b0bccc51e7d7dd44e22e4f6f155ee87c22d5c9f9423d73d9afcbb03a5b77e125c05f09	common_voice_mvy_42363048.mp3	7229d8a367574b00db3ab31a3883cbddfe7c1e616dd01b6d27cc438d42930f38	غیر متعیّن مہ دُو یا چئ بَلیوں مہ اسے خوش کرؤں پھت کرؤں ہو تُھو۔ لَک بے کیں سَگان دی تاں سگان شار کھیں		2	0	thirties		کھیل/دوبېرَیں		mvy	
4281ed2314a2c85676db55efdfd06ae0e80cca28b8a50303c9a63524c1b0bccc51e7d7dd44e22e4f6f155ee87c22d5c9f9423d73d9afcbb03a5b77e125c05f09	common_voice_mvy_42363049.mp3	54533b54010e0020f18b761902e36a0136ad91f28f016398fe2406b001dc0929	آں تس زَیں قبلا چھی؛ تسی لا زاں یقین تھُو؛		3	0	thirties		کھیل/دوبېرَیں		mvy	
4281ed2314a2c85676db55efdfd06ae0e80cca28b8a50303c9a63524c1b0bccc51e7d7dd44e22e4f6f155ee87c22d5c9f9423d73d9afcbb03a5b77e125c05f09	common_voice_mvy_42361272.mp3	6c45b56aaa8d9fa8f3a50aad6253358d6b5eca6941bd7c23b5dd71e7a9849dce	اُو امَیں ساپُوٹ آن٘س ولےچو سخ شژېل آن٘س		2	0	thirties		کھیل/دوبېرَیں		mvy	
4281ed2314a2c85676db55efdfd06ae0e80cca28b8a50303c9a63524c1b0bccc51e7d7dd44e22e4f6f155ee87c22d5c9f9423d73d9afcbb03a5b77e125c05f09	common_voice_mvy_42361262.mp3	53511b83ac6db880d81bb8d003e5cca7785cf5b7bbbb9b9c8af084165b390705	مہری بڑقا گلے کھیَیں ہِن ڇھیُو کم ہوتھی۔		3	0	thirties		کھیل/دوبېرَیں		mvy	
4281ed2314a2c85676db55efdfd06ae0e80cca28b8a50303c9a63524c1b0bccc51e7d7dd44e22e4f6f155ee87c22d5c9f9423d73d9afcbb03a5b77e125c05f09	common_voice_mvy_42361250.mp3	6174596e6d346d02820916f75c1049b5d1fce6bdbb849079ea27ea044fa0df49	ڇَیؤں 'محکُوم فیہ' یعنی حُکُم		2	0	thirties		کھیل/دوبېرَیں		mvy	
4281ed2314a2c85676db55efdfd06ae0e80cca28b8a50303c9a63524c1b0bccc51e7d7dd44e22e4f6f155ee87c22d5c9f9423d73d9afcbb03a5b77e125c05f09	common_voice_mvy_42361231.mp3	5d9f1175623facbbcfdf129a8601c0f04e7548e78531aabae38b978c9f3435d1	آژ اېک اُستا اوک دُنئ نہ بئ یان٘س		2	0	thirties		کھیل/دوبېرَیں		mvy	
4281ed2314a2c85676db55efdfd06ae0e80cca28b8a50303c9a63524c1b0bccc51e7d7dd44e22e4f6f155ee87c22d5c9f9423d73d9afcbb03a5b77e125c05f09	common_voice_mvy_42361241.mp3	67b7e89cd873f585b60798876338054b3d5a743a8220916b246d401d44e4f004	باداماں مغز سات کُلہۡ ، کاگِلُنئی ݜو ماشی ، ناݩبات ݜو ماشی ۔		2	0	thirties		کھیل/دوبېرَیں		mvy	
4281ed2314a2c85676db55efdfd06ae0e80cca28b8a50303c9a63524c1b0bccc51e7d7dd44e22e4f6f155ee87c22d5c9f9423d73d9afcbb03a5b77e125c05f09	common_voice_mvy_42363057.mp3	5d6e6c9c55e64487e787d53e1d5d944fb3cd376806ef537d34ed79a6a5d4e05e	شِݩگلو ہِن اَيں پچَئیں علاج ہُوئ تھی		3	0	thirties		کھیل/دوبېرَیں		mvy	
4281ed2314a2c85676db55efdfd06ae0e80cca28b8a50303c9a63524c1b0bccc51e7d7dd44e22e4f6f155ee87c22d5c9f9423d73d9afcbb03a5b77e125c05f09	common_voice_mvy_42363059.mp3	6fbd5d47f0a5e85afbb2897b7047d7cd940a153760575db7e0946eca728ad6c3	خوراک نېریۡ کھیں مریض		2	0	thirties		کھیل/دوبېرَیں		mvy	
4281ed2314a2c85676db55efdfd06ae0e80cca28b8a50303c9a63524c1b0bccc51e7d7dd44e22e4f6f155ee87c22d5c9f9423d73d9afcbb03a5b77e125c05f09	common_voice_mvy_42363061.mp3	6cfab7244502280279fc361d63e99371bd1b0884553de9d4bacbc4b9edcb0b7d	ݜَیں ماسمہ قلار کری ہوش نَیں کھیں اسمان نھالا تھو		2	0	thirties		کھیل/دوبېرَیں		mvy	
4281ed2314a2c85676db55efdfd06ae0e80cca28b8a50303c9a63524c1b0bccc51e7d7dd44e22e4f6f155ee87c22d5c9f9423d73d9afcbb03a5b77e125c05f09	common_voice_mvy_42361234.mp3	5f43b5919674aece9a58c5ba687e3e634b0e0a28d6b5c26c8974d8f7f9a0bbab	تس پُور کیر کھیں سو معاملہ سُون٘ݜ ہُوئ تھی		2	0	thirties		کھیل/دوبېرَیں		mvy	
4281ed2314a2c85676db55efdfd06ae0e80cca28b8a50303c9a63524c1b0bccc51e7d7dd44e22e4f6f155ee87c22d5c9f9423d73d9afcbb03a5b77e125c05f09	common_voice_mvy_42361232.mp3	686fe07d88488d096c229d4bb7e77226693fc532c1e712b07bc09173cc347232	لہ انسانیت بچ دھر		2	0	thirties		کھیل/دوبېرَیں		mvy	
4281ed2314a2c85676db55efdfd06ae0e80cca28b8a50303c9a63524c1b0bccc51e7d7dd44e22e4f6f155ee87c22d5c9f9423d73d9afcbb03a5b77e125c05f09	common_voice_mvy_42360739.mp3	487798734978572826fe8a12d60292f80253963cf19862693dc2bfb795bcfccc	آں بنُو بکر قرېشؤں بئ مِلِل۔		2	0	thirties		کھیل/دوبېرَیں		mvy	
4281ed2314a2c85676db55efdfd06ae0e80cca28b8a50303c9a63524c1b0bccc51e7d7dd44e22e4f6f155ee87c22d5c9f9423d73d9afcbb03a5b77e125c05f09	common_voice_mvy_42361224.mp3	6190381662a9867589e0cd9d0ac8e05e12b88f39533ab74c9e1d8c9b24b2cea1	چے سو تاں شاگڑہ واں خیال راڇھ		3	0	thirties		کھیل/دوبېرَیں		mvy	
4281ed2314a2c85676db55efdfd06ae0e80cca28b8a50303c9a63524c1b0bccc51e7d7dd44e22e4f6f155ee87c22d5c9f9423d73d9afcbb03a5b77e125c05f09	common_voice_mvy_42361223.mp3	66b7c6a2cb86bacbf305a263de5b562fcc4e6c3078a3b8b2948a00ae3f18fd11	تَلاں پَتَیں بےکتُک دېسے مُوبائلہ نَہ ہی تُوری ایسیۡ،		2	0	thirties		کھیل/دوبېرَیں		mvy	
4281ed2314a2c85676db55efdfd06ae0e80cca28b8a50303c9a63524c1b0bccc51e7d7dd44e22e4f6f155ee87c22d5c9f9423d73d9afcbb03a5b77e125c05f09	common_voice_mvy_42361221.mp3	53d30a687f52cefd789b8839418d6353ad0c70f6d0a937d0dc804aafe802a952	آں می لا ݜُو بھاؤ اگار کرا تُھو۔		2	0	thirties		کھیل/دوبېرَیں		mvy	
4281ed2314a2c85676db55efdfd06ae0e80cca28b8a50303c9a63524c1b0bccc51e7d7dd44e22e4f6f155ee87c22d5c9f9423d73d9afcbb03a5b77e125c05f09	common_voice_mvy_42363065.mp3	723fd9ff05a26dabb28d1870e368781a94bee4fe03ef169c46ab8e25ab83087d	دنؤں لا گھݜَیں ہِن دڑ کم ہوتھی۔		3	0	thirties		کھیل/دوبېرَیں		mvy	
4281ed2314a2c85676db55efdfd06ae0e80cca28b8a50303c9a63524c1b0bccc51e7d7dd44e22e4f6f155ee87c22d5c9f9423d73d9afcbb03a5b77e125c05f09	common_voice_mvy_42361212.mp3	6b24013fc5187019b14116d4ffa8ea35e2f68cc9a1e742ff4e81d4d06ac2804b	قومہ اِسلام وَیں لُکھیایان٘س۔		2	0	thirties		کھیل/دوبېرَیں		mvy	
4281ed2314a2c85676db55efdfd06ae0e80cca28b8a50303c9a63524c1b0bccc51e7d7dd44e22e4f6f155ee87c22d5c9f9423d73d9afcbb03a5b77e125c05f09	common_voice_mvy_42361207.mp3	69dde2dadba629efa2c2b4fb2b292efdc81e08f40491c17b82e0bf935e755ef8	آخر تاں ہِی نہ بے وَس ہُوگلے		3	0	thirties		کھیل/دوبېرَیں		mvy	
4281ed2314a2c85676db55efdfd06ae0e80cca28b8a50303c9a63524c1b0bccc51e7d7dd44e22e4f6f155ee87c22d5c9f9423d73d9afcbb03a5b77e125c05f09	common_voice_mvy_42361196.mp3	519fa608034940c5b30fc06adde013c24b99a3aa6f1ce6b815eb201ede456ef9	گورېلہ ڇھیرَیں پیروئ مہ لُوں گلے کھائ کھیں		2	0	thirties		کھیل/دوبېرَیں		mvy	
4281ed2314a2c85676db55efdfd06ae0e80cca28b8a50303c9a63524c1b0bccc51e7d7dd44e22e4f6f155ee87c22d5c9f9423d73d9afcbb03a5b77e125c05f09	common_voice_mvy_42361194.mp3	68b2eb315efda701a2df62ab53c0f83a925b41a93120d0978b0e572584c94719	اُو قَصہ سو وختہ شروع ہُوسیۡ		2	0	thirties		کھیل/دوبېرَیں		mvy	
4281ed2314a2c85676db55efdfd06ae0e80cca28b8a50303c9a63524c1b0bccc51e7d7dd44e22e4f6f155ee87c22d5c9f9423d73d9afcbb03a5b77e125c05f09	common_voice_mvy_42361193.mp3	5cbe23e73c7a2e912fa6c68da54625b567db826b0d4aa3b5fdad7d2ff5620045	ایک مُجتہِد (اجتہاد کران٘لو)		2	0	thirties		کھیل/دوبېرَیں		mvy	
4281ed2314a2c85676db55efdfd06ae0e80cca28b8a50303c9a63524c1b0bccc51e7d7dd44e22e4f6f155ee87c22d5c9f9423d73d9afcbb03a5b77e125c05f09	common_voice_mvy_42361174.mp3	67ba514c6993da128fbaf3e8dcd99f6d8570e0b0f4cdd29fa3ce92b226d9e281	تے زَیں تس کُوری دھاؤ۔		2	0	thirties		کھیل/دوبېرَیں		mvy	
4281ed2314a2c85676db55efdfd06ae0e80cca28b8a50303c9a63524c1b0bccc51e7d7dd44e22e4f6f155ee87c22d5c9f9423d73d9afcbb03a5b77e125c05f09	common_voice_mvy_42361172.mp3	579dea94894b3a8fe60a0ea21c3fa77673afac583716bd5454c6c5265e67e7cb	مہ ایک گتہ کم ہُون٘دُوں نِوان٘ز نی ہو تُھو۔		3	0	thirties		کھیل/دوبېرَیں		mvy	
4281ed2314a2c85676db55efdfd06ae0e80cca28b8a50303c9a63524c1b0bccc51e7d7dd44e22e4f6f155ee87c22d5c9f9423d73d9afcbb03a5b77e125c05f09	common_voice_mvy_42361167.mp3	68e7c6324f99ff7d11b012dc7fc99e56abf205a659e3c0baef224ff992e84f90	اس سݩدئیں طریۡقہ ݜُو تھی چے		2	0	thirties		کھیل/دوبېرَیں		mvy	
4281ed2314a2c85676db55efdfd06ae0e80cca28b8a50303c9a63524c1b0bccc51e7d7dd44e22e4f6f155ee87c22d5c9f9423d73d9afcbb03a5b77e125c05f09	common_voice_mvy_42361166.mp3	5e9bb425006c578ff0521530b7084e7cadc5ab8346206525988fcedece92aa22	دڇھیوں ہا کھبُو ہتہۡھ لا تل چھؤں آں		2	0	thirties		کھیل/دوبېرَیں		mvy	
4281ed2314a2c85676db55efdfd06ae0e80cca28b8a50303c9a63524c1b0bccc51e7d7dd44e22e4f6f155ee87c22d5c9f9423d73d9afcbb03a5b77e125c05f09	common_voice_mvy_42361164.mp3	59e0cac26563c8f10b1dc02779209d266f2323d4eeb15d0bcd624c479c8ad808	خو اسیں ݜَیں دھان٘کہ کارنامی څَیں ݜلہ بنم تُس امَیں نھالی		2	0	thirties		کھیل/دوبېرَیں		mvy	
4281ed2314a2c85676db55efdfd06ae0e80cca28b8a50303c9a63524c1b0bccc51e7d7dd44e22e4f6f155ee87c22d5c9f9423d73d9afcbb03a5b77e125c05f09	common_voice_mvy_42361163.mp3	60782d479e8fde85db08c17ff08c8139789ddc02b22193123d14f5104864ab65	چےۡ کہ تُو خوش تُھو کھیں مہ ݜس پُوروۡ گؤں تَل چور کرم		2	0	thirties		کھیل/دوبېرَیں		mvy	
4281ed2314a2c85676db55efdfd06ae0e80cca28b8a50303c9a63524c1b0bccc51e7d7dd44e22e4f6f155ee87c22d5c9f9423d73d9afcbb03a5b77e125c05f09	common_voice_mvy_42361158.mp3	6957d502ce293e88d7111209743445666fbe1c2d77e53026a51ac32810e7cbcb	تُو سَحرَئیں کھئیں گِی وَخ اُتھیات؟		4	0	thirties		کھیل/دوبېرَیں		mvy	
4281ed2314a2c85676db55efdfd06ae0e80cca28b8a50303c9a63524c1b0bccc51e7d7dd44e22e4f6f155ee87c22d5c9f9423d73d9afcbb03a5b77e125c05f09	common_voice_mvy_42361157.mp3	0f8c262ecbe74247b95d0adc1ec9495360b7c4f1bfe01f1dd19e4073fc7abb97	ݜویؤں مصلحتِ مُرسلہ تُھو		2	0	thirties		کھیل/دوبېرَیں		mvy	
4281ed2314a2c85676db55efdfd06ae0e80cca28b8a50303c9a63524c1b0bccc51e7d7dd44e22e4f6f155ee87c22d5c9f9423d73d9afcbb03a5b77e125c05f09	common_voice_mvy_42361156.mp3	63fe2e570cf18b124947278f9740877d319e7168f03f430ad2a4b84767b96e59	نَیں مہ گولاں خبر ہوم		2	0	thirties		کھیل/دوبېرَیں		mvy	
4281ed2314a2c85676db55efdfd06ae0e80cca28b8a50303c9a63524c1b0bccc51e7d7dd44e22e4f6f155ee87c22d5c9f9423d73d9afcbb03a5b77e125c05f09	common_voice_mvy_42361155.mp3	66394305c9e420c09a3ae1b3d707cb44bf99cd98d40a8fe8633ff2756aa63725	تال آں مری لا ݜس تیلاں مالش کری۔		2	0	thirties		کھیل/دوبېرَیں		mvy	
4281ed2314a2c85676db55efdfd06ae0e80cca28b8a50303c9a63524c1b0bccc51e7d7dd44e22e4f6f155ee87c22d5c9f9423d73d9afcbb03a5b77e125c05f09	common_voice_mvy_42361154.mp3	5e3163b135e682dea42cfaab8df839683602f94e33f399a57598563039114a27	ݜے کمہۡ انسان کیر آں ݜے کھؤں پوں آں مشق کیر		2	0	thirties		کھیل/دوبېرَیں		mvy	
4281ed2314a2c85676db55efdfd06ae0e80cca28b8a50303c9a63524c1b0bccc51e7d7dd44e22e4f6f155ee87c22d5c9f9423d73d9afcbb03a5b77e125c05f09	common_voice_mvy_42361141.mp3	416710fa693c33d73e9d4d80e1c0a2d6a78151e4691a33e2263d5210796cb58c	آں سامُوٹھیۡ بِھیَیں دُوالشَیں لا دُنَیں نہ پڑدا کیریۡ۔		2	0	thirties		کھیل/دوبېرَیں		mvy	
4281ed2314a2c85676db55efdfd06ae0e80cca28b8a50303c9a63524c1b0bccc51e7d7dd44e22e4f6f155ee87c22d5c9f9423d73d9afcbb03a5b77e125c05f09	common_voice_mvy_42361140.mp3	431419e71581c0f8287fce2a670dfcd365c624c52e98f4f808dcaad3f6dd94c5	بلیاں مُو ݜُو چے کہ انسان انسانیتیاں ژؤن٘دُن لن٘گھَیں یاں غرضی تھہ		3	0	thirties		کھیل/دوبېرَیں		mvy	
4281ed2314a2c85676db55efdfd06ae0e80cca28b8a50303c9a63524c1b0bccc51e7d7dd44e22e4f6f155ee87c22d5c9f9423d73d9afcbb03a5b77e125c05f09	common_voice_mvy_42361139.mp3	55013c41a67576728653bee50fb6ba1fc6cb515755659ff6abce9f6129ca5242	احزاب (ڈلی وَیں کل) یا خندقیاں غزا (کن٘دَیں کل) شُروع ہون٘دوۡ۔		2	0	thirties		کھیل/دوبېرَیں		mvy	
4281ed2314a2c85676db55efdfd06ae0e80cca28b8a50303c9a63524c1b0bccc51e7d7dd44e22e4f6f155ee87c22d5c9f9423d73d9afcbb03a5b77e125c05f09	common_voice_mvy_42361116.mp3	5d933a9f2cd23c6563a75c96250d14c48118412c3889ec98cde17e1d4b484fd6	اسی ہِن چئی قسمہ وَیں دڑی دُور ہوتھی۔		2	0	thirties		کھیل/دوبېرَیں		mvy	
4281ed2314a2c85676db55efdfd06ae0e80cca28b8a50303c9a63524c1b0bccc51e7d7dd44e22e4f6f155ee87c22d5c9f9423d73d9afcbb03a5b77e125c05f09	common_voice_mvy_42361114.mp3	20a7dbe46cae4bb3341e2de65c17902f05b50974d2019dc11f9c83c3c91c69ac	آں بُٹ مرېل تَیں زئیوں نہ تاں رڇھان٘لہ گے ڙؤں ہو تھہ۔		2	0	thirties		کھیل/دوبېرَیں		mvy	
4281ed2314a2c85676db55efdfd06ae0e80cca28b8a50303c9a63524c1b0bccc51e7d7dd44e22e4f6f155ee87c22d5c9f9423d73d9afcbb03a5b77e125c05f09	common_voice_mvy_42361026.mp3	2c887bced7ae05085eac4c8a39ed621a16ee62d8a1bba931a4c92672f91e0a87	مھالیں وریۡیں لام، پیدائشی نہ پورژَیں ہاریۡ لام		2	0	thirties		کھیل/دوبېرَیں		mvy	
4281ed2314a2c85676db55efdfd06ae0e80cca28b8a50303c9a63524c1b0bccc51e7d7dd44e22e4f6f155ee87c22d5c9f9423d73d9afcbb03a5b77e125c05f09	common_voice_mvy_42361015.mp3	5a1fe5aa13cd86aba46afd0a0b90d16dcf6f30601a68edf18e6a53df3ca1c335	تے مکّاں خلکہ واں دَن تقریر کیریۡ		2	0	thirties		کھیل/دوبېرَیں		mvy	
4281ed2314a2c85676db55efdfd06ae0e80cca28b8a50303c9a63524c1b0bccc51e7d7dd44e22e4f6f155ee87c22d5c9f9423d73d9afcbb03a5b77e125c05f09	common_voice_mvy_42361014.mp3	0a77cbd948ca8781337b5080b6d1495580ef28bbea00db2c222ea12111848a5a	”اسِیں ݜَیں اوشہۡ آں ڇؤن٘ٹو واں اوازی، اتی بحث نېرہ“		2	0	thirties		کھیل/دوبېرَیں		mvy	
4281ed2314a2c85676db55efdfd06ae0e80cca28b8a50303c9a63524c1b0bccc51e7d7dd44e22e4f6f155ee87c22d5c9f9423d73d9afcbb03a5b77e125c05f09	common_voice_mvy_42360814.mp3	6279a0f4ed53515ec4adf6b7b8d99922712f82370e0e2997eceae69e070ce6df	داخل ہویں نہ پتَیں شُو پلاسمُوڈیَم		2	0	thirties		کھیل/دوبېرَیں		mvy	
4281ed2314a2c85676db55efdfd06ae0e80cca28b8a50303c9a63524c1b0bccc51e7d7dd44e22e4f6f155ee87c22d5c9f9423d73d9afcbb03a5b77e125c05f09	common_voice_mvy_42360809.mp3	62a9086c246f9e171aa633e8a7b2845baa8f320b05600461a870134227bd3bee	ساریۡ رال ݜس سُوچ کرمان٘س چے اسی ملی گِشے بال بنم۔		2	0	thirties		کھیل/دوبېرَیں		mvy	
4281ed2314a2c85676db55efdfd06ae0e80cca28b8a50303c9a63524c1b0bccc51e7d7dd44e22e4f6f155ee87c22d5c9f9423d73d9afcbb03a5b77e125c05f09	common_voice_mvy_42360797.mp3	63577b64bb58bbcdd8bd07b519adc5de7b07cbc3f7adc98468502545926be4b8	اسم سو کلمہ تُھو چے تسی ملیۡ مُتیۡ بِگی بال		2	0	thirties		کھیل/دوبېرَیں		mvy	
4281ed2314a2c85676db55efdfd06ae0e80cca28b8a50303c9a63524c1b0bccc51e7d7dd44e22e4f6f155ee87c22d5c9f9423d73d9afcbb03a5b77e125c05f09	common_voice_mvy_42360767.mp3	5d59a97f5258e60db90d75e81df06300d6264803609ba5c7395d81c90e0ac9e3	ککی اُے بانیۡ ”ہُو تُھو او مٹُو!		2	0	thirties		کھیل/دوبېرَیں		mvy	
4281ed2314a2c85676db55efdfd06ae0e80cca28b8a50303c9a63524c1b0bccc51e7d7dd44e22e4f6f155ee87c22d5c9f9423d73d9afcbb03a5b77e125c05f09	common_voice_mvy_42360765.mp3	5dd1954152264a5419ef3c1698d805f77f765cb4ca6d78265b39cd7dbfd2ca2b	اگاراں دژیلَیں گازریۡ ہِن سُگائ علاج ہُوئ تھی		2	0	thirties		کھیل/دوبېرَیں		mvy	
4281ed2314a2c85676db55efdfd06ae0e80cca28b8a50303c9a63524c1b0bccc51e7d7dd44e22e4f6f155ee87c22d5c9f9423d73d9afcbb03a5b77e125c05f09	common_voice_mvy_42360763.mp3	3f43281fe7a73f3d74d9d459aba759e9f358bf9c4f2e149af1f30308c7e1ad29	اِواں وے نھېلے ملی شربت بزوری ملا گلے سُرسیۡ رائ		2	0	thirties		کھیل/دوبېرَیں		mvy	
4281ed2314a2c85676db55efdfd06ae0e80cca28b8a50303c9a63524c1b0bccc51e7d7dd44e22e4f6f155ee87c22d5c9f9423d73d9afcbb03a5b77e125c05f09	common_voice_mvy_42360754.mp3	5b1500c261b62f6367cdc4dde7a717e4fbf29c748045e22d48a171b6e32b4b1c	اگر کہ بِتُس اک سم معاشرہ لُکِھگ تھو		2	0	thirties		کھیل/دوبېرَیں		mvy	
4281ed2314a2c85676db55efdfd06ae0e80cca28b8a50303c9a63524c1b0bccc51e7d7dd44e22e4f6f155ee87c22d5c9f9423d73d9afcbb03a5b77e125c05f09	common_voice_mvy_42360743.mp3	5f4e470405a09661c03872329894f865f0641f3397d690b5638dd5c48136feba	وٹامن سی نے پون٘شېل مېوی لکھہ ترنج تے نېمبو۔		2	0	thirties		کھیل/دوبېرَیں		mvy	
4281ed2314a2c85676db55efdfd06ae0e80cca28b8a50303c9a63524c1b0bccc51e7d7dd44e22e4f6f155ee87c22d5c9f9423d73d9afcbb03a5b77e125c05f09	common_voice_mvy_42360742.mp3	5daafe5b19731231c2e49367c29b26859a38fef4f67de728c876837adc6ab56f	محنت چئ کیریان٘س		3	0	thirties		کھیل/دوبېرَیں		mvy	
4281ed2314a2c85676db55efdfd06ae0e80cca28b8a50303c9a63524c1b0bccc51e7d7dd44e22e4f6f155ee87c22d5c9f9423d73d9afcbb03a5b77e125c05f09	common_voice_mvy_42360310.mp3	581a648f5c3cf3ac539859b295eaea9e4470fc82e9dbd7c6f380db235df29195	ہاملی دیں ہِن دُن٘ڑہۡ/دُݨہۡ سم ہوتھو۔		3	0	thirties		کھیل/دوبېرَیں		mvy	
4281ed2314a2c85676db55efdfd06ae0e80cca28b8a50303c9a63524c1b0bccc51e7d7dd44e22e4f6f155ee87c22d5c9f9423d73d9afcbb03a5b77e125c05f09	common_voice_mvy_42360300.mp3	0f85c5dad85f5b308806ef7027efec90c422fde0b070fd28f5670230b3c2d41f	اَس سُرسیۡرَیں یاں باوجود)، تُس شُکھریہ گِن نېراں تھہ؟		2	0	thirties		کھیل/دوبېرَیں		mvy	
4281ed2314a2c85676db55efdfd06ae0e80cca28b8a50303c9a63524c1b0bccc51e7d7dd44e22e4f6f155ee87c22d5c9f9423d73d9afcbb03a5b77e125c05f09	common_voice_mvy_42360293.mp3	53b4aeb99e420352e7749e945fbc809b836c73a549ed0f725187f2aacdca0803	انتہائی قابل قدر قابل احترام حضرت مولانا صاحبے		2	0	thirties		کھیل/دوبېرَیں		mvy	
4281ed2314a2c85676db55efdfd06ae0e80cca28b8a50303c9a63524c1b0bccc51e7d7dd44e22e4f6f155ee87c22d5c9f9423d73d9afcbb03a5b77e125c05f09	common_voice_mvy_42360281.mp3	30449104e0b61c9a225e6ecd2752d8dda5d2269290d88eaa55e238a05c474823	آں ݜُو وجہۡ نہ ایں بھژ دہ سم خوشال آن٘س۔		2	0	thirties		کھیل/دوبېرَیں		mvy	
4281ed2314a2c85676db55efdfd06ae0e80cca28b8a50303c9a63524c1b0bccc51e7d7dd44e22e4f6f155ee87c22d5c9f9423d73d9afcbb03a5b77e125c05f09	common_voice_mvy_42360272.mp3	54a231b05d36606dba2e238119a168bc0ca6e4ba5f7013fc6053840adc53a1a5	اُو سی نہ ڇھاری آں تېرئ لک ہو تھُو۔		2	0	thirties		کھیل/دوبېرَیں		mvy	
4281ed2314a2c85676db55efdfd06ae0e80cca28b8a50303c9a63524c1b0bccc51e7d7dd44e22e4f6f155ee87c22d5c9f9423d73d9afcbb03a5b77e125c05f09	common_voice_mvy_42360225.mp3	13f3e10ff813e769ba6cf4552242bc6a66c1e99ac6e1c41056b7dc7eb9679c0f	آں مُوٹ پات تسیں خوَن٘دہۡ مرِیان٘س؛		3	0	thirties		کھیل/دوبېرَیں		mvy	
4281ed2314a2c85676db55efdfd06ae0e80cca28b8a50303c9a63524c1b0bccc51e7d7dd44e22e4f6f155ee87c22d5c9f9423d73d9afcbb03a5b77e125c05f09	common_voice_mvy_42360200.mp3	510ec4396a3f48cf0d0d2fac4c8fa93d01077fe2aba05d81979f75dbe4b909cb	ݜُو وجہۡ ہِن فېصلہ ݜے کیریۡ		2	0	thirties		کھیل/دوبېرَیں		mvy	
4281ed2314a2c85676db55efdfd06ae0e80cca28b8a50303c9a63524c1b0bccc51e7d7dd44e22e4f6f155ee87c22d5c9f9423d73d9afcbb03a5b77e125c05f09	common_voice_mvy_42360199.mp3	54dd8a4812b5c23fd215a7a2108d2b67c6a922a2ff73baf7ab020d2686f494bb	شیل ݜتُک سخ ہُوئ تُھو چے		2	0	thirties		کھیل/دوبېرَیں		mvy	
4281ed2314a2c85676db55efdfd06ae0e80cca28b8a50303c9a63524c1b0bccc51e7d7dd44e22e4f6f155ee87c22d5c9f9423d73d9afcbb03a5b77e125c05f09	common_voice_mvy_42360197.mp3	54ff1e152d1409b964b2158ce3665fdfc3c80b32ac07bd7c9223945d10ccbc2c	لولو تصُورہ کرہ چھی چےۡ وختی وختہ لا اُتھی		2	0	thirties		کھیل/دوبېرَیں		mvy	
4281ed2314a2c85676db55efdfd06ae0e80cca28b8a50303c9a63524c1b0bccc51e7d7dd44e22e4f6f155ee87c22d5c9f9423d73d9afcbb03a5b77e125c05f09	common_voice_mvy_42360195.mp3	1a8b2e46e50dfca4a54128c254368fc41a997a373a56fcc1be452fe8bf55f064	پاتے حرام تسے بَناں تھہ چے کؤں کام اؤلہ نہ		2	0	thirties		کھیل/دوبېرَیں		mvy	
4281ed2314a2c85676db55efdfd06ae0e80cca28b8a50303c9a63524c1b0bccc51e7d7dd44e22e4f6f155ee87c22d5c9f9423d73d9afcbb03a5b77e125c05f09	common_voice_mvy_42360175.mp3	1703b3d8ca45b4cf160fe519fceafbd29e891e008bb12b6159147bc0fd7a400c	ݜسیں تَن٘ڈیۡ ژؤن٘دُن نَیں بلکے پو ہوں تُھو۔		2	0	thirties		کھیل/دوبېرَیں		mvy	
4281ed2314a2c85676db55efdfd06ae0e80cca28b8a50303c9a63524c1b0bccc51e7d7dd44e22e4f6f155ee87c22d5c9f9423d73d9afcbb03a5b77e125c05f09	common_voice_mvy_42363086.mp3	7521316fabc9f20484010b5b20ffbb885607d91ebb40a47c9d0eb96d63563e39	انَس (اللہ تسی نہ خوشال ہو) بانیۡ تُھو		2	0	thirties		کھیل/دوبېرَیں		mvy	
4281ed2314a2c85676db55efdfd06ae0e80cca28b8a50303c9a63524c1b0bccc51e7d7dd44e22e4f6f155ee87c22d5c9f9423d73d9afcbb03a5b77e125c05f09	common_voice_mvy_42363087.mp3	5b07d4b727e3d7808b110211ba097d989cb064275b1172bde021d213a8591597	”او یا! گھرِیں وے گائ بئ تھی یی؟“		2	0	thirties		کھیل/دوبېرَیں		mvy	
4281ed2314a2c85676db55efdfd06ae0e80cca28b8a50303c9a63524c1b0bccc51e7d7dd44e22e4f6f155ee87c22d5c9f9423d73d9afcbb03a5b77e125c05f09	common_voice_mvy_42357188.mp3	4e6a01dd1aec1538aa383eca21a04a454db400c35c75b901c2b82a12c316eb13	”الو بہ او مٹُو، اما لېونئرا نَیں تاں کم ملی کام رڇھہ۔		2	0	thirties		کھیل/دوبېرَیں		mvy	
4281ed2314a2c85676db55efdfd06ae0e80cca28b8a50303c9a63524c1b0bccc51e7d7dd44e22e4f6f155ee87c22d5c9f9423d73d9afcbb03a5b77e125c05f09	common_voice_mvy_42357185.mp3	4bc6209ba3dbc35390a81661d35c168c8a0fea560eb5ec6555b2ad6627e9ff20	تے کمزوریں وجہۡ نہ نشِی دھرا تھو۔		3	0	thirties		کھیل/دوبېرَیں		mvy	
4281ed2314a2c85676db55efdfd06ae0e80cca28b8a50303c9a63524c1b0bccc51e7d7dd44e22e4f6f155ee87c22d5c9f9423d73d9afcbb03a5b77e125c05f09	common_voice_mvy_42363083.mp3	07acdfb62152cfb82d9f7eb07e78325e24d4e8bfdebc90debc78794d8480a820	کہ عِبادتیوں مہ ایک اَدم نی ہون٘د کھیں		2	0	thirties		کھیل/دوبېرَیں		mvy	
4281ed2314a2c85676db55efdfd06ae0e80cca28b8a50303c9a63524c1b0bccc51e7d7dd44e22e4f6f155ee87c22d5c9f9423d73d9afcbb03a5b77e125c05f09	common_voice_mvy_42357160.mp3	53350a24e8411b688cb55c7c71bbd418b0e10785d07c26df2e5611d5facc72ed	بُٹؤں نہ گَھیں بال انسانی حقہ کؤں رڇھا تُھو کہ قانون نی ہُوۡن٘د کھیں۔		2	0	thirties		کھیل/دوبېرَیں		mvy	
4281ed2314a2c85676db55efdfd06ae0e80cca28b8a50303c9a63524c1b0bccc51e7d7dd44e22e4f6f155ee87c22d5c9f9423d73d9afcbb03a5b77e125c05f09	common_voice_mvy_42356875.mp3	42178d8fe079fb10d77615c0524036392f5d716be4b3c8abe43d5e916bc14fb3	ماݜی ہِن نزلہ تے زکامَیں علاج گتہ ہُوئ تھی		2	0	thirties		کھیل/دوبېرَیں		mvy	
4281ed2314a2c85676db55efdfd06ae0e80cca28b8a50303c9a63524c1b0bccc51e7d7dd44e22e4f6f155ee87c22d5c9f9423d73d9afcbb03a5b77e125c05f09	common_voice_mvy_42356874.mp3	4a292f8d28f5a31be41c100542f7a191be79676e12f7ba055e24a9bd0d5316db	کھیں تسیں کریا ہِلاک پِھݩبِل شِشا		2	0	thirties		کھیل/دوبېرَیں		mvy	
4281ed2314a2c85676db55efdfd06ae0e80cca28b8a50303c9a63524c1b0bccc51e7d7dd44e22e4f6f155ee87c22d5c9f9423d73d9afcbb03a5b77e125c05f09	common_voice_mvy_42356862.mp3	446aafe83ac5a14c806f445aca6d77f8b262df2539697a02e62517901f16942d	پالک تقریباً ایک گین٘ٹہ لدہ گلے		2	0	thirties		کھیل/دوبېرَیں		mvy	
4281ed2314a2c85676db55efdfd06ae0e80cca28b8a50303c9a63524c1b0bccc51e7d7dd44e22e4f6f155ee87c22d5c9f9423d73d9afcbb03a5b77e125c05f09	common_voice_mvy_42356860.mp3	263b0f3987be29962f4e6d2926f3b094e1560751f5e3a1b8a11a7f91966d0556	مناسب خوراک تے آرام۔		2	0	thirties		کھیل/دوبېرَیں		mvy	
4281ed2314a2c85676db55efdfd06ae0e80cca28b8a50303c9a63524c1b0bccc51e7d7dd44e22e4f6f155ee87c22d5c9f9423d73d9afcbb03a5b77e125c05f09	common_voice_mvy_42356858.mp3	3cd6fa8ad3a6da244bf70e5d4ec408f53e2c7b128cd8f8f044164bbf162c93f6	ݜلہ چور اَس یادی رَڇھَیں یاں دَن		2	0	thirties		کھیل/دوبېرَیں		mvy	
4281ed2314a2c85676db55efdfd06ae0e80cca28b8a50303c9a63524c1b0bccc51e7d7dd44e22e4f6f155ee87c22d5c9f9423d73d9afcbb03a5b77e125c05f09	common_voice_mvy_42351825.mp3	46a292b22c26668940dfb12ecdfb6beb5edb9f28d13cd04c7110e27ec65fcb0f	کِھیں مِیں ہلالیُوں ڙھس ہُون٘دیۡ۔		3	0	thirties		کھیل/دوبېرَیں		mvy	
4281ed2314a2c85676db55efdfd06ae0e80cca28b8a50303c9a63524c1b0bccc51e7d7dd44e22e4f6f155ee87c22d5c9f9423d73d9afcbb03a5b77e125c05f09	common_voice_mvy_42351821.mp3	062818d1b66911818b9eecca74db457f01d5b95068c9528f908f6400f9c77f4b	گی نَیں سو، چے کؤں پان٘د نھالے وَیلیۡ پن٘دہۡ لا بے۔		2	0	thirties		کھیل/دوبېرَیں		mvy	
4281ed2314a2c85676db55efdfd06ae0e80cca28b8a50303c9a63524c1b0bccc51e7d7dd44e22e4f6f155ee87c22d5c9f9423d73d9afcbb03a5b77e125c05f09	common_voice_mvy_42351787.mp3	4348bc0634ba3b93695af4ea7c7261ad95315d1ff8b6200d766fdf3d1408c18f	اُو نبی علیہ السلامَیں ہمزولے رنڈیۡ گھریۡماݜ آن٘سیۡ۔		2	0	thirties		کھیل/دوبېرَیں		mvy	
4281ed2314a2c85676db55efdfd06ae0e80cca28b8a50303c9a63524c1b0bccc51e7d7dd44e22e4f6f155ee87c22d5c9f9423d73d9afcbb03a5b77e125c05f09	common_voice_mvy_42351733.mp3	29029835a4f193d094b726f43cd9769508002d55b2f93ad3ef97a9d9405cfbcc	آژ ݜس اُستَیں جنازہ مہ ݜتک گھن٘ڑہۡ آن٘سیۡ		2	0	thirties		کھیل/دوبېرَیں		mvy	
4281ed2314a2c85676db55efdfd06ae0e80cca28b8a50303c9a63524c1b0bccc51e7d7dd44e22e4f6f155ee87c22d5c9f9423d73d9afcbb03a5b77e125c05f09	common_voice_mvy_42351709.mp3	1e256381b5be9ef6eafcadbf596de8f5881b9d2732235e2891b02ffd2dbeb579	کس شاگِڑہ ملیۡ تُوں محنت کیریۡ		2	0	thirties		کھیل/دوبېرَیں		mvy	
4281ed2314a2c85676db55efdfd06ae0e80cca28b8a50303c9a63524c1b0bccc51e7d7dd44e22e4f6f155ee87c22d5c9f9423d73d9afcbb03a5b77e125c05f09	common_voice_mvy_42351705.mp3	1fc69e2cc2a8e296c2939a6d5bf679c938864b8d8f325b9e7196c63e52a73c65	ہیُو تے ہلالیں یاں تېرئ کمہۡ		2	0	thirties		کھیل/دوبېرَیں		mvy	
4281ed2314a2c85676db55efdfd06ae0e80cca28b8a50303c9a63524c1b0bccc51e7d7dd44e22e4f6f155ee87c22d5c9f9423d73d9afcbb03a5b77e125c05f09	common_voice_mvy_42351686.mp3	452bbd5d6fe1e86d6a0f1b8145b2fa24f71dea5a2e07bf972dc1bce6435dd864	مہ آژ کل چو سخ ݜژېل تُھو		2	0	thirties		کھیل/دوبېرَیں		mvy	
4281ed2314a2c85676db55efdfd06ae0e80cca28b8a50303c9a63524c1b0bccc51e7d7dd44e22e4f6f155ee87c22d5c9f9423d73d9afcbb03a5b77e125c05f09	common_voice_mvy_42351669.mp3	436d75d5a2ff67ef4648b2153efbe619d4095e4cfff6c898f0212039ca7d4374	سیں دُو سېر چھواری دھا آئ		2	0	thirties		کھیل/دوبېرَیں		mvy	
4281ed2314a2c85676db55efdfd06ae0e80cca28b8a50303c9a63524c1b0bccc51e7d7dd44e22e4f6f155ee87c22d5c9f9423d73d9afcbb03a5b77e125c05f09	common_voice_mvy_42351668.mp3	26083420f2e8b019bf6b183fa413806f34bab90e9526f7af056078bcaad1fc74	(کاپھرہ واں دن بنژا تھی) او پُڑ ہون٘لؤں! آج تُس (دین قبلان٘لؤں نہ) الُوۡ بئ۔		2	0	thirties		کھیل/دوبېرَیں		mvy	
4281ed2314a2c85676db55efdfd06ae0e80cca28b8a50303c9a63524c1b0bccc51e7d7dd44e22e4f6f155ee87c22d5c9f9423d73d9afcbb03a5b77e125c05f09	common_voice_mvy_42351601.mp3	1e39fe40e23b3565016795dacf3ffe1615d96501ca52de733c757bd6cae28ae6	سیں څاں مہ چے اپان٘دُو کر چھی؛ تُس پوژا تھہ نئ یی؟		2	0	thirties		کھیل/دوبېرَیں		mvy	
4281ed2314a2c85676db55efdfd06ae0e80cca28b8a50303c9a63524c1b0bccc51e7d7dd44e22e4f6f155ee87c22d5c9f9423d73d9afcbb03a5b77e125c05f09	common_voice_mvy_42351578.mp3	470bc1e1e3eb9acc3be5a3bdf58c5d6514f494ddc3cfc491122ae48e53fe73d5	اِوَیں پلیل یی تے ڈاگ بلیُوں نہ بے شِدیۡ تھہ۔		2	0	thirties		کھیل/دوبېرَیں		mvy	
4281ed2314a2c85676db55efdfd06ae0e80cca28b8a50303c9a63524c1b0bccc51e7d7dd44e22e4f6f155ee87c22d5c9f9423d73d9afcbb03a5b77e125c05f09	common_voice_mvy_42351572.mp3	23f3abfc880b728d2e9622c0152790ae0258b794ab3220c3bac9a135937e5251	سِوَیں چُن٘ڑہ پَہرا گېل نبی علیہ السلام لا سخ تېرئ کیریۡ۔		2	0	thirties		کھیل/دوبېرَیں		mvy	
4281ed2314a2c85676db55efdfd06ae0e80cca28b8a50303c9a63524c1b0bccc51e7d7dd44e22e4f6f155ee87c22d5c9f9423d73d9afcbb03a5b77e125c05f09	common_voice_mvy_42351422.mp3	438a660dbe5496d18164953d983b2852075afb1630fc522d8c582ae3ec5b432a	اسیں ہویں یاں ثُبوت پَکوۡ ہو۔		2	0	thirties		کھیل/دوبېرَیں		mvy	
4281ed2314a2c85676db55efdfd06ae0e80cca28b8a50303c9a63524c1b0bccc51e7d7dd44e22e4f6f155ee87c22d5c9f9423d73d9afcbb03a5b77e125c05f09	common_voice_mvy_42363118.mp3	6498f0f7258305b7a910c038cd5000e81ef233d86b23431bb02e41c0c6f588eb	جسمَیں بادی دڑی واں دن		2	0	thirties		کھیل/دوبېرَیں		mvy	
4281ed2314a2c85676db55efdfd06ae0e80cca28b8a50303c9a63524c1b0bccc51e7d7dd44e22e4f6f155ee87c22d5c9f9423d73d9afcbb03a5b77e125c05f09	common_voice_mvy_42363165.mp3	7eb476a87d3d48b89b516dcb8dbb855a19f2dc10767fc027a6370af17da73fe4	تےۡ آں نا یاتی، میں چئ تجربہ تھی		2	0	thirties		کھیل/دوبېرَیں		mvy	
4281ed2314a2c85676db55efdfd06ae0e80cca28b8a50303c9a63524c1b0bccc51e7d7dd44e22e4f6f155ee87c22d5c9f9423d73d9afcbb03a5b77e125c05f09	common_voice_mvy_42363179.mp3	67fbe3c3cb623017b88bf2ae0558a88b2d1b96b1cf35c7b5ff739c0fd8c67d38	کُھلاؤ ان٘گُویؤں ہِن کُوٹھہ دھؤں سنت تھُو۔		2	0	thirties		کھیل/دوبېرَیں		mvy	
4281ed2314a2c85676db55efdfd06ae0e80cca28b8a50303c9a63524c1b0bccc51e7d7dd44e22e4f6f155ee87c22d5c9f9423d73d9afcbb03a5b77e125c05f09	common_voice_mvy_42363180.mp3	7c1937293c319d0b4af7a553b9d53633659d836036c8c78fab3d3e41d6837da9	چے اس موسمہ مہ ہر گھېن٘رہ لکېرے		2	0	thirties		کھیل/دوبېرَیں		mvy	
4281ed2314a2c85676db55efdfd06ae0e80cca28b8a50303c9a63524c1b0bccc51e7d7dd44e22e4f6f155ee87c22d5c9f9423d73d9afcbb03a5b77e125c05f09	common_voice_mvy_42363187.mp3	765961d96dad9cb858ba9e43d80842aeb086d80b8bafa5edca42366ca5cefdb1	اُوۡ تاں ڇبیۡش ماݜؤں ہِن نبیؐ نہ مُوٹھیۡ مُوٹھیۡ		2	0	thirties		کھیل/دوبېرَیں		mvy	
4281ed2314a2c85676db55efdfd06ae0e80cca28b8a50303c9a63524c1b0bccc51e7d7dd44e22e4f6f155ee87c22d5c9f9423d73d9afcbb03a5b77e125c05f09	common_voice_mvy_42363189.mp3	7e7f670fdb7d6b2d57b56572d8fd3a953f7bb49e53bf21bc7eb2c2dfb7a89467	آں تُس بُٹ تسی گے بے تھہ۔		2	0	thirties		کھیل/دوبېرَیں		mvy	
4281ed2314a2c85676db55efdfd06ae0e80cca28b8a50303c9a63524c1b0bccc51e7d7dd44e22e4f6f155ee87c22d5c9f9423d73d9afcbb03a5b77e125c05f09	common_voice_mvy_42363208.mp3	7eb922303ad318a1fa597b0a3f8b07de984019ac1795c775f60ab59fbeeb4201	سو مے سخ چِندائ تھی۔		3	0	thirties		کھیل/دوبېرَیں		mvy	
4281ed2314a2c85676db55efdfd06ae0e80cca28b8a50303c9a63524c1b0bccc51e7d7dd44e22e4f6f155ee87c22d5c9f9423d73d9afcbb03a5b77e125c05f09	common_voice_mvy_42351415.mp3	418584e297395a78d845e311cd5005c5178f310333d4d3b8529ede6e61d8e0f9	ݜس بیماری مژ بٹہ لا یا بھاں مژ تازا آں سُرسہۡ امہ واں رس		2	0	thirties		کھیل/دوبېرَیں		mvy	
4281ed2314a2c85676db55efdfd06ae0e80cca28b8a50303c9a63524c1b0bccc51e7d7dd44e22e4f6f155ee87c22d5c9f9423d73d9afcbb03a5b77e125c05f09	common_voice_mvy_42363220.mp3	7e0202aeadc1af60cc757b8d89cf72c34b88fada9b4152a7f9b8f7ff029d4b74	مُسلماں ݜُو وختہ مہ چے کھیژېل آن٘س،		2	0	thirties		کھیل/دوبېرَیں		mvy	
4281ed2314a2c85676db55efdfd06ae0e80cca28b8a50303c9a63524c1b0bccc51e7d7dd44e22e4f6f155ee87c22d5c9f9423d73d9afcbb03a5b77e125c05f09	common_voice_mvy_42363241.mp3	7bd5a807ea1fc94a9a01b711f3b20bd13e6f43c3caeb12442799f9e352250ef0	ݜُو سو جہنم تھی چے تسی نہ گنان٘گارہ مُنکُر آن٘سہ۔		2	0	thirties		کھیل/دوبېرَیں		mvy	
4281ed2314a2c85676db55efdfd06ae0e80cca28b8a50303c9a63524c1b0bccc51e7d7dd44e22e4f6f155ee87c22d5c9f9423d73d9afcbb03a5b77e125c05f09	common_voice_mvy_42363244.mp3	6d91b518434dd013802fce1171a57602f11c8c2085c39962baf85ce95006750f	ہر ہیشی لا چے کلہۡ اېک ڈلہ (مژ) گلژا تھی،		2	1	thirties		کھیل/دوبېرَیں		mvy	
4281ed2314a2c85676db55efdfd06ae0e80cca28b8a50303c9a63524c1b0bccc51e7d7dd44e22e4f6f155ee87c22d5c9f9423d73d9afcbb03a5b77e125c05f09	common_voice_mvy_42363264.mp3	7eedb1b12094c0bcf4d06430ef39ff6be62984e6479f9fadee4d473484bf2ca0	گشے چے نبی اکرم صلی اللہ علیہ وسلمے اِسلاماں پېغام رِزَیں شروع کیریۡ		2	0	thirties		کھیل/دوبېرَیں		mvy	
4281ed2314a2c85676db55efdfd06ae0e80cca28b8a50303c9a63524c1b0bccc51e7d7dd44e22e4f6f155ee87c22d5c9f9423d73d9afcbb03a5b77e125c05f09	common_voice_mvy_42363270.mp3	757606b19b10fe3a308c70a5d1324a593dce70c3c52cccd576c7dff52bf8acb5	آں کلہۡ کلہۡ لہ تل نہ چام گتہ پھلیۡ تُھو۔		2	0	thirties		کھیل/دوبېرَیں		mvy	
4281ed2314a2c85676db55efdfd06ae0e80cca28b8a50303c9a63524c1b0bccc51e7d7dd44e22e4f6f155ee87c22d5c9f9423d73d9afcbb03a5b77e125c05f09	common_voice_mvy_42363274.mp3	577bf42b32005f7af4411785a4d6d8ad131dcb644872733f0f4080fca00d7ab5	تسی لا سُو ݜُو حُکُم رِن٘گا تھو۔		2	1	thirties		کھیل/دوبېرَیں		mvy	
4281ed2314a2c85676db55efdfd06ae0e80cca28b8a50303c9a63524c1b0bccc51e7d7dd44e22e4f6f155ee87c22d5c9f9423d73d9afcbb03a5b77e125c05f09	common_voice_mvy_42363278.mp3	733643b91644bec32d82ca05f512e15d4e7eae213bffa6992a1deef83662a183	مَیں تَیں زوانی یاں دیس یادی کراں		3	0	thirties		کھیل/دوبېرَیں		mvy	
4281ed2314a2c85676db55efdfd06ae0e80cca28b8a50303c9a63524c1b0bccc51e7d7dd44e22e4f6f155ee87c22d5c9f9423d73d9afcbb03a5b77e125c05f09	common_voice_mvy_42363281.mp3	7fe60963992b037141aea081e0b06d76b12470fada461ba5cf8cc313c4158370	چے تسی مَن٘ژ جَن٘گیاں ورانیگر (مجرم)،		2	0	thirties		کھیل/دوبېرَیں		mvy	
4281ed2314a2c85676db55efdfd06ae0e80cca28b8a50303c9a63524c1b0bccc51e7d7dd44e22e4f6f155ee87c22d5c9f9423d73d9afcbb03a5b77e125c05f09	common_voice_mvy_42363290.mp3	78bc554f52f4213287317bb11a28fc246aca164608a562cb9138ab7bcac349ca	آں حج یی تے مُت کم ہویے۔		2	0	thirties		کھیل/دوبېرَیں		mvy	
4281ed2314a2c85676db55efdfd06ae0e80cca28b8a50303c9a63524c1b0bccc51e7d7dd44e22e4f6f155ee87c22d5c9f9423d73d9afcbb03a5b77e125c05f09	common_voice_mvy_42363307.mp3	732954e75a5927905e7d51e31c1771b1e807b247813c9430851ea55ddbbbb64d	دے وختی اما تیار کرہ		2	1	thirties		کھیل/دوبېرَیں		mvy	
4281ed2314a2c85676db55efdfd06ae0e80cca28b8a50303c9a63524c1b0bccc51e7d7dd44e22e4f6f155ee87c22d5c9f9423d73d9afcbb03a5b77e125c05f09	common_voice_mvy_42363313.mp3	7a2f59662517c52b61846566f6b821323590b8f3439ed505a0117e3b1dffab7b	کرېلاں وے ایک ہفتہ پویَیں ہِن		2	0	thirties		کھیل/دوبېرَیں		mvy	
4281ed2314a2c85676db55efdfd06ae0e80cca28b8a50303c9a63524c1b0bccc51e7d7dd44e22e4f6f155ee87c22d5c9f9423d73d9afcbb03a5b77e125c05f09	common_voice_mvy_42363315.mp3	8429796df2242d57870fa38f39558b52148b66f009d60b3888770652868135c5	ݜسی (زُمُک) مہ قجُریۡواں یی تے ڙڇھہۡ واں باغہ سان٘د؛		3	1	thirties		کھیل/دوبېرَیں		mvy	
4281ed2314a2c85676db55efdfd06ae0e80cca28b8a50303c9a63524c1b0bccc51e7d7dd44e22e4f6f155ee87c22d5c9f9423d73d9afcbb03a5b77e125c05f09	common_voice_mvy_42363332.mp3	710f5259421e6dfbbccc9c24e45039f8081dfb153bd57912004a6e225f4bb012	اُو ݜے کام تُھو چے اسی مہ اللہ پاکے تاں بنداں دَن		2	0	thirties		کھیل/دوبېرَیں		mvy	
4281ed2314a2c85676db55efdfd06ae0e80cca28b8a50303c9a63524c1b0bccc51e7d7dd44e22e4f6f155ee87c22d5c9f9423d73d9afcbb03a5b77e125c05f09	common_voice_mvy_42363359.mp3	7b6193d79749a6c03203b867b70944a61f854d3a848315013b6e7931071426d6	شِشیل دان٘ڑیال چپَیں ہِن یا اسی ملی کالی مصری ملا گلے		2	0	thirties		کھیل/دوبېرَیں		mvy	
4281ed2314a2c85676db55efdfd06ae0e80cca28b8a50303c9a63524c1b0bccc51e7d7dd44e22e4f6f155ee87c22d5c9f9423d73d9afcbb03a5b77e125c05f09	common_voice_mvy_42363361.mp3	6d6e06de18c53a02f590eb8147cbdc24ebe45776e67cb8c97935192d7dae6a90	تُو رحم کران٘لاں پَیداوخ (تخلیق) مہ گی ارگٹیار نی ڇا تُھو؛		2	0	thirties		کھیل/دوبېرَیں		mvy	
4281ed2314a2c85676db55efdfd06ae0e80cca28b8a50303c9a63524c1b0bccc51e7d7dd44e22e4f6f155ee87c22d5c9f9423d73d9afcbb03a5b77e125c05f09	common_voice_mvy_42363378.mp3	802e7b8be8ecb60a09328148e3ecf4d5959f81e1d7a33a648ab5bdb5d1dbd4f9	شرط یا رکاوٹ سن٘دژېل ہُوئ تھو؛		2	0	thirties		کھیل/دوبېرَیں		mvy	
4281ed2314a2c85676db55efdfd06ae0e80cca28b8a50303c9a63524c1b0bccc51e7d7dd44e22e4f6f155ee87c22d5c9f9423d73d9afcbb03a5b77e125c05f09	common_voice_mvy_42363379.mp3	84438465d88ebb91a119a8a99f29bcbb14e7d3270203b14d7a9ba508c73552e5	تے چےۡ بادِگر اېوں نہ فِکر (احتیاط) کرُژ۔		2	0	thirties		کھیل/دوبېرَیں		mvy	
4281ed2314a2c85676db55efdfd06ae0e80cca28b8a50303c9a63524c1b0bccc51e7d7dd44e22e4f6f155ee87c22d5c9f9423d73d9afcbb03a5b77e125c05f09	common_voice_mvy_42363381.mp3	76806da326d2ed60d374a752e35f4764ebc7ee43115e6aafdfdb25cd5b382f9d	سېوں نہ جُرمانہ (فِدیہ) ہری پھت کیریۡ۔		2	0	thirties		کھیل/دوبېرَیں		mvy	
4281ed2314a2c85676db55efdfd06ae0e80cca28b8a50303c9a63524c1b0bccc51e7d7dd44e22e4f6f155ee87c22d5c9f9423d73d9afcbb03a5b77e125c05f09	common_voice_mvy_42363403.mp3	823581bdf75062186843d16df98932bb00141a1c239945b0295c375aa9d9fc0a	تے مہ شلاں آ تیں بھا مُوٹھِن گلا تُھو		2	0	thirties		کھیل/دوبېرَیں		mvy	
4281ed2314a2c85676db55efdfd06ae0e80cca28b8a50303c9a63524c1b0bccc51e7d7dd44e22e4f6f155ee87c22d5c9f9423d73d9afcbb03a5b77e125c05f09	common_voice_mvy_42363405.mp3	682bf6e2d533e812bb5d36e36de08d58922c9cb264a49fa38f2f8cbd02e36226	خوراکَیں دوائ آں سُویں۔		2	0	thirties		کھیل/دوبېرَیں		mvy	
4281ed2314a2c85676db55efdfd06ae0e80cca28b8a50303c9a63524c1b0bccc51e7d7dd44e22e4f6f155ee87c22d5c9f9423d73d9afcbb03a5b77e125c05f09	common_voice_mvy_42363245.mp3	7430a2c36eaf752bc64039dd675fce9fa8bd190c904b2faa52b4f403f9c2f7d6	اسی نہ علاوہ اُو انساناں کریا ہُم فائدہ مند تھی۔		2	0	thirties		کھیل/دوبېرَیں		mvy	
4281ed2314a2c85676db55efdfd06ae0e80cca28b8a50303c9a63524c1b0bccc51e7d7dd44e22e4f6f155ee87c22d5c9f9423d73d9afcbb03a5b77e125c05f09	common_voice_mvy_42363417.mp3	70a2f6a2e3c0b23f9e5005d0ff61a39fa8e6f485937ce7e13437214218cbd571	گازریاں جُوس نہرہۡ لا پویں ہِن		3	0	thirties		کھیل/دوبېرَیں		mvy	
4281ed2314a2c85676db55efdfd06ae0e80cca28b8a50303c9a63524c1b0bccc51e7d7dd44e22e4f6f155ee87c22d5c9f9423d73d9afcbb03a5b77e125c05f09	common_voice_mvy_42363420.mp3	6a8beba46d88e21754bb3a4f599114e28f5eb40c574f61fff7659341f14b08df	بِکسی نہ بِگنَیں ادائیگی لُکُھژیۡ تھی		2	0	thirties		کھیل/دوبېرَیں		mvy	
4281ed2314a2c85676db55efdfd06ae0e80cca28b8a50303c9a63524c1b0bccc51e7d7dd44e22e4f6f155ee87c22d5c9f9423d73d9afcbb03a5b77e125c05f09	common_voice_mvy_42363442.mp3	863818b18eb254d8e4bf60073144b5f2d03ec59168695b046785dd5c2d0580bb	ݜُو شاناں دینے اسے چئ اہمیت دی چھی۔		2	1	thirties		کھیل/دوبېرَیں		mvy	
4281ed2314a2c85676db55efdfd06ae0e80cca28b8a50303c9a63524c1b0bccc51e7d7dd44e22e4f6f155ee87c22d5c9f9423d73d9afcbb03a5b77e125c05f09	common_voice_mvy_42363449.mp3	68914faf5550f0d754de23771fea5398f3069038771274c36295c6f16a481206	مُوݜ مارَیں یاں کریا سو ماݜ چے کلہۡ سو زائ ڇیلِلوۡ کھیں		2	0	thirties		کھیل/دوبېرَیں		mvy	
4281ed2314a2c85676db55efdfd06ae0e80cca28b8a50303c9a63524c1b0bccc51e7d7dd44e22e4f6f155ee87c22d5c9f9423d73d9afcbb03a5b77e125c05f09	common_voice_mvy_42363411.mp3	66e634e9492ddee05ef20da075f6d3a7ec5e1d9840755f5a84270f64f59645e4	تے تس سُگو طریۡقہ لا پیݜی		2	0	thirties		کھیل/دوبېرَیں		mvy	
4281ed2314a2c85676db55efdfd06ae0e80cca28b8a50303c9a63524c1b0bccc51e7d7dd44e22e4f6f155ee87c22d5c9f9423d73d9afcbb03a5b77e125c05f09	common_voice_mvy_42351258.mp3	09d97df2197031b9198f3a5a9c9ece6c37cc72301b280e87072d3b3a2f11bbde	آں (تُس) چِݜے اُخَیں شُو پو تھہ۔		3	0	thirties		کھیل/دوبېرَیں		mvy	
4281ed2314a2c85676db55efdfd06ae0e80cca28b8a50303c9a63524c1b0bccc51e7d7dd44e22e4f6f155ee87c22d5c9f9423d73d9afcbb03a5b77e125c05f09	common_voice_mvy_42363455.mp3	5d2ee04cc49ab4e710a039c9037bd7e81aaebb9bb166cba1eeaa964021201a2d	اگار وَیں گھُری نِوان٘ز کرؤں اڅھکاݜ تھُو۔		2	0	thirties		کھیل/دوبېرَیں		mvy	
4281ed2314a2c85676db55efdfd06ae0e80cca28b8a50303c9a63524c1b0bccc51e7d7dd44e22e4f6f155ee87c22d5c9f9423d73d9afcbb03a5b77e125c05f09	common_voice_mvy_42364211.mp3	518a3a895e006c0be74e50a1497b78b5794b8d2e47e125fbfe641be1fc0f62ff	بھولؤں لا پابندی رِن٘گؤں پکار تھی، جمہور بناں تھہ۔		2	0	thirties		کھیل/دوبېرَیں		mvy	
4281ed2314a2c85676db55efdfd06ae0e80cca28b8a50303c9a63524c1b0bccc51e7d7dd44e22e4f6f155ee87c22d5c9f9423d73d9afcbb03a5b77e125c05f09	common_voice_mvy_42364214.mp3	7557144df022a351d7d15e455555eabbf6468212b9d0dba9c87f33815811f1a7	کاں گھریُوں نہ ہمیشہ ماٹی پیدا ہوں تھی		2	0	thirties		کھیل/دوبېرَیں		mvy	
4281ed2314a2c85676db55efdfd06ae0e80cca28b8a50303c9a63524c1b0bccc51e7d7dd44e22e4f6f155ee87c22d5c9f9423d73d9afcbb03a5b77e125c05f09	common_voice_mvy_42364246.mp3	756b276903542099eb693aae5c7291868af2d9a73195b852f9c0a2b6930b65cf	گھلی لا دگلے مضبوطی ہِن گن٘ڈے پھت کېر۔		2	0	thirties		کھیل/دوبېرَیں		mvy	
4281ed2314a2c85676db55efdfd06ae0e80cca28b8a50303c9a63524c1b0bccc51e7d7dd44e22e4f6f155ee87c22d5c9f9423d73d9afcbb03a5b77e125c05f09	common_voice_mvy_42364328.mp3	4c0e5613752fb699edc3f9886416f2c2ccc32cc4e459cc004c26c633ba16e82c	اُصولوَیں بَٹیۡ، کؤں چے انصاف دیں مہ ریاست قبلائ تھی آں رِن٘گائ تھی۔		2	0	thirties		کھیل/دوبېرَیں		mvy	
4281ed2314a2c85676db55efdfd06ae0e80cca28b8a50303c9a63524c1b0bccc51e7d7dd44e22e4f6f155ee87c22d5c9f9423d73d9afcbb03a5b77e125c05f09	common_voice_mvy_42364329.mp3	8a74ffce035f92d10e3a07af07c7581df786eb46b70bff3ac9a55a7379c7f3eb	ادُوس مہ دُنئ یَیں بلی بنٶں اڅھَک تھُو۔ (عالمگیری)۔		2	0	thirties		کھیل/دوبېرَیں		mvy	
4281ed2314a2c85676db55efdfd06ae0e80cca28b8a50303c9a63524c1b0bccc51e7d7dd44e22e4f6f155ee87c22d5c9f9423d73d9afcbb03a5b77e125c05f09	common_voice_mvy_42364355.mp3	875e54e28c664f623250623b1e62bfa4abfa291e3a3e7d41305466d237e57d9f	آں آخری 'محکُوم علیہ' چے سو اِنسان تُھو۔		2	0	thirties		کھیل/دوبېرَیں		mvy	
4281ed2314a2c85676db55efdfd06ae0e80cca28b8a50303c9a63524c1b0bccc51e7d7dd44e22e4f6f155ee87c22d5c9f9423d73d9afcbb03a5b77e125c05f09	common_voice_mvy_42368380.mp3	89dbc22108a4385407ad3a0baacdf56fcc96e083660a8bdab3c5156faff41210	فلسطین مہ مسلمؤں تل ظلم		2	0	thirties		کھیل/دوبېرَیں		mvy	
4281ed2314a2c85676db55efdfd06ae0e80cca28b8a50303c9a63524c1b0bccc51e7d7dd44e22e4f6f155ee87c22d5c9f9423d73d9afcbb03a5b77e125c05f09	common_voice_mvy_42368397.mp3	ad025cd89a9572a8af87d73f13a49d86fec44b835ba6d15193ff5e6a87666b74	سو تس پرہ کرؤں گائ ڇہے یان٘س آں تے سیں کرؤ تس کھان٘س۔		2	0	thirties		کھیل/دوبېرَیں		mvy	
4281ed2314a2c85676db55efdfd06ae0e80cca28b8a50303c9a63524c1b0bccc51e7d7dd44e22e4f6f155ee87c22d5c9f9423d73d9afcbb03a5b77e125c05f09	common_voice_mvy_42368399.mp3	aad5911224ce96a88979efd951b9bb5074f8680e5eb81d31a48330bf0ce80a62	موسمئیں تمام خبری، مطلب ہر کم مژ ݜُو انفارمېشن ٹېکنالوجی استعمال ہُوئ تھی۔		2	0	thirties		کھیل/دوبېرَیں		mvy	
4281ed2314a2c85676db55efdfd06ae0e80cca28b8a50303c9a63524c1b0bccc51e7d7dd44e22e4f6f155ee87c22d5c9f9423d73d9afcbb03a5b77e125c05f09	common_voice_mvy_42368405.mp3	afc9c557c04b5f61606d435f8ab03d280395c9291630eaffc3547ddb7f40143f	نہ کمزُور تے ترقی پذیر ملکہ واں کریا گی تحفظ فراہم کرہاں تھی،		2	0	thirties		کھیل/دوبېرَیں		mvy	
4281ed2314a2c85676db55efdfd06ae0e80cca28b8a50303c9a63524c1b0bccc51e7d7dd44e22e4f6f155ee87c22d5c9f9423d73d9afcbb03a5b77e125c05f09	common_voice_mvy_42368407.mp3	2da5056afd5f11c3e0cb5d9d0d3306742ae532a8321fbaf24423f5ba60a214cc	ساریۡ زِندگی سیں کاروبار مہ لن٘گھالس		2	0	thirties		کھیل/دوبېرَیں		mvy	
4281ed2314a2c85676db55efdfd06ae0e80cca28b8a50303c9a63524c1b0bccc51e7d7dd44e22e4f6f155ee87c22d5c9f9423d73d9afcbb03a5b77e125c05f09	common_voice_mvy_42368416.mp3	b1e967b96270b0fb0276ad4a90e16718dc0b020de1ffe32111344d7aae9b6c62	زَیں اِواں کریا مال پیدا کیریۡ آں اېں سِواں خوَندہۡ (مالِکہ) تھہ۔		2	0	thirties		کھیل/دوبېرَیں		mvy	
4281ed2314a2c85676db55efdfd06ae0e80cca28b8a50303c9a63524c1b0bccc51e7d7dd44e22e4f6f155ee87c22d5c9f9423d73d9afcbb03a5b77e125c05f09	common_voice_mvy_42368430.mp3	5d14425003f4eb45e20eded08c10adde65b1e8979aa25019d44634f15fdff4b6	بلکہ بے خوابی، مالیخولیا آں جسمَیں خشکی ہُم ختم ہوتھی۔		2	0	thirties		کھیل/دوبېرَیں		mvy	
4281ed2314a2c85676db55efdfd06ae0e80cca28b8a50303c9a63524c1b0bccc51e7d7dd44e22e4f6f155ee87c22d5c9f9423d73d9afcbb03a5b77e125c05f09	common_voice_mvy_42368432.mp3	9fffeb0a7edbe8d53438eedc31aa30e2ccc17234ba7ee988d65b4f08df1e39df	پیاز ہِن طبق بیماری ایں علاج		2	0	thirties		کھیل/دوبېرَیں		mvy	
4281ed2314a2c85676db55efdfd06ae0e80cca28b8a50303c9a63524c1b0bccc51e7d7dd44e22e4f6f155ee87c22d5c9f9423d73d9afcbb03a5b77e125c05f09	common_voice_mvy_42368438.mp3	79f6360bcab03d6ed6bf87510f39c5a069eaa9b0eaeac21b97ff57356e00c860	مطلب بِگ بال تَیں حالتی لا دھرؤں استصحاب تُھو		2	0	thirties		کھیل/دوبېرَیں		mvy	
4281ed2314a2c85676db55efdfd06ae0e80cca28b8a50303c9a63524c1b0bccc51e7d7dd44e22e4f6f155ee87c22d5c9f9423d73d9afcbb03a5b77e125c05f09	common_voice_mvy_42368440.mp3	afee52ee784762e67d1f92bfe0850db0c20f3c0728101a8196d0328f987e0c0e	چےۡ تسیں بلی واں گی مقصد آن٘س۔		2	0	thirties		کھیل/دوبېرَیں		mvy	
4281ed2314a2c85676db55efdfd06ae0e80cca28b8a50303c9a63524c1b0bccc51e7d7dd44e22e4f6f155ee87c22d5c9f9423d73d9afcbb03a5b77e125c05f09	common_voice_mvy_42368451.mp3	89f8d1673e532257928b4c17472db9ae2498baac5f1a74e3a4f1d49f03504391	آں اُو ہر کمہۡ مہ چئ تیزی کرَیں یاں ہُون٘دُوں ژن٘دہۡ گتہ ہُوئ تُھو		2	0	thirties		کھیل/دوبېرَیں		mvy	
4281ed2314a2c85676db55efdfd06ae0e80cca28b8a50303c9a63524c1b0bccc51e7d7dd44e22e4f6f155ee87c22d5c9f9423d73d9afcbb03a5b77e125c05f09	common_voice_mvy_42368454.mp3	aa9e3aa42bcc41b7c9b5328868b72d964ce924d75f111e38778953a0c4e3dcb9	بے خُد ہُوئیں ہِن ادُوس شریۡ تھُو۔		4	0	thirties		کھیل/دوبېرَیں		mvy	
4281ed2314a2c85676db55efdfd06ae0e80cca28b8a50303c9a63524c1b0bccc51e7d7dd44e22e4f6f155ee87c22d5c9f9423d73d9afcbb03a5b77e125c05f09	common_voice_mvy_42368467.mp3	b30d659a2813e8bb549679c330e24af9f0443f3dc295a4978054175091b50bad	کؤں وخ عُمر ݜو کالہ ہُون٘دوۡ کھیں مھالیۡ دُنَیں نہ رُخصت ہُوۡن٘دیۡ؛		2	0	thirties		کھیل/دوبېرَیں		mvy	
4281ed2314a2c85676db55efdfd06ae0e80cca28b8a50303c9a63524c1b0bccc51e7d7dd44e22e4f6f155ee87c22d5c9f9423d73d9afcbb03a5b77e125c05f09	common_voice_mvy_42368474.mp3	9ab256d7964fe0a6eccd7f5842b045dd18b9c16597e8cf3eb011b13da2664ffa	یا بنہ او نبی، کؤں تے ہر گی دے تھُو کہ سیں دېوں راٹیۡ کھیں؟		4	0	thirties		کھیل/دوبېرَیں		mvy	
4281ed2314a2c85676db55efdfd06ae0e80cca28b8a50303c9a63524c1b0bccc51e7d7dd44e22e4f6f155ee87c22d5c9f9423d73d9afcbb03a5b77e125c05f09	common_voice_mvy_42368477.mp3	a1529901b4524cd40075af3455f5805e5c12ada169f6d778e4db768c49af5d6e	پېن٘چری واں ٹھېرؤں مہ،		2	0	thirties		کھیل/دوبېرَیں		mvy	
4281ed2314a2c85676db55efdfd06ae0e80cca28b8a50303c9a63524c1b0bccc51e7d7dd44e22e4f6f155ee87c22d5c9f9423d73d9afcbb03a5b77e125c05f09	common_voice_mvy_42368480.mp3	7331bae71f82aa5e1b5f3b7234f7f1cbabb03af37389b0c662a70ad430f8d3ca	شُو مرض خلکؤں رِن٘گَیں مہ اېک خاص قسماں ژن٘د خسٹُو		2	0	thirties		کھیل/دوبېرَیں		mvy	
4281ed2314a2c85676db55efdfd06ae0e80cca28b8a50303c9a63524c1b0bccc51e7d7dd44e22e4f6f155ee87c22d5c9f9423d73d9afcbb03a5b77e125c05f09	common_voice_mvy_42368503.mp3	b73cabac709fc4e055392b56c1d68f0ad4a76318fd862a7530aa57e2dd32293b	ݜس پوریۡ حالت بیان کیریۡ۔		2	0	thirties		کھیل/دوبېرَیں		mvy	
4281ed2314a2c85676db55efdfd06ae0e80cca28b8a50303c9a63524c1b0bccc51e7d7dd44e22e4f6f155ee87c22d5c9f9423d73d9afcbb03a5b77e125c05f09	common_voice_mvy_42368507.mp3	aa0f6be7818df9e943b0b68c8680c2e1211ea1f6f9df55537899408370e54bbd	گتہ کَنار (لشکر) اېکٹھِرا گلے دُشمن ہِن٘ڈاؤ۔		2	0	thirties		کھیل/دوبېرَیں		mvy	
4281ed2314a2c85676db55efdfd06ae0e80cca28b8a50303c9a63524c1b0bccc51e7d7dd44e22e4f6f155ee87c22d5c9f9423d73d9afcbb03a5b77e125c05f09	common_voice_mvy_42368523.mp3	90d2f580e65a98007f77fd98d18856a9c8f90436bd1b7a2d4439b486ffbd2158	مزدُوری نی لُکھاں تھہ، سېوں پاتیُوں بئ (قبلائ)۔		3	0	thirties		کھیل/دوبېرَیں		mvy	
4281ed2314a2c85676db55efdfd06ae0e80cca28b8a50303c9a63524c1b0bccc51e7d7dd44e22e4f6f155ee87c22d5c9f9423d73d9afcbb03a5b77e125c05f09	common_voice_mvy_42368859.mp3	ba2f812342c887743ef250ee56a83e6b83002541886dcd057f13e79ceec0e921	آں ووئے ول ہُنر کرے اما چپ کرہ		2	0	thirties		کھیل/دوبېرَیں		mvy	
4281ed2314a2c85676db55efdfd06ae0e80cca28b8a50303c9a63524c1b0bccc51e7d7dd44e22e4f6f155ee87c22d5c9f9423d73d9afcbb03a5b77e125c05f09	common_voice_mvy_42368861.mp3	9f907b60a9ef0f7e639a455300c384f7505f2366c4961164c5236852642a53e7	نی ہُوئن٘یاں کبلؤں اُو زِکات نی دے ہَیں تُھو۔		2	0	thirties		کھیل/دوبېرَیں		mvy	
4281ed2314a2c85676db55efdfd06ae0e80cca28b8a50303c9a63524c1b0bccc51e7d7dd44e22e4f6f155ee87c22d5c9f9423d73d9afcbb03a5b77e125c05f09	common_voice_mvy_42368864.mp3	b8f2fe7bf6c0108c470f286d980f380957733254cd5dd1337b3d96773d045208	بشام کتِیُوک دُور تُھو؟		2	1	thirties		کھیل/دوبېرَیں		mvy	
4281ed2314a2c85676db55efdfd06ae0e80cca28b8a50303c9a63524c1b0bccc51e7d7dd44e22e4f6f155ee87c22d5c9f9423d73d9afcbb03a5b77e125c05f09	common_voice_mvy_42368871.mp3	b8e8e67d3107bce79fce2fb30a38596ea3688e953c8ac5171d8fad4c3f24991b	چے تُو کلہۡ ڇیؤں مہ دُو بٹھی رال، کلہ اڑیۡ رال،		2	0	thirties		کھیل/دوبېرَیں		mvy	
4281ed2314a2c85676db55efdfd06ae0e80cca28b8a50303c9a63524c1b0bccc51e7d7dd44e22e4f6f155ee87c22d5c9f9423d73d9afcbb03a5b77e125c05f09	common_voice_mvy_42368872.mp3	9fca6e6a9b7247106b225e5b52ca0ee8edafc32ee8305bbbe81b79ba366e7223	تاں ہتہۡ تے کُھرہ تُوئ ہُوندہۡ کھیں		2	0	thirties		کھیل/دوبېرَیں		mvy	
4281ed2314a2c85676db55efdfd06ae0e80cca28b8a50303c9a63524c1b0bccc51e7d7dd44e22e4f6f155ee87c22d5c9f9423d73d9afcbb03a5b77e125c05f09	common_voice_mvy_42368874.mp3	9a118310e2535cc3dd55932124f20a319b6f73fea63e7877546719b7108088d2	ݜلہ پاک پېغمبرے ﷺ ہُم بال بانیۡ (خُطبہ دِتیۡ)		2	0	thirties		کھیل/دوبېرَیں		mvy	
4281ed2314a2c85676db55efdfd06ae0e80cca28b8a50303c9a63524c1b0bccc51e7d7dd44e22e4f6f155ee87c22d5c9f9423d73d9afcbb03a5b77e125c05f09	common_voice_mvy_42368881.mp3	b6b17f685c2634aaa23f4e9d0e625a8408a85ea05ea5cb7a9a13dc7eebba372c	کِمَٹہۡ مارئیں دوائ کھؤں من٘ڑنئ تُھو۔		2	0	thirties		کھیل/دوبېرَیں		mvy	
4281ed2314a2c85676db55efdfd06ae0e80cca28b8a50303c9a63524c1b0bccc51e7d7dd44e22e4f6f155ee87c22d5c9f9423d73d9afcbb03a5b77e125c05f09	common_voice_mvy_42368882.mp3	7f489b15078f92f10d06da1168a29578c80a8375cdfa9d4a578a192c7280380d	زرتی (ضروریات)، ہَجتی / خواہِشی (حاجیات) آں مزی (تحسینیات)۔		2	0	thirties		کھیل/دوبېرَیں		mvy	
4281ed2314a2c85676db55efdfd06ae0e80cca28b8a50303c9a63524c1b0bccc51e7d7dd44e22e4f6f155ee87c22d5c9f9423d73d9afcbb03a5b77e125c05f09	common_voice_mvy_42368883.mp3	a4ad53fedb957f81927626243bf3abd7c24bbe94369c6ad0505d5803fd003e47	آں پن٘دہۡ لا بېن٘لہ واں دن فَیدہ۔		2	0	thirties		کھیل/دوبېرَیں		mvy	
4281ed2314a2c85676db55efdfd06ae0e80cca28b8a50303c9a63524c1b0bccc51e7d7dd44e22e4f6f155ee87c22d5c9f9423d73d9afcbb03a5b77e125c05f09	common_voice_mvy_42368887.mp3	a56b6dc088a3569cf58845c2d4c34064a65c9b493692625ff223ed1a5504690a	تے سِواں تفصیل مَن چور بناں تھہ۔		2	0	thirties		کھیل/دوبېرَیں		mvy	
4281ed2314a2c85676db55efdfd06ae0e80cca28b8a50303c9a63524c1b0bccc51e7d7dd44e22e4f6f155ee87c22d5c9f9423d73d9afcbb03a5b77e125c05f09	common_voice_mvy_42368890.mp3	b5b863b2a2fed01251ffcaf49997a9c1f5084771bb5b82322b3c751798f47ddd	حرف سو تُھو چے تسی ملیۡ اسم یا فعل		2	0	thirties		کھیل/دوبېرَیں		mvy	
4281ed2314a2c85676db55efdfd06ae0e80cca28b8a50303c9a63524c1b0bccc51e7d7dd44e22e4f6f155ee87c22d5c9f9423d73d9afcbb03a5b77e125c05f09	common_voice_mvy_42368894.mp3	bb773ee2d7ead066ecce9d65b669be1d696c686fb037394fbca0749ed215c520	گی سم کام اوک ایگا کھیں بے تسی لا ایک نی ہوگ تھو۔		2	0	thirties		کھیل/دوبېرَیں		mvy	
4281ed2314a2c85676db55efdfd06ae0e80cca28b8a50303c9a63524c1b0bccc51e7d7dd44e22e4f6f155ee87c22d5c9f9423d73d9afcbb03a5b77e125c05f09	common_voice_mvy_42368902.mp3	b96aa6b4913d1d9728a4dbd337a71544a9049508cee4e98b4b1bb463b0aa2f0b	مَیں بئ اْےسېوں وات“۔		2	0	thirties		کھیل/دوبېرَیں		mvy	
4281ed2314a2c85676db55efdfd06ae0e80cca28b8a50303c9a63524c1b0bccc51e7d7dd44e22e4f6f155ee87c22d5c9f9423d73d9afcbb03a5b77e125c05f09	common_voice_mvy_42368917.mp3	b5a47a4a8ca8502812bae82bd76e160061526abec81c3fcd86f21171b180a5a1	لیونَئ ہُوئیں نہ یا لیونتُوبَیں رین٘ڑوۡ ایں ہِن ادُوس شریۡ تھُو۔		2	0	thirties		کھیل/دوبېرَیں		mvy	
4281ed2314a2c85676db55efdfd06ae0e80cca28b8a50303c9a63524c1b0bccc51e7d7dd44e22e4f6f155ee87c22d5c9f9423d73d9afcbb03a5b77e125c05f09	common_voice_mvy_42368935.mp3	b1aeb156949427573144beeb9492e8011866e5ed0b483cae84442372fa203829	دین، ژؤن٘دُن، عقل، نسل آں مال۔		2	0	thirties		کھیل/دوبېرَیں		mvy	
4281ed2314a2c85676db55efdfd06ae0e80cca28b8a50303c9a63524c1b0bccc51e7d7dd44e22e4f6f155ee87c22d5c9f9423d73d9afcbb03a5b77e125c05f09	common_voice_mvy_42368940.mp3	bbc3dfe286f5bda3dc21a8f38617b7415436d39c901f6d5b42ea1aa2675ad064	تاء، تگُو، انسان، حیوان		2	0	thirties		کھیل/دوبېرَیں		mvy	
4281ed2314a2c85676db55efdfd06ae0e80cca28b8a50303c9a63524c1b0bccc51e7d7dd44e22e4f6f155ee87c22d5c9f9423d73d9afcbb03a5b77e125c05f09	common_voice_mvy_42368941.mp3	a36d8244491f8142051c569e37feb1a0c359e82b9e4efe32d63842a09a0439c6	اُڑُد ہِن مالاں ڇھیرچئی ہوں		2	0	thirties		کھیل/دوبېرَیں		mvy	
4281ed2314a2c85676db55efdfd06ae0e80cca28b8a50303c9a63524c1b0bccc51e7d7dd44e22e4f6f155ee87c22d5c9f9423d73d9afcbb03a5b77e125c05f09	common_voice_mvy_42368956.mp3	b5f4a6484e4a6e0a0685bfe35c10f59e605ac5f50d3fe601b556f0b4d8e69f64	گیۡ زَیؤں لا مجبُوری نہ شروع ہُو وان٘س		2	0	thirties		کھیل/دوبېرَیں		mvy	
4281ed2314a2c85676db55efdfd06ae0e80cca28b8a50303c9a63524c1b0bccc51e7d7dd44e22e4f6f155ee87c22d5c9f9423d73d9afcbb03a5b77e125c05f09	common_voice_mvy_42368957.mp3	802d5ef17b0c2a5798bdc6563c856e3adacef4bdb4ce7bfb9460847690004c4e	علاجاں کریا ایک ناشنا کتاب		2	0	thirties		کھیل/دوبېرَیں		mvy	
4281ed2314a2c85676db55efdfd06ae0e80cca28b8a50303c9a63524c1b0bccc51e7d7dd44e22e4f6f155ee87c22d5c9f9423d73d9afcbb03a5b77e125c05f09	common_voice_mvy_42368966.mp3	b37c6b04797d690e591958bbc78673232ebfd8c79b8731f70fa45621a2e7527b	خو اسیں ݜُو مطلب نی تھی چے مرض ختم ہُوئیے		3	0	thirties		کھیل/دوبېرَیں		mvy	
4281ed2314a2c85676db55efdfd06ae0e80cca28b8a50303c9a63524c1b0bccc51e7d7dd44e22e4f6f155ee87c22d5c9f9423d73d9afcbb03a5b77e125c05f09	common_voice_mvy_42368967.mp3	ba68fcdeb66a8c59cefe9bf54ea3f3e14b561a7a14c305dea9eb6cdc4460cccd	سامُوٹھیۡ ناپُوہی تھی		2	0	thirties		کھیل/دوبېرَیں		mvy	
4281ed2314a2c85676db55efdfd06ae0e80cca28b8a50303c9a63524c1b0bccc51e7d7dd44e22e4f6f155ee87c22d5c9f9423d73d9afcbb03a5b77e125c05f09	common_voice_mvy_42369006.mp3	bcf5bd9d6d6923634730d2a8fba1a83ec60c15ece3eaa9d260b38b782965a2a4	ݜس بال یادی کرؤں پکار تُھو چے		2	0	thirties		کھیل/دوبېرَیں		mvy	
4281ed2314a2c85676db55efdfd06ae0e80cca28b8a50303c9a63524c1b0bccc51e7d7dd44e22e4f6f155ee87c22d5c9f9423d73d9afcbb03a5b77e125c05f09	common_voice_mvy_42369026.mp3	ae28b291560435fd617829a5252388157064f887f6bb614b2044534fbfd925be	اسلامی مُلک نی ہُون٘دُوں تے گی نہ گی عُذُر ہو ہَیں تُھو۔		2	0	thirties		کھیل/دوبېرَیں		mvy	
4281ed2314a2c85676db55efdfd06ae0e80cca28b8a50303c9a63524c1b0bccc51e7d7dd44e22e4f6f155ee87c22d5c9f9423d73d9afcbb03a5b77e125c05f09	common_voice_mvy_42369051.mp3	709690159a509d093ca7d0e3587b73381a83232b47721e34eebdb6a3c06b4278	ہر دیسؤں اس دھا چُلائ۔		2	0	thirties		کھیل/دوبېرَیں		mvy	
4281ed2314a2c85676db55efdfd06ae0e80cca28b8a50303c9a63524c1b0bccc51e7d7dd44e22e4f6f155ee87c22d5c9f9423d73d9afcbb03a5b77e125c05f09	common_voice_mvy_42369053.mp3	9e1cbd95fa9a1bcd7ce73f48cbee2cc9314b25b3a9b9491442013e64c6fc0ca8	آں سیں زُمُک بُٹ پیداوخاں (مخلوقات) دن سن٘دہ چھی۔		2	0	thirties		کھیل/دوبېرَیں		mvy	
4281ed2314a2c85676db55efdfd06ae0e80cca28b8a50303c9a63524c1b0bccc51e7d7dd44e22e4f6f155ee87c22d5c9f9423d73d9afcbb03a5b77e125c05f09	common_voice_mvy_42369055.mp3	65cc14b4353d17ee0d308fe69756dff9232c9f528f3f28eaeba65a746427a0ec	لازم ہُوئیں لاقت ارگٹیۡ آں ادا جُو لَسَر نی ہُوئ تھی۔		2	0	thirties		کھیل/دوبېرَیں		mvy	
4281ed2314a2c85676db55efdfd06ae0e80cca28b8a50303c9a63524c1b0bccc51e7d7dd44e22e4f6f155ee87c22d5c9f9423d73d9afcbb03a5b77e125c05f09	common_voice_mvy_42369075.mp3	8f944210c7283ac1729d2f696c58c290023ee31cd849db75fd91a5f6039d6192	ڇا چٹاکہ مریضے پویَیں ہِن		3	0	thirties		کھیل/دوبېرَیں		mvy	
4281ed2314a2c85676db55efdfd06ae0e80cca28b8a50303c9a63524c1b0bccc51e7d7dd44e22e4f6f155ee87c22d5c9f9423d73d9afcbb03a5b77e125c05f09	common_voice_mvy_42369104.mp3	8c8cf5b28f71b93c84a4bb57555945c09977636310fc73e8c084efb896362131	سیں ﷺ دھان٘ک مرگلئ ڇِہے گېل تَس جُماتھ گیلیۡ۔		2	0	thirties		کھیل/دوبېرَیں		mvy	
4281ed2314a2c85676db55efdfd06ae0e80cca28b8a50303c9a63524c1b0bccc51e7d7dd44e22e4f6f155ee87c22d5c9f9423d73d9afcbb03a5b77e125c05f09	common_voice_mvy_42369119.mp3	af428533ead4ba895e5966fa44da249e907879a5ae73fdb3a2d14bc4aff68245	تقلید قلادہ نہ نِکئ تُھو		2	0	thirties		کھیل/دوبېرَیں		mvy	
4281ed2314a2c85676db55efdfd06ae0e80cca28b8a50303c9a63524c1b0bccc51e7d7dd44e22e4f6f155ee87c22d5c9f9423d73d9afcbb03a5b77e125c05f09	common_voice_mvy_42369120.mp3	b65903820f5d925be98951918f5e09767c1d0d3cb5239862ed103656fb045bde	آں امَیں جُماتِھیاں تعمیر مہ شریک آن٘س		2	0	thirties		کھیل/دوبېرَیں		mvy	
4281ed2314a2c85676db55efdfd06ae0e80cca28b8a50303c9a63524c1b0bccc51e7d7dd44e22e4f6f155ee87c22d5c9f9423d73d9afcbb03a5b77e125c05f09	common_voice_mvy_42369133.mp3	bc0b55ec8cac9036ccc88ab58a000e61b66faaa795e8e1b5b72ac25fec394ea5	نبی علیہ السلاماں ڇھیرپولو ڙھا ابو سلمے وَطن پھت کیریۡ؛		2	0	thirties		کھیل/دوبېرَیں		mvy	
4281ed2314a2c85676db55efdfd06ae0e80cca28b8a50303c9a63524c1b0bccc51e7d7dd44e22e4f6f155ee87c22d5c9f9423d73d9afcbb03a5b77e125c05f09	common_voice_mvy_42369135.mp3	bfa860b8eed01c5835a7896012a3d080bb8d2c6141cfb2c3535e16de2246d139	ایک ڈائگرام دِیوُژېل تُھو، نھالی۔		2	0	thirties		کھیل/دوبېرَیں		mvy	
4281ed2314a2c85676db55efdfd06ae0e80cca28b8a50303c9a63524c1b0bccc51e7d7dd44e22e4f6f155ee87c22d5c9f9423d73d9afcbb03a5b77e125c05f09	common_voice_mvy_42369136.mp3	9761d9e92f2de1e3243856707e5ffb928819742c5c8fc01729270d411c878488	(سو زائ کؤں چے) تالی ہولے (زبردست) آں پورژېلے (علیم) مقرر کرچھی۔		2	0	thirties		کھیل/دوبېرَیں		mvy	
4281ed2314a2c85676db55efdfd06ae0e80cca28b8a50303c9a63524c1b0bccc51e7d7dd44e22e4f6f155ee87c22d5c9f9423d73d9afcbb03a5b77e125c05f09	common_voice_mvy_42369137.mp3	b737c4819a36336dbeb5a4fa6a38fd8a6efda0077fd6f67a0d96e40562099c7b	آں ݜُو شاں مُت کمہۡ ہُوگے۔		3	0	thirties		کھیل/دوبېرَیں		mvy	
4281ed2314a2c85676db55efdfd06ae0e80cca28b8a50303c9a63524c1b0bccc51e7d7dd44e22e4f6f155ee87c22d5c9f9423d73d9afcbb03a5b77e125c05f09	common_voice_mvy_42369138.mp3	93423c0489211c4750b66059ade738ea3a888c29fac9eccd48e081b7f6e22de5	اُو سو قانُون تُھو کؤں چے ورانی تے جُرمہ وَیں پُنیاک کیریۡ تُھو		2	0	thirties		کھیل/دوبېرَیں		mvy	
4281ed2314a2c85676db55efdfd06ae0e80cca28b8a50303c9a63524c1b0bccc51e7d7dd44e22e4f6f155ee87c22d5c9f9423d73d9afcbb03a5b77e125c05f09	common_voice_mvy_42369160.mp3	b577bbc3a6e7c03b769da727fcac3923c6f03933d7f87b6169536f2d24fb86e6	تے لہ بنچھی نا چےۡ ۔ میں یاراں وزنہ چے ناشانا		2	0	thirties		کھیل/دوبېرَیں		mvy	
4281ed2314a2c85676db55efdfd06ae0e80cca28b8a50303c9a63524c1b0bccc51e7d7dd44e22e4f6f155ee87c22d5c9f9423d73d9afcbb03a5b77e125c05f09	common_voice_mvy_42369163.mp3	718c59a649a210d65e68a54b891bba3329c9bdd2550b3f38c9a9ebda47b56f75	تاں سُوچہ مثبت سن٘دہ گلے		2	0	thirties		کھیل/دوبېرَیں		mvy	
4281ed2314a2c85676db55efdfd06ae0e80cca28b8a50303c9a63524c1b0bccc51e7d7dd44e22e4f6f155ee87c22d5c9f9423d73d9afcbb03a5b77e125c05f09	common_voice_mvy_42369186.mp3	bfad1e62defced5a3eddf886b25cbb935485c73247df12da471ac99f8359ca43	ولے اېوں مہ ایکے گت نئی بانیۡ کھیں سو دھریگا۔		2	0	thirties		کھیل/دوبېرَیں		mvy	
4281ed2314a2c85676db55efdfd06ae0e80cca28b8a50303c9a63524c1b0bccc51e7d7dd44e22e4f6f155ee87c22d5c9f9423d73d9afcbb03a5b77e125c05f09	common_voice_mvy_42369193.mp3	9042e3faca6030b7f6f0896e49104560b6b0a51d9686d300e659db834d6c2946	اېں سېں کمہۡ تھہ کاں چے مختلف وطنؤں آں قومؤں کوکسی مِل کر چھی۔		2	0	thirties		کھیل/دوبېرَیں		mvy	
4281ed2314a2c85676db55efdfd06ae0e80cca28b8a50303c9a63524c1b0bccc51e7d7dd44e22e4f6f155ee87c22d5c9f9423d73d9afcbb03a5b77e125c05f09	common_voice_mvy_42369198.mp3	75cf409c6b2b486973f056a37f8105aac1703d6f0b751930f3325c75965787d1	آں اسی لا گی شرعی اثر نی اے تُھو۔		2	0	thirties		کھیل/دوبېرَیں		mvy	
4281ed2314a2c85676db55efdfd06ae0e80cca28b8a50303c9a63524c1b0bccc51e7d7dd44e22e4f6f155ee87c22d5c9f9423d73d9afcbb03a5b77e125c05f09	common_voice_mvy_42369209.mp3	9bc94a77202ad466b5a0dea8b93674ee4a64bb875c62c3dff91f1546896cc387	من٘ڈہۡ دېں مہ تاں بھاں شن٘دے بَیلوۡ۔		3	0	thirties		کھیل/دوبېرَیں		mvy	
4281ed2314a2c85676db55efdfd06ae0e80cca28b8a50303c9a63524c1b0bccc51e7d7dd44e22e4f6f155ee87c22d5c9f9423d73d9afcbb03a5b77e125c05f09	common_voice_mvy_42369211.mp3	bc0575980c29c6ee88de4fbd9fcfa37b43561002823cabf6ea6fd2afad8a5425	زوراں استعمال مِلیۡ مِلیۡ خلکاں حقہ		2	0	thirties		کھیل/دوبېرَیں		mvy	
4281ed2314a2c85676db55efdfd06ae0e80cca28b8a50303c9a63524c1b0bccc51e7d7dd44e22e4f6f155ee87c22d5c9f9423d73d9afcbb03a5b77e125c05f09	common_voice_mvy_42369212.mp3	7637d6a7381262b82330518b1ff8d18a85b799df135a183cde2eb0f206002541	ݜېں قلاہہۡ اېک اېک کرے بُٹہۡ مُسلماواں ہتے ایل۔		2	0	thirties		کھیل/دوبېرَیں		mvy	
4281ed2314a2c85676db55efdfd06ae0e80cca28b8a50303c9a63524c1b0bccc51e7d7dd44e22e4f6f155ee87c22d5c9f9423d73d9afcbb03a5b77e125c05f09	common_voice_mvy_42369221.mp3	a682e62605160fa1154c1ac9cf3fea2c8211379e56bf9fe80c1bd8516ddfdfa6	ویٹو پاور تاریخی حیثیتی لا آں جیوگرافی حقائقوں تل منتخب ہوتھہ		2	0	thirties		کھیل/دوبېرَیں		mvy	
4281ed2314a2c85676db55efdfd06ae0e80cca28b8a50303c9a63524c1b0bccc51e7d7dd44e22e4f6f155ee87c22d5c9f9423d73d9afcbb03a5b77e125c05f09	common_voice_mvy_42369233.mp3	bc4aae020575b3ab2b87a76eabc43c14f2586f07fe5c28849a9033c4a25dfda1	ہُویں لا بڅَیں تعلیمَیں اداریُوں مہ کم زیات ٹیکنالوجی یاں استعمال ہُوئ تُھو		2	0	thirties		کھیل/دوبېرَیں		mvy	
4281ed2314a2c85676db55efdfd06ae0e80cca28b8a50303c9a63524c1b0bccc51e7d7dd44e22e4f6f155ee87c22d5c9f9423d73d9afcbb03a5b77e125c05f09	common_voice_mvy_42369248.mp3	92d9419da98c8c4812e7cfcda3ae8118544f6323d214446d0ef74d1cc1b6d277	نبی علیہ سلامے مختلف مُلکہ واں باچھاواں کیریا خَطی ڇِہېو،		3	0	thirties		کھیل/دوبېرَیں		mvy	
4281ed2314a2c85676db55efdfd06ae0e80cca28b8a50303c9a63524c1b0bccc51e7d7dd44e22e4f6f155ee87c22d5c9f9423d73d9afcbb03a5b77e125c05f09	common_voice_mvy_42369268.mp3	b2fa7f6394f3a79aa2735b0138180c8ceeee6b9b19923e0ff03704aa5ab67943	حضرت خدیجاں وفات نہ کم لک وخ پتَیں		2	0	thirties		کھیل/دوبېرَیں		mvy	
4281ed2314a2c85676db55efdfd06ae0e80cca28b8a50303c9a63524c1b0bccc51e7d7dd44e22e4f6f155ee87c22d5c9f9423d73d9afcbb03a5b77e125c05f09	common_voice_mvy_42369279.mp3	be97bb9c8fa6401cc44aed3f3cb66cd78f08691c644b2ebd7df1a3d1f5c94b83	خُداں رحم ݜُو ہُوگا چے اس بھا چو سامان نی آن٘س		2	0	thirties		کھیل/دوبېرَیں		mvy	
4281ed2314a2c85676db55efdfd06ae0e80cca28b8a50303c9a63524c1b0bccc51e7d7dd44e22e4f6f155ee87c22d5c9f9423d73d9afcbb03a5b77e125c05f09	common_voice_mvy_42369283.mp3	972a0e7ed1cfcf131e2096376ee9607d74424859c7684f8bd6ffeb0257ce048a	پِینشِیں نِوانز گِی وَخ ہُونت؟		2	0	thirties		کھیل/دوبېرَیں		mvy	
4281ed2314a2c85676db55efdfd06ae0e80cca28b8a50303c9a63524c1b0bccc51e7d7dd44e22e4f6f155ee87c22d5c9f9423d73d9afcbb03a5b77e125c05f09	common_voice_mvy_42369288.mp3	bac7c3513a3553565b6700347d4b88dcaecc968f722dd6aa8a58edb4cb1fc223	تانیثَیں علامتی ڇا تھی، ٹُمبُریۡ تا، ڙِگوۡ الف، کَھٹؤں الف ،		2	0	thirties		کھیل/دوبېرَیں		mvy	
4281ed2314a2c85676db55efdfd06ae0e80cca28b8a50303c9a63524c1b0bccc51e7d7dd44e22e4f6f155ee87c22d5c9f9423d73d9afcbb03a5b77e125c05f09	common_voice_mvy_42369301.mp3	bd12317ca293801a1274a2cfd157d9b72ec3f0d68412390059f3549d4c1afe72	تجربی وَیں ایک پُوریۡ خزانہ راڇھیۡ تھی۔		2	0	thirties		کھیل/دوبېرَیں		mvy	
4281ed2314a2c85676db55efdfd06ae0e80cca28b8a50303c9a63524c1b0bccc51e7d7dd44e22e4f6f155ee87c22d5c9f9423d73d9afcbb03a5b77e125c05f09	common_voice_mvy_42369327.mp3	b397fe143a526e99829de64ebd7fb70f12c8e1bcc30358e6be8fc081824ca760	ادُوس مہ مُت نہ مدد نِی ہَرٶں مستحب تھُو۔		2	0	thirties		کھیل/دوبېرَیں		mvy	
4281ed2314a2c85676db55efdfd06ae0e80cca28b8a50303c9a63524c1b0bccc51e7d7dd44e22e4f6f155ee87c22d5c9f9423d73d9afcbb03a5b77e125c05f09	common_voice_mvy_42369329.mp3	ad3cad3d93f13205decf42290977d1ea678ff29870a882441f8216de6151afb1	خو سېوں مہ اِک چئ گھَیں مولی اُکئیلیۡ۔		2	0	thirties		کھیل/دوبېرَیں		mvy	
4281ed2314a2c85676db55efdfd06ae0e80cca28b8a50303c9a63524c1b0bccc51e7d7dd44e22e4f6f155ee87c22d5c9f9423d73d9afcbb03a5b77e125c05f09	common_voice_mvy_42369346.mp3	b09dda6fea3c2f2fb20d30ea5c2ac2488f207e3c40c7ee2474385628a0bf0d9f	خَلکاں ایک مُت مِلیۡ تعلق گِشے ہو تُھو،		2	0	thirties		کھیل/دوبېرَیں		mvy	
4281ed2314a2c85676db55efdfd06ae0e80cca28b8a50303c9a63524c1b0bccc51e7d7dd44e22e4f6f155ee87c22d5c9f9423d73d9afcbb03a5b77e125c05f09	common_voice_mvy_42369358.mp3	a4b750c16b925a4fe49ce0a99de03688b46215c2caf0232b8c0ef3f1ce8c4231	آں تُس روئیں دھراں چے بے بےقاس توانی (خسارہ کرؤں) ہُو گے۔		2	0	thirties		کھیل/دوبېرَیں		mvy	
4281ed2314a2c85676db55efdfd06ae0e80cca28b8a50303c9a63524c1b0bccc51e7d7dd44e22e4f6f155ee87c22d5c9f9423d73d9afcbb03a5b77e125c05f09	common_voice_mvy_42369362.mp3	a006c85637a699bd55e43e77f8b3e02aeef3cfaa1df9fc069badad9cae77bb86	کاپھرہ وَیں ݜېں ٹولئی واں جمع ہُوگلےحملاں اطلاع مِللوۡ		2	0	thirties		کھیل/دوبېرَیں		mvy	
4281ed2314a2c85676db55efdfd06ae0e80cca28b8a50303c9a63524c1b0bccc51e7d7dd44e22e4f6f155ee87c22d5c9f9423d73d9afcbb03a5b77e125c05f09	common_voice_mvy_42369380.mp3	b0bf98329da51dc9fdba2a942a2023d98d1049803a85c10b24ed32ad131f46ea	آں نہ زَیں والَیں زرت آن٘سیۡ۔		2	0	thirties		کھیل/دوبېرَیں		mvy	
4281ed2314a2c85676db55efdfd06ae0e80cca28b8a50303c9a63524c1b0bccc51e7d7dd44e22e4f6f155ee87c22d5c9f9423d73d9afcbb03a5b77e125c05f09	common_voice_mvy_42369382.mp3	814d9c58c183aec58270dc1cf9329a2e698659a0bffd8a690b45703fdf75bbec	تسیں بال ݜُون٘وؤں یا تسیں فتح ہرَیں ہِن نِوان٘ز شریۡ تھُو۔		2	0	thirties		کھیل/دوبېرَیں		mvy	
4281ed2314a2c85676db55efdfd06ae0e80cca28b8a50303c9a63524c1b0bccc51e7d7dd44e22e4f6f155ee87c22d5c9f9423d73d9afcbb03a5b77e125c05f09	common_voice_mvy_42369383.mp3	b2bb0de175d1158c404c109f905c1645803ccfe409335283f912dc5a530ec93f	دوراں مِیں پیڇی یاں پُوڇاں اواز ایل۔		2	0	thirties		کھیل/دوبېرَیں		mvy	
4281ed2314a2c85676db55efdfd06ae0e80cca28b8a50303c9a63524c1b0bccc51e7d7dd44e22e4f6f155ee87c22d5c9f9423d73d9afcbb03a5b77e125c05f09	common_voice_mvy_42369386.mp3	bff11ad493a9659eae44fdf880f2d087ef77a24c623f337f0c6e0cd767267912	”او یا تُو گُلُو بی تھی“		2	0	thirties		کھیل/دوبېرَیں		mvy	
4281ed2314a2c85676db55efdfd06ae0e80cca28b8a50303c9a63524c1b0bccc51e7d7dd44e22e4f6f155ee87c22d5c9f9423d73d9afcbb03a5b77e125c05f09	common_voice_mvy_42369387.mp3	bd3a0b5b131217d401c018c90bf3479be6a46cd2cf958a16bb9a63c373d61785	سو بھژہ نورخاتہ (مشرِقہ) واں آں سُوریۡ بُڑئین٘یاں (مغرِبہ واں) رب تُھو۔		2	0	thirties		کھیل/دوبېرَیں		mvy	
4281ed2314a2c85676db55efdfd06ae0e80cca28b8a50303c9a63524c1b0bccc51e7d7dd44e22e4f6f155ee87c22d5c9f9423d73d9afcbb03a5b77e125c05f09	common_voice_mvy_42369407.mp3	b467fef9ffe95dc9cae8ab0580bbeb56e3eb45203718c8dba3f94c935dc744df	چےۡ کوں ماݜ مکّہ نہ مُسلما ہوگلے مدینے بئ گا		2	0	thirties		کھیل/دوبېرَیں		mvy	
4281ed2314a2c85676db55efdfd06ae0e80cca28b8a50303c9a63524c1b0bccc51e7d7dd44e22e4f6f155ee87c22d5c9f9423d73d9afcbb03a5b77e125c05f09	common_voice_mvy_42369409.mp3	8773533517fccf2340602656eabca5c96087aa0fe33071fe9b6fbbc4487d832f	ساریۡ دُنَیں یاں ݜُو قانُون تُھو		2	0	thirties		کھیل/دوبېرَیں		mvy	
4281ed2314a2c85676db55efdfd06ae0e80cca28b8a50303c9a63524c1b0bccc51e7d7dd44e22e4f6f155ee87c22d5c9f9423d73d9afcbb03a5b77e125c05f09	common_voice_mvy_42369417.mp3	b56430ce56619d0fc169361f16c65d669965ac290ff1c473d8154c7765200839	نیاسنگی ، مقام، مھرگڑھ، کان٘سی یاں وختاں ،		2	0	thirties		کھیل/دوبېرَیں		mvy	
4281ed2314a2c85676db55efdfd06ae0e80cca28b8a50303c9a63524c1b0bccc51e7d7dd44e22e4f6f155ee87c22d5c9f9423d73d9afcbb03a5b77e125c05f09	common_voice_mvy_42369420.mp3	c0eb9185d01513d138510bc60761fe3e91355f7ece58319e3153f862a3faece4	اللہ تے رسول قبلائ، نِوان٘ز کری، زکواۃ دی،		2	0	thirties		کھیل/دوبېرَیں		mvy	
4281ed2314a2c85676db55efdfd06ae0e80cca28b8a50303c9a63524c1b0bccc51e7d7dd44e22e4f6f155ee87c22d5c9f9423d73d9afcbb03a5b77e125c05f09	common_voice_mvy_42369748.mp3	8736c00c0f07678bfb40f5964c25db2e9b41e5247f7ebab3ae7ee73636653187	ہسان نحوۡ پنژؤں سبق ݜے تُھو		2	0	thirties		کھیل/دوبېرَیں		mvy	
4281ed2314a2c85676db55efdfd06ae0e80cca28b8a50303c9a63524c1b0bccc51e7d7dd44e22e4f6f155ee87c22d5c9f9423d73d9afcbb03a5b77e125c05f09	common_voice_mvy_42369765.mp3	bd46c91b9b18f91080fc989ce2ce1fc7194adae282bf6006bffde75d161285ae	ݜُو ژیب کؤں وخ ہریۡ محفوظ ہُوندیۡ کھیں		2	0	thirties		کھیل/دوبېرَیں		mvy	
4281ed2314a2c85676db55efdfd06ae0e80cca28b8a50303c9a63524c1b0bccc51e7d7dd44e22e4f6f155ee87c22d5c9f9423d73d9afcbb03a5b77e125c05f09	common_voice_mvy_42369771.mp3	b496d018a3aae1e05ec0cefe9cc866e276f6fdad99b7279b484d52356cd8b673	ݜس (پسل) تُس گھَین٘راہاں تھہ گی بے گھَین٘راگ تھہ؟		2	0	thirties		کھیل/دوبېرَیں		mvy	
4281ed2314a2c85676db55efdfd06ae0e80cca28b8a50303c9a63524c1b0bccc51e7d7dd44e22e4f6f155ee87c22d5c9f9423d73d9afcbb03a5b77e125c05f09	common_voice_mvy_42369772.mp3	c440372f018571fd767ccc0da78e0915c409451152b2b2bbaa67d66b8fa67c5a	لَکھہ زید کتاب وغېرہ		2	0	thirties		کھیل/دوبېرَیں		mvy	
4281ed2314a2c85676db55efdfd06ae0e80cca28b8a50303c9a63524c1b0bccc51e7d7dd44e22e4f6f155ee87c22d5c9f9423d73d9afcbb03a5b77e125c05f09	common_voice_mvy_42369774.mp3	5273e8ef90fe8b51b64cba9b69a3499a6eb9531a8ad74339ce6f3717d000d0a0	(ݜسی مہ) گان٘یں بُٹؤں نہ پاتُو زئ نہ اېک ماݜے		2	0	thirties		کھیل/دوبېرَیں		mvy	
4281ed2314a2c85676db55efdfd06ae0e80cca28b8a50303c9a63524c1b0bccc51e7d7dd44e22e4f6f155ee87c22d5c9f9423d73d9afcbb03a5b77e125c05f09	common_voice_mvy_42369810.mp3	a19a236467e7bf39bbc01d1a98313eddc2d502f0716207f25e1382362165bc6b	سو پرہ موبائلہ چارجہ مہ رِن٘گَیں مہ گِرِفتار تُھو		2	0	thirties		کھیل/دوبېرَیں		mvy	
4281ed2314a2c85676db55efdfd06ae0e80cca28b8a50303c9a63524c1b0bccc51e7d7dd44e22e4f6f155ee87c22d5c9f9423d73d9afcbb03a5b77e125c05f09	common_voice_mvy_42369811.mp3	b8cbf41cf05478ab14942774b51544f1a963bd5621201872f9b4720e45cf04d2	آں اوکیں شکایت ختم ہوتھی۔		2	0	thirties		کھیل/دوبېرَیں		mvy	
4281ed2314a2c85676db55efdfd06ae0e80cca28b8a50303c9a63524c1b0bccc51e7d7dd44e22e4f6f155ee87c22d5c9f9423d73d9afcbb03a5b77e125c05f09	common_voice_mvy_42369812.mp3	96e4139e252a2add766b273eeb99145176b460b73f564ea5f72d9cb331feac00	دھان٘کہ قبرہ لا تل دھالیۡ څادری چور ڇُکژی قبراں کام کران٘س		2	0	thirties		کھیل/دوبېرَیں		mvy	
4281ed2314a2c85676db55efdfd06ae0e80cca28b8a50303c9a63524c1b0bccc51e7d7dd44e22e4f6f155ee87c22d5c9f9423d73d9afcbb03a5b77e125c05f09	common_voice_mvy_42369825.mp3	b103434746d0a4df152279cd6a1019b5e0641fcb247cf7a7337bf0dc611f3000	من چور بانڈی اے نٹَیں بئ تُھو		3	0	thirties		کھیل/دوبېرَیں		mvy	
4281ed2314a2c85676db55efdfd06ae0e80cca28b8a50303c9a63524c1b0bccc51e7d7dd44e22e4f6f155ee87c22d5c9f9423d73d9afcbb03a5b77e125c05f09	common_voice_mvy_42369828.mp3	afeb99bce112c96fa7add806a4949c6695b28c65193be6e0702fd04987f4542f	تُو اېوں بِھیے یا نَیں، اِوَیں اېک څیز تھُو؛ اېں قبلَیں یاں نی تھہ۔		2	0	thirties		کھیل/دوبېرَیں		mvy	
4281ed2314a2c85676db55efdfd06ae0e80cca28b8a50303c9a63524c1b0bccc51e7d7dd44e22e4f6f155ee87c22d5c9f9423d73d9afcbb03a5b77e125c05f09	common_voice_mvy_42369829.mp3	a09802f1f23344b3907133da74ce8041ce192f4080d37a89a63d8be0a62a58e2	مذکر آں مؤنث		2	0	thirties		کھیل/دوبېرَیں		mvy	
4281ed2314a2c85676db55efdfd06ae0e80cca28b8a50303c9a63524c1b0bccc51e7d7dd44e22e4f6f155ee87c22d5c9f9423d73d9afcbb03a5b77e125c05f09	common_voice_mvy_42369837.mp3	a1da775ea396d3e11544618eaf53c8293ff48cf2d261f84ae5cc5bffe99a259f	(اِوَیں) بنہ اُو نبی، تُس مے بنی چے کہ اللہ پاک می		2	0	thirties		کھیل/دوبېرَیں		mvy	
4281ed2314a2c85676db55efdfd06ae0e80cca28b8a50303c9a63524c1b0bccc51e7d7dd44e22e4f6f155ee87c22d5c9f9423d73d9afcbb03a5b77e125c05f09	common_voice_mvy_42369838.mp3	a0f73e05012c7310784004813034bcb163fa5bb20afe7ab20a23cc18c0e11cff	چےۡ انتظار کرہ کرہ موقع ایلیۡ کھیں مہ نیڙہۡ لا دھرِلوۡ۔		2	0	thirties		کھیل/دوبېرَیں		mvy	
4281ed2314a2c85676db55efdfd06ae0e80cca28b8a50303c9a63524c1b0bccc51e7d7dd44e22e4f6f155ee87c22d5c9f9423d73d9afcbb03a5b77e125c05f09	common_voice_mvy_42369840.mp3	b9449b871109a3a93d1add81a0f7f1c4a66da9fad8f063a3b40c25deef930e86	کوکسی ملی وخت لن٘گھَیں یاں		2	0	thirties		کھیل/دوبېرَیں		mvy	
4281ed2314a2c85676db55efdfd06ae0e80cca28b8a50303c9a63524c1b0bccc51e7d7dd44e22e4f6f155ee87c22d5c9f9423d73d9afcbb03a5b77e125c05f09	common_voice_mvy_42369845.mp3	8ad555cc001624a3243b98a6ec47bc38ff67424b2f9d005b5b137657191c5a81	گِنہۡ چے اسی مہ ݜے بِگ بال ہُوئ تھی		2	0	thirties		کھیل/دوبېرَیں		mvy	
4281ed2314a2c85676db55efdfd06ae0e80cca28b8a50303c9a63524c1b0bccc51e7d7dd44e22e4f6f155ee87c22d5c9f9423d73d9afcbb03a5b77e125c05f09	common_voice_mvy_42369847.mp3	a6e0fa04d45800b01d77e01ffbe13e7e18f0e04154a59ff8704a6a6844435a12	شریعتی، کہ وے نی ہُون٘دُوں تَیمُوم		3	0	thirties		کھیل/دوبېرَیں		mvy	
4281ed2314a2c85676db55efdfd06ae0e80cca28b8a50303c9a63524c1b0bccc51e7d7dd44e22e4f6f155ee87c22d5c9f9423d73d9afcbb03a5b77e125c05f09	common_voice_mvy_42369858.mp3	a073df9f499152673a4d9ab779456d3829a3360b86441e09d8500432c5dff514	ݜُو پان گِشَہ تھی؟		2	0	thirties		کھیل/دوبېرَیں		mvy	
4281ed2314a2c85676db55efdfd06ae0e80cca28b8a50303c9a63524c1b0bccc51e7d7dd44e22e4f6f155ee87c22d5c9f9423d73d9afcbb03a5b77e125c05f09	common_voice_mvy_42369862.mp3	a1dfa96ff2a2698f1a370ad095019eb2dfc1a5e86db37d32e4248a93ccdd58b8	زاں تَیں نِیڙَیں زئ نہ کېں اُتھیاؤ؛		2	0	thirties		کھیل/دوبېرَیں		mvy	
4281ed2314a2c85676db55efdfd06ae0e80cca28b8a50303c9a63524c1b0bccc51e7d7dd44e22e4f6f155ee87c22d5c9f9423d73d9afcbb03a5b77e125c05f09	common_voice_mvy_42369864.mp3	84de25c789d21f31fbf5dde00eac1c4ed02dd121827f3ac51e22aa361b31c655	مہ خو بِگ ولہ لا اېوں		2	0	thirties		کھیل/دوبېرَیں		mvy	
4281ed2314a2c85676db55efdfd06ae0e80cca28b8a50303c9a63524c1b0bccc51e7d7dd44e22e4f6f155ee87c22d5c9f9423d73d9afcbb03a5b77e125c05f09	common_voice_mvy_42370043.mp3	c061cb5ccf2bea016f1e3f204ee08ac067b0eed241a4bc3f6dcd284c76499a02	ݜس دوران مہ چُݨیۡ چُݨیۡ کلٹو ہوں بېن٘سیۡ۔		2	0	thirties		کھیل/دوبېرَیں		mvy	
4281ed2314a2c85676db55efdfd06ae0e80cca28b8a50303c9a63524c1b0bccc51e7d7dd44e22e4f6f155ee87c22d5c9f9423d73d9afcbb03a5b77e125c05f09	common_voice_mvy_42370046.mp3	b3bf9db9153af7106ebe5e6dc18a9974244bdc58f772e141df12902c330542a3	سِریۡ زراں تُھو زُمُوک تی ملیۡ میں تھی محبت		2	0	thirties		کھیل/دوبېرَیں		mvy	
4281ed2314a2c85676db55efdfd06ae0e80cca28b8a50303c9a63524c1b0bccc51e7d7dd44e22e4f6f155ee87c22d5c9f9423d73d9afcbb03a5b77e125c05f09	common_voice_mvy_42370047.mp3	c1ffccb2bdee786d1126fc93f6132c22e53dbe447cf246845b450a4c9aa2d5b6	چے کیں مے پوہہۡ دِتیۡ،مے پان٘د پشائ		2	0	thirties		کھیل/دوبېرَیں		mvy	
4281ed2314a2c85676db55efdfd06ae0e80cca28b8a50303c9a63524c1b0bccc51e7d7dd44e22e4f6f155ee87c22d5c9f9423d73d9afcbb03a5b77e125c05f09	common_voice_mvy_42370053.mp3	c16dd3640b5517ca74182f6c1049caa248389690d89f9aeb0994272905c757af	اللہ پاکَیں دین مہ اسی معنہ خاص		2	0	thirties		کھیل/دوبېرَیں		mvy	
4281ed2314a2c85676db55efdfd06ae0e80cca28b8a50303c9a63524c1b0bccc51e7d7dd44e22e4f6f155ee87c22d5c9f9423d73d9afcbb03a5b77e125c05f09	common_voice_mvy_42370063.mp3	ad72790722efc03d5cce2282221abb1cf4b05a64ad09b64664c2e264de938f5c	چے کیں ساریۡ اِنسانیتیں مِٹھیۡاں سُوچ کرے لَس۔		2	0	thirties		کھیل/دوبېرَیں		mvy	
4281ed2314a2c85676db55efdfd06ae0e80cca28b8a50303c9a63524c1b0bccc51e7d7dd44e22e4f6f155ee87c22d5c9f9423d73d9afcbb03a5b77e125c05f09	common_voice_mvy_42370065.mp3	b8c78aaab0609a9a64e645fbfd124a6cee887bf10c5ee4ec7a4e0624c98fb012	تُو اِسکُلہ نہ بَھؤ بزی گی کرات؟		2	0	thirties		کھیل/دوبېرَیں		mvy	
4281ed2314a2c85676db55efdfd06ae0e80cca28b8a50303c9a63524c1b0bccc51e7d7dd44e22e4f6f155ee87c22d5c9f9423d73d9afcbb03a5b77e125c05f09	common_voice_mvy_42370067.mp3	aa385e4e651127fb07f0a20d1c3cdbab5badcbe0cfb8f592702f9396277a1d90	سگان قلماں آں گی فرشتی لِکاں تھی		2	0	thirties		کھیل/دوبېرَیں		mvy	
4281ed2314a2c85676db55efdfd06ae0e80cca28b8a50303c9a63524c1b0bccc51e7d7dd44e22e4f6f155ee87c22d5c9f9423d73d9afcbb03a5b77e125c05f09	common_voice_mvy_42370085.mp3	c75719db37655cf8c924987c997db3b96d32e354bd132b017622facf2e7e5167	سُوریۡ لا تُھو کھیں چھون٘لے ہری،		2	0	thirties		کھیل/دوبېرَیں		mvy	
4281ed2314a2c85676db55efdfd06ae0e80cca28b8a50303c9a63524c1b0bccc51e7d7dd44e22e4f6f155ee87c22d5c9f9423d73d9afcbb03a5b77e125c05f09	common_voice_mvy_42370100.mp3	a0d6211b8d701330e27c49c9167055ea4cc833e07aa972c8fcc958ed1d8e16b7	مُن٘ڈہۡ نہ حرام (حرام لذاتہِ) آں پاتےحرام (حرام لِغیرہِ)۔		2	0	thirties		کھیل/دوبېرَیں		mvy	
4281ed2314a2c85676db55efdfd06ae0e80cca28b8a50303c9a63524c1b0bccc51e7d7dd44e22e4f6f155ee87c22d5c9f9423d73d9afcbb03a5b77e125c05f09	common_voice_mvy_42370103.mp3	bfa432dcaabb075e721698be2211397a5bfcc7524dc1ca4f90e7f33da8a74ab8	ہمیش تاں شاگِڑؤں سبق بنیایان٘س		2	0	thirties		کھیل/دوبېرَیں		mvy	
4281ed2314a2c85676db55efdfd06ae0e80cca28b8a50303c9a63524c1b0bccc51e7d7dd44e22e4f6f155ee87c22d5c9f9423d73d9afcbb03a5b77e125c05f09	common_voice_mvy_42370121.mp3	bee6c74be8d7e515fdb3d2c8bbba902bb06eec8505cff0a442899522d73939be	چمہۡ چور جمع ہویں شروع ہُوئ تُھو۔		2	0	thirties		کھیل/دوبېرَیں		mvy	
4281ed2314a2c85676db55efdfd06ae0e80cca28b8a50303c9a63524c1b0bccc51e7d7dd44e22e4f6f155ee87c22d5c9f9423d73d9afcbb03a5b77e125c05f09	common_voice_mvy_42370123.mp3	b5abcbc4fae6267e0653b460ec4c201dd54f35f8c90f0457ca8febf1f5ae3021	بُوئ تسیں دن بانیۡ تُو قمقل تُھو		2	0	thirties		کھیل/دوبېرَیں		mvy	
4281ed2314a2c85676db55efdfd06ae0e80cca28b8a50303c9a63524c1b0bccc51e7d7dd44e22e4f6f155ee87c22d5c9f9423d73d9afcbb03a5b77e125c05f09	common_voice_mvy_42370124.mp3	b4c06a54f77d14666610252b71eb1d3a000da51c9a52d512308962ac28ab6138	تَیں کُڑہ بٹوں دَے څھے یا خِیختوں؟		2	0	thirties		کھیل/دوبېرَیں		mvy	
4281ed2314a2c85676db55efdfd06ae0e80cca28b8a50303c9a63524c1b0bccc51e7d7dd44e22e4f6f155ee87c22d5c9f9423d73d9afcbb03a5b77e125c05f09	common_voice_mvy_42369733.mp3	aa393468402ad20f6b1f4832d47c5382094e34d411694fe7d5dae015bd6a9cdd	ماݜ اخلاق یی تے اقدارؤں نہ محروم ہُوئ تُھو		2	0	thirties		کھیل/دوبېرَیں		mvy	
4281ed2314a2c85676db55efdfd06ae0e80cca28b8a50303c9a63524c1b0bccc51e7d7dd44e22e4f6f155ee87c22d5c9f9423d73d9afcbb03a5b77e125c05f09	common_voice_mvy_42370129.mp3	a2b817bedf5ae5f30633cddd9271614363a05150a2514891548bdc1901fc3a1a	صُلح حدیبییاں موقع لا عرب قومہ واں کِریا ݜُو واک دیُوژیسیۡ		2	0	thirties		کھیل/دوبېرَیں		mvy	
4281ed2314a2c85676db55efdfd06ae0e80cca28b8a50303c9a63524c1b0bccc51e7d7dd44e22e4f6f155ee87c22d5c9f9423d73d9afcbb03a5b77e125c05f09	common_voice_mvy_42370134.mp3	b85960a54fcad2bd478a9c856db81e9a7fbe4bbfb4b9e26abef852ad7e487031	کھیں انشاءاللہ مفید ہوتُھو۔		2	0	thirties		کھیل/دوبېرَیں		mvy	
4281ed2314a2c85676db55efdfd06ae0e80cca28b8a50303c9a63524c1b0bccc51e7d7dd44e22e4f6f155ee87c22d5c9f9423d73d9afcbb03a5b77e125c05f09	common_voice_mvy_42370155.mp3	c75171209256003c947ac9b605dfd14de3c8b7a1fc49105abe05c93facc73fa2	اُصولہ وَیں تے وختَیں پاپندی کرؤں سِڇھیائ۔		2	0	thirties		کھیل/دوبېرَیں		mvy	
4281ed2314a2c85676db55efdfd06ae0e80cca28b8a50303c9a63524c1b0bccc51e7d7dd44e22e4f6f155ee87c22d5c9f9423d73d9afcbb03a5b77e125c05f09	common_voice_mvy_42370157.mp3	b2415521b756fcb6b2e16572c073db5a46acebb8ce379d1e9696e18768701aeb	حضرت خدیجہ (خُدائے رضا ہو) نہ پتَیں حضرت ابوبکر،		2	0	thirties		کھیل/دوبېرَیں		mvy	
4281ed2314a2c85676db55efdfd06ae0e80cca28b8a50303c9a63524c1b0bccc51e7d7dd44e22e4f6f155ee87c22d5c9f9423d73d9afcbb03a5b77e125c05f09	common_voice_mvy_42370176.mp3	c714690aecc0aaed8173fd948aeae293d77e22ed189830cf3b90d11f6b4b4d79	تُوۡ سُون٘ݜیۡ پن٘دہۡ لا تھُو۔		2	0	thirties		کھیل/دوبېرَیں		mvy	
4281ed2314a2c85676db55efdfd06ae0e80cca28b8a50303c9a63524c1b0bccc51e7d7dd44e22e4f6f155ee87c22d5c9f9423d73d9afcbb03a5b77e125c05f09	common_voice_mvy_42370126.mp3	bbd259d7659357007252a79b7281f5b891d4b93882a6a9dfa6c341400384990a	پیدائش نہ پاتیُوں، سو وختَیں رِواجَیں مطابق		2	0	thirties		کھیل/دوبېرَیں		mvy	
4281ed2314a2c85676db55efdfd06ae0e80cca28b8a50303c9a63524c1b0bccc51e7d7dd44e22e4f6f155ee87c22d5c9f9423d73d9afcbb03a5b77e125c05f09	common_voice_mvy_42370184.mp3	c8aa1da08242ef83f41a20112ac99d5808db4e762b9939e4e0fde46726cdb0fe	آں تس خدائ پاکے کامیاب کیریۡ کھیں		2	0	thirties		کھیل/دوبېرَیں		mvy	
4281ed2314a2c85676db55efdfd06ae0e80cca28b8a50303c9a63524c1b0bccc51e7d7dd44e22e4f6f155ee87c22d5c9f9423d73d9afcbb03a5b77e125c05f09	common_voice_mvy_42370185.mp3	bf4018156cc9f03d42d9e93f763712f4fce53c4669201fe8fe07328ee77b546b	ڇُھواں نیلوۡ پٹ تل نہ ال دگلے چھوݩلہ مژ شِشائ۔		2	0	thirties		کھیل/دوبېرَیں		mvy	
4281ed2314a2c85676db55efdfd06ae0e80cca28b8a50303c9a63524c1b0bccc51e7d7dd44e22e4f6f155ee87c22d5c9f9423d73d9afcbb03a5b77e125c05f09	common_voice_mvy_42370196.mp3	9baa7fc6212d5aebe675ef30bd55e10b1fbee36db28cdd4d4e50fba7d7f7cf63	آں بنژی گلا تھی چے تُس پھېرٹیۡران٘س۔		2	0	thirties		کھیل/دوبېرَیں		mvy	
4281ed2314a2c85676db55efdfd06ae0e80cca28b8a50303c9a63524c1b0bccc51e7d7dd44e22e4f6f155ee87c22d5c9f9423d73d9afcbb03a5b77e125c05f09	common_voice_mvy_42370197.mp3	79ca31f0c2919a20a34e02fc3c931ed66e9a289c7c2349708cbe6a95b1bd6839	لہ وڑیا لا اُصول فِقہَیں تَن٘ڈیۡ لا پورُژاں؛		4	0	thirties		کھیل/دوبېرَیں		mvy	
4281ed2314a2c85676db55efdfd06ae0e80cca28b8a50303c9a63524c1b0bccc51e7d7dd44e22e4f6f155ee87c22d5c9f9423d73d9afcbb03a5b77e125c05f09	common_voice_mvy_42370203.mp3	b1abd069887d71ca47742a4ab2dfc8d38b6c84297e033b53721dac87c1a9571d	چے سِوَیں ژؤن٘دُناں مُختلف حالتیُوں مہ		2	0	thirties		کھیل/دوبېرَیں		mvy	
4281ed2314a2c85676db55efdfd06ae0e80cca28b8a50303c9a63524c1b0bccc51e7d7dd44e22e4f6f155ee87c22d5c9f9423d73d9afcbb03a5b77e125c05f09	common_voice_mvy_42370204.mp3	a32dc52e9eb31befb8ad819a06582aec5c0f66d40b1bb32ff1ca6e6f24a88b16	اس کتاباں لِکان٘لو مفتی رشید احمد فیضی ایڈوکیٹ تُھو		2	0	thirties		کھیل/دوبېرَیں		mvy	
4281ed2314a2c85676db55efdfd06ae0e80cca28b8a50303c9a63524c1b0bccc51e7d7dd44e22e4f6f155ee87c22d5c9f9423d73d9afcbb03a5b77e125c05f09	common_voice_mvy_42370219.mp3	a1197f528bcf987636a3e5769a9f49432b9d940886280fb4805e1355d518a9c6	کؤں وطنہ مہ قانُون نی ہُون٘د کھیں حقدارے تاں حق نی مِلیۡ تُھو۔		2	0	thirties		کھیل/دوبېرَیں		mvy	
4281ed2314a2c85676db55efdfd06ae0e80cca28b8a50303c9a63524c1b0bccc51e7d7dd44e22e4f6f155ee87c22d5c9f9423d73d9afcbb03a5b77e125c05f09	common_voice_mvy_42370232.mp3	bf987cf0477e675af3f25d07440a69d63fafaa939ee8bd5dc211592eb371dff9	ݜُن٘دہ اَل گلی دشمنؤں مِلیۡ مُخامُختیا ہُوۡن٘د۔		2	0	thirties		کھیل/دوبېرَیں		mvy	
4281ed2314a2c85676db55efdfd06ae0e80cca28b8a50303c9a63524c1b0bccc51e7d7dd44e22e4f6f155ee87c22d5c9f9423d73d9afcbb03a5b77e125c05f09	common_voice_mvy_42370265.mp3	ca16b705316fc9faaf1977f36c3f14123a3c3cf200321936e44599edd25cf5fb	چے اېت څیز (اېتیۡ زِندگی مہ) آں لن٘گھېل څیزؤں نہ		2	0	thirties		کھیل/دوبېرَیں		mvy	
4281ed2314a2c85676db55efdfd06ae0e80cca28b8a50303c9a63524c1b0bccc51e7d7dd44e22e4f6f155ee87c22d5c9f9423d73d9afcbb03a5b77e125c05f09	common_voice_mvy_42370286.mp3	a260d635692df4544a5bf3a3493a15cc8467e19e024d0fcef4fefbc89458c9d8	ولے ادائیگیں لاقَت اَرگٹیۡ ہُوئ تھی۔		2	0	thirties		کھیل/دوبېرَیں		mvy	
4281ed2314a2c85676db55efdfd06ae0e80cca28b8a50303c9a63524c1b0bccc51e7d7dd44e22e4f6f155ee87c22d5c9f9423d73d9afcbb03a5b77e125c05f09	common_voice_mvy_42370298.mp3	c22c040e7fc323a64f7fe82ab65bb7c0effe2cd7e21c1d2ce93f69a333c8fd3d	تلاں پاتُو گڈ کل ہُون٘دیۡ آں مُسلمؤں برئ کیریۡ۔		2	0	thirties		کھیل/دوبېرَیں		mvy	
4281ed2314a2c85676db55efdfd06ae0e80cca28b8a50303c9a63524c1b0bccc51e7d7dd44e22e4f6f155ee87c22d5c9f9423d73d9afcbb03a5b77e125c05f09	common_voice_mvy_42370299.mp3	c89bf6a346986b6bcdf9b2fe897290a0169ff1be39340d53ff8caa591dd563f5	کس اسم لا رفع ہُوندیۡ کھیں تسے مرفوع بناں تھہ		2	0	thirties		کھیل/دوبېرَیں		mvy	
4281ed2314a2c85676db55efdfd06ae0e80cca28b8a50303c9a63524c1b0bccc51e7d7dd44e22e4f6f155ee87c22d5c9f9423d73d9afcbb03a5b77e125c05f09	common_voice_mvy_42370308.mp3	c5916c30b3e9abc2b0041967f0c74d78d50b32d9a229f0bd6edae1f3092fcd1d	کؤں دېس تی گائ رُپئ بارژِلیۡ کھیں		2	0	thirties		کھیل/دوبېرَیں		mvy	
4281ed2314a2c85676db55efdfd06ae0e80cca28b8a50303c9a63524c1b0bccc51e7d7dd44e22e4f6f155ee87c22d5c9f9423d73d9afcbb03a5b77e125c05f09	common_voice_mvy_42370437.mp3	ace344d57ef3c6375a6cd5d398535a7de26419903e847ba67ba4aebdcb9b1bb0	تسی لا ژن٘دہۡ واں فُوٹُو / تصویر ہو، اڅھک ہُوئ تھُو۔		2	0	thirties		کھیل/دوبېرَیں		mvy	
4281ed2314a2c85676db55efdfd06ae0e80cca28b8a50303c9a63524c1b0bccc51e7d7dd44e22e4f6f155ee87c22d5c9f9423d73d9afcbb03a5b77e125c05f09	common_voice_mvy_42370438.mp3	bfb2587ec7f81d449ee8025996b17b24396e5d3ade3a1dd30f3cc24b23a30cce	زرتی نہ پات نمبر ہَجتی تھی		2	0	thirties		کھیل/دوبېرَیں		mvy	
4281ed2314a2c85676db55efdfd06ae0e80cca28b8a50303c9a63524c1b0bccc51e7d7dd44e22e4f6f155ee87c22d5c9f9423d73d9afcbb03a5b77e125c05f09	common_voice_mvy_42370443.mp3	9c092106286c1123cba401591f346df44db06254820de0271d6a659b008b5a73	راقم الحروف ڈاکٹر حسېن احمد فېضی		2	0	thirties		کھیل/دوبېرَیں		mvy	
4281ed2314a2c85676db55efdfd06ae0e80cca28b8a50303c9a63524c1b0bccc51e7d7dd44e22e4f6f155ee87c22d5c9f9423d73d9afcbb03a5b77e125c05f09	common_voice_mvy_42370451.mp3	94019decc5cfc143b91a78b1e08b7395d143c42b3de0b480d4c89e6b8f324616	نبی علیہ سلامے سوال جواب ڇِہېلیۡ		2	0	thirties		کھیل/دوبېرَیں		mvy	
4281ed2314a2c85676db55efdfd06ae0e80cca28b8a50303c9a63524c1b0bccc51e7d7dd44e22e4f6f155ee87c22d5c9f9423d73d9afcbb03a5b77e125c05f09	common_voice_mvy_42370486.mp3	c4d65cd1fe04a0d525d6d5740ce103aed5a5c66a1f924f26478226e50509ffc7	آں تسی مژ ڇَیں زُمانِیوں نہ کؤں زُمانہ موجود نی ہو		2	0	thirties		کھیل/دوبېرَیں		mvy	
4281ed2314a2c85676db55efdfd06ae0e80cca28b8a50303c9a63524c1b0bccc51e7d7dd44e22e4f6f155ee87c22d5c9f9423d73d9afcbb03a5b77e125c05f09	common_voice_mvy_42370493.mp3	96e5bd44a3100ed5e045f1fd377df3aa81851359b6784307a5e44164a9913b60	چےۡ ݜُو رن٘گَیں کس گھېں لیڈرہ وَیں جنازہ مہ نی ہو		2	0	thirties		کھیل/دوبېرَیں		mvy	
4281ed2314a2c85676db55efdfd06ae0e80cca28b8a50303c9a63524c1b0bccc51e7d7dd44e22e4f6f155ee87c22d5c9f9423d73d9afcbb03a5b77e125c05f09	common_voice_mvy_42370498.mp3	cf2aa213eeb92ba16d417c2cce5b37be2dabfbcf3a246c0febd718d66abffd06	تسیں دُوئیں ڈلہۡ ہِجرتِیاں نوؤں یا دَشؤں کال ایسیۡ،		2	0	thirties		کھیل/دوبېرَیں		mvy	
4281ed2314a2c85676db55efdfd06ae0e80cca28b8a50303c9a63524c1b0bccc51e7d7dd44e22e4f6f155ee87c22d5c9f9423d73d9afcbb03a5b77e125c05f09	common_voice_mvy_42370505.mp3	ca8fd3152f4ed22686b29069835b3684fa3e14eabe43a33008acb3aea02eb785	اللہ پاکاں حقؤں مہ عَف تھی		2	0	thirties		کھیل/دوبېرَیں		mvy	
4281ed2314a2c85676db55efdfd06ae0e80cca28b8a50303c9a63524c1b0bccc51e7d7dd44e22e4f6f155ee87c22d5c9f9423d73d9afcbb03a5b77e125c05f09	common_voice_mvy_42370509.mp3	a07bf1c9c8fe513af142d623e0b9ddc05bf0298a74bf17a78092c76cc7e4ed38	آں الُوئ طرفی لا اېل خلکؤں مہ کسیں آن٘ڇھیُوں نہ ان٘ڇھہۡ بېن٘س		2	0	thirties		کھیل/دوبېرَیں		mvy	
4281ed2314a2c85676db55efdfd06ae0e80cca28b8a50303c9a63524c1b0bccc51e7d7dd44e22e4f6f155ee87c22d5c9f9423d73d9afcbb03a5b77e125c05f09	common_voice_mvy_42370517.mp3	b79938858afae38197e87aa4e3e886f0d74e578945a078315d155b0ef4e2619a	ایں بےایک ڈائگراماں مدَت (مدد) ہِن څَیں پشاگ تھہ		2	0	thirties		کھیل/دوبېرَیں		mvy	
4281ed2314a2c85676db55efdfd06ae0e80cca28b8a50303c9a63524c1b0bccc51e7d7dd44e22e4f6f155ee87c22d5c9f9423d73d9afcbb03a5b77e125c05f09	common_voice_mvy_42370520.mp3	a30bbccc39dce1aaf8d0ea5c82d5bb2e19d722e576df83db5ce9c4067facb4e9	تسی مہ نِوان٘زاں ایک ادم (رُکُن) ہو		2	0	thirties		کھیل/دوبېرَیں		mvy	
4281ed2314a2c85676db55efdfd06ae0e80cca28b8a50303c9a63524c1b0bccc51e7d7dd44e22e4f6f155ee87c22d5c9f9423d73d9afcbb03a5b77e125c05f09	common_voice_mvy_42370524.mp3	aebc4d5b2eddd146f080eaf3e13c3a51cf38053f77b59533447bb550c15e2f95	ولے مِلٹہ دش اوک سُریۡ لا بھیا کھیں چھون٘ل بِلاڑا تُھو۔		2	0	thirties		کھیل/دوبېرَیں		mvy	
4281ed2314a2c85676db55efdfd06ae0e80cca28b8a50303c9a63524c1b0bccc51e7d7dd44e22e4f6f155ee87c22d5c9f9423d73d9afcbb03a5b77e125c05f09	common_voice_mvy_42370531.mp3	bf9953dd1194f1134c63cebdfd87c86d3740796ca4ecf0a65b0cf07f2a5047cd	اېں بھی گېل بناں تھہ:		2	0	thirties		کھیل/دوبېرَیں		mvy	
4281ed2314a2c85676db55efdfd06ae0e80cca28b8a50303c9a63524c1b0bccc51e7d7dd44e22e4f6f155ee87c22d5c9f9423d73d9afcbb03a5b77e125c05f09	common_voice_mvy_42370532.mp3	6601865fc2c2f0f71a84128dc8cae1042823e24de57e0cdc118b03a984a89f47	طواف کیریۡ، تے اللّٰہ پاکاں بھاؤ بُتؤں نہ پاک کیریۡ		2	0	thirties		کھیل/دوبېرَیں		mvy	
4281ed2314a2c85676db55efdfd06ae0e80cca28b8a50303c9a63524c1b0bccc51e7d7dd44e22e4f6f155ee87c22d5c9f9423d73d9afcbb03a5b77e125c05f09	common_voice_mvy_42370545.mp3	a5c9d61860b9f53190b59186487bbfdce9cc80d3867bbee3d3534109dede6244	لَکھَیں بِکسی لا زِنا ثابِت ہون٘د کھیں		3	0	thirties		کھیل/دوبېرَیں		mvy	
4281ed2314a2c85676db55efdfd06ae0e80cca28b8a50303c9a63524c1b0bccc51e7d7dd44e22e4f6f155ee87c22d5c9f9423d73d9afcbb03a5b77e125c05f09	common_voice_mvy_42370546.mp3	ce6fab14643d0a9b2b38afb2160cf939fcb19e493e49fb08e7ef9db2e54b0fc5	چے سو پیازاں وے مہ ہِلاک ہپیم گلے پو۔		2	0	thirties		کھیل/دوبېرَیں		mvy	
4281ed2314a2c85676db55efdfd06ae0e80cca28b8a50303c9a63524c1b0bccc51e7d7dd44e22e4f6f155ee87c22d5c9f9423d73d9afcbb03a5b77e125c05f09	common_voice_mvy_42370552.mp3	c54e76773022242a6c6aee9f1f2778061a26cab56c872a61882da83da39359dd	اسیں وزنہ چے ناشنا تھو مراتی یاں،		2	0	thirties		کھیل/دوبېرَیں		mvy	
4281ed2314a2c85676db55efdfd06ae0e80cca28b8a50303c9a63524c1b0bccc51e7d7dd44e22e4f6f155ee87c22d5c9f9423d73d9afcbb03a5b77e125c05f09	common_voice_mvy_42370563.mp3	cdb24385c37ec267f574cfc1485c27d700a648edd70a4c53758ecaf32897b411	چے کؤں زئ ݜُو مرض تنی پکیۡ مرض کالُژیۡ تھی۔		2	0	thirties		کھیل/دوبېرَیں		mvy	
4281ed2314a2c85676db55efdfd06ae0e80cca28b8a50303c9a63524c1b0bccc51e7d7dd44e22e4f6f155ee87c22d5c9f9423d73d9afcbb03a5b77e125c05f09	common_voice_mvy_42370565.mp3	ceaf9eb392b4bbe5e0872b0a0730567b10f2c8219755f94b644570199bd94337	آں ݜُو وجہۡ نہ اېں (دین نہ) ناخبر ہُو تُھو۔		2	0	thirties		کھیل/دوبېرَیں		mvy	
4281ed2314a2c85676db55efdfd06ae0e80cca28b8a50303c9a63524c1b0bccc51e7d7dd44e22e4f6f155ee87c22d5c9f9423d73d9afcbb03a5b77e125c05f09	common_voice_mvy_42370566.mp3	a8db83aea321ddac650488800ef0922b4048105996f8a44de3578b99ea9b72bd	اېوں گے ڇِہېلوۡ (رسول)ایل کھیں اېں تسی لا سُگُڑی دېں/ہساں تھہ۔		2	0	thirties		کھیل/دوبېرَیں		mvy	
4281ed2314a2c85676db55efdfd06ae0e80cca28b8a50303c9a63524c1b0bccc51e7d7dd44e22e4f6f155ee87c22d5c9f9423d73d9afcbb03a5b77e125c05f09	common_voice_mvy_42370567.mp3	baa6ff617986e79e8836054b541e91d0d669963ab0810e3fde412240b7a185c4	اس کہ بے لون٘لِتوۡ کرِگ،		2	0	thirties		کھیل/دوبېرَیں		mvy	
4281ed2314a2c85676db55efdfd06ae0e80cca28b8a50303c9a63524c1b0bccc51e7d7dd44e22e4f6f155ee87c22d5c9f9423d73d9afcbb03a5b77e125c05f09	common_voice_mvy_42370574.mp3	acdef392398c28b74a2bb3bc60bc56a85515b20a5bc100596125d2bab80ee189	اُو ݜے قانُون تُھو چے اُو عام خلکہ واں حقہ واں بارہ مہ بال بانیۡ تُھو۔		3	0	thirties		کھیل/دوبېرَیں		mvy	
4281ed2314a2c85676db55efdfd06ae0e80cca28b8a50303c9a63524c1b0bccc51e7d7dd44e22e4f6f155ee87c22d5c9f9423d73d9afcbb03a5b77e125c05f09	common_voice_mvy_42370523.mp3	700dbe856ea8f3d32f7b1dc1db0e9e11d83b43b76895f6ea54fa6c258ca83c1b	گِشے چے بِڅَیں سیڇھ چے ݜُو ژن٘د خسٹُو(Microorganism)		2	0	thirties		کھیل/دوبېرَیں		mvy	
4281ed2314a2c85676db55efdfd06ae0e80cca28b8a50303c9a63524c1b0bccc51e7d7dd44e22e4f6f155ee87c22d5c9f9423d73d9afcbb03a5b77e125c05f09	common_voice_mvy_42370578.mp3	ce92b7a3a217d8a58112b545922bd58f19e93f21a07937bd16eb90a92a0f43ea	نشہ نہ پتَیں فِکرے ایل کھیں اُو ذِموار ہو تُھو۔		2	0	thirties		کھیل/دوبېرَیں		mvy	
4281ed2314a2c85676db55efdfd06ae0e80cca28b8a50303c9a63524c1b0bccc51e7d7dd44e22e4f6f155ee87c22d5c9f9423d73d9afcbb03a5b77e125c05f09	common_voice_mvy_42370581.mp3	cd044d2a846e382851fb11ef9cd5ddc848433cbdd3a0c2b585f5b5d14ce72162	تیمُوم مہ ڇا لازمی کمہۡ (فرض) تھو		2	0	thirties		کھیل/دوبېرَیں		mvy	
4281ed2314a2c85676db55efdfd06ae0e80cca28b8a50303c9a63524c1b0bccc51e7d7dd44e22e4f6f155ee87c22d5c9f9423d73d9afcbb03a5b77e125c05f09	common_voice_mvy_42370576.mp3	b1574e1fa63dce90d6263815bbdf51ce10e22fe917fc151f98e76bfbd1df0e2b	میں خیال مہ ݜُو سہتہۡ زناؤرہ ایں تھہ،		2	0	thirties		کھیل/دوبېرَیں		mvy	
4281ed2314a2c85676db55efdfd06ae0e80cca28b8a50303c9a63524c1b0bccc51e7d7dd44e22e4f6f155ee87c22d5c9f9423d73d9afcbb03a5b77e125c05f09	common_voice_mvy_42374272.mp3	766c98adb0a3ce6c151c7e8cdaea887c5b56c6cd38457285d033e0848539d300	اېڈیس پُھوتیۡ اولو وے مہ پھرَیں چئ خوش ہُوئ تھی۔		3	0	thirties		کھیل/دوبېرَیں		mvy	
4281ed2314a2c85676db55efdfd06ae0e80cca28b8a50303c9a63524c1b0bccc51e7d7dd44e22e4f6f155ee87c22d5c9f9423d73d9afcbb03a5b77e125c05f09	common_voice_mvy_42374280.mp3	e45a0cf5f8069acfa40793d11d61c368ab6e506cbf2313def6da34f89bcb2747	کھِنگ ݜَیا نِین٘ڙ بیں ہِن ادُوس شریۡ تھُو۔		2	0	thirties		کھیل/دوبېرَیں		mvy	
4281ed2314a2c85676db55efdfd06ae0e80cca28b8a50303c9a63524c1b0bccc51e7d7dd44e22e4f6f155ee87c22d5c9f9423d73d9afcbb03a5b77e125c05f09	common_voice_mvy_42374281.mp3	dfa04b2bef5c94d70b53bb9aaaabb81fcf7c82165f97b053b8e804b62d263e61	انشاءاللہ مسئلہ حل ہو تھی۔		2	0	thirties		کھیل/دوبېرَیں		mvy	
4281ed2314a2c85676db55efdfd06ae0e80cca28b8a50303c9a63524c1b0bccc51e7d7dd44e22e4f6f155ee87c22d5c9f9423d73d9afcbb03a5b77e125c05f09	common_voice_mvy_42374282.mp3	da33941062dcba5602d8de5f3213e6adca6f67609c382f038a46bee27285aea0	اس کَھیں ہِن کھن٘گیۡ مہ فائدہ ہوتُھو آں کھارُسیۡ ہلے نکا تھی۔		2	0	thirties		کھیل/دوبېرَیں		mvy	
4281ed2314a2c85676db55efdfd06ae0e80cca28b8a50303c9a63524c1b0bccc51e7d7dd44e22e4f6f155ee87c22d5c9f9423d73d9afcbb03a5b77e125c05f09	common_voice_mvy_42374284.mp3	d3c97a27edbb725a7a346c68738a73d6a8e7e0ade5fb7bd27593e7decd602d12	الاں بُوئ ای گا کھیں مہ تیں زائ		2	0	thirties		کھیل/دوبېرَیں		mvy	
4281ed2314a2c85676db55efdfd06ae0e80cca28b8a50303c9a63524c1b0bccc51e7d7dd44e22e4f6f155ee87c22d5c9f9423d73d9afcbb03a5b77e125c05f09	common_voice_mvy_42374286.mp3	e09f77ff22f1022a90b6ce7a199a18237f427580081bf6a875f5396bf611a5ff	مِلیۡ امَیں مَلݜیۡ واں کریا دُو کمری ساندیۡ۔		2	0	thirties		کھیل/دوبېرَیں		mvy	
4281ed2314a2c85676db55efdfd06ae0e80cca28b8a50303c9a63524c1b0bccc51e7d7dd44e22e4f6f155ee87c22d5c9f9423d73d9afcbb03a5b77e125c05f09	common_voice_mvy_42374289.mp3	d14462b148407720925cc479bc9be8f7c856a6bfd32dc5346b5e1fc865be1995	کلہۡ گاڑی کور نہ منی سِنہۡ مہ بی تھی۔		2	0	thirties		کھیل/دوبېرَیں		mvy	
4281ed2314a2c85676db55efdfd06ae0e80cca28b8a50303c9a63524c1b0bccc51e7d7dd44e22e4f6f155ee87c22d5c9f9423d73d9afcbb03a5b77e125c05f09	common_voice_mvy_42374304.mp3	d6392f22dd9b020b35a45e78f321fea32c93c517ff5e457a8167738b60bbcc82	آں نہ تسِی نہ گی څیز سن٘دژېلوۡ ہو		3	0	thirties		کھیل/دوبېرَیں		mvy	
4281ed2314a2c85676db55efdfd06ae0e80cca28b8a50303c9a63524c1b0bccc51e7d7dd44e22e4f6f155ee87c22d5c9f9423d73d9afcbb03a5b77e125c05f09	common_voice_mvy_42374307.mp3	dc3850cfcdb7a0f7e3a263f02b9c45c53b1f0e45ad8e4f3c9d7ac78005f3ce3a	خو نِکئ ہِلاک سہت بئیلیۡ کھیں ہی اور ای تھی چھترئ ہو وتے۔		2	0	thirties		کھیل/دوبېرَیں		mvy	
4281ed2314a2c85676db55efdfd06ae0e80cca28b8a50303c9a63524c1b0bccc51e7d7dd44e22e4f6f155ee87c22d5c9f9423d73d9afcbb03a5b77e125c05f09	common_voice_mvy_42374310.mp3	e4552e8f229d0b395820f746083085c8ad22383cc306ea2eae17cdc4d02603d8	آں اس علاقہ پسماندگیں تمیؤں نہ نھیلے		2	0	thirties		کھیل/دوبېرَیں		mvy	
4281ed2314a2c85676db55efdfd06ae0e80cca28b8a50303c9a63524c1b0bccc51e7d7dd44e22e4f6f155ee87c22d5c9f9423d73d9afcbb03a5b77e125c05f09	common_voice_mvy_42374323.mp3	dd6f57b9bf4a00b9a2cd112413dc161d851553410ea4df65e200d2e0f03730ca	تسِیں آنڇھیُوں مُوٹھیُوں تھپ تَمئ اے تھی۔		2	0	thirties		کھیل/دوبېرَیں		mvy	
4281ed2314a2c85676db55efdfd06ae0e80cca28b8a50303c9a63524c1b0bccc51e7d7dd44e22e4f6f155ee87c22d5c9f9423d73d9afcbb03a5b77e125c05f09	common_voice_mvy_42374326.mp3	e0add1e4ef8b8c0af73b3ed1abcf288ddb760c216f0f0a5f203dd788da5760c8	ݜُو وجہۡ نہ مِٹُھویں چو احتیاط بی تُھو۔		3	0	thirties		کھیل/دوبېرَیں		mvy	
4281ed2314a2c85676db55efdfd06ae0e80cca28b8a50303c9a63524c1b0bccc51e7d7dd44e22e4f6f155ee87c22d5c9f9423d73d9afcbb03a5b77e125c05f09	common_voice_mvy_42374302.mp3	d79e8daa7324cf57ec59d2493d8645e2350050859706ce20b0915a378ff5b699	پیݜېل دان٘ڑیال اَیں مہ دھاچُوݜالوئے		3	1	thirties		کھیل/دوبېرَیں		mvy	
4281ed2314a2c85676db55efdfd06ae0e80cca28b8a50303c9a63524c1b0bccc51e7d7dd44e22e4f6f155ee87c22d5c9f9423d73d9afcbb03a5b77e125c05f09	common_voice_mvy_42350658.mp3	1a93af09c43e48a5039f1cd291149a07a9ca0bb1849f41e50767b56f784373a9	آں دماغَیں کمزوری ہُم دُور ہو تھی۔		2	0	thirties		کھیل/دوبېرَیں		mvy	
4281ed2314a2c85676db55efdfd06ae0e80cca28b8a50303c9a63524c1b0bccc51e7d7dd44e22e4f6f155ee87c22d5c9f9423d73d9afcbb03a5b77e125c05f09	common_voice_mvy_42350657.mp3	286e08c6cd1061e411d6ffe04176cc803b9f466933a4d1fb348920444b36effa	کھیں کلہۡ کلہۡ ”دېل یا چکساں حُکُمَیں وجیاں رٹان٘لو ہُوئ تُھو۔		2	0	thirties		کھیل/دوبېرَیں		mvy	
4281ed2314a2c85676db55efdfd06ae0e80cca28b8a50303c9a63524c1b0bccc51e7d7dd44e22e4f6f155ee87c22d5c9f9423d73d9afcbb03a5b77e125c05f09	common_voice_mvy_42350655.mp3	09b62f4d14c3a14a6e8d5b79a104d88aa673c8b5a40edec4d5d45bc70a3e757d	نبیؑ اں دُنیں نہ پڑدا ہُوئیں نہ پتَیں ایک لام مہ		2	0	thirties		کھیل/دوبېرَیں		mvy	
4281ed2314a2c85676db55efdfd06ae0e80cca28b8a50303c9a63524c1b0bccc51e7d7dd44e22e4f6f155ee87c22d5c9f9423d73d9afcbb03a5b77e125c05f09	common_voice_mvy_42350639.mp3	21572cd66078f283ac3f75254eb2bb6e48db36fe167c6cfae62880c1500a056e	دُو دُو قطری آݩڇھیۡ مہ گلہ کھیں آرام اےتھی۔		2	0	thirties		کھیل/دوبېرَیں		mvy	
4281ed2314a2c85676db55efdfd06ae0e80cca28b8a50303c9a63524c1b0bccc51e7d7dd44e22e4f6f155ee87c22d5c9f9423d73d9afcbb03a5b77e125c05f09	common_voice_mvy_42350637.mp3	3ddd1f62a0b7a5db3a6123ed7ce005480734c3c65f67ebdedfa66367984a190c	ݜَیں ماسمہ تی ملیۡ تیں تاں ماسمؤں نہ چئ محبت کراتھو		2	0	thirties		کھیل/دوبېرَیں		mvy	
4281ed2314a2c85676db55efdfd06ae0e80cca28b8a50303c9a63524c1b0bccc51e7d7dd44e22e4f6f155ee87c22d5c9f9423d73d9afcbb03a5b77e125c05f09	common_voice_mvy_42376314.mp3	d9fae5a61cce5504e6b7af9196065b06b06b473a8d6fceb0f81a51b34437f8c2	گاں خلکؤں بان:”بے تی، تاں دن، نِپلوۡ کالِگ تھہ؛		2	0	thirties		کھیل/دوبېرَیں		mvy	
4281ed2314a2c85676db55efdfd06ae0e80cca28b8a50303c9a63524c1b0bccc51e7d7dd44e22e4f6f155ee87c22d5c9f9423d73d9afcbb03a5b77e125c05f09	common_voice_mvy_42376315.mp3	ea2da74606bccca295dd62e803a469c1156e2710b2b8eecacdc7f9e97470b633	کلہۡ اللہ پاکاں ہتہۡ مہ ہُوئ تُھو،		2	0	thirties		کھیل/دوبېرَیں		mvy	
4281ed2314a2c85676db55efdfd06ae0e80cca28b8a50303c9a63524c1b0bccc51e7d7dd44e22e4f6f155ee87c22d5c9f9423d73d9afcbb03a5b77e125c05f09	common_voice_mvy_42376317.mp3	de672d3a0dcd414a433f3af120cf203bcd66d2aac2594a86e646040200fd08ed	خیال نی رڇھؤں ہُم رَتَیں کمی یاں باعث سندُژ تُھو۔		2	0	thirties		کھیل/دوبېرَیں		mvy	
4281ed2314a2c85676db55efdfd06ae0e80cca28b8a50303c9a63524c1b0bccc51e7d7dd44e22e4f6f155ee87c22d5c9f9423d73d9afcbb03a5b77e125c05f09	common_voice_mvy_42376318.mp3	e8a400ef54fb58f79832054a71da6110e32ea8fd844f6a184c7cf33ff51e5bac	حضرت سعد بن معاذؓاں دَن اِواں بارہ مہ فېصلاں اختیار دِتیۡ		2	0	thirties		کھیل/دوبېرَیں		mvy	
4281ed2314a2c85676db55efdfd06ae0e80cca28b8a50303c9a63524c1b0bccc51e7d7dd44e22e4f6f155ee87c22d5c9f9423d73d9afcbb03a5b77e125c05f09	common_voice_mvy_42376319.mp3	e7902784d5005652eef3d30d2ae532cd0da51a85829724d80bc49b4738ea8456	گیس گِران نی تُھو یی؟		2	0	thirties		کھیل/دوبېرَیں		mvy	
4281ed2314a2c85676db55efdfd06ae0e80cca28b8a50303c9a63524c1b0bccc51e7d7dd44e22e4f6f155ee87c22d5c9f9423d73d9afcbb03a5b77e125c05f09	common_voice_mvy_42376320.mp3	e4996efeb6f082b3e59c995f4fa5112913fbac4972c57f0c3938d0666c4d1586	زَیں سِواں دن دُو بلی ڇېلیان٘لہ (پېغمبر) ڇِہېوۡ بھژدہ اِوَیں پھېرٹیۡراؤ؛		2	0	thirties		کھیل/دوبېرَیں		mvy	
4281ed2314a2c85676db55efdfd06ae0e80cca28b8a50303c9a63524c1b0bccc51e7d7dd44e22e4f6f155ee87c22d5c9f9423d73d9afcbb03a5b77e125c05f09	common_voice_mvy_42376337.mp3	e07270a4bac38f7dbde63ad67d2399faa637a1e4b9941a6e0826d2548929aa79	تے (وو پېریۡ یی تے ماݜؤں!) تُس دُو، تاں ربَیں گِھن٘لیۡ گِھن٘لیۡ نِعمتی پھېرٹیۡ را تھو؟		2	0	thirties		کھیل/دوبېرَیں		mvy	
4281ed2314a2c85676db55efdfd06ae0e80cca28b8a50303c9a63524c1b0bccc51e7d7dd44e22e4f6f155ee87c22d5c9f9423d73d9afcbb03a5b77e125c05f09	common_voice_mvy_42376339.mp3	ebdd5d548b4fa53d59136ebb3f323a71844070783c9df4da8369aab72a73d98f	اېں دُسقیں غن٘ڑبَیں آں مژگلېل خلکَیں ویری ݜُون٘واں تھہ؛		2	0	thirties		کھیل/دوبېرَیں		mvy	
4281ed2314a2c85676db55efdfd06ae0e80cca28b8a50303c9a63524c1b0bccc51e7d7dd44e22e4f6f155ee87c22d5c9f9423d73d9afcbb03a5b77e125c05f09	common_voice_mvy_42376340.mp3	ed3d5dfe4192d101ceab2b2535ffd9935c342cf4f5393ed77de7cd80c07fa7ad	آخرکار عرباں سَئیں زنٚگلی دیہاتی چِہ سَئیں تَئیں		2	0	thirties		کھیل/دوبېرَیں		mvy	
4281ed2314a2c85676db55efdfd06ae0e80cca28b8a50303c9a63524c1b0bccc51e7d7dd44e22e4f6f155ee87c22d5c9f9423d73d9afcbb03a5b77e125c05f09	common_voice_mvy_42376341.mp3	eea44080a403c08f980d309d7c2b4b86264f24155a9ed67c4b63a54d0186be39	اسیں کران٘لو گنان٘گار آں اݜُوں (نافرمان) ہو تُھو۔		2	0	thirties		کھیل/دوبېرَیں		mvy	
4281ed2314a2c85676db55efdfd06ae0e80cca28b8a50303c9a63524c1b0bccc51e7d7dd44e22e4f6f155ee87c22d5c9f9423d73d9afcbb03a5b77e125c05f09	common_voice_mvy_42376343.mp3	d7295ed82cde239c7425482fb2e7cc8b985e3ebf1c41a9a490e3e9eb97977bcf	اسی نہ علاوہ رات کم ہُون٘دوں اس نیڙ بے یاں وخ پو		2	0	thirties		کھیل/دوبېرَیں		mvy	
4281ed2314a2c85676db55efdfd06ae0e80cca28b8a50303c9a63524c1b0bccc51e7d7dd44e22e4f6f155ee87c22d5c9f9423d73d9afcbb03a5b77e125c05f09	common_voice_mvy_42376349.mp3	d2e5b776ab0ff08cdaef0b90fe0146e8d65ec85265470093c7fb0f87e47e9c0b	تَیں کؤرٹوں مہ وے پوراں تھی		2	0	thirties		کھیل/دوبېرَیں		mvy	
4281ed2314a2c85676db55efdfd06ae0e80cca28b8a50303c9a63524c1b0bccc51e7d7dd44e22e4f6f155ee87c22d5c9f9423d73d9afcbb03a5b77e125c05f09	common_voice_mvy_42376356.mp3	ec00fa69ac7c19c631dcf83714cc5b3fbf434448b12d0c7e6790e056669ad9e9	تِڑِم لک وے مہ تاں ہا کُھور دی تپائ۔		2	0	thirties		کھیل/دوبېرَیں		mvy	
4281ed2314a2c85676db55efdfd06ae0e80cca28b8a50303c9a63524c1b0bccc51e7d7dd44e22e4f6f155ee87c22d5c9f9423d73d9afcbb03a5b77e125c05f09	common_voice_mvy_42376359.mp3	da069317674afa9b141aabca686f1e3cc4ae43ffd30af94b39d0cc5d76765378	شاید ݜس وجہۡ تھی چے عوام ݜُوشان ایک نمائندہ مُوٹُھو کیریۡ تھی		2	0	thirties		کھیل/دوبېرَیں		mvy	
4281ed2314a2c85676db55efdfd06ae0e80cca28b8a50303c9a63524c1b0bccc51e7d7dd44e22e4f6f155ee87c22d5c9f9423d73d9afcbb03a5b77e125c05f09	common_voice_mvy_42376362.mp3	e4e9fb0590c76b8be8fbb8b64005a88fd0b0ecbd388ce1e61bfab7ad5ffde5ec	گھداں سو پنگُو سخ زولنی ہُوندوۡ کھیں ایک ژروۡ آں گھېن٘رو		2	0	thirties		کھیل/دوبېرَیں		mvy	
4281ed2314a2c85676db55efdfd06ae0e80cca28b8a50303c9a63524c1b0bccc51e7d7dd44e22e4f6f155ee87c22d5c9f9423d73d9afcbb03a5b77e125c05f09	common_voice_mvy_42376363.mp3	de94c9cac0931928cdea49278a59f7ff29c8489956cb1e05a2f281fd4285aa11	دھان٘کہ کمہۡ جسمہ مژ کریا تُھو		2	0	thirties		کھیل/دوبېرَیں		mvy	
4281ed2314a2c85676db55efdfd06ae0e80cca28b8a50303c9a63524c1b0bccc51e7d7dd44e22e4f6f155ee87c22d5c9f9423d73d9afcbb03a5b77e125c05f09	common_voice_mvy_42376364.mp3	eee1eb13221430069e5bdef4b8e6e854d3d9cc44c053a04c18ca440b34edad5c	دُو کمؤں مہ ایک کیریۡ کھیں نِوان٘ز شریۡ تھُو۔		2	0	thirties		کھیل/دوبېرَیں		mvy	
4281ed2314a2c85676db55efdfd06ae0e80cca28b8a50303c9a63524c1b0bccc51e7d7dd44e22e4f6f155ee87c22d5c9f9423d73d9afcbb03a5b77e125c05f09	common_voice_mvy_42376365.mp3	e33f9feff181fe703b6e5a3afd4ad58f105a4a954303f91f0d87759730e2b8b4	بس اېک گھَیں درز ہُون٘دیۡ آں اَیں (نِگلَیں شُو) ژِھکِل		2	0	thirties		کھیل/دوبېرَیں		mvy	
4281ed2314a2c85676db55efdfd06ae0e80cca28b8a50303c9a63524c1b0bccc51e7d7dd44e22e4f6f155ee87c22d5c9f9423d73d9afcbb03a5b77e125c05f09	common_voice_mvy_42376368.mp3	e2733b0f366189e228bdd23ff13a970d6518830110e1117869addac57c7e305c	شکی نہ بېل، (اِواں کریا) زاں گے اُگُھر زھن٘زیرہ آں غن٘ڑبُژان٘لو اگار (تُھو)		2	0	thirties		کھیل/دوبېرَیں		mvy	
4281ed2314a2c85676db55efdfd06ae0e80cca28b8a50303c9a63524c1b0bccc51e7d7dd44e22e4f6f155ee87c22d5c9f9423d73d9afcbb03a5b77e125c05f09	common_voice_mvy_42376370.mp3	ead118282424d1f68a048a2a411c36670216d6a2d0014ee93cfb4090c74c1cf4	اَس ہی اْے لہ مٹی پشی ژن٘درہ رِن٘گیسیۡ		2	0	thirties		کھیل/دوبېرَیں		mvy	
4281ed2314a2c85676db55efdfd06ae0e80cca28b8a50303c9a63524c1b0bccc51e7d7dd44e22e4f6f155ee87c22d5c9f9423d73d9afcbb03a5b77e125c05f09	common_voice_mvy_42376372.mp3	e96f9a30f9786bc12795a9c90c9a7b379fa024b17fbf29e215c7365e954e7178	نہ اېں دیناں کمہۡ تھو آں نہ عبادتی تھی		2	0	thirties		کھیل/دوبېرَیں		mvy	
4281ed2314a2c85676db55efdfd06ae0e80cca28b8a50303c9a63524c1b0bccc51e7d7dd44e22e4f6f155ee87c22d5c9f9423d73d9afcbb03a5b77e125c05f09	common_voice_mvy_42376381.mp3	ed28f21be523622650a1157fc99bc29676c6512fc4d9f514679d9681af413137	خو چېرہ وخ ݜو رَتاں اخراج ہُم رَتَیں کمی کیریۡ تھو۔		2	0	thirties		کھیل/دوبېرَیں		mvy	
4281ed2314a2c85676db55efdfd06ae0e80cca28b8a50303c9a63524c1b0bccc51e7d7dd44e22e4f6f155ee87c22d5c9f9423d73d9afcbb03a5b77e125c05f09	common_voice_mvy_42376382.mp3	e7958d3a774168b5e167a1770a02ba95b546e81af9563d8dfd7b12d2e5c1a4dd	دُوئیں ݜُو چے تحقیق کَرہۡ واں دَن ہسانی ہو		2	0	thirties		کھیل/دوبېرَیں		mvy	
4281ed2314a2c85676db55efdfd06ae0e80cca28b8a50303c9a63524c1b0bccc51e7d7dd44e22e4f6f155ee87c22d5c9f9423d73d9afcbb03a5b77e125c05f09	common_voice_mvy_42376392.mp3	eba2b3dd6ff49ccbc21576ae11519084f7a822740308bfa996c82ce5932b7ccd	چے ݜېں کیژېل ہڑہۡ کؤں ژن٘دیۡرا تھُو؟		2	0	thirties		کھیل/دوبېرَیں		mvy	
4281ed2314a2c85676db55efdfd06ae0e80cca28b8a50303c9a63524c1b0bccc51e7d7dd44e22e4f6f155ee87c22d5c9f9423d73d9afcbb03a5b77e125c05f09	common_voice_mvy_42376397.mp3	eaa36e93f7e2a84991381a6c2df9fa445b6610cc38feacc6af44141011d3af9f	قُرېشَیں مُطالبہ ہِن رسول اللہ ص وسلّمَیں ان٘گُوۡئ مبارکَیں		2	0	thirties		کھیل/دوبېرَیں		mvy	
4281ed2314a2c85676db55efdfd06ae0e80cca28b8a50303c9a63524c1b0bccc51e7d7dd44e22e4f6f155ee87c22d5c9f9423d73d9afcbb03a5b77e125c05f09	common_voice_mvy_42376402.mp3	e5574ad118b7027d8bc0956d760ef2cb3947433af58929830b39601a87ad7511	اسیں بارہ مہ مِیں معلوم نېرہ چھی ہریۡ مہ بھیَیں یاں نی تُھو۔		2	0	thirties		کھیل/دوبېرَیں		mvy	
4281ed2314a2c85676db55efdfd06ae0e80cca28b8a50303c9a63524c1b0bccc51e7d7dd44e22e4f6f155ee87c22d5c9f9423d73d9afcbb03a5b77e125c05f09	common_voice_mvy_42376405.mp3	e405fab4dcfdbcb75a106ddaf5dd4f15c810c198cce1ad344407833a570e481a	ݜېں مزیوں مہ، لژٹیۡ ہوتھی،		2	0	thirties		کھیل/دوبېرَیں		mvy	
4281ed2314a2c85676db55efdfd06ae0e80cca28b8a50303c9a63524c1b0bccc51e7d7dd44e22e4f6f155ee87c22d5c9f9423d73d9afcbb03a5b77e125c05f09	common_voice_mvy_42376406.mp3	d2a35ced8246370bec17d0e039556c52142f64cca891197afb0b44e7c2da9bab	اېں دُنئیں مارزیوں مہ آں کلیۡ مہ ہو تھہ		2	0	thirties		کھیل/دوبېرَیں		mvy	
4281ed2314a2c85676db55efdfd06ae0e80cca28b8a50303c9a63524c1b0bccc51e7d7dd44e22e4f6f155ee87c22d5c9f9423d73d9afcbb03a5b77e125c05f09	common_voice_mvy_42376409.mp3	ee75947a14eb902db7bb861d52ac781f9da1c64cd3b1e644050289a8e3e8435d	اُتھل کھن٘ڑاں زن٘گلہ مہ تپ چک ہُوندوۡ۔		2	0	thirties		کھیل/دوبېرَیں		mvy	
4281ed2314a2c85676db55efdfd06ae0e80cca28b8a50303c9a63524c1b0bccc51e7d7dd44e22e4f6f155ee87c22d5c9f9423d73d9afcbb03a5b77e125c05f09	common_voice_mvy_42376410.mp3	e70ab4d97fe78812ce5a04d182920fd7856990e9312303a120a0ea37a7f34361	قِرات فرض تھی۔		2	0	thirties		کھیل/دوبېرَیں		mvy	
4281ed2314a2c85676db55efdfd06ae0e80cca28b8a50303c9a63524c1b0bccc51e7d7dd44e22e4f6f155ee87c22d5c9f9423d73d9afcbb03a5b77e125c05f09	common_voice_mvy_42376412.mp3	e38df8be930059c8a56c3803310c504c076689e31034ab1dbe54844a2f2d1dc2	سو وخ خدیجہرض دُوبیۡش کالیۡ آن٘سیۡ		2	0	thirties		کھیل/دوبېرَیں		mvy	
4281ed2314a2c85676db55efdfd06ae0e80cca28b8a50303c9a63524c1b0bccc51e7d7dd44e22e4f6f155ee87c22d5c9f9423d73d9afcbb03a5b77e125c05f09	common_voice_mvy_42376414.mp3	ee5fe677db0711a80a27e7d08ed0ab0b7297ad3969003bfbdb9d9b2ca93d6e88	کھڑہۡ مہ گیلیۡ آں سو زئ ٹِکئ لا سُور ہُون٘دیۡ۔		2	0	thirties		کھیل/دوبېرَیں		mvy	
4281ed2314a2c85676db55efdfd06ae0e80cca28b8a50303c9a63524c1b0bccc51e7d7dd44e22e4f6f155ee87c22d5c9f9423d73d9afcbb03a5b77e125c05f09	common_voice_mvy_42376418.mp3	f2a1e5b83dc17d8e4af26ccf7dd6baa5e0ab59f8c9f5b3efebe3c1a918589396	ݜُوشاناں سخ مریضاں دن		2	0	thirties		کھیل/دوبېرَیں		mvy	
4281ed2314a2c85676db55efdfd06ae0e80cca28b8a50303c9a63524c1b0bccc51e7d7dd44e22e4f6f155ee87c22d5c9f9423d73d9afcbb03a5b77e125c05f09	common_voice_mvy_42376425.mp3	f34684933925af4ccbad333f6b6e623c0c11b0a7a6ea6fe870e8067a6e9f0960	آں ݜُو نبیؐ اں ژؤن٘دُنی مہ سامُوٹھیۡ جُمعہ آن٘سیۡ۔		2	0	thirties		کھیل/دوبېرَیں		mvy	
4281ed2314a2c85676db55efdfd06ae0e80cca28b8a50303c9a63524c1b0bccc51e7d7dd44e22e4f6f155ee87c22d5c9f9423d73d9afcbb03a5b77e125c05f09	common_voice_mvy_42376426.mp3	e357c019897d0596fa5878e1a13aa478bdcbaa18efb0ecd4f8a302c2d2c3f2ff	یون٘ہاں دن زَیں شکلہ (منزلہ) سن٘دہ چھی		2	0	thirties		کھیل/دوبېرَیں		mvy	
4281ed2314a2c85676db55efdfd06ae0e80cca28b8a50303c9a63524c1b0bccc51e7d7dd44e22e4f6f155ee87c22d5c9f9423d73d9afcbb03a5b77e125c05f09	common_voice_mvy_42350550.mp3	11202db531feb21691d55b81d6931851f2bf8893daa05f7757df361fc68abc7e	ݜُون٘داں پاتُو اېں لا جعرانہ زئ نہ حضورؐ اے احرام ݜا عمرہ کیریۡ۔		2	0	thirties		کھیل/دوبېرَیں		mvy	
4281ed2314a2c85676db55efdfd06ae0e80cca28b8a50303c9a63524c1b0bccc51e7d7dd44e22e4f6f155ee87c22d5c9f9423d73d9afcbb03a5b77e125c05f09	common_voice_mvy_42376530.mp3	f4a71ca2ddb467d13fae4b7a489ad17edf1cc628ab990b8dee3831289a7892f2	تسے اما ہسپتالے ڇېلیا تاں ٹېس کریؤں پکار تُھو۔		2	0	thirties		کھیل/دوبېرَیں		mvy	
4281ed2314a2c85676db55efdfd06ae0e80cca28b8a50303c9a63524c1b0bccc51e7d7dd44e22e4f6f155ee87c22d5c9f9423d73d9afcbb03a5b77e125c05f09	common_voice_mvy_42376429.mp3	e2f4c32dcb64a8ae325478af84aff47094ad97693627da39781765362b4eca43	عصری تعلیم یا جدید تعلیمَیں سہولت نی ہُوئیں برابر تھی۔		2	0	thirties		کھیل/دوبېرَیں		mvy	
4281ed2314a2c85676db55efdfd06ae0e80cca28b8a50303c9a63524c1b0bccc51e7d7dd44e22e4f6f155ee87c22d5c9f9423d73d9afcbb03a5b77e125c05f09	common_voice_mvy_42376443.mp3	e83f4656af55906afac70fc80016d555f748dc435695af72885f5d09bc8b4d86	دِھیس شرو ہو تھی۔		2	0	thirties		کھیل/دوبېرَیں		mvy	
4281ed2314a2c85676db55efdfd06ae0e80cca28b8a50303c9a63524c1b0bccc51e7d7dd44e22e4f6f155ee87c22d5c9f9423d73d9afcbb03a5b77e125c05f09	common_voice_mvy_42376444.mp3	e6fefeb222af6d07b5a7f75e8729d731ee7cfdfdacef307fb63d12879f8b0e3e	کہ وختہ لا اسیں علاج آں تشخیص نی ہُون٘دیۡ کھیں		3	0	thirties		کھیل/دوبېرَیں		mvy	
4281ed2314a2c85676db55efdfd06ae0e80cca28b8a50303c9a63524c1b0bccc51e7d7dd44e22e4f6f155ee87c22d5c9f9423d73d9afcbb03a5b77e125c05f09	common_voice_mvy_42376449.mp3	e32255a7bf42ecca3d42aabcf81f5ef82bcfbd3c6ddca4bb338294c86d21bef9	گھریۡماݜے ماسُم (چُن٘ڑ) ایں ہِن آں		2	0	thirties		کھیل/دوبېرَیں		mvy	
4281ed2314a2c85676db55efdfd06ae0e80cca28b8a50303c9a63524c1b0bccc51e7d7dd44e22e4f6f155ee87c22d5c9f9423d73d9afcbb03a5b77e125c05f09	common_voice_mvy_42376455.mp3	df42fd237c55daa9d24797a95b935da8dc94153d09576360fe9a107037bc7c92	بلکے دیت دیوں ہو تُھو۔		4	0	thirties		کھیل/دوبېرَیں		mvy	
4281ed2314a2c85676db55efdfd06ae0e80cca28b8a50303c9a63524c1b0bccc51e7d7dd44e22e4f6f155ee87c22d5c9f9423d73d9afcbb03a5b77e125c05f09	common_voice_mvy_42376457.mp3	ee7da0b0598cc1830f101c2ce72a163079179baa89fd0a608426120735e0c0e9	میں بان چے میں ݜَیں ماسمہ ناجوڑ نی ہوں		2	0	thirties		کھیل/دوبېرَیں		mvy	
4281ed2314a2c85676db55efdfd06ae0e80cca28b8a50303c9a63524c1b0bccc51e7d7dd44e22e4f6f155ee87c22d5c9f9423d73d9afcbb03a5b77e125c05f09	common_voice_mvy_42376458.mp3	f185a468ff3e4a2c7408ebd949cc5aa72e3ade84ed2380fea2ae344365a4e129	بُٹوں نہ چئ تېرئ نبی کریم صلی اللہ علیہ وسلم لا ہُوۡن٘دیۡ۔		2	0	thirties		کھیل/دوبېرَیں		mvy	
4281ed2314a2c85676db55efdfd06ae0e80cca28b8a50303c9a63524c1b0bccc51e7d7dd44e22e4f6f155ee87c22d5c9f9423d73d9afcbb03a5b77e125c05f09	common_voice_mvy_42376461.mp3	d939b9c137426f4cd5cdacaefcfca4852b99f36d31c59a624e651ca808d868fd	سَخ گرمیاں وخ آن٘س۔		3	0	thirties		کھیل/دوبېرَیں		mvy	
4281ed2314a2c85676db55efdfd06ae0e80cca28b8a50303c9a63524c1b0bccc51e7d7dd44e22e4f6f155ee87c22d5c9f9423d73d9afcbb03a5b77e125c05f09	common_voice_mvy_42376466.mp3	e6b7fc3a5cdfe307751fa341b07af0d8728467100c88d6ca6366bc02c4b6e4b7	اسماناں یی تے زُمُکاں خلقہ اسی نہ تَیں حاجتی لُکھاں تھہ،		2	0	thirties		کھیل/دوبېرَیں		mvy	
4281ed2314a2c85676db55efdfd06ae0e80cca28b8a50303c9a63524c1b0bccc51e7d7dd44e22e4f6f155ee87c22d5c9f9423d73d9afcbb03a5b77e125c05f09	common_voice_mvy_42376467.mp3	f16226a9bf8106eff478e6272e10d0cb6f0cc01cc7261d3b95354dfce7a11a10	”مہ لہ گھئ وات ای یان٘س ݜُو مٹی اْے بان مَیں اېمہۡ تھی،		2	0	thirties		کھیل/دوبېرَیں		mvy	
4281ed2314a2c85676db55efdfd06ae0e80cca28b8a50303c9a63524c1b0bccc51e7d7dd44e22e4f6f155ee87c22d5c9f9423d73d9afcbb03a5b77e125c05f09	common_voice_mvy_42376468.mp3	ec01631a71f0bea627a50d9b1ca8fc19c1f22d390d5a21362a40327d800e0ee6	اسیں کاروبار نہ علاوہ مُت گی سُوچ نی آن٘س		2	0	thirties		کھیل/دوبېرَیں		mvy	
4281ed2314a2c85676db55efdfd06ae0e80cca28b8a50303c9a63524c1b0bccc51e7d7dd44e22e4f6f155ee87c22d5c9f9423d73d9afcbb03a5b77e125c05f09	common_voice_mvy_42376470.mp3	ea949f24c421d3782111de2f4cf36859263d06f38ec87cfe0c7d7280e212466e	بئ آخری لژہ ہویں یاں ٹېم مِیں نھال کھیں		2	0	thirties		کھیل/دوبېرَیں		mvy	
4281ed2314a2c85676db55efdfd06ae0e80cca28b8a50303c9a63524c1b0bccc51e7d7dd44e22e4f6f155ee87c22d5c9f9423d73d9afcbb03a5b77e125c05f09	common_voice_mvy_42376476.mp3	d6a1e4387f7e1e20eaf6742a714371f8d4e9059cbc3d3c10f4c7bcf19144c1a0	تُو سېوں اللہ گے مِٹھیں بر آں بېکتُک چن چئ ہول ڇا تھُو۔		2	0	thirties		کھیل/دوبېرَیں		mvy	
4281ed2314a2c85676db55efdfd06ae0e80cca28b8a50303c9a63524c1b0bccc51e7d7dd44e22e4f6f155ee87c22d5c9f9423d73d9afcbb03a5b77e125c05f09	common_voice_mvy_42376477.mp3	f39361fc0f74b3d2b50157a90310df5779d2bbc7bee0fc1ebd21416abf9dce9f	آں نوَیں لا عرفہ مہ بال بانیۡ (خطبہ کیریۡ)؛		2	0	thirties		کھیل/دوبېرَیں		mvy	
4281ed2314a2c85676db55efdfd06ae0e80cca28b8a50303c9a63524c1b0bccc51e7d7dd44e22e4f6f155ee87c22d5c9f9423d73d9afcbb03a5b77e125c05f09	common_voice_mvy_42376478.mp3	ef019bdca985383b17f3ac8af5bd6f74c77e7adc9188e1f199560b4324a7af96	آں سېں ݜُو بال ڇھاری نہ اېں والا خلقہ واں کریا بَنان٘س۔		2	0	thirties		کھیل/دوبېرَیں		mvy	
4281ed2314a2c85676db55efdfd06ae0e80cca28b8a50303c9a63524c1b0bccc51e7d7dd44e22e4f6f155ee87c22d5c9f9423d73d9afcbb03a5b77e125c05f09	common_voice_mvy_42376479.mp3	ea0cf67791f6ce815f3c76f0904480649b1ba4948be769f37b41cdb54696e06b	آژ مہ څَیں اېک ارگٹیۡ موحبَتِیں قصہ کرم		2	0	thirties		کھیل/دوبېرَیں		mvy	
4281ed2314a2c85676db55efdfd06ae0e80cca28b8a50303c9a63524c1b0bccc51e7d7dd44e22e4f6f155ee87c22d5c9f9423d73d9afcbb03a5b77e125c05f09	common_voice_mvy_42376480.mp3	ee341b7b64221ce352703df0531c741a78cdcb67574ed67917619260346135d6	کیں نبیؑ ایں زندگی مہ ایمانَیں حالتی مہ تَس پشیل ہو		2	0	thirties		کھیل/دوبېرَیں		mvy	
4281ed2314a2c85676db55efdfd06ae0e80cca28b8a50303c9a63524c1b0bccc51e7d7dd44e22e4f6f155ee87c22d5c9f9423d73d9afcbb03a5b77e125c05f09	common_voice_mvy_42376484.mp3	f022835e2444e995142439b605f19670452abfcd0bfca9b030aa8d0540c8dc51	آں عقل خراب کیریۡ تُھو۔		2	0	thirties		کھیل/دوبېرَیں		mvy	
4281ed2314a2c85676db55efdfd06ae0e80cca28b8a50303c9a63524c1b0bccc51e7d7dd44e22e4f6f155ee87c22d5c9f9423d73d9afcbb03a5b77e125c05f09	common_voice_mvy_42376487.mp3	f0eac571422c60edc60bb88f70f495e5404b24fb48d0ef9577d7f436e14a3438	خوراکاں کتُوک بنیادی اجزا تھو		3	0	thirties		کھیل/دوبېرَیں		mvy	
4281ed2314a2c85676db55efdfd06ae0e80cca28b8a50303c9a63524c1b0bccc51e7d7dd44e22e4f6f155ee87c22d5c9f9423d73d9afcbb03a5b77e125c05f09	common_voice_mvy_42376491.mp3	f043cca32932bd487e6a279ee2ffa33a6b702e2f53dc7c49e4a804f631df0d03	آں اما ملیۡ بُبوئ گتہ ہرِلیۡ		2	0	thirties		کھیل/دوبېرَیں		mvy	
4281ed2314a2c85676db55efdfd06ae0e80cca28b8a50303c9a63524c1b0bccc51e7d7dd44e22e4f6f155ee87c22d5c9f9423d73d9afcbb03a5b77e125c05f09	common_voice_mvy_42376493.mp3	e5f0bdca0673fa156e5bac7cab8febb0357e3c4d647cec192f458eb3cd57f11a	کھیں سیں بناں تھُو چے کل ماݜ بھا لا ہُون٘دُوں		3	0	thirties		کھیل/دوبېرَیں		mvy	
4281ed2314a2c85676db55efdfd06ae0e80cca28b8a50303c9a63524c1b0bccc51e7d7dd44e22e4f6f155ee87c22d5c9f9423d73d9afcbb03a5b77e125c05f09	common_voice_mvy_42376499.mp3	dc9c0d71f275388ec4a34f1b8c1d90d04bbefda6315fb1a84ece9c2df178095b	(تے چے) سو بِگوݜان٘لو آں ہیُودژان٘لو تھُو۔		2	0	thirties		کھیل/دوبېرَیں		mvy	
4281ed2314a2c85676db55efdfd06ae0e80cca28b8a50303c9a63524c1b0bccc51e7d7dd44e22e4f6f155ee87c22d5c9f9423d73d9afcbb03a5b77e125c05f09	common_voice_mvy_42376501.mp3	e7defd59dbdadfe25eedee1209ef601716ceace2f896b7e4c064f5682acafc98	پتہۡ اِگلے گی قِسمَیں حالَت خراب نی ہو؛		2	0	thirties		کھیل/دوبېرَیں		mvy	
4281ed2314a2c85676db55efdfd06ae0e80cca28b8a50303c9a63524c1b0bccc51e7d7dd44e22e4f6f155ee87c22d5c9f9423d73d9afcbb03a5b77e125c05f09	common_voice_mvy_42376506.mp3	ca772c013f12644e8d8b815fdc7ae2348cfedfb5a1a2f77b9c42abc2db8d3951	”آں آں کوستَیں تُھو۔		2	0	thirties		کھیل/دوبېرَیں		mvy	
4281ed2314a2c85676db55efdfd06ae0e80cca28b8a50303c9a63524c1b0bccc51e7d7dd44e22e4f6f155ee87c22d5c9f9423d73d9afcbb03a5b77e125c05f09	common_voice_mvy_42376509.mp3	f1f70f41bb1348fbce367c8be16c8ae37594d0aa8a154dd63fbb913a371619a8	کاں خلکؤں چے دوییں پن لا بئ تھہ		2	1	thirties		کھیل/دوبېرَیں		mvy	
4281ed2314a2c85676db55efdfd06ae0e80cca28b8a50303c9a63524c1b0bccc51e7d7dd44e22e4f6f155ee87c22d5c9f9423d73d9afcbb03a5b77e125c05f09	common_voice_mvy_42376510.mp3	e275d7dfe967336abdc4f921fc4576b399856926b80da4516aea9aaae06f0de5	آں اسیں پھت کران٘لاں کِریا عذاب نی دیوژا تُھو،		2	0	thirties		کھیل/دوبېرَیں		mvy	
4281ed2314a2c85676db55efdfd06ae0e80cca28b8a50303c9a63524c1b0bccc51e7d7dd44e22e4f6f155ee87c22d5c9f9423d73d9afcbb03a5b77e125c05f09	common_voice_mvy_42376512.mp3	e7f6a6b0671c3d1c7bc1bc9aee4154c208452ed55a2d68c4e18569506a6e9fb3	آں ایک ماݜ کاں حُکمتی مِلیۡ گِشے چال چلن ہو تھی،		2	0	thirties		کھیل/دوبېرَیں		mvy	
4281ed2314a2c85676db55efdfd06ae0e80cca28b8a50303c9a63524c1b0bccc51e7d7dd44e22e4f6f155ee87c22d5c9f9423d73d9afcbb03a5b77e125c05f09	common_voice_mvy_42376513.mp3	f5e3c1d9009af5371f405b35f264725038208ba52f8a342186255f0f629f5a81	سېوں مہ رتَیں تفصیلی معائناں ٹېس آں ڈېن٘گی یاں ٹېس شامل تھو۔		2	0	thirties		کھیل/دوبېرَیں		mvy	
4281ed2314a2c85676db55efdfd06ae0e80cca28b8a50303c9a63524c1b0bccc51e7d7dd44e22e4f6f155ee87c22d5c9f9423d73d9afcbb03a5b77e125c05f09	common_voice_mvy_42376514.mp3	d9c6fa116e497449727b259ca56800d869a18488dc8603f13313479a901148f9	رُکوع فرض تھو۔		2	0	thirties		کھیل/دوبېرَیں		mvy	
4281ed2314a2c85676db55efdfd06ae0e80cca28b8a50303c9a63524c1b0bccc51e7d7dd44e22e4f6f155ee87c22d5c9f9423d73d9afcbb03a5b77e125c05f09	common_voice_mvy_42376517.mp3	f79b8b653b72324a4ebe0b498a058937759350b22618fc47827278e9fc16e903	تسیں ݜُو جواب ڇیلِلوۡ چےۡ سو حضورؐ گے اېگلے مسلما ہُوۡن٘دُوۡ۔		2	0	thirties		کھیل/دوبېرَیں		mvy	
4281ed2314a2c85676db55efdfd06ae0e80cca28b8a50303c9a63524c1b0bccc51e7d7dd44e22e4f6f155ee87c22d5c9f9423d73d9afcbb03a5b77e125c05f09	common_voice_mvy_42361893.mp3	5868f529b11a173d20167d7c9a92c7456219b45ae29e43398fc2776fe7889839	کؤں چے ریاستی پھېں نہ لِکے قبلا چھی۔		3	0	thirties		کھیل/دوبېرَیں		mvy	
4281ed2314a2c85676db55efdfd06ae0e80cca28b8a50303c9a63524c1b0bccc51e7d7dd44e22e4f6f155ee87c22d5c9f9423d73d9afcbb03a5b77e125c05f09	common_voice_mvy_42362826.mp3	596ef86fb92206a95a4c5daae6a1a96d5c4c7b1163ecbd6cc22b89f19490e7fc	نِوان٘ز مہ ہڑہۡ بیٹھؤں اڅھکاݜ تھُو۔		2	0	thirties		کھیل/دوبېرَیں		mvy	
4281ed2314a2c85676db55efdfd06ae0e80cca28b8a50303c9a63524c1b0bccc51e7d7dd44e22e4f6f155ee87c22d5c9f9423d73d9afcbb03a5b77e125c05f09	common_voice_mvy_42376516.mp3	e81406ff3f8d8dc5031f4e0bac0387cfcd989c15939b0b0e7b7992e82ddfbe46	ݜیں اسی تعریف بَدلا گلاں تھو۔		2	0	thirties		کھیل/دوبېرَیں		mvy	
4281ed2314a2c85676db55efdfd06ae0e80cca28b8a50303c9a63524c1b0bccc51e7d7dd44e22e4f6f155ee87c22d5c9f9423d73d9afcbb03a5b77e125c05f09	common_voice_mvy_42376532.mp3	ec1b2fe5e9489d0bff0212de8329999568e1a77e6a41dec0479a558f409a3b6a	ماسمہ واں کریا اخلاقَیں، سُون٘شیارَیں آں حق بنَئیں سیڇھ دی۔		2	0	thirties		کھیل/دوبېرَیں		mvy	
4281ed2314a2c85676db55efdfd06ae0e80cca28b8a50303c9a63524c1b0bccc51e7d7dd44e22e4f6f155ee87c22d5c9f9423d73d9afcbb03a5b77e125c05f09	common_voice_mvy_42376533.mp3	e8cac332fa106fec0a8ec6891dc8d79872f780ef94e8b67474fea8f43643245a	اٹھؤں دلیل عام رواج یا عُرف تھی۔		2	0	thirties		کھیل/دوبېرَیں		mvy	
4281ed2314a2c85676db55efdfd06ae0e80cca28b8a50303c9a63524c1b0bccc51e7d7dd44e22e4f6f155ee87c22d5c9f9423d73d9afcbb03a5b77e125c05f09	common_voice_mvy_42376539.mp3	e697dd5c980fb1d31c3215b6dd6306922ce84c32e00c6c8fb975893e503a280b	نبی علیہ السلامے جُماتھی کَچھ اک څپرُو سن٘دېلان٘س		2	0	thirties		کھیل/دوبېرَیں		mvy	
4281ed2314a2c85676db55efdfd06ae0e80cca28b8a50303c9a63524c1b0bccc51e7d7dd44e22e4f6f155ee87c22d5c9f9423d73d9afcbb03a5b77e125c05f09	common_voice_mvy_42376541.mp3	f32adf65f25a219d67098b42d8a3aa4c806618921ea4de3be2a1f0a26d868409	بېعت نہ پتَیں سو ڈلَیں فرمائشہ ہِن		2	0	thirties		کھیل/دوبېرَیں		mvy	
4281ed2314a2c85676db55efdfd06ae0e80cca28b8a50303c9a63524c1b0bccc51e7d7dd44e22e4f6f155ee87c22d5c9f9423d73d9afcbb03a5b77e125c05f09	common_voice_mvy_42376542.mp3	ea8f18c3ad75b4ec381d01f0f7f138c2935f06bc5c175deb139425f1790b3b83	اسی مہ لازِم ہُوئیں لاقَت پُوریۡ ہُوئ تھی		3	0	thirties		کھیل/دوبېرَیں		mvy	
4281ed2314a2c85676db55efdfd06ae0e80cca28b8a50303c9a63524c1b0bccc51e7d7dd44e22e4f6f155ee87c22d5c9f9423d73d9afcbb03a5b77e125c05f09	common_voice_mvy_42377646.mp3	d27a0df9cdbe41ae2bff182d87d18474b2e3148245d399faf9b789396238d478	اڑیۡ رال (نِوان٘ز کرہ) یا تسی نہ کماݜ		2	0	thirties		کھیل/دوبېرَیں		mvy	
4281ed2314a2c85676db55efdfd06ae0e80cca28b8a50303c9a63524c1b0bccc51e7d7dd44e22e4f6f155ee87c22d5c9f9423d73d9afcbb03a5b77e125c05f09	common_voice_mvy_42377647.mp3	fcc92af6556ebb066ae6b0f948c7fe22f027347ca815ff8b2f76bb43b2b1a504	نذر کر چھی میں تِلا تاں ݜُو بدن		4	0	thirties		کھیل/دوبېرَیں		mvy	
4281ed2314a2c85676db55efdfd06ae0e80cca28b8a50303c9a63524c1b0bccc51e7d7dd44e22e4f6f155ee87c22d5c9f9423d73d9afcbb03a5b77e125c05f09	common_voice_mvy_42377645.mp3	edfa032b9b6ed82d28dbf43b1468d04c3a7f6e59d28ea57575ebe165f18d4ea5	اېوں مہ گِھن٘لئین٘ژا نی ڇؤژِلُوں		3	0	thirties		کھیل/دوبېرَیں		mvy	
4281ed2314a2c85676db55efdfd06ae0e80cca28b8a50303c9a63524c1b0bccc51e7d7dd44e22e4f6f155ee87c22d5c9f9423d73d9afcbb03a5b77e125c05f09	common_voice_mvy_42350513.mp3	29545a4b8588c80dc5f1c19b683bee463abbb793055a16dc3a8cef14bf96f0ff	(اِواں دن) بنہ (او ڇِہېلوۡ):		2	0	thirties		کھیل/دوبېرَیں		mvy	
4281ed2314a2c85676db55efdfd06ae0e80cca28b8a50303c9a63524c1b0bccc51e7d7dd44e22e4f6f155ee87c22d5c9f9423d73d9afcbb03a5b77e125c05f09	common_voice_mvy_42350510.mp3	2105164c861a7f75b270a95970cddc4a674b7153a549f9b025c4d914691dff97	مریض وَیں رتَیں کمِیں شکایت آن٘سیۡ۔		2	0	thirties		کھیل/دوبېرَیں		mvy	
4281ed2314a2c85676db55efdfd06ae0e80cca28b8a50303c9a63524c1b0bccc51e7d7dd44e22e4f6f155ee87c22d5c9f9423d73d9afcbb03a5b77e125c05f09	common_voice_mvy_42350459.mp3	3cf187abead0221f38e4e3d5306c1947ef1297fe270fb3a281d06c026fad6367	می وَیں کېں ݜے نی نھالے لس		2	0	thirties		کھیل/دوبېرَیں		mvy	
4281ed2314a2c85676db55efdfd06ae0e80cca28b8a50303c9a63524c1b0bccc51e7d7dd44e22e4f6f155ee87c22d5c9f9423d73d9afcbb03a5b77e125c05f09	common_voice_mvy_42350430.mp3	2d5d70f190b7bf995761047008c543d1af234fae3ea2d129b6b9c76e1b361aba	سو رن٘گاں ہیگرن دھریۡ تُھو۔“		2	0	thirties		کھیل/دوبېرَیں		mvy	
4281ed2314a2c85676db55efdfd06ae0e80cca28b8a50303c9a63524c1b0bccc51e7d7dd44e22e4f6f155ee87c22d5c9f9423d73d9afcbb03a5b77e125c05f09	common_voice_mvy_42350428.mp3	1132b40a0a4b69b0ac31d0edc16c57627f042b4d23df4d55d7cb0054d21bd9ef	ݜُو سو دُسُق تھی چے څاں کِریا ان٘گُوی جھلیۡ کرژاں بیسیۡ۔		2	0	thirties		کھیل/دوبېرَیں		mvy	
4281ed2314a2c85676db55efdfd06ae0e80cca28b8a50303c9a63524c1b0bccc51e7d7dd44e22e4f6f155ee87c22d5c9f9423d73d9afcbb03a5b77e125c05f09	common_voice_mvy_42350427.mp3	14f8411b50ba81c3c0c6290dda601b67ca46725be374257347b60304c7fdff0e	مِٹھائ، چِگمہ آں بِگ بِگ څیزہۡ گلاں بیئل		2	0	thirties		کھیل/دوبېرَیں		mvy	
4281ed2314a2c85676db55efdfd06ae0e80cca28b8a50303c9a63524c1b0bccc51e7d7dd44e22e4f6f155ee87c22d5c9f9423d73d9afcbb03a5b77e125c05f09	common_voice_mvy_42350401.mp3	30142a60eaea8e8269c5002f0fb39342a9af63658723108f0106b992237d5f99	چے ہر ماݜاں بطور انسان اېک شاناں حاق تُھو؛		2	0	thirties		کھیل/دوبېرَیں		mvy	
4281ed2314a2c85676db55efdfd06ae0e80cca28b8a50303c9a63524c1b0bccc51e7d7dd44e22e4f6f155ee87c22d5c9f9423d73d9afcbb03a5b77e125c05f09	common_voice_mvy_42350399.mp3	1a1f4856b57bedfb1ce91ca343c1351b72ad09056c8d8e84b1bbdbd8e52d860d	امہ واں رس چو وېلوۡ آں سُرسوۡ،		2	0	thirties		کھیل/دوبېرَیں		mvy	
4281ed2314a2c85676db55efdfd06ae0e80cca28b8a50303c9a63524c1b0bccc51e7d7dd44e22e4f6f155ee87c22d5c9f9423d73d9afcbb03a5b77e125c05f09	common_voice_mvy_42350360.mp3	27ad34ecf902b4cbd8cbec91f7c035a508479f19ee8c889d66b4798ba7141f40	دیُو کور نہ بئیلوۡ کھیں		2	0	thirties		کھیل/دوبېرَیں		mvy	
4281ed2314a2c85676db55efdfd06ae0e80cca28b8a50303c9a63524c1b0bccc51e7d7dd44e22e4f6f155ee87c22d5c9f9423d73d9afcbb03a5b77e125c05f09	common_voice_mvy_42350350.mp3	11fa30bd0ca76305d7f3f3f97391c531e4129c65d63eff59aff7341551bbb55f	ولے چکساں کا حُکمہ تھو سېوں		2	0	thirties		کھیل/دوبېرَیں		mvy	
4281ed2314a2c85676db55efdfd06ae0e80cca28b8a50303c9a63524c1b0bccc51e7d7dd44e22e4f6f155ee87c22d5c9f9423d73d9afcbb03a5b77e125c05f09	common_voice_mvy_42350330.mp3	25fd3b1382a07dd67564b65a29838e6c96ae4ad4d0a0bdc06556bf2e234628e7	تُو ݜے کرہ نا چے امَیں گیساں غور کرہ		2	0	thirties		کھیل/دوبېرَیں		mvy	
4281ed2314a2c85676db55efdfd06ae0e80cca28b8a50303c9a63524c1b0bccc51e7d7dd44e22e4f6f155ee87c22d5c9f9423d73d9afcbb03a5b77e125c05f09	common_voice_mvy_42350329.mp3	29854cc63f463a9f935ccf0e6eeb44249d6740d83d109cb08bc6aa7ce37e364c	مہ لہ امَیں بھانہ نھالم آن٘س۔		2	0	thirties		کھیل/دوبېرَیں		mvy	
4281ed2314a2c85676db55efdfd06ae0e80cca28b8a50303c9a63524c1b0bccc51e7d7dd44e22e4f6f155ee87c22d5c9f9423d73d9afcbb03a5b77e125c05f09	common_voice_mvy_42350326.mp3	323ed0164d30f387dc5f8ccf5d0410b9fc2e963a417064634467c64b75310fc7	تسے تازہ گازریۡ یاں شربت پویائ کھیں انشاءاللہ فائدہ ہوتُھو۔		2	0	thirties		کھیل/دوبېرَیں		mvy	
4281ed2314a2c85676db55efdfd06ae0e80cca28b8a50303c9a63524c1b0bccc51e7d7dd44e22e4f6f155ee87c22d5c9f9423d73d9afcbb03a5b77e125c05f09	common_voice_mvy_42350277.mp3	325a4b7f1f71041040a4a9a72e4eda47106d4e52415f48d84a875989f0a894e5	تس گی قسماں کمے پھت نېری بلکہ تسے دما دی۔		3	0	thirties		کھیل/دوبېرَیں		mvy	
4281ed2314a2c85676db55efdfd06ae0e80cca28b8a50303c9a63524c1b0bccc51e7d7dd44e22e4f6f155ee87c22d5c9f9423d73d9afcbb03a5b77e125c05f09	common_voice_mvy_42377655.mp3	d60f31b88062d132dc19dfc0380e9a8d9e4b8de2ecbde0e7eaa094bd2d8a1020	دیس لن٘گھی تام، می لا پِیشیں گوٙلیۡ څک حرام۔		3	0	thirties		کھیل/دوبېرَیں		mvy	
4281ed2314a2c85676db55efdfd06ae0e80cca28b8a50303c9a63524c1b0bccc51e7d7dd44e22e4f6f155ee87c22d5c9f9423d73d9afcbb03a5b77e125c05f09	common_voice_mvy_42377656.mp3	f02a6517b0ee3c74531ae3c2b86b93fe87d7bbe63b89140870080c7cf41e9402	اُگُھر خلقؤں لا ہُم ظِلم ہُون٘د۔		2	0	thirties		کھیل/دوبېرَیں		mvy	
4281ed2314a2c85676db55efdfd06ae0e80cca28b8a50303c9a63524c1b0bccc51e7d7dd44e22e4f6f155ee87c22d5c9f9423d73d9afcbb03a5b77e125c05f09	common_voice_mvy_42377660.mp3	e6da8e35e970090e911b6d9a361d79778ee4a5de7db11360d5a8cecd33684001	چے نِکاح کرَیں یاں دَن خامخا دُو شاہِدہ بیں تھو۔		2	0	thirties		کھیل/دوبېرَیں		mvy	
4281ed2314a2c85676db55efdfd06ae0e80cca28b8a50303c9a63524c1b0bccc51e7d7dd44e22e4f6f155ee87c22d5c9f9423d73d9afcbb03a5b77e125c05f09	common_voice_mvy_42377661.mp3	e0b0ede503b2d4e42aff07b0c0a1dc0693341d1a57348c4f4eabeceec8db3c15	بھَژدہ دُو عیدیاں نِوان٘زٶں مہ		2	0	thirties		کھیل/دوبېرَیں		mvy	
4281ed2314a2c85676db55efdfd06ae0e80cca28b8a50303c9a63524c1b0bccc51e7d7dd44e22e4f6f155ee87c22d5c9f9423d73d9afcbb03a5b77e125c05f09	common_voice_mvy_42377803.mp3	eed54cd16f1e19b3c12517778e3c346eb412973b3f0d3d08617abeefc57ca2b9	تاں ہا مبارک ہِن پویا مے شربت		2	0	thirties		کھیل/دوبېرَیں		mvy	
4281ed2314a2c85676db55efdfd06ae0e80cca28b8a50303c9a63524c1b0bccc51e7d7dd44e22e4f6f155ee87c22d5c9f9423d73d9afcbb03a5b77e125c05f09	common_voice_mvy_42377805.mp3	ceb730368e7168826dfc090c6a8d6f5b0e0896c2f10951c766da2e4d2b283845	دُو وختؤں ہریۡ تازا وے دی کھا۔		2	0	thirties		کھیل/دوبېرَیں		mvy	
4281ed2314a2c85676db55efdfd06ae0e80cca28b8a50303c9a63524c1b0bccc51e7d7dd44e22e4f6f155ee87c22d5c9f9423d73d9afcbb03a5b77e125c05f09	common_voice_mvy_42377806.mp3	00f464b08a8918d0c86498b465efce34690154e7aef0837da8acf6d05006b779	آں اسی نہ فائدہ ہری گلے بِس بیمار ہویں نہ بچ ہوݩگَیں تھو۔		2	0	thirties		کھیل/دوبېرَیں		mvy	
4281ed2314a2c85676db55efdfd06ae0e80cca28b8a50303c9a63524c1b0bccc51e7d7dd44e22e4f6f155ee87c22d5c9f9423d73d9afcbb03a5b77e125c05f09	common_voice_mvy_42348738.mp3	27e7c633ad2de0aa57d8a6322a89db8530a12647488ab77a8214425c622f6635	آں سو ہر وخ اېک نئ شان مہ تُھو۔		2	0	thirties		کھیل/دوبېرَیں		mvy	
4281ed2314a2c85676db55efdfd06ae0e80cca28b8a50303c9a63524c1b0bccc51e7d7dd44e22e4f6f155ee87c22d5c9f9423d73d9afcbb03a5b77e125c05f09	common_voice_mvy_42377807.mp3	f4dbf30fe3fd76d77e5118d413dd18c08de040c7bda2affb01c2d750fb9ae152	چُون٘ڑ بول یا بَہر کَرَیں ہِن یا		2	0	thirties		کھیل/دوبېرَیں		mvy	
4281ed2314a2c85676db55efdfd06ae0e80cca28b8a50303c9a63524c1b0bccc51e7d7dd44e22e4f6f155ee87c22d5c9f9423d73d9afcbb03a5b77e125c05f09	common_voice_mvy_42377810.mp3	9c5b2b4cee347aa6b77070700b61c27076d1680390471d244f9773f7ff8f11af	کھیں دیُو ایلوۡ آں اَیں دُو بُبوئ مژ پَلِل۔		2	0	thirties		کھیل/دوبېرَیں		mvy	
4281ed2314a2c85676db55efdfd06ae0e80cca28b8a50303c9a63524c1b0bccc51e7d7dd44e22e4f6f155ee87c22d5c9f9423d73d9afcbb03a5b77e125c05f09	common_voice_mvy_42377812.mp3	f0bd1ccbe522734fb8313c4a70c3714b4b85abbf4ff2f8647ab26dbb5c0aec31	تِئیں گھڑَئی مہ گی وَخ تُھو؟		2	0	thirties		کھیل/دوبېرَیں		mvy	
4281ed2314a2c85676db55efdfd06ae0e80cca28b8a50303c9a63524c1b0bccc51e7d7dd44e22e4f6f155ee87c22d5c9f9423d73d9afcbb03a5b77e125c05f09	common_voice_mvy_42347189.mp3	19c1ac34094a4525ba7e4f5ee0a581bab4184d8cd50f70ed201520deb1f597c2	اسی نہ علاوہ ݜس علم رزَئین٘یاں کریا		2	0	thirties		کھیل/دوبېرَیں		mvy	
4281ed2314a2c85676db55efdfd06ae0e80cca28b8a50303c9a63524c1b0bccc51e7d7dd44e22e4f6f155ee87c22d5c9f9423d73d9afcbb03a5b77e125c05f09	common_voice_mvy_42377825.mp3	ffed1f3f2173e5b1a1682f36e1c7980848cf01204aa243cb6336b2ed5581f0cf	مَیں لژہ لک زئ مرک ہومان٘س آں پاتیۡ نہ کؤ ہُون٘د۔		2	0	thirties		کھیل/دوبېرَیں		mvy	
4281ed2314a2c85676db55efdfd06ae0e80cca28b8a50303c9a63524c1b0bccc51e7d7dd44e22e4f6f155ee87c22d5c9f9423d73d9afcbb03a5b77e125c05f09	common_voice_mvy_42377828.mp3	d47c8e15966f57834f17a1b30c8f3fc31c8c2c1bc3267abe7dcbe1392913e824	ہسان نحوۡ مہ ڇَیوں سبق ای گا		2	0	thirties		کھیل/دوبېرَیں		mvy	
4281ed2314a2c85676db55efdfd06ae0e80cca28b8a50303c9a63524c1b0bccc51e7d7dd44e22e4f6f155ee87c22d5c9f9423d73d9afcbb03a5b77e125c05f09	common_voice_mvy_42377829.mp3	f42f2be8981c7257f172e2dcd51355ca0d9a5a91ee8194131a29847a1171c389	گَولہ چِہ ظلماں ماحول آنٚس		2	0	thirties		کھیل/دوبېرَیں		mvy	
4281ed2314a2c85676db55efdfd06ae0e80cca28b8a50303c9a63524c1b0bccc51e7d7dd44e22e4f6f155ee87c22d5c9f9423d73d9afcbb03a5b77e125c05f09	common_voice_mvy_42377837.mp3	f3152cbc7d43c81a9df1f02d7a430d9975da040578897ac12c68e0837d222db9	چےۡ گھېن٘ری بکرؤں ملی لن٘گھا، ماݜ اے۔		2	0	thirties		کھیل/دوبېرَیں		mvy	
4281ed2314a2c85676db55efdfd06ae0e80cca28b8a50303c9a63524c1b0bccc51e7d7dd44e22e4f6f155ee87c22d5c9f9423d73d9afcbb03a5b77e125c05f09	common_voice_mvy_42377839.mp3	f4edd05a6884b645a101ea22f98131ebf0f8b525b245ce9eae7ae03d3581d0bd	اِماماں کِریا دُویُوں سلام سامُوٹھ		2	0	thirties		کھیل/دوبېرَیں		mvy	
4281ed2314a2c85676db55efdfd06ae0e80cca28b8a50303c9a63524c1b0bccc51e7d7dd44e22e4f6f155ee87c22d5c9f9423d73d9afcbb03a5b77e125c05f09	common_voice_mvy_42377840.mp3	ed6501a2a15fa49ac637342a7cd67af3336e5e9ce0e0688cafe8dfdd7d03e98d	چِہ سَو دُنئ تھی ہار انسانوں کِراں امن تے انصافَئیں پاند پَشاݜَت		2	0	thirties		کھیل/دوبېرَیں		mvy	
4281ed2314a2c85676db55efdfd06ae0e80cca28b8a50303c9a63524c1b0bccc51e7d7dd44e22e4f6f155ee87c22d5c9f9423d73d9afcbb03a5b77e125c05f09	common_voice_mvy_42377841.mp3	ffacc49298923e12110fe3fdf924c03cc9ef077d93c1913df924f3927ab149ea	تَیں تَیں قُربانی کرے پاتُو بَیل۔		2	0	thirties		کھیل/دوبېرَیں		mvy	
4281ed2314a2c85676db55efdfd06ae0e80cca28b8a50303c9a63524c1b0bccc51e7d7dd44e22e4f6f155ee87c22d5c9f9423d73d9afcbb03a5b77e125c05f09	common_voice_mvy_42377882.mp3	f758e7baf8360848ea19b30251821d8b852c5118193c030e5db160b2b7ff6b1d	دُو ڇا کوہستاناں مشکلاتوں تل آج بال منیگہ۔		2	0	thirties		کھیل/دوبېرَیں		mvy	
4281ed2314a2c85676db55efdfd06ae0e80cca28b8a50303c9a63524c1b0bccc51e7d7dd44e22e4f6f155ee87c22d5c9f9423d73d9afcbb03a5b77e125c05f09	common_voice_mvy_42377883.mp3	f25df1e918fe0be95d3bc0053b0c50f1901474eb8ff463e948323927e76cd706	اَس تیلہ نہ ایک قطرہ گلَیں ہِن دڑ کم ہوتھی۔		2	0	thirties		کھیل/دوبېرَیں		mvy	
4281ed2314a2c85676db55efdfd06ae0e80cca28b8a50303c9a63524c1b0bccc51e7d7dd44e22e4f6f155ee87c22d5c9f9423d73d9afcbb03a5b77e125c05f09	common_voice_mvy_42377886.mp3	f87764e29f95be39191440a963b3d8007ae62377df6666e7d31d9cf563269c93	اُو سو حکم تُھو کؤں چے ایک څیزمُتاں کِریا،		3	0	thirties		کھیل/دوبېرَیں		mvy	
4281ed2314a2c85676db55efdfd06ae0e80cca28b8a50303c9a63524c1b0bccc51e7d7dd44e22e4f6f155ee87c22d5c9f9423d73d9afcbb03a5b77e125c05f09	common_voice_mvy_42377894.mp3	fd2006f81f9c238cb0b49f1ce64ab7553c0955d0f229002d9af260b67468734f	آں اُو (دُسُق) بِرژا تھی۔		2	0	thirties		کھیل/دوبېرَیں		mvy	
4281ed2314a2c85676db55efdfd06ae0e80cca28b8a50303c9a63524c1b0bccc51e7d7dd44e22e4f6f155ee87c22d5c9f9423d73d9afcbb03a5b77e125c05f09	common_voice_mvy_42377898.mp3	ff8be10980f685f33bed819aafb38f5f998ebdc1dec3b3fd6ecbcfcb67c38575	ہُویں دُنَیں یاں ݜے عُلُومؤں مژ کوستاں خلکے چئ ترقی کرچھی۔		2	0	thirties		کھیل/دوبېرَیں		mvy	
4281ed2314a2c85676db55efdfd06ae0e80cca28b8a50303c9a63524c1b0bccc51e7d7dd44e22e4f6f155ee87c22d5c9f9423d73d9afcbb03a5b77e125c05f09	common_voice_mvy_42377899.mp3	fa6e5b864cf28303ec046b48062d8472e6ee0c33eeaab7252aad58245239eb2d	کاپھرہ واں بارہ مہ نازل ہُوۡن٘د،		2	0	thirties		کھیل/دوبېرَیں		mvy	
4281ed2314a2c85676db55efdfd06ae0e80cca28b8a50303c9a63524c1b0bccc51e7d7dd44e22e4f6f155ee87c22d5c9f9423d73d9afcbb03a5b77e125c05f09	common_voice_mvy_42377900.mp3	ff048bb6305c43ef2c97cd49d47763d842f86b55f1675be08aac2e08df05d0c5	اُببل زکے وے ملی کھیائ		2	0	thirties		کھیل/دوبېرَیں		mvy	
4281ed2314a2c85676db55efdfd06ae0e80cca28b8a50303c9a63524c1b0bccc51e7d7dd44e22e4f6f155ee87c22d5c9f9423d73d9afcbb03a5b77e125c05f09	common_voice_mvy_42377901.mp3	fd9ad01d8eec9f2ef19dc0165fab8f2dec27426077ce1f1a7bb99198a8c4c330	یا ایک څیز مُتاں کِریا شرط سن٘دژېل ہو،		2	0	thirties		کھیل/دوبېرَیں		mvy	
4281ed2314a2c85676db55efdfd06ae0e80cca28b8a50303c9a63524c1b0bccc51e7d7dd44e22e4f6f155ee87c22d5c9f9423d73d9afcbb03a5b77e125c05f09	common_voice_mvy_42377917.mp3	e7963ca84383f528064f1a834e057374ecdc787d5eb2a738791cbe830682d23c	آں تے اسیں غاڑ نِوَلئ نی ہو تُھو		2	0	thirties		کھیل/دوبېرَیں		mvy	
4281ed2314a2c85676db55efdfd06ae0e80cca28b8a50303c9a63524c1b0bccc51e7d7dd44e22e4f6f155ee87c22d5c9f9423d73d9afcbb03a5b77e125c05f09	common_voice_mvy_42377918.mp3	da5bf920f22a15c1db52ff9c32c260b84ec7db992f511534800153dba334abdc	تلہ کمرہ کَئیتکَوں تل تھی؟		2	0	thirties		کھیل/دوبېرَیں		mvy	
4281ed2314a2c85676db55efdfd06ae0e80cca28b8a50303c9a63524c1b0bccc51e7d7dd44e22e4f6f155ee87c22d5c9f9423d73d9afcbb03a5b77e125c05f09	common_voice_mvy_42377919.mp3	fdbdbe4a638958abf30b30c716ec058f73c24b6939be4f0fcc2417391fc79db5	اربابے بانیۡ واردےمہ ماچس آم		2	0	thirties		کھیل/دوبېرَیں		mvy	
4281ed2314a2c85676db55efdfd06ae0e80cca28b8a50303c9a63524c1b0bccc51e7d7dd44e22e4f6f155ee87c22d5c9f9423d73d9afcbb03a5b77e125c05f09	common_voice_mvy_42377921.mp3	eec448f93e3017a773adcea3f08a1b950924c26b0c5e9ad41c3747ef4d995866	اېک پڑقُژېل ٹچ گُھوں موبائل ایلوۡ۔		2	0	thirties		کھیل/دوبېرَیں		mvy	
4281ed2314a2c85676db55efdfd06ae0e80cca28b8a50303c9a63524c1b0bccc51e7d7dd44e22e4f6f155ee87c22d5c9f9423d73d9afcbb03a5b77e125c05f09	common_voice_mvy_42377924.mp3	f602ef311a893343f8aa6f6115aaf218f265802f77002eda95966e549d9e762f	چے تلہ کھَیں پویں یاں وے بُٹ اېک زئ نہ استعمال کراں۔		2	0	thirties		کھیل/دوبېرَیں		mvy	
4281ed2314a2c85676db55efdfd06ae0e80cca28b8a50303c9a63524c1b0bccc51e7d7dd44e22e4f6f155ee87c22d5c9f9423d73d9afcbb03a5b77e125c05f09	common_voice_mvy_42347241.mp3	075a31bf1c95f08b2530ba0874820acfe5cdf065d663208f3830922d211ca939	سار جِسمہ لا تھتر اُکی تھی		2	0	thirties		کھیل/دوبېرَیں		mvy	
4281ed2314a2c85676db55efdfd06ae0e80cca28b8a50303c9a63524c1b0bccc51e7d7dd44e22e4f6f155ee87c22d5c9f9423d73d9afcbb03a5b77e125c05f09	common_voice_mvy_42347201.mp3	1cc77266f2ba3d768b550267401ad293dd643c4ba62530d2d5e01a7cfbdab93a	آں سو می نی اؤن٘ݜی تُھو۔		2	0	thirties		کھیل/دوبېرَیں		mvy	
4281ed2314a2c85676db55efdfd06ae0e80cca28b8a50303c9a63524c1b0bccc51e7d7dd44e22e4f6f155ee87c22d5c9f9423d73d9afcbb03a5b77e125c05f09	common_voice_mvy_42347199.mp3	1b945ac7b73086bc2898cfc460ddcbcb106152a978fd199e108d193c5f3b8cee	گِشے چے تفسیراں کِریا اُصول تفسیر،		2	0	thirties		کھیل/دوبېرَیں		mvy	
4281ed2314a2c85676db55efdfd06ae0e80cca28b8a50303c9a63524c1b0bccc51e7d7dd44e22e4f6f155ee87c22d5c9f9423d73d9afcbb03a5b77e125c05f09	common_voice_mvy_42347198.mp3	18355695aa4e108a0655e8c986bd6ac3d722bfe075a716544ad5820be8393e58	ݜُو عربی قبیلہ مدینہ منوّرہ نہ ڇھاری		2	0	thirties		کھیل/دوبېرَیں		mvy	
4281ed2314a2c85676db55efdfd06ae0e80cca28b8a50303c9a63524c1b0bccc51e7d7dd44e22e4f6f155ee87c22d5c9f9423d73d9afcbb03a5b77e125c05f09	common_voice_mvy_42515059.mp3	f47656758388822118a7d1c2eb0683fd21b9afb500a6d0d835bf5c1725111e4d	چے سو کوستاں مہ ہر ماݜاں دن پکار تُھو۔		2	0	thirties		کھیل/دوبېرَیں		mvy	
4281ed2314a2c85676db55efdfd06ae0e80cca28b8a50303c9a63524c1b0bccc51e7d7dd44e22e4f6f155ee87c22d5c9f9423d73d9afcbb03a5b77e125c05f09	common_voice_mvy_42515073.mp3	e44e1a9a9a35796a784a4e304f8b349a5979f2be490b19c9c9ef8dcb039faac2	اللہ پاکاں بھا وَیں بھَئ گیل ادُوس کَرٶں مستحب تھُو۔		2	0	thirties		کھیل/دوبېرَیں		mvy	
4281ed2314a2c85676db55efdfd06ae0e80cca28b8a50303c9a63524c1b0bccc51e7d7dd44e22e4f6f155ee87c22d5c9f9423d73d9afcbb03a5b77e125c05f09	common_voice_mvy_42515076.mp3	eb10c427f3404dea271cf7d617709565b885efa21c0a42601ed3854be672bc8a	تے څؤں گائ بجلی نی تھی یی؟		2	0	thirties		کھیل/دوبېرَیں		mvy	
4281ed2314a2c85676db55efdfd06ae0e80cca28b8a50303c9a63524c1b0bccc51e7d7dd44e22e4f6f155ee87c22d5c9f9423d73d9afcbb03a5b77e125c05f09	common_voice_mvy_42347120.mp3	0caefef2156ea6603ae54f38d8dd4755660832d4e7982c56278a41daa6e8400f	آژ لہ مِیں خوشالتیاں گی حد نی آن٘س۔		2	0	thirties		کھیل/دوبېرَیں		mvy	
4281ed2314a2c85676db55efdfd06ae0e80cca28b8a50303c9a63524c1b0bccc51e7d7dd44e22e4f6f155ee87c22d5c9f9423d73d9afcbb03a5b77e125c05f09	common_voice_mvy_42532232.mp3	f14732400891a06b50eb3d9fa501d7d85caf53577d5512c1c66a348172dc9359	تے نبی علیہ سلامَیں دُعا قبُول ہُوگلے زېرئ مِلِلیۡ۔		2	0	thirties		کھیل/دوبېرَیں		mvy	
4281ed2314a2c85676db55efdfd06ae0e80cca28b8a50303c9a63524c1b0bccc51e7d7dd44e22e4f6f155ee87c22d5c9f9423d73d9afcbb03a5b77e125c05f09	common_voice_mvy_42347107.mp3	163ea40165ef8f1b5f17de1dac25de8fe3e61791ec85a2634cf968f08cb1f628	اُو مرض چئ زیات آن٘سیۡ۔		2	0	thirties		کھیل/دوبېرَیں		mvy	
4281ed2314a2c85676db55efdfd06ae0e80cca28b8a50303c9a63524c1b0bccc51e7d7dd44e22e4f6f155ee87c22d5c9f9423d73d9afcbb03a5b77e125c05f09	common_voice_mvy_42547554.mp3	0fcacc640cfde316787aa823963fdff9562597ae08751e071be10019f6000de9	ہِلا بے کس ہی یاں پشِلیۡ کھیں اسیں ڈِھمبَیں شُروع ہُوئے۔		2	0	thirties		کھیل/دوبېرَیں		mvy	
4281ed2314a2c85676db55efdfd06ae0e80cca28b8a50303c9a63524c1b0bccc51e7d7dd44e22e4f6f155ee87c22d5c9f9423d73d9afcbb03a5b77e125c05f09	common_voice_mvy_42547587.mp3	f5f30cf8916d72768483be2d623640d8849990eadd29768dabbaaccba6b2ef20	رسول پاک ﷺ ہر کام شروع کرَیں نہ موٹھِن مرگلیوں ملی مشورہ کیریان٘س۔		2	0	thirties		کھیل/دوبېرَیں		mvy	
4281ed2314a2c85676db55efdfd06ae0e80cca28b8a50303c9a63524c1b0bccc51e7d7dd44e22e4f6f155ee87c22d5c9f9423d73d9afcbb03a5b77e125c05f09	common_voice_mvy_42379907.mp3	d84993bb33e57849ac4fe5a46f1f2012d0e892ae675e4f281772a217d071e3dc	وہ پُڇُو اللہ پاکاں آخری رسولے اللہ پاکاں ہر حکم تل عمل کرے پشاچے۔		2	0	thirties		کھیل/دوبېرَیں		mvy	
4281ed2314a2c85676db55efdfd06ae0e80cca28b8a50303c9a63524c1b0bccc51e7d7dd44e22e4f6f155ee87c22d5c9f9423d73d9afcbb03a5b77e125c05f09	common_voice_mvy_42379908.mp3	fa774e1171ee8f5454fdac699467337dd04045230fc60c09752b0a4b9875aaea	حېرانتیائیں بال ݜُو آن٘سیۡ چےۡ		3	0	thirties		کھیل/دوبېرَیں		mvy	
4281ed2314a2c85676db55efdfd06ae0e80cca28b8a50303c9a63524c1b0bccc51e7d7dd44e22e4f6f155ee87c22d5c9f9423d73d9afcbb03a5b77e125c05f09	common_voice_mvy_42379910.mp3	ff5e89f3b95182c0f04f5467dd6116a76c61473dd1676ca8a5a0568e81c2305f	مال ٹاکُو ہُوگے کھیں تسیں کریا نمېراں تازا پن٘ڑوۡ کھیٶں ہم مفید تُھو۔		2	0	thirties		کھیل/دوبېرَیں		mvy	
4281ed2314a2c85676db55efdfd06ae0e80cca28b8a50303c9a63524c1b0bccc51e7d7dd44e22e4f6f155ee87c22d5c9f9423d73d9afcbb03a5b77e125c05f09	common_voice_mvy_42379936.mp3	d6f39b6c234405f1f6df5ae787b9ecc1d45fe10ccd0cd2fd868623350203a167	کھیں کھٹؤں لَک نوٹ سَن٘دَم لہ اِوَیں ہسانی ہو۔		2	0	thirties		کھیل/دوبېرَیں		mvy	
4281ed2314a2c85676db55efdfd06ae0e80cca28b8a50303c9a63524c1b0bccc51e7d7dd44e22e4f6f155ee87c22d5c9f9423d73d9afcbb03a5b77e125c05f09	common_voice_mvy_42379937.mp3	a3406621baf74c3180433afdd257d171313e240f3e563489e52c7ba1194fde27	گت خیالوَیں دُنئ گھئین٘رائ تُھو۔		2	0	thirties		کھیل/دوبېرَیں		mvy	
4281ed2314a2c85676db55efdfd06ae0e80cca28b8a50303c9a63524c1b0bccc51e7d7dd44e22e4f6f155ee87c22d5c9f9423d73d9afcbb03a5b77e125c05f09	common_voice_mvy_42379938.mp3	e5486df9cc4257e97f6a283347bae55bc854f1b0e0803e91765629ed96ca8615	آں چُک چِٹھ کھَیں ملی نھالہ کھیں اُو دژَیں شروع ہوتُھو۔		2	0	thirties		کھیل/دوبېرَیں		mvy	
4281ed2314a2c85676db55efdfd06ae0e80cca28b8a50303c9a63524c1b0bccc51e7d7dd44e22e4f6f155ee87c22d5c9f9423d73d9afcbb03a5b77e125c05f09	common_voice_mvy_42379944.mp3	e77c3c8ddae7f2953968190910167722b6636780fcefd6af71bcfdd338eaa88b	کفار ڈِیویتُھو کیریتھو فریاد		2	0	thirties		کھیل/دوبېرَیں		mvy	
4281ed2314a2c85676db55efdfd06ae0e80cca28b8a50303c9a63524c1b0bccc51e7d7dd44e22e4f6f155ee87c22d5c9f9423d73d9afcbb03a5b77e125c05f09	common_voice_mvy_42379947.mp3	f307e4dd6d2deb00c63407369e7685ae7278b9274d754aec9a4ea013b5efe4a1	ہُگیۡ سُگائ چُن٘ڑیۡرا گلے پوریۡ رال		2	0	thirties		کھیل/دوبېرَیں		mvy	
4281ed2314a2c85676db55efdfd06ae0e80cca28b8a50303c9a63524c1b0bccc51e7d7dd44e22e4f6f155ee87c22d5c9f9423d73d9afcbb03a5b77e125c05f09	common_voice_mvy_42379951.mp3	fd20e5b73591b3466130f46bb32e249386a499983df20942c86d1022708ef6cd	آں علی یاںرض بَریار تے اُتھلیۡیار بانیۡ۔		2	0	thirties		کھیل/دوبېرَیں		mvy	
4281ed2314a2c85676db55efdfd06ae0e80cca28b8a50303c9a63524c1b0bccc51e7d7dd44e22e4f6f155ee87c22d5c9f9423d73d9afcbb03a5b77e125c05f09	common_voice_mvy_42379961.mp3	e688f3f602a48f07673a4641da8b44b7add7a30548239604b0de57060486f6c5	ہر کال تام دُنئ لا لاکھؤں لا خلکہ		2	0	thirties		کھیل/دوبېرَیں		mvy	
4281ed2314a2c85676db55efdfd06ae0e80cca28b8a50303c9a63524c1b0bccc51e7d7dd44e22e4f6f155ee87c22d5c9f9423d73d9afcbb03a5b77e125c05f09	common_voice_mvy_42379963.mp3	f5e3a9abbe651fa028d7cdf3b8191ba25721c3673de7ae2025e5781fedd4cbbe	آں اِک مُت دِش بانیۡ۔		3	0	thirties		کھیل/دوبېرَیں		mvy	
4281ed2314a2c85676db55efdfd06ae0e80cca28b8a50303c9a63524c1b0bccc51e7d7dd44e22e4f6f155ee87c22d5c9f9423d73d9afcbb03a5b77e125c05f09	common_voice_mvy_42379965.mp3	ee17e588bdbafa789086cb32a16cc54cb64abd835c060aed389502537c09264c	تسیں شِکل سَن٘دہ چھی، تُس تس شِکل نھالی:		3	0	thirties		کھیل/دوبېرَیں		mvy	
4281ed2314a2c85676db55efdfd06ae0e80cca28b8a50303c9a63524c1b0bccc51e7d7dd44e22e4f6f155ee87c22d5c9f9423d73d9afcbb03a5b77e125c05f09	common_voice_mvy_42379968.mp3	ebf01eea2cf640de3c71497974b0d777aa410853a4ac71439743e7f2bf91e721	پیاز زکے کھالُوں چو فائدہ ہوتُھو۔		2	0	thirties		کھیل/دوبېرَیں		mvy	
4281ed2314a2c85676db55efdfd06ae0e80cca28b8a50303c9a63524c1b0bccc51e7d7dd44e22e4f6f155ee87c22d5c9f9423d73d9afcbb03a5b77e125c05f09	common_voice_mvy_42379984.mp3	f7f157cf6e724832754ac2708472422f7e5391bd1f555c969d037b72ace8dc9c	مولی یاں پن٘ڑاں وے سُگو زکے پویں ہِن نَشاں اثر ختم ہو تُھو۔		2	0	thirties		کھیل/دوبېرَیں		mvy	
4281ed2314a2c85676db55efdfd06ae0e80cca28b8a50303c9a63524c1b0bccc51e7d7dd44e22e4f6f155ee87c22d5c9f9423d73d9afcbb03a5b77e125c05f09	common_voice_mvy_42379986.mp3	f60ecadc424610e0258c7816d0ddfd5b91d15816b0e89c174b7a1b7cb4da4229	دان٘ڑیالہ ہِن کھسریں علاج ہو یی؟		2	0	thirties		کھیل/دوبېرَیں		mvy	
4281ed2314a2c85676db55efdfd06ae0e80cca28b8a50303c9a63524c1b0bccc51e7d7dd44e22e4f6f155ee87c22d5c9f9423d73d9afcbb03a5b77e125c05f09	common_voice_mvy_42379989.mp3	dc0bcb834cbe81170ec27ccc6731c01a9c9ab320930018540f417b5da13489f1	چےۡ ککی اْے بانیۡ اُو امِلا تھی۔		2	0	thirties		کھیل/دوبېرَیں		mvy	
4281ed2314a2c85676db55efdfd06ae0e80cca28b8a50303c9a63524c1b0bccc51e7d7dd44e22e4f6f155ee87c22d5c9f9423d73d9afcbb03a5b77e125c05f09	common_voice_mvy_42380003.mp3	d485175eaa7130b6bd4e03ef6c21555af05e5465f4d8ce1da55bcc13b59f2612	لاقَت یا اہلیت پُوریۡ ہُوئ تھی،		2	0	thirties		کھیل/دوبېرَیں		mvy	
4281ed2314a2c85676db55efdfd06ae0e80cca28b8a50303c9a63524c1b0bccc51e7d7dd44e22e4f6f155ee87c22d5c9f9423d73d9afcbb03a5b77e125c05f09	common_voice_mvy_42380004.mp3	fc98017d6fc1affd1e2047986ab59e7f49659fcacd729dba46ef8e9190256a5f	اسی مہ چئ محنت رِن٘گیۡ تھی۔		2	0	thirties		کھیل/دوبېرَیں		mvy	
4281ed2314a2c85676db55efdfd06ae0e80cca28b8a50303c9a63524c1b0bccc51e7d7dd44e22e4f6f155ee87c22d5c9f9423d73d9afcbb03a5b77e125c05f09	common_voice_mvy_42380015.mp3	0af9ea18e819186c8a689f91a954bb3bdeb21cfab695fdfc5a356bfb02f461ac	مالے وختی لا پویائ کھیں ژر کم ہوتھی۔		2	0	thirties		کھیل/دوبېرَیں		mvy	
4281ed2314a2c85676db55efdfd06ae0e80cca28b8a50303c9a63524c1b0bccc51e7d7dd44e22e4f6f155ee87c22d5c9f9423d73d9afcbb03a5b77e125c05f09	common_voice_mvy_42380016.mp3	ef737981b5b9d14a697c87e0ec4b753eb3811e6f87b2117ffa7b878d5648013b	اسیں معنہ سو پَٹ تُھُو چے		3	0	thirties		کھیل/دوبېرَیں		mvy	
4281ed2314a2c85676db55efdfd06ae0e80cca28b8a50303c9a63524c1b0bccc51e7d7dd44e22e4f6f155ee87c22d5c9f9423d73d9afcbb03a5b77e125c05f09	common_voice_mvy_42380018.mp3	e5fc1d2f1c721c5f1d8d44e774d9265c38a413beb448aafb81b02802a08cedee	آں سُوریۡ ہُم تَیں زئ وَیں روان تھی،		2	0	thirties		کھیل/دوبېرَیں		mvy	
4281ed2314a2c85676db55efdfd06ae0e80cca28b8a50303c9a63524c1b0bccc51e7d7dd44e22e4f6f155ee87c22d5c9f9423d73d9afcbb03a5b77e125c05f09	common_voice_mvy_42380019.mp3	f14a7e89cb9d3e9eb198ece7cd5ac9227fb24e57f78db3697b7dbcddbd708b45	بال الاؤ ہون٘دیۡ ولے گی خېر نِی ایلیۡ۔		2	0	thirties		کھیل/دوبېرَیں		mvy	
4281ed2314a2c85676db55efdfd06ae0e80cca28b8a50303c9a63524c1b0bccc51e7d7dd44e22e4f6f155ee87c22d5c9f9423d73d9afcbb03a5b77e125c05f09	common_voice_mvy_42380022.mp3	e2628e3dd9cb003e688963c7f62412791b275c36739486e725f94de128b4484c	سیں تَس دعوت قبلَیں زئ لا بانیۡ		4	0	thirties		کھیل/دوبېرَیں		mvy	
4281ed2314a2c85676db55efdfd06ae0e80cca28b8a50303c9a63524c1b0bccc51e7d7dd44e22e4f6f155ee87c22d5c9f9423d73d9afcbb03a5b77e125c05f09	common_voice_mvy_42547792.mp3	f5dec8ab3882cf13c12ecb6a2fd8c0d6e5e8f6c9441f05984732a0211a39393a	چےۡ عُثمانؓ مکاں خلکؤں مارہ چھی۔		2	0	thirties		کھیل/دوبېرَیں		mvy	
d57ec64430d08448231ecc1bfa08a0b56cc77c65375376c7794242138d8ac1e5b46275137b7c762131e96d93df9ca7616a27753387bbab19a0b0232128a521de	common_voice_mvy_42362855.mp3	619ceb392a9312dcb048555ce74b79c50922cc986090fbbe4d1e473f8a333654	بُوئی بو دِش بانیۡ ہِلاک گُزارہ کرہ ہوش		2	0	twenties				mvy	
d57ec64430d08448231ecc1bfa08a0b56cc77c65375376c7794242138d8ac1e5b46275137b7c762131e96d93df9ca7616a27753387bbab19a0b0232128a521de	common_voice_mvy_42363548.mp3	6e9b6d6e9838b6a1a6c7ef7bca88e8f25ad6f763cf799b20ef75f2e9538fad0f	سِواں ذکر سورت نَجماں شُروع مژ موجود تُھو۔		2	0	twenties				mvy	
d57ec64430d08448231ecc1bfa08a0b56cc77c65375376c7794242138d8ac1e5b46275137b7c762131e96d93df9ca7616a27753387bbab19a0b0232128a521de	common_voice_mvy_42370231.mp3	c3638675edee78fb58984e046755cb93f8a8544d4e5ca5837c63be6f9999b482	مِیں آن٘ڇھی خو تَس بلاڑان٘سیۡ		2	0	twenties				mvy	
d57ec64430d08448231ecc1bfa08a0b56cc77c65375376c7794242138d8ac1e5b46275137b7c762131e96d93df9ca7616a27753387bbab19a0b0232128a521de	common_voice_mvy_42370230.mp3	7dd5e5e42c12ea6cdfb353076f420784a97e5e73178614a683f97f4e1ca2f3a6	یُو اېناں ہېڈ کوارٹر نیویارک (امریکاں ایک شہر) مہ تُھو		2	0	twenties				mvy	
d57ec64430d08448231ecc1bfa08a0b56cc77c65375376c7794242138d8ac1e5b46275137b7c762131e96d93df9ca7616a27753387bbab19a0b0232128a521de	common_voice_mvy_42370227.mp3	bdc5963c2ce692d6f1f75d569d35fc665b032cff96a5425356d46fd3b170ba93	اسیں کام دُنَیں مہ اُپارَیں مسلی حل کرؤں تُھو۔		2	0	twenties				mvy	
d57ec64430d08448231ecc1bfa08a0b56cc77c65375376c7794242138d8ac1e5b46275137b7c762131e96d93df9ca7616a27753387bbab19a0b0232128a521de	common_voice_mvy_42381006.mp3	b869721764058dcafbd7ba0fb5e4f1605aceb2fa1f3531abeaf5c61f1fabb8d2	ڈېن٘گی ژری لا ناجوڑ ہوں تھو۔		2	0	twenties				mvy	
d57ec64430d08448231ecc1bfa08a0b56cc77c65375376c7794242138d8ac1e5b46275137b7c762131e96d93df9ca7616a27753387bbab19a0b0232128a521de	common_voice_mvy_42370202.mp3	befff82868eec6fd6cf2390e44b5bf059e99ee598ea29918a2bcdd22d5521e61	اُڑُد ہِن مالَیں بادی دڑی وَیں علاج		2	1	twenties				mvy	
d57ec64430d08448231ecc1bfa08a0b56cc77c65375376c7794242138d8ac1e5b46275137b7c762131e96d93df9ca7616a27753387bbab19a0b0232128a521de	common_voice_mvy_42370201.mp3	aa3c220493b60a12df969d896c4d10b2c22e1fdfab7f523e152d6eb6934b0da6	اېں تے اِوَیں گھریں گھېں گھېں چھون٘لؤں مہ		2	0	twenties				mvy	
d57ec64430d08448231ecc1bfa08a0b56cc77c65375376c7794242138d8ac1e5b46275137b7c762131e96d93df9ca7616a27753387bbab19a0b0232128a521de	common_voice_mvy_42370200.mp3	b8d7d76627d939e8441b6e81b8c5148ed59b8b5620e899270ba996b175e85d34	یا زورؤں یا ناپُوہی مہ نشہ کیر کھیں		2	0	twenties				mvy	
d57ec64430d08448231ecc1bfa08a0b56cc77c65375376c7794242138d8ac1e5b46275137b7c762131e96d93df9ca7616a27753387bbab19a0b0232128a521de	common_voice_mvy_42370193.mp3	bbbc75dd8b7316f59446e9ae7ba9d8347020284b61a6a6bdbbb3e293478d4f9d	تلہ کاں تُھو؟		2	0	twenties				mvy	
d57ec64430d08448231ecc1bfa08a0b56cc77c65375376c7794242138d8ac1e5b46275137b7c762131e96d93df9ca7616a27753387bbab19a0b0232128a521de	common_voice_mvy_42370192.mp3	ca5080869c93bb4f6c615e75d1c8c3d906e2a5c14314739750aafa7a74acb77d	اُو ݜے لک علاقہ ہُوئ تھی		2	1	twenties				mvy	
d57ec64430d08448231ecc1bfa08a0b56cc77c65375376c7794242138d8ac1e5b46275137b7c762131e96d93df9ca7616a27753387bbab19a0b0232128a521de	common_voice_mvy_42370191.mp3	b8170f55979ccfb3836d01b7d30b6e9589ac78fad628ef46aeffe3f42380cdc8	بس پیچ ور کرہ، ماچس کھر کرہ آں گیس گُژی گا		2	1	twenties				mvy	
d57ec64430d08448231ecc1bfa08a0b56cc77c65375376c7794242138d8ac1e5b46275137b7c762131e96d93df9ca7616a27753387bbab19a0b0232128a521de	common_voice_mvy_42347124.mp3	12cd5d77a61f280f335956f7412bcd60ce2e8888b0bd9fd5ff569d7bd00ae374	آں ژریں صُورتی مہ پېناڈول۔		2	0	twenties				mvy	
d57ec64430d08448231ecc1bfa08a0b56cc77c65375376c7794242138d8ac1e5b46275137b7c762131e96d93df9ca7616a27753387bbab19a0b0232128a521de	common_voice_mvy_42380942.mp3	0c36a5929969d55c6dc9c51b9acba3a29955a8b38c2a80f3788800149f2c49ed	کھیں اسی مہ ہُم حُکماں دَن ایک خاص څیز		2	0	twenties				mvy	
d57ec64430d08448231ecc1bfa08a0b56cc77c65375376c7794242138d8ac1e5b46275137b7c762131e96d93df9ca7616a27753387bbab19a0b0232128a521de	common_voice_mvy_42347208.mp3	1a480506af0deee3e2eb0d79765ddc4625b11fedfe770ab561004795d6e94de4	ݜِلہۡ خلکؤں لا افسُوس!		2	0	twenties				mvy	
d57ec64430d08448231ecc1bfa08a0b56cc77c65375376c7794242138d8ac1e5b46275137b7c762131e96d93df9ca7616a27753387bbab19a0b0232128a521de	common_voice_mvy_42370173.mp3	a4172b2eeeca3c43c9772f1ca7caea88620b646d43a464720bee4cb3ce836e16	سِوئیں پکار تھی۔چے سیں ششیل دان٘ڑیال سُگاؤ پیݜی گلے ملی چینی ملا گلے		2	0	twenties				mvy	
d57ec64430d08448231ecc1bfa08a0b56cc77c65375376c7794242138d8ac1e5b46275137b7c762131e96d93df9ca7616a27753387bbab19a0b0232128a521de	common_voice_mvy_42370172.mp3	ca7a22cf230c6e1c4eb87d47f54bf8e9bd250fa7bbe89d92fda14522e015dbdd	ݜے بِگیۡ دھؤں اڅھک ہُوئ تھُو۔		2	0	twenties				mvy	
d57ec64430d08448231ecc1bfa08a0b56cc77c65375376c7794242138d8ac1e5b46275137b7c762131e96d93df9ca7616a27753387bbab19a0b0232128a521de	common_voice_mvy_42370170.mp3	9b739bdb823074a51cb038a8857650737443dba06bfc19f86a1cdf000eb53d34	ایک کلو گرام وے مہ دُو گرام ہُگیۡیاں تیل ملَیں ہِن		2	0	twenties				mvy	
d57ec64430d08448231ecc1bfa08a0b56cc77c65375376c7794242138d8ac1e5b46275137b7c762131e96d93df9ca7616a27753387bbab19a0b0232128a521de	common_voice_mvy_42370169.mp3	bfd055b8871ad8fe1f345e3ef0b15bed869d938bf998a3efe0d6a1d6c60f7ad1	اَمِلا اِوَیں بِڅَیں زئ گولہ پشی چھی“۔		2	0	twenties				mvy	
d57ec64430d08448231ecc1bfa08a0b56cc77c65375376c7794242138d8ac1e5b46275137b7c762131e96d93df9ca7616a27753387bbab19a0b0232128a521de	common_voice_mvy_42370168.mp3	c57eead287e9d512f81f317d32bb529b22bec8b6c93050e32f1c89140cdabd72	خصوصاً خلکہ دین دار ہوں تھو		2	0	twenties				mvy	
d57ec64430d08448231ecc1bfa08a0b56cc77c65375376c7794242138d8ac1e5b46275137b7c762131e96d93df9ca7616a27753387bbab19a0b0232128a521de	common_voice_mvy_42370165.mp3	c3b820c5e9b7d68b33d4c0cfea6c62948183e3652109adfd4a32e4c88b38bc29	چقندراں وے ݜُوشاناں بڑقائ		2	0	twenties				mvy	
d57ec64430d08448231ecc1bfa08a0b56cc77c65375376c7794242138d8ac1e5b46275137b7c762131e96d93df9ca7616a27753387bbab19a0b0232128a521de	common_voice_mvy_42370162.mp3	ca5d355bcd60dbc865f27ae4a0d22432ae486907171495041d91613e140d6e2f	بِس تھو ایک ولے ایک نی تھو۔		2	0	twenties				mvy	
d57ec64430d08448231ecc1bfa08a0b56cc77c65375376c7794242138d8ac1e5b46275137b7c762131e96d93df9ca7616a27753387bbab19a0b0232128a521de	common_voice_mvy_42370160.mp3	990b18caab9d6d7354ad12e75fe6a437750dc6c8ee124ea6e4dbc7fa41b9e854	تے ذیقعدَیں یُون٘ہہۡ برہۡ ہُوۡن٘دیۡ کھیں		2	0	twenties				mvy	
d57ec64430d08448231ecc1bfa08a0b56cc77c65375376c7794242138d8ac1e5b46275137b7c762131e96d93df9ca7616a27753387bbab19a0b0232128a521de	common_voice_mvy_42370132.mp3	c0cbbcb8338d73bb78a68b416d75e884d67e87668b9e28b3a53421d9cb96fc72	اسی نہ علاوہ اُو دماغے طاقت ڇېلیائ تُھو		2	0	twenties				mvy	
d57ec64430d08448231ecc1bfa08a0b56cc77c65375376c7794242138d8ac1e5b46275137b7c762131e96d93df9ca7616a27753387bbab19a0b0232128a521de	common_voice_mvy_42370131.mp3	bedd19d71da5d8de49b75d0749700668c0d4a4761894f9e60bf5812fab8cb303	لیکن نِکاح مہ دېوں آں ہرؤں (ایجاب و قبُول)		2	0	twenties				mvy	
d57ec64430d08448231ecc1bfa08a0b56cc77c65375376c7794242138d8ac1e5b46275137b7c762131e96d93df9ca7616a27753387bbab19a0b0232128a521de	common_voice_mvy_42370130.mp3	bfc0749ba244a93e45417a9de2764d1106b73c11e5ef1ffd0254f312a61ebff4	پِینشِیں نِوانز زَئیں جُمات منز اکُو اَئیڑ تل ہُونت۔		2	0	twenties				mvy	
d57ec64430d08448231ecc1bfa08a0b56cc77c65375376c7794242138d8ac1e5b46275137b7c762131e96d93df9ca7616a27753387bbab19a0b0232128a521de	common_voice_mvy_42370272.mp3	a98df69c7d982413c47646ccdfc11c0c66f4fac6a95550b2671ce62ca3d79c61	خو کلہۡ کلہۡ اسی ملی مشقلا کیریان٘س		2	0	twenties				mvy	
d57ec64430d08448231ecc1bfa08a0b56cc77c65375376c7794242138d8ac1e5b46275137b7c762131e96d93df9ca7616a27753387bbab19a0b0232128a521de	common_voice_mvy_42370278.mp3	6b3a82f9d72d6278f040a49ebc966a6c027e2e7bd9121b0b919b4bbb2a4a0249	آں پچېل کُلہۡ بُبوئ مژ گلاں بئیل۔		2	0	twenties				mvy	
d57ec64430d08448231ecc1bfa08a0b56cc77c65375376c7794242138d8ac1e5b46275137b7c762131e96d93df9ca7616a27753387bbab19a0b0232128a521de	common_voice_mvy_42370279.mp3	99b038deaf2788e9ea30ab87b8b82e2de3a679d2e238b2cc7a7c756469a8ba48	مالَیں وریں دڑیں ڈاگن٘ڈی ہِن علاج		2	0	twenties				mvy	
d57ec64430d08448231ecc1bfa08a0b56cc77c65375376c7794242138d8ac1e5b46275137b7c762131e96d93df9ca7616a27753387bbab19a0b0232128a521de	common_voice_mvy_42370280.mp3	adb16bb699243d5fadb6231d14928a5c2b1196a2b3041ec94616fed810e513fd	چوںکہ اس مرضی نہ انتہائی چے خلکہ متاثر ہُو تھو		2	0	twenties				mvy	
d57ec64430d08448231ecc1bfa08a0b56cc77c65375376c7794242138d8ac1e5b46275137b7c762131e96d93df9ca7616a27753387bbab19a0b0232128a521de	common_voice_mvy_42370281.mp3	a4abc2e9299afbea79803efde65a60469d79d1311a02ef36fd8d2cd820ac297c	ݜس تصُور نېرے لَس چے اُو کِتاباں شکل اِختیار کرا تُھو		2	0	twenties				mvy	
d57ec64430d08448231ecc1bfa08a0b56cc77c65375376c7794242138d8ac1e5b46275137b7c762131e96d93df9ca7616a27753387bbab19a0b0232128a521de	common_voice_mvy_42370287.mp3	b40f18279eb3e2ba3fee020cad0eeb78780ad9853e0eff91e3dca4398c4a1ddb	بُو سلام بے غم سُریۡ لا وئ تاں ہڑہۡ تبائ آن٘س		2	0	twenties				mvy	
d57ec64430d08448231ecc1bfa08a0b56cc77c65375376c7794242138d8ac1e5b46275137b7c762131e96d93df9ca7616a27753387bbab19a0b0232128a521de	common_voice_mvy_42370288.mp3	bc06f92543a3f05241d2a5b72ea8abde6f0434b6090f3be7ec7d4a2b36063816	اېں بُٹ اېک ہتَیں اَن٘گُوئ کالژا تھہ۔		3	1	twenties				mvy	
d57ec64430d08448231ecc1bfa08a0b56cc77c65375376c7794242138d8ac1e5b46275137b7c762131e96d93df9ca7616a27753387bbab19a0b0232128a521de	common_voice_mvy_42370289.mp3	cd03096c1b3a54caeb8070f3b901c6915659c6bf944e78430b86e7135e0e0103	بالخؤں لا کِھن٘گ ݜیا کوکسی مُوٹھیُوں بھېٹېل ہوتھہ۔		3	0	twenties				mvy	
d57ec64430d08448231ecc1bfa08a0b56cc77c65375376c7794242138d8ac1e5b46275137b7c762131e96d93df9ca7616a27753387bbab19a0b0232128a521de	common_voice_mvy_42370290.mp3	c62d2e3af5dd23010fd192b3576ded095cbd08ac815888062bc9b0d2da0430a8	ݜُو شاں کلہۡ ماݜاں ہتہۡ مہ ہوں تھہ،		2	0	twenties				mvy	
d57ec64430d08448231ecc1bfa08a0b56cc77c65375376c7794242138d8ac1e5b46275137b7c762131e96d93df9ca7616a27753387bbab19a0b0232128a521de	common_voice_mvy_42370291.mp3	cbda8be0eff44123ac4a48e7c4342864a8ee87e9bdf1a52587e47c7129ec07fa	مہ ناجَوڑ تُھو۔		2	0	twenties				mvy	
d57ec64430d08448231ecc1bfa08a0b56cc77c65375376c7794242138d8ac1e5b46275137b7c762131e96d93df9ca7616a27753387bbab19a0b0232128a521de	common_voice_mvy_42370119.mp3	7da8eed20df8e21a5ad0e5e1441386fb80668e78949541b934f8dce31bba7703	تېرئ تکبیرہ بنٶں واجب تھُو۔		2	0	twenties				mvy	
d57ec64430d08448231ecc1bfa08a0b56cc77c65375376c7794242138d8ac1e5b46275137b7c762131e96d93df9ca7616a27753387bbab19a0b0232128a521de	common_voice_mvy_42370112.mp3	b9e2594d4f8a9550dcb73cb65dea3fccdd2129f0953b094b257a34f930bab743	تُو گُلُو بَیت؟		2	0	twenties				mvy	
d57ec64430d08448231ecc1bfa08a0b56cc77c65375376c7794242138d8ac1e5b46275137b7c762131e96d93df9ca7616a27753387bbab19a0b0232128a521de	common_voice_mvy_42370111.mp3	aca5ba123acf7f0dee82ca08b7812bb0b0ddcb83ad3499d24c44c1a5669d3d2e	یا خُوشے پھت کیر تُھو،		2	0	twenties				mvy	
d57ec64430d08448231ecc1bfa08a0b56cc77c65375376c7794242138d8ac1e5b46275137b7c762131e96d93df9ca7616a27753387bbab19a0b0232128a521de	common_voice_mvy_42370301.mp3	c808e1278f2a986b6537b27d9f1f63769baf04e5f31fedcbc64d782cc09b82d8	تلاں پاتُو، نبی علیہ سلامے حضرتِ عُمرَؓیں مشورہ ہِن		2	0	twenties				mvy	
d57ec64430d08448231ecc1bfa08a0b56cc77c65375376c7794242138d8ac1e5b46275137b7c762131e96d93df9ca7616a27753387bbab19a0b0232128a521de	common_voice_mvy_42370302.mp3	c5cdf94f906caa4a1db8aef9e77a8a542b4c5b47501fedb140d87ce3d85064a4	زاں ڇا ماݜ بال بنا تھہ۔		2	0	twenties				mvy	
d57ec64430d08448231ecc1bfa08a0b56cc77c65375376c7794242138d8ac1e5b46275137b7c762131e96d93df9ca7616a27753387bbab19a0b0232128a521de	common_voice_mvy_42370303.mp3	b6ed49cbfabe9e61722149ab596cefeafdc8c131d19e3d99c8b0465378ed77ef	آں کھن٘ڑہ سِگلَیں نشالیۡ ڈھیریہ سن٘دژا تھہ۔		2	0	twenties				mvy	
d57ec64430d08448231ecc1bfa08a0b56cc77c65375376c7794242138d8ac1e5b46275137b7c762131e96d93df9ca7616a27753387bbab19a0b0232128a521de	common_voice_mvy_42370320.mp3	8fb44622247edf6d990f011de961ffcf04477c5379a5325963335ceb2688dcd9	الیکشنہ مژ تاں لیڈرہ واں دن اُٹاں کریا سخ کوشیشہ کراں تھہ۔		2	0	twenties				mvy	
d57ec64430d08448231ecc1bfa08a0b56cc77c65375376c7794242138d8ac1e5b46275137b7c762131e96d93df9ca7616a27753387bbab19a0b0232128a521de	common_voice_mvy_42370098.mp3	8fe444048599377a5ec89ac0548c8ede94249c45e4d61d3ccf953cf751625677	اس کتاب مژ اِیں کوشش کرہ چھی چے		2	0	twenties				mvy	
d57ec64430d08448231ecc1bfa08a0b56cc77c65375376c7794242138d8ac1e5b46275137b7c762131e96d93df9ca7616a27753387bbab19a0b0232128a521de	common_voice_mvy_42370096.mp3	c56dc02afdb15aa2d42d668dcf260e598d616c3622dcc5f509e22f52d67e4be1	اُو خلیج عمان مہ عمان ملی ہُم سمندری سرحد راڇھیۡ تُھو،		2	0	twenties				mvy	
d57ec64430d08448231ecc1bfa08a0b56cc77c65375376c7794242138d8ac1e5b46275137b7c762131e96d93df9ca7616a27753387bbab19a0b0232128a521de	common_voice_mvy_42347214.mp3	1a7f1ec37a2bf6e93769401a8cd938a1cbfa4f0d1d2333bbe09919c563cdcc46	نِوان٘ز مہ اُن٘دہ پرہ نھالُوں اڅھک ہُوئ تھُو۔		2	0	twenties				mvy	
d57ec64430d08448231ecc1bfa08a0b56cc77c65375376c7794242138d8ac1e5b46275137b7c762131e96d93df9ca7616a27753387bbab19a0b0232128a521de	common_voice_mvy_42380940.mp3	f25234e2a56b34d8fd530f7805ce2d7e31a6bd63d977feb047d7dbeda3734613	آں ایک څیز چے مُتاں دَن شرط سن٘دژی تھو،		2	0	twenties				mvy	
d57ec64430d08448231ecc1bfa08a0b56cc77c65375376c7794242138d8ac1e5b46275137b7c762131e96d93df9ca7616a27753387bbab19a0b0232128a521de	common_voice_mvy_42380938.mp3	fa507a639b33e6eebebe2fea0f2ee7d4962ad14c24effe1b41151780bc149682	چے اُستا ملیۡ گشے پیش اېوں تُھو		2	0	twenties				mvy	
d57ec64430d08448231ecc1bfa08a0b56cc77c65375376c7794242138d8ac1e5b46275137b7c762131e96d93df9ca7616a27753387bbab19a0b0232128a521de	common_voice_mvy_42370327.mp3	b8ae22a9912d46a78d210dec3b259bbc7dca14a4788fb5eb8885359eed445e45	چے قانُون پوہہۡ تسی لا رضا تھہ۔		2	0	twenties				mvy	
d57ec64430d08448231ecc1bfa08a0b56cc77c65375376c7794242138d8ac1e5b46275137b7c762131e96d93df9ca7616a27753387bbab19a0b0232128a521de	common_voice_mvy_42370084.mp3	8d7f658088eff28d862748a04cbd7c2ed1b42c122b0a0cdc28d819c9b2ecb342	مریض اڅھکیۡ اوق/اوکیۡ آں سخ ݜݜَیں دڑیں شِکایت کیریۡ تُھو۔		2	1	twenties				mvy	
d57ec64430d08448231ecc1bfa08a0b56cc77c65375376c7794242138d8ac1e5b46275137b7c762131e96d93df9ca7616a27753387bbab19a0b0232128a521de	common_voice_mvy_42370080.mp3	ac13c63f944dcece42074096581cdc00a0a5d5dd44659eb75673444a7a12223b	ابوجہلئیں مرگئیں بِیلی خبر		2	0	twenties				mvy	
d57ec64430d08448231ecc1bfa08a0b56cc77c65375376c7794242138d8ac1e5b46275137b7c762131e96d93df9ca7616a27753387bbab19a0b0232128a521de	common_voice_mvy_42380919.mp3	fea7f79c759e0725c9913cd4e7896b57f3f7ab929827a6051ad4673659cde143	ݜُو ٹېم مہ حضرت عباسؓ اے کٶ کیریۡ		2	0	twenties				mvy	
d57ec64430d08448231ecc1bfa08a0b56cc77c65375376c7794242138d8ac1e5b46275137b7c762131e96d93df9ca7616a27753387bbab19a0b0232128a521de	common_voice_mvy_42370066.mp3	b80895c352ec899b76afc86a0c25c2c5a8c0ad84a6df1dde631b0843a0e03b94	څؤں مہ ہر اک پیالوۡ تُھو		2	0	twenties				mvy	
d57ec64430d08448231ecc1bfa08a0b56cc77c65375376c7794242138d8ac1e5b46275137b7c762131e96d93df9ca7616a27753387bbab19a0b0232128a521de	common_voice_mvy_42370062.mp3	be1768e3d4e19769fbf93af06b0a0887d28c6cfaed8c5d17c69a07a05a7a1247	حضرت حمزہ رضی اللہ عنہ اېک لېکھ لَک کَنارہ (لشکرہ) مِلیۡ روان کیریۡ		2	0	twenties				mvy	
d57ec64430d08448231ecc1bfa08a0b56cc77c65375376c7794242138d8ac1e5b46275137b7c762131e96d93df9ca7616a27753387bbab19a0b0232128a521de	common_voice_mvy_42370060.mp3	bfe34b694bd67fe96daf70d10792cfd56c87a50f4ff8a6e2860e7a27f2a41640	عُثمانؓ غنی بال الاواں دَن ڇِہے گِلیۡ؛		3	0	twenties				mvy	
d57ec64430d08448231ecc1bfa08a0b56cc77c65375376c7794242138d8ac1e5b46275137b7c762131e96d93df9ca7616a27753387bbab19a0b0232128a521de	common_voice_mvy_42380916.mp3	05b34c24fe11d9ecb662ae86559449bd500b9c240dd98da8d94e21dad1b9ba14	خو سَیں وخ لن٘گھاں بئ لُوں اؤن٘ݜاں بېں تھی۔		2	0	twenties				mvy	
d57ec64430d08448231ecc1bfa08a0b56cc77c65375376c7794242138d8ac1e5b46275137b7c762131e96d93df9ca7616a27753387bbab19a0b0232128a521de	common_voice_mvy_42370049.mp3	9da00e9cad34717565e13db4a4a0a11da3b576e38fa80dbca7b7a8d537107040	اُو ہُویں دیسہۡ دھان٘ک چُھٹی لن٘گھَیں می گائ ای تھی۔		2	0	twenties				mvy	
d57ec64430d08448231ecc1bfa08a0b56cc77c65375376c7794242138d8ac1e5b46275137b7c762131e96d93df9ca7616a27753387bbab19a0b0232128a521de	common_voice_mvy_42370334.mp3	b6228b34f6c4bf82bc332fce0e2e0134926a7686c1550a3470bdf646045c700f	کھاݩر ہِن وہم تے جُنونَیں علاج		2	0	twenties				mvy	
d57ec64430d08448231ecc1bfa08a0b56cc77c65375376c7794242138d8ac1e5b46275137b7c762131e96d93df9ca7616a27753387bbab19a0b0232128a521de	common_voice_mvy_42370042.mp3	b74afd345a523f2c9f36085bc335517ad39556dc8d1db0546a96e0ebdd0d0ece	حضرت عباسَیں سِفارشی لا		2	0	twenties				mvy	
d57ec64430d08448231ecc1bfa08a0b56cc77c65375376c7794242138d8ac1e5b46275137b7c762131e96d93df9ca7616a27753387bbab19a0b0232128a521de	common_voice_mvy_42370041.mp3	bdb87184399c405966146d0671e3e27a3e559b1efaa4ac1315800663008b00f6	پَن٘ڑؤں مہ لِکیل تُھو		2	0	twenties				mvy	
d57ec64430d08448231ecc1bfa08a0b56cc77c65375376c7794242138d8ac1e5b46275137b7c762131e96d93df9ca7616a27753387bbab19a0b0232128a521de	common_voice_mvy_42370034.mp3	c00dfc74a82b9d371a5b8d5190581363d8e0d70e71998fa78b4525191aefa5d3	کماں تاں حِصہ نی ہو تُھو،		2	0	twenties				mvy	
d57ec64430d08448231ecc1bfa08a0b56cc77c65375376c7794242138d8ac1e5b46275137b7c762131e96d93df9ca7616a27753387bbab19a0b0232128a521de	common_voice_mvy_42370027.mp3	c3b00f6cab31521761335d63c8c6d2848f5c740d9ac48831252218daaecb747e	ݜتک خپا ہُوندیۡ چے ایں ساپُوٹی لا اما چھپ کرے		2	1	twenties				mvy	
d57ec64430d08448231ecc1bfa08a0b56cc77c65375376c7794242138d8ac1e5b46275137b7c762131e96d93df9ca7616a27753387bbab19a0b0232128a521de	common_voice_mvy_42370026.mp3	bd97cb951d9f19c2a8382e36f62efd2d057698fc9358b513cf41d63046049ea4	ݜسی ہِن اسی مہ وے ایں کمی اېیاں چو امکان ہُوی تُھو۔		2	1	twenties				mvy	
d57ec64430d08448231ecc1bfa08a0b56cc77c65375376c7794242138d8ac1e5b46275137b7c762131e96d93df9ca7616a27753387bbab19a0b0232128a521de	common_voice_mvy_42370024.mp3	c152bb69ede1485995497a81a69ff2b4aeb07ac1cc503d4e381a9a6aa20ed583	تسیں معنا ماݜاں ذہنے اے		2	0	twenties				mvy	
d57ec64430d08448231ecc1bfa08a0b56cc77c65375376c7794242138d8ac1e5b46275137b7c762131e96d93df9ca7616a27753387bbab19a0b0232128a521de	common_voice_mvy_42370023.mp3	c54de5fc9e319540ad31829501c9ec80c530c52083b060b3d267cbefca6e929a	چپے لس نَیں کھیں اڅھک ہُوئ تھُو۔		2	0	twenties				mvy	
d57ec64430d08448231ecc1bfa08a0b56cc77c65375376c7794242138d8ac1e5b46275137b7c762131e96d93df9ca7616a27753387bbab19a0b0232128a521de	common_voice_mvy_42370016.mp3	be8163bdc9bbb48eea0129fb97c29be4f71fe9b7da2c348cc67a9fbe6c918c99	تے (دُوئیں) ݜیُو ہو تھی،		2	0	twenties				mvy	
d57ec64430d08448231ecc1bfa08a0b56cc77c65375376c7794242138d8ac1e5b46275137b7c762131e96d93df9ca7616a27753387bbab19a0b0232128a521de	common_voice_mvy_42370014.mp3	9210370f6d29a833b524a91593bb3203c8f8a19ef365ed532aec473dccc50d55	ولے اَس استحساناً دیوں تُھو۔		2	0	twenties				mvy	
d57ec64430d08448231ecc1bfa08a0b56cc77c65375376c7794242138d8ac1e5b46275137b7c762131e96d93df9ca7616a27753387bbab19a0b0232128a521de	common_voice_mvy_42370013.mp3	acf4710147c332dfa0ab92f3adc5a1f1ca0d92dc32a7e1f2a3574b4ad9676af3	جھن٘ڈا یُوں تار زاں قومی نشان تُھو		2	0	twenties				mvy	
d57ec64430d08448231ecc1bfa08a0b56cc77c65375376c7794242138d8ac1e5b46275137b7c762131e96d93df9ca7616a27753387bbab19a0b0232128a521de	common_voice_mvy_42369997.mp3	b33687a45dafb5e5da97993bd6aba0979032b5177b6826433d581be12b8fcebd	بھېل ݜے ہیُو مجرمہ واں آن٘س۔		3	0	twenties				mvy	
d57ec64430d08448231ecc1bfa08a0b56cc77c65375376c7794242138d8ac1e5b46275137b7c762131e96d93df9ca7616a27753387bbab19a0b0232128a521de	common_voice_mvy_42369995.mp3	c7176ef7eb33c4e80fb2259ae4c82adc9fc1705bb967b9975a82d5477ae25bb6	مہ پورژیا می لا بِگ شکی ہُو، می نہ بال نھېلیۡ تھی۔		2	0	twenties				mvy	
d57ec64430d08448231ecc1bfa08a0b56cc77c65375376c7794242138d8ac1e5b46275137b7c762131e96d93df9ca7616a27753387bbab19a0b0232128a521de	common_voice_mvy_42369994.mp3	b12eb0e6f7a9016b97edbf38cc6217e26e6fcb81e795fd192881db73bcaaff96	آں گولہ ݜُو وجہۡ نی ہون٘دُوں سُو حُکُم نی ہو تھُو۔		2	0	twenties				mvy	
d57ec64430d08448231ecc1bfa08a0b56cc77c65375376c7794242138d8ac1e5b46275137b7c762131e96d93df9ca7616a27753387bbab19a0b0232128a521de	common_voice_mvy_42369993.mp3	939eddeb9d99f81c9463bfd61a3ab0d51a8549f700265b5fea653803fbddee95	آں اسیں قِسمہ تھو		2	0	twenties				mvy	
d57ec64430d08448231ecc1bfa08a0b56cc77c65375376c7794242138d8ac1e5b46275137b7c762131e96d93df9ca7616a27753387bbab19a0b0232128a521de	common_voice_mvy_42370335.mp3	b1033ba4aad4c25df06fd1383c001029018c2e3ddf03c90e9e9d2c2907fe5f44	(قریش) کہ میں اېک ہَتہۡ لا سُوریۡ چھاں آں اېک ہتہۡ لا یُوں چھاں،		2	0	twenties				mvy	
d57ec64430d08448231ecc1bfa08a0b56cc77c65375376c7794242138d8ac1e5b46275137b7c762131e96d93df9ca7616a27753387bbab19a0b0232128a521de	common_voice_mvy_42370338.mp3	c67bbd1626a3e64206069f3b03084da83590517f0ad329ddc71ed0eca2d7f13a	بِڅَیں پن لا، عِبادتیواں عَکَس لا		2	0	twenties				mvy	
d57ec64430d08448231ecc1bfa08a0b56cc77c65375376c7794242138d8ac1e5b46275137b7c762131e96d93df9ca7616a27753387bbab19a0b0232128a521de	common_voice_mvy_42370343.mp3	b96fdf1cc83673dca6153e2ec11ad9769b20488d61de29756eaa2ab6d21d0729	اللہ پاکے امَیں ایک څیز مُتاں کِریا وجہۡ ،		2	0	twenties				mvy	
d57ec64430d08448231ecc1bfa08a0b56cc77c65375376c7794242138d8ac1e5b46275137b7c762131e96d93df9ca7616a27753387bbab19a0b0232128a521de	common_voice_mvy_42370354.mp3	c445d51bf73824d3edaae6f7b491d6a989d9b1c9991b3f0e01028424b81cfbc3	اسے لر بنژا تھو آں سزا ہاریۡ بال بیں تھی۔		2	1	twenties				mvy	
d57ec64430d08448231ecc1bfa08a0b56cc77c65375376c7794242138d8ac1e5b46275137b7c762131e96d93df9ca7616a27753387bbab19a0b0232128a521de	common_voice_mvy_42370355.mp3	c5a722ade365129cb09494297764b32844d86c46e76a74bdaf3004b8e9bfbe52	شرط بِگِناں لازمی نخاں دن بناں تھُو۔		2	0	twenties				mvy	
d57ec64430d08448231ecc1bfa08a0b56cc77c65375376c7794242138d8ac1e5b46275137b7c762131e96d93df9ca7616a27753387bbab19a0b0232128a521de	common_voice_mvy_42370356.mp3	c700477cb7e87c82cd01e602cf9702c6beb699fc8d81fe8c991a40a77c7aa2b3	آں سِواں کریا پان٘د پشٶں		2	0	twenties				mvy	
d57ec64430d08448231ecc1bfa08a0b56cc77c65375376c7794242138d8ac1e5b46275137b7c762131e96d93df9ca7616a27753387bbab19a0b0232128a521de	common_voice_mvy_42370357.mp3	af3d7c4971c91ab7378de86ff4a3558fed6d82e1826a4fd6c82a0825274f8e7c	اِوَیں (جنتیان وَیں) گھریں (سېں سُگایہ،		2	0	twenties				mvy	
d57ec64430d08448231ecc1bfa08a0b56cc77c65375376c7794242138d8ac1e5b46275137b7c762131e96d93df9ca7616a27753387bbab19a0b0232128a521de	common_voice_mvy_42370373.mp3	ceb4eec38ec5598cefba4d41d5b1ab689faaf082fd911723fa7766e1fe3375e4	مِیں گھڑئی مہ دُوئیں بج تھی۔		2	0	twenties				mvy	
d57ec64430d08448231ecc1bfa08a0b56cc77c65375376c7794242138d8ac1e5b46275137b7c762131e96d93df9ca7616a27753387bbab19a0b0232128a521de	common_voice_mvy_42370375.mp3	b5c4fd8698e33418a764f7e68850d2aae6806036209b9cb4d8f530b9134cca93	کھیں ابوبکر (اللہ تسیۡ نہ خوشال ہو) اں کِریا بانیۡ		2	0	twenties				mvy	
d57ec64430d08448231ecc1bfa08a0b56cc77c65375376c7794242138d8ac1e5b46275137b7c762131e96d93df9ca7616a27753387bbab19a0b0232128a521de	common_voice_mvy_42370376.mp3	a3e9732d096709d7917fb81ed91f4aa9db7535d8d67a50d6e946e0fb0c653994	دیس میں پاݩژ وار اڑوۡ گلاس پویں ہِن		2	0	twenties				mvy	
d57ec64430d08448231ecc1bfa08a0b56cc77c65375376c7794242138d8ac1e5b46275137b7c762131e96d93df9ca7616a27753387bbab19a0b0232128a521de	common_voice_mvy_42347391.mp3	01e215ee0b38c9e04bf54c38295a11bb936f5379d90b187c5e63c5ea85786774	تیں کرم خدمت نېرُوں مرگے تادی		2	0	twenties				mvy	
d57ec64430d08448231ecc1bfa08a0b56cc77c65375376c7794242138d8ac1e5b46275137b7c762131e96d93df9ca7616a27753387bbab19a0b0232128a521de	common_voice_mvy_42347378.mp3	11c29c60b66dfc6f8c9b1d319520e601c08707641d6c34e5fd914182b009c95e	اِک وختوک ݜے ایلوۡ چے بوے بُوئ دِش بانیۡ		2	0	twenties				mvy	
d57ec64430d08448231ecc1bfa08a0b56cc77c65375376c7794242138d8ac1e5b46275137b7c762131e96d93df9ca7616a27753387bbab19a0b0232128a521de	common_voice_mvy_42347976.mp3	1f4a9afc9394076d06e616b2931aae9d479cbac8d4d4656f7a067bdda6338fd8	سِوَیں مُت خلقاں حقہ واں احترام کرؤں پشائ۔		2	0	twenties				mvy	
d57ec64430d08448231ecc1bfa08a0b56cc77c65375376c7794242138d8ac1e5b46275137b7c762131e96d93df9ca7616a27753387bbab19a0b0232128a521de	common_voice_mvy_42348067.mp3	26b486e552dbaf3d994b237ba7947aee923d3a2c71d87598b7f5d2042be3890c	کہ څَیں ہُم نی قبلاؤ کھیں،		2	0	twenties				mvy	
d57ec64430d08448231ecc1bfa08a0b56cc77c65375376c7794242138d8ac1e5b46275137b7c762131e96d93df9ca7616a27753387bbab19a0b0232128a521de	common_voice_mvy_42348092.mp3	22154cf05f4e287162db6893be76cdad595e0e30ad3d784fb94b1f74c0ba06b6	ہجرتیاں ساموٹُھ کالہ مژ		2	0	twenties				mvy	
d57ec64430d08448231ecc1bfa08a0b56cc77c65375376c7794242138d8ac1e5b46275137b7c762131e96d93df9ca7616a27753387bbab19a0b0232128a521de	common_voice_mvy_42348097.mp3	2969a2cc48eb25d6cc6126001b13ac5abd618121cb39818411033faf19179e9a	واپس وئ بھا گائ ایلوۡ کھیں		2	0	twenties				mvy	
d57ec64430d08448231ecc1bfa08a0b56cc77c65375376c7794242138d8ac1e5b46275137b7c762131e96d93df9ca7616a27753387bbab19a0b0232128a521de	common_voice_mvy_42348110.mp3	009d75045a1c590e1468e44a03690442869e5a6abf87145e83c0dae5073114c1	چے کسیں مھال دالہ (اڅھکیار نہ) بِھیالس نَیں،		2	0	twenties				mvy	
d57ec64430d08448231ecc1bfa08a0b56cc77c65375376c7794242138d8ac1e5b46275137b7c762131e96d93df9ca7616a27753387bbab19a0b0232128a521de	common_voice_mvy_42370391.mp3	bbe8f3d0a9b8a3db0c28d9bf6a120f83611685e96d42a64250f4dac0abb651c7	گازریۡ سُگائ چپہ گلے کَھیں ہِن دنہۡ تے دندرسی مضبُوط ہوں تھی۔		3	0	twenties				mvy	
d57ec64430d08448231ecc1bfa08a0b56cc77c65375376c7794242138d8ac1e5b46275137b7c762131e96d93df9ca7616a27753387bbab19a0b0232128a521de	common_voice_mvy_42370400.mp3	b7ce8933c31772f8cb8966855cb08f4c044e13138a93b9814bb54802516835a3	ݜُو رات نِکؤں ڈاگ لا لیل ہو یا پلېل۔		2	0	twenties				mvy	
d57ec64430d08448231ecc1bfa08a0b56cc77c65375376c7794242138d8ac1e5b46275137b7c762131e96d93df9ca7616a27753387bbab19a0b0232128a521de	common_voice_mvy_42370401.mp3	c492eec066797f72a00c5287ebe64a12f74f045e7d1fa8980d5d3c4f123cbd24	آں کامیۡ ݜتُک شتِلیۡ ہُوئ تھی		3	0	twenties				mvy	
d57ec64430d08448231ecc1bfa08a0b56cc77c65375376c7794242138d8ac1e5b46275137b7c762131e96d93df9ca7616a27753387bbab19a0b0232128a521de	common_voice_mvy_42370431.mp3	a1c15d38fb2670f3fdf02f2f288605d94cd8f59f7cd18541986bcc694089a662	اسی ڙر مُت بِتُس ݜے گتہ تصُور کران٘گَیں تھو		2	0	twenties				mvy	
d57ec64430d08448231ecc1bfa08a0b56cc77c65375376c7794242138d8ac1e5b46275137b7c762131e96d93df9ca7616a27753387bbab19a0b0232128a521de	common_voice_mvy_42370432.mp3	8fe16fd0ee55830b542728344d5fd7db526d142aab97d487152bc78149894f69	وختی نِرینیۡ کائ لا چھیر پو		2	0	twenties				mvy	
d57ec64430d08448231ecc1bfa08a0b56cc77c65375376c7794242138d8ac1e5b46275137b7c762131e96d93df9ca7616a27753387bbab19a0b0232128a521de	common_voice_mvy_42370449.mp3	bd41f6a471c7806573b5aa7bc1747bc7f45c36e5d4f869496950fda3f5a14dc1	چے ”نی ہُوئیں مہ آں نشَیں مہ“ گی فرق نیں تُھو۔		2	0	twenties				mvy	
d57ec64430d08448231ecc1bfa08a0b56cc77c65375376c7794242138d8ac1e5b46275137b7c762131e96d93df9ca7616a27753387bbab19a0b0232128a521de	common_voice_mvy_42370475.mp3	ca13482af7db08c8354309a2d431d4e282e8e73be021a73a811d50ee2214001f	سِیں بانیۡ او ڙھا تی مِلیۡ ٹقل کرَمان٘س خَپا نِی ہو ،		2	0	twenties				mvy	
d57ec64430d08448231ecc1bfa08a0b56cc77c65375376c7794242138d8ac1e5b46275137b7c762131e96d93df9ca7616a27753387bbab19a0b0232128a521de	common_voice_mvy_42370476.mp3	cb35b53dfcf879a5f3dd21ba95ad17e438774c8c53a72a8dafe5e1101e496207	دَش یا دُوَالَش ماݜہ مرِلہۡ۔		2	0	twenties				mvy	
d57ec64430d08448231ecc1bfa08a0b56cc77c65375376c7794242138d8ac1e5b46275137b7c762131e96d93df9ca7616a27753387bbab19a0b0232128a521de	common_voice_mvy_42370477.mp3	ca36a408cd0defd7ea4256a6b673859043e6525098121a8f425e6b8ee9c7953f	ہِلاک کالی مصری ملا گلے پُولیۡ کھیں		2	0	twenties				mvy	
d57ec64430d08448231ecc1bfa08a0b56cc77c65375376c7794242138d8ac1e5b46275137b7c762131e96d93df9ca7616a27753387bbab19a0b0232128a521de	common_voice_mvy_42370478.mp3	be48127ecc5c75dd46b9bba805483f879c86007b95613d973c9ffe2604228910	اسیں بارہ مہ بېداری رِزؤں		2	0	twenties				mvy	
d57ec64430d08448231ecc1bfa08a0b56cc77c65375376c7794242138d8ac1e5b46275137b7c762131e96d93df9ca7616a27753387bbab19a0b0232128a521de	common_voice_mvy_42370489.mp3	d0bab00251ee07eedda147abea7237d9d8c7ca945b24ee0b609d24124d7830a9	لَکھ چھل نېرؤں آں طریقہ لا عمل کرؤں۔		2	0	twenties				mvy	
d57ec64430d08448231ecc1bfa08a0b56cc77c65375376c7794242138d8ac1e5b46275137b7c762131e96d93df9ca7616a27753387bbab19a0b0232128a521de	common_voice_mvy_42370491.mp3	ccb756da6b92d5011c413cd4ed093f125038611da64b3da8c6351166b2ee1932	ہِلاک دیسؤں مژ کمٹہۡ ختم ہوتھہ .		2	0	twenties				mvy	
d57ec64430d08448231ecc1bfa08a0b56cc77c65375376c7794242138d8ac1e5b46275137b7c762131e96d93df9ca7616a27753387bbab19a0b0232128a521de	common_voice_mvy_42370494.mp3	bc5dfae2722f1a1b84f8b59b29d0021b5984434193511fca14fdca732772e338	عِبادتیوں، گِشے چے نِوان٘ز، روزہ یا حجہ، مہ۔		2	0	twenties				mvy	
d57ec64430d08448231ecc1bfa08a0b56cc77c65375376c7794242138d8ac1e5b46275137b7c762131e96d93df9ca7616a27753387bbab19a0b0232128a521de	common_voice_mvy_42370497.mp3	c8927999ef68c090f82a4cf7a3da1da1b3b177a36614f743bf73530b90579eee	مالٹئ یاں استمال ہِن سُگائ اولاد پیدا ہوتھی۔		2	0	twenties				mvy	
d57ec64430d08448231ecc1bfa08a0b56cc77c65375376c7794242138d8ac1e5b46275137b7c762131e96d93df9ca7616a27753387bbab19a0b0232128a521de	common_voice_mvy_42370503.mp3	ccbda3bd77fc2d342267301d9a6bfa1459e002ced0a0426d8d6632986e1e59d2	گِشے چے بُو تَل بنژِل		2	0	twenties				mvy	
d57ec64430d08448231ecc1bfa08a0b56cc77c65375376c7794242138d8ac1e5b46275137b7c762131e96d93df9ca7616a27753387bbab19a0b0232128a521de	common_voice_mvy_42370626.mp3	c75a24a2ef3b438a3a85ceeb024c5e1c71388bfb678765c993db88541426056f	اِسکُلؤں مہ اُستازؤں پکار تھی		2	0	twenties				mvy	
d57ec64430d08448231ecc1bfa08a0b56cc77c65375376c7794242138d8ac1e5b46275137b7c762131e96d93df9ca7616a27753387bbab19a0b0232128a521de	common_voice_mvy_42370627.mp3	cf7ece995b468b55d91c7ea43683e95a4db2976bd2e81a453195211fb10df381	اُستا لہ ہر څیزہۡ مہ رُپئ تے سُوداں سُوچ کرؤں پکار نی تُھو		2	0	twenties				mvy	
d57ec64430d08448231ecc1bfa08a0b56cc77c65375376c7794242138d8ac1e5b46275137b7c762131e96d93df9ca7616a27753387bbab19a0b0232128a521de	common_voice_mvy_42370631.mp3	c2d49c74f5685be4af8d0f9231afeb7bef765f4eceb4000881a4fad9384298d3	مھالٶں پکار تھی چےۡ سېں تاں ماسمؤں ملیۡ		2	0	twenties				mvy	
d57ec64430d08448231ecc1bfa08a0b56cc77c65375376c7794242138d8ac1e5b46275137b7c762131e96d93df9ca7616a27753387bbab19a0b0232128a521de	common_voice_mvy_42370646.mp3	d50c2e8ef0da4cb166033b1658491c085a9a32bf1d28e2cf60e103f029855d1b	(شہادتیں ان٘گُوی) بُی اولیۡرؤں سُنّت تھُو۔		2	0	twenties				mvy	
d57ec64430d08448231ecc1bfa08a0b56cc77c65375376c7794242138d8ac1e5b46275137b7c762131e96d93df9ca7616a27753387bbab19a0b0232128a521de	common_voice_mvy_42370647.mp3	d43a755712d98fac280a204c2b6ace8f8d785b75bda215bf2bc5bb58d1af1ff6	سو ہُم چاق آں ہُم بخن کران٘لو (بِگوݜان٘لو) تُھو۔		2	0	twenties				mvy	
d57ec64430d08448231ecc1bfa08a0b56cc77c65375376c7794242138d8ac1e5b46275137b7c762131e96d93df9ca7616a27753387bbab19a0b0232128a521de	common_voice_mvy_42370648.mp3	c3db78d62cc54126c88543a2953ff2e225016a9fd86b70af4f092c61dcc2449b	آں ہلالِیں اے چِیغ دِتیۡ،		2	0	twenties				mvy	
d57ec64430d08448231ecc1bfa08a0b56cc77c65375376c7794242138d8ac1e5b46275137b7c762131e96d93df9ca7616a27753387bbab19a0b0232128a521de	common_voice_mvy_42370649.mp3	d328f4d7263cb93d8cc88673380646380eeb23e0a32b9f714c3e4e022121634a	زرتی شریعتی مہ سیں کالژا تھی		2	0	twenties				mvy	
d57ec64430d08448231ecc1bfa08a0b56cc77c65375376c7794242138d8ac1e5b46275137b7c762131e96d93df9ca7616a27753387bbab19a0b0232128a521de	common_voice_mvy_42370650.mp3	a437cc0679d31ac7cd65f8f7836640e0dd20804ba4762d8f7d51a6752d66eaff	قِسم قِسماں تِئیں مخلوق		2	0	twenties				mvy	
d57ec64430d08448231ecc1bfa08a0b56cc77c65375376c7794242138d8ac1e5b46275137b7c762131e96d93df9ca7616a27753387bbab19a0b0232128a521de	common_voice_mvy_42380912.mp3	17c07347343165f309ffaa610ea2615306493bcda61dc7d62b24375be2b0583f	حُکُم نی ہُوئ تھُو،		2	0	twenties				mvy	
d57ec64430d08448231ecc1bfa08a0b56cc77c65375376c7794242138d8ac1e5b46275137b7c762131e96d93df9ca7616a27753387bbab19a0b0232128a521de	common_voice_mvy_42348141.mp3	0ec2c66fc80aa73625eb4959722fa53bbbf5800e2066816207a4651ac7d79a91	وےیاں چېرہ استعمال		2	0	twenties				mvy	
d57ec64430d08448231ecc1bfa08a0b56cc77c65375376c7794242138d8ac1e5b46275137b7c762131e96d93df9ca7616a27753387bbab19a0b0232128a521de	common_voice_mvy_42370669.mp3	9e50b3f3080fec4e84037c3b1b9a2fab41a773195f78bd34b05721f4a3181d7f	گھین٘راں (اِماماں) کِریا ݜتُک ژُن٘ن٘ڑوں ژُن٘ن٘ڑوں نِوان٘ز کرؤں		2	0	twenties				mvy	
d57ec64430d08448231ecc1bfa08a0b56cc77c65375376c7794242138d8ac1e5b46275137b7c762131e96d93df9ca7616a27753387bbab19a0b0232128a521de	common_voice_mvy_42370670.mp3	d4e727f9c87298d2592f073f3862753a187169ed52574ca7582130320da05c89	سېں کھٹَیں طریقہ لا جمع کرَیں سخ زَرت آن٘سیۡ۔		2	0	twenties				mvy	
d57ec64430d08448231ecc1bfa08a0b56cc77c65375376c7794242138d8ac1e5b46275137b7c762131e96d93df9ca7616a27753387bbab19a0b0232128a521de	common_voice_mvy_42370681.mp3	d42f97d0d904716b46c3167d546cb56fb5e501c90d8a3ec5c5236fddb8565ce6	کھیں سِوَیں ان٘داز ہُون٘دوۡ		2	0	twenties				mvy	
d57ec64430d08448231ecc1bfa08a0b56cc77c65375376c7794242138d8ac1e5b46275137b7c762131e96d93df9ca7616a27753387bbab19a0b0232128a521de	common_voice_mvy_42370682.mp3	cbde5240dcbd70a0e07414e2464b0a95ca1ddfec0a698525c8e8686f4d4f142e	حُنېنَیں کلیۡ نہ موٹھیُوں مالکاں ماسُمہ دھا لان٘س۔		2	0	twenties				mvy	
d57ec64430d08448231ecc1bfa08a0b56cc77c65375376c7794242138d8ac1e5b46275137b7c762131e96d93df9ca7616a27753387bbab19a0b0232128a521de	common_voice_mvy_42370683.mp3	cab66f0287725f3da70cbc424f5644f9732f3e7c5eac6fc572958bc8fe953f16	ہر دیسؤں وختی لا چؤروں نہ ݜویوں ہریۡ لون٘گ کھا۔		2	0	twenties				mvy	
d57ec64430d08448231ecc1bfa08a0b56cc77c65375376c7794242138d8ac1e5b46275137b7c762131e96d93df9ca7616a27753387bbab19a0b0232128a521de	common_voice_mvy_42370684.mp3	bcbfbe405076ad303f7c353de1a407918ffd5f12bfb9becd435c9ee883bc5150	نبیؑ اے تس اِسلاموَیں لُکھیاؤ۔		2	1	twenties				mvy	
d57ec64430d08448231ecc1bfa08a0b56cc77c65375376c7794242138d8ac1e5b46275137b7c762131e96d93df9ca7616a27753387bbab19a0b0232128a521de	common_voice_mvy_42370685.mp3	d35d184f7d72f4fdf0ea0048dc69100c507d43d3264e37e4ed51012570877ff4	یا لُوہی ہُون٘دُوں کھیں پیازاں وے ماݜی ملی ملا گلے		2	0	twenties				mvy	
d57ec64430d08448231ecc1bfa08a0b56cc77c65375376c7794242138d8ac1e5b46275137b7c762131e96d93df9ca7616a27753387bbab19a0b0232128a521de	common_voice_mvy_42370686.mp3	c9096374dd35fdf4d597ef6b9b6790c855eb097af026e30d71fb0fa17dedf8e4	تِئیں ڙھاواں گی ناں تُھو؟		2	0	twenties				mvy	
d57ec64430d08448231ecc1bfa08a0b56cc77c65375376c7794242138d8ac1e5b46275137b7c762131e96d93df9ca7616a27753387bbab19a0b0232128a521de	common_voice_mvy_42370690.mp3	b4a9a074c7e8b4f6b4d6fd4e829056bc246b0251e1b1604730dcfe9579b73b7a	جی شا گی سُگاؤ زن٘گل اوک آن٘س۔		2	0	twenties				mvy	
d57ec64430d08448231ecc1bfa08a0b56cc77c65375376c7794242138d8ac1e5b46275137b7c762131e96d93df9ca7616a27753387bbab19a0b0232128a521de	common_voice_mvy_42370693.mp3	bca89c3323960fc751534a30a9b080af4e805a02c5dc6111142fc0df0757ad68	کیں اجتہاد کرہالُوں تسی لا اجتہاد کرؤں لازمی تُھو۔		2	0	twenties				mvy	
d57ec64430d08448231ecc1bfa08a0b56cc77c65375376c7794242138d8ac1e5b46275137b7c762131e96d93df9ca7616a27753387bbab19a0b0232128a521de	common_voice_mvy_42370696.mp3	d5b821bdd27404ca217acc5eb3b6644cb72777b7c406a3f5a20e11362ca8e9f7	دان٘ڑیالہ ہِن اَین٘یاں گھؤں ختم ہوں		2	0	twenties				mvy	
d57ec64430d08448231ecc1bfa08a0b56cc77c65375376c7794242138d8ac1e5b46275137b7c762131e96d93df9ca7616a27753387bbab19a0b0232128a521de	common_voice_mvy_42370701.mp3	d00885a49a2ca038d4920ede91b2f572210919440619bf367d978b4cc4ec0457	آں بوئے تاں حِصاں بِیُو کھائ۔		2	1	twenties				mvy	
d57ec64430d08448231ecc1bfa08a0b56cc77c65375376c7794242138d8ac1e5b46275137b7c762131e96d93df9ca7616a27753387bbab19a0b0232128a521de	common_voice_mvy_42370704.mp3	d590ab93983634f50f6c9f51d44ae1e4dbee02173e5f0bae9d285ae637346dea	آں ماسُم تے گھریۡماݜہ ڈیمبہ تےۡ ڈِمبُوئ کرِگ؛		2	0	twenties				mvy	
d57ec64430d08448231ecc1bfa08a0b56cc77c65375376c7794242138d8ac1e5b46275137b7c762131e96d93df9ca7616a27753387bbab19a0b0232128a521de	common_voice_mvy_42380901.mp3	00ee2a6ed00fb48cb65f157d6d8ecb8479e03f1250e8fcefdd48626b4b9b6bb8	کان٘ڑ کم کرَیں مہ مدد دی تھی۔		2	0	twenties				mvy	
d57ec64430d08448231ecc1bfa08a0b56cc77c65375376c7794242138d8ac1e5b46275137b7c762131e96d93df9ca7616a27753387bbab19a0b0232128a521de	common_voice_mvy_42380890.mp3	fe5a825a10faa6053acd380d69adfb62166edd18fb65c3c2c38d7f925e9be510	تے کھبُوئ طرفی لا گھُرؤں سُنّت تھُو۔		2	0	twenties				mvy	
d57ec64430d08448231ecc1bfa08a0b56cc77c65375376c7794242138d8ac1e5b46275137b7c762131e96d93df9ca7616a27753387bbab19a0b0232128a521de	common_voice_mvy_42380879.mp3	f09aad9e9437f7450c3f62745c77986c9eec06adda7645973028032c964608da	مِثال اسیں ݜے فَرض نِوان٘ز کرؤں،		2	0	twenties				mvy	
d57ec64430d08448231ecc1bfa08a0b56cc77c65375376c7794242138d8ac1e5b46275137b7c762131e96d93df9ca7616a27753387bbab19a0b0232128a521de	common_voice_mvy_42380878.mp3	ebe13d554e1a920cb5947741b6c91d8b693ad2367db5179ae0a3c43fc3737b6a	فِرعونے بال ڇېلیان٘لَیں (رسُول) نی قبلاؤ،		2	0	twenties				mvy	
d57ec64430d08448231ecc1bfa08a0b56cc77c65375376c7794242138d8ac1e5b46275137b7c762131e96d93df9ca7616a27753387bbab19a0b0232128a521de	common_voice_mvy_42380848.mp3	0fc2082bdcf58d76661b0c5727e3ae16200f62717298d04627625e1ddfc3c3e1	بھَژَدہ دُو قاعدٶں مہ التَّحِیَّات بنٶں واجب تھو۔		2	0	twenties				mvy	
d57ec64430d08448231ecc1bfa08a0b56cc77c65375376c7794242138d8ac1e5b46275137b7c762131e96d93df9ca7616a27753387bbab19a0b0232128a521de	common_voice_mvy_42380841.mp3	f89a05ae8ad3cfce70e6ee302e50cfc16813bd81821d573c021e7e12032afa93	لفظ دُو قِسمہ تُھو مؤضوع آں مُہمل		2	0	twenties				mvy	
d57ec64430d08448231ecc1bfa08a0b56cc77c65375376c7794242138d8ac1e5b46275137b7c762131e96d93df9ca7616a27753387bbab19a0b0232128a521de	common_voice_mvy_42380839.mp3	fe5db77576aaa6e937a371805abc7ec8d45d3c7f16c11c13986c91320036872d	کرئ یاں تگُو زکہ گلے اگار لا تل چھا		2	0	twenties				mvy	
d57ec64430d08448231ecc1bfa08a0b56cc77c65375376c7794242138d8ac1e5b46275137b7c762131e96d93df9ca7616a27753387bbab19a0b0232128a521de	common_voice_mvy_42380833.mp3	e8076cdac371bf3b8e88bad805d49aa405872dd64e9635007f8772b56b9591fe	اسیں کریا بَکُھویُوں مہ طاقت آں		2	0	twenties				mvy	
d57ec64430d08448231ecc1bfa08a0b56cc77c65375376c7794242138d8ac1e5b46275137b7c762131e96d93df9ca7616a27753387bbab19a0b0232128a521de	common_voice_mvy_42380830.mp3	f12d132b83cc7058f12f1d3056450099ed9478643ddaf89fe5b90d1b9c20f55b	آج جنتیان مزی ہرا تھہ		2	0	twenties				mvy	
d57ec64430d08448231ecc1bfa08a0b56cc77c65375376c7794242138d8ac1e5b46275137b7c762131e96d93df9ca7616a27753387bbab19a0b0232128a521de	common_voice_mvy_42380802.mp3	1b25c61e228832472704346573c65f0f48a1e997daf08942fe6460a7bc98590b	مُڑَیں بے عزتی کرؤں تسیں نہ ادمہ چِٹؤں		2	0	twenties				mvy	
d57ec64430d08448231ecc1bfa08a0b56cc77c65375376c7794242138d8ac1e5b46275137b7c762131e96d93df9ca7616a27753387bbab19a0b0232128a521de	common_voice_mvy_42380800.mp3	fa711b766cf1fe80f07099490ae60a4c75d81543012c14950a21218a259c5b5c	چےۡ کہ نبی ﷺ اے ہُم ہِجرت کیریۡ کھیں تے لہ بال ہتہۡ نہ نِکا تھی۔		2	1	twenties				mvy	
d57ec64430d08448231ecc1bfa08a0b56cc77c65375376c7794242138d8ac1e5b46275137b7c762131e96d93df9ca7616a27753387bbab19a0b0232128a521de	common_voice_mvy_42380799.mp3	12cad7879b68b1995b476744105a5e0c51642a427628dbd0cdf759effff51b66	گتہ ہُم تُس (آخِرتیاں دیس) نی قبلاں تھئ؟		2	0	twenties				mvy	
d57ec64430d08448231ecc1bfa08a0b56cc77c65375376c7794242138d8ac1e5b46275137b7c762131e96d93df9ca7616a27753387bbab19a0b0232128a521de	common_voice_mvy_42380788.mp3	f0f353fff2f325ca0159f61f585b11fb828c3cd7ff62042b700b4f74cda6eeea	مالاں زخماں شن٘گلو ہِن علاج		2	0	twenties				mvy	
d57ec64430d08448231ecc1bfa08a0b56cc77c65375376c7794242138d8ac1e5b46275137b7c762131e96d93df9ca7616a27753387bbab19a0b0232128a521de	common_voice_mvy_42348443.mp3	2999db97f00f8327979aeb4a3dea276f8c628e27649e587c62a8da56247a12d9	معلوم تھی خو اُستا تے شاگڑَیں رِشتَیں تے پتہۡ نی تھی		2	0	twenties				mvy	
d57ec64430d08448231ecc1bfa08a0b56cc77c65375376c7794242138d8ac1e5b46275137b7c762131e96d93df9ca7616a27753387bbab19a0b0232128a521de	common_voice_mvy_42380785.mp3	176a1707dbbdcf95895de18a278456d6e1ed6445231c115b57c95a8d318d2198	ولے اېک مُوݜ سیں بٹؤں نہ جُدا بھېٹېل آن٘س۔		2	0	twenties				mvy	
d57ec64430d08448231ecc1bfa08a0b56cc77c65375376c7794242138d8ac1e5b46275137b7c762131e96d93df9ca7616a27753387bbab19a0b0232128a521de	common_voice_mvy_42380782.mp3	14fdb9252280512db267a69a9add4d468166ca14bc17838c6c2b543c5c2bb814	او بو بُٹ وطن بازار		2	0	twenties				mvy	
d57ec64430d08448231ecc1bfa08a0b56cc77c65375376c7794242138d8ac1e5b46275137b7c762131e96d93df9ca7616a27753387bbab19a0b0232128a521de	common_voice_mvy_42380767.mp3	15c0e6fee46ad12435e4e03cde0bf4b4a5680f38923def511d51695401cabf9a	ہُون٘دُوں تس مڅھہۡ ہِن پورؤں پکار تُھو		2	0	twenties				mvy	
d57ec64430d08448231ecc1bfa08a0b56cc77c65375376c7794242138d8ac1e5b46275137b7c762131e96d93df9ca7616a27753387bbab19a0b0232128a521de	common_voice_mvy_42370722.mp3	d459913505eb22c00e9dfc3b99adc1700cf5aad227f5a81a4ac6b0375a2ea877	طائفَیں عِلاقہ 'بنوسعد' مہ حلیمہ سعدیہ گے رچَھیں یاں کِریا ڇِہےلس؛		2	1	twenties				mvy	
d57ec64430d08448231ecc1bfa08a0b56cc77c65375376c7794242138d8ac1e5b46275137b7c762131e96d93df9ca7616a27753387bbab19a0b0232128a521de	common_voice_mvy_42370728.mp3	d0ae0e009a7e9e074e12f310a88e119fd94d047e7b67a2a349899cd05807f909	جلسہ (دُوئیں سجدیوں مَن٘ژ کَم لَک بُوئی التَّحِیَّاتاں ول لا بھَہ یٶں		2	0	twenties				mvy	
d57ec64430d08448231ecc1bfa08a0b56cc77c65375376c7794242138d8ac1e5b46275137b7c762131e96d93df9ca7616a27753387bbab19a0b0232128a521de	common_voice_mvy_42370729.mp3	d2558ce39b3fcefebc0924df84e83daa55e46316215881dc5c993ece3dd7c946	تاں گېن٘ٹی واں کام مِلٹؤں مژ گرِگ تھو		2	0	twenties				mvy	
d57ec64430d08448231ecc1bfa08a0b56cc77c65375376c7794242138d8ac1e5b46275137b7c762131e96d93df9ca7616a27753387bbab19a0b0232128a521de	common_voice_mvy_42370730.mp3	d71a788730312ec4ac93b62deb0791c393d7c4901f14c96f0d25e85dbe43ffc2	نیژ میں تِلئیں بیماری ختم ہوتھی۔		3	0	twenties				mvy	
d57ec64430d08448231ecc1bfa08a0b56cc77c65375376c7794242138d8ac1e5b46275137b7c762131e96d93df9ca7616a27753387bbab19a0b0232128a521de	common_voice_mvy_42370732.mp3	d7b7456d5d2ebb9309f6ecd6f1bbca8364f459be41b6aa69f5c11a45576620fc	تی مژ مِگے نصیب خوشالی کېر خدایا		2	0	twenties				mvy	
d57ec64430d08448231ecc1bfa08a0b56cc77c65375376c7794242138d8ac1e5b46275137b7c762131e96d93df9ca7616a27753387bbab19a0b0232128a521de	common_voice_mvy_42380763.mp3	dd9b08569df568718f49fa3385c2696ee0a958adbcb404eb463072714ea9e657	کؤں زُمانِیُوں خلکہ بئ تاں کمہۡ کرے مُچی تھو۔		2	0	twenties				mvy	
d57ec64430d08448231ecc1bfa08a0b56cc77c65375376c7794242138d8ac1e5b46275137b7c762131e96d93df9ca7616a27753387bbab19a0b0232128a521de	common_voice_mvy_42380760.mp3	1b009673b915330d80e17f2779ce67350ed1fe8c8f7284ddb39febbd25893667	وے مہ گلے تھتُوڑ سݩدے تال لا دیوۡں ہُوئ تُھو۔		2	0	twenties				mvy	
d57ec64430d08448231ecc1bfa08a0b56cc77c65375376c7794242138d8ac1e5b46275137b7c762131e96d93df9ca7616a27753387bbab19a0b0232128a521de	common_voice_mvy_42380745.mp3	f93539398d8758f9aa8fbe75d2cf5f62b1ff1a59ed8f8ed960738f1c5ac4dc47	معنہ ݜے چے بھژدہ، گھین٘رہ (اِمام)		2	0	twenties				mvy	
d57ec64430d08448231ecc1bfa08a0b56cc77c65375376c7794242138d8ac1e5b46275137b7c762131e96d93df9ca7616a27753387bbab19a0b0232128a521de	common_voice_mvy_42348587.mp3	064b50cac7f2dbdadc1f1679e94b5bb8388414dbc80df32a41e8e83098383ad7	اؤلادَیں تربیتی مہ والدین واں کریا		2	0	twenties				mvy	
d57ec64430d08448231ecc1bfa08a0b56cc77c65375376c7794242138d8ac1e5b46275137b7c762131e96d93df9ca7616a27753387bbab19a0b0232128a521de	common_voice_mvy_42348588.mp3	2504f33b15718f7b7316047d20f0f7197165b8b0d88f1a8028cfbd20b1dbd4fd	ݜُو وَل لا مُسلماں آں بنو ہاشم ݜس ظِلم نہ مُچِل۔		2	0	twenties				mvy	
d57ec64430d08448231ecc1bfa08a0b56cc77c65375376c7794242138d8ac1e5b46275137b7c762131e96d93df9ca7616a27753387bbab19a0b0232128a521de	common_voice_mvy_42380742.mp3	0f64751340606ec66a6fc60e3216ce2de891aa69a32d78644b0ab8d65e16c44f	شارِع بناں تھو۔		2	0	twenties				mvy	
d57ec64430d08448231ecc1bfa08a0b56cc77c65375376c7794242138d8ac1e5b46275137b7c762131e96d93df9ca7616a27753387bbab19a0b0232128a521de	common_voice_mvy_42380741.mp3	fcfa94e7fe0a7619f7bcd317457f2091a104a3d703089f24605d74a44449a71e	اسم معرفہ سات قسمہ تُھو		2	0	twenties				mvy	
d57ec64430d08448231ecc1bfa08a0b56cc77c65375376c7794242138d8ac1e5b46275137b7c762131e96d93df9ca7616a27753387bbab19a0b0232128a521de	common_voice_mvy_42380740.mp3	de08aa56188cbea619f3802a37073549d135bac2a4ff073ab71b85227929fa5f	سُت بہ		2	0	twenties				mvy	
d57ec64430d08448231ecc1bfa08a0b56cc77c65375376c7794242138d8ac1e5b46275137b7c762131e96d93df9ca7616a27753387bbab19a0b0232128a521de	common_voice_mvy_42380719.mp3	156e25b4cc436e62555c25e90a6a8535167baaf35b2a9a244a8b06f3a9e4738d	اېں بنا تُھو: گِن نَیں! زاں گے بِھیان٘لو رُشتا ای یان٘س		2	0	twenties				mvy	
d57ec64430d08448231ecc1bfa08a0b56cc77c65375376c7794242138d8ac1e5b46275137b7c762131e96d93df9ca7616a27753387bbab19a0b0232128a521de	common_voice_mvy_42380717.mp3	fc90a6b7b651109260d48010236ef1f511c337f62193fd6650c2148edf44537a	څاں لا شاہِد سن٘دے ڇِہے چھی،		2	0	twenties				mvy	
d57ec64430d08448231ecc1bfa08a0b56cc77c65375376c7794242138d8ac1e5b46275137b7c762131e96d93df9ca7616a27753387bbab19a0b0232128a521de	common_voice_mvy_42380700.mp3	f279f9353229c9197f5bace76280e811147d956bd8a14700ddf828e3edd951e6	اِوَیں مِراث اِواں تاں ذاتی قانُون لا ہو تھی۔		2	0	twenties				mvy	
d57ec64430d08448231ecc1bfa08a0b56cc77c65375376c7794242138d8ac1e5b46275137b7c762131e96d93df9ca7616a27753387bbab19a0b0232128a521de	common_voice_mvy_42380910.mp3	e53c366d892ee66d040142142410442fe5a806e943b0fb9c9cb60d83aaf6384f	اسیں مطلب ݜے تھی چے		2	0	twenties				mvy	
d57ec64430d08448231ecc1bfa08a0b56cc77c65375376c7794242138d8ac1e5b46275137b7c762131e96d93df9ca7616a27753387bbab19a0b0232128a521de	common_voice_mvy_42380672.mp3	fb14e5d3e1263aeb3220c8761a54f5e0a604c860bbaf8b0ca5671c1f8ce1dfb7	آں ایں پھیر کیریۡ کھیں مُوٹھیۡ حالتی نہ چو نقصان کیریۡ تھی۔		2	0	twenties				mvy	
d57ec64430d08448231ecc1bfa08a0b56cc77c65375376c7794242138d8ac1e5b46275137b7c762131e96d93df9ca7616a27753387bbab19a0b0232128a521de	common_voice_mvy_42380671.mp3	02910d23296ee98d0bbfe4855567c5a8c7d28bb24dd7a77a0292f6a95831a613	تن٘گ نظری، طرفداری، کئیل/کلیۡ تے حسد چو تُھو		2	1	twenties				mvy	
d57ec64430d08448231ecc1bfa08a0b56cc77c65375376c7794242138d8ac1e5b46275137b7c762131e96d93df9ca7616a27753387bbab19a0b0232128a521de	common_voice_mvy_42380667.mp3	11362566ba1b6c40825b612e1a70bf2d0e7666a38dbdecea1f59a19fa5a3b8e2	اُو ݜے حُکُم تھُو چے اسی مہ قبلان٘لہ واں کِریا		2	0	twenties				mvy	
d57ec64430d08448231ecc1bfa08a0b56cc77c65375376c7794242138d8ac1e5b46275137b7c762131e96d93df9ca7616a27753387bbab19a0b0232128a521de	common_voice_mvy_42348716.mp3	1865cf5cc9a310110ddf2a9230ff42fdff906ad5850c2528fa36c5da35f374a6	ہر ایک دیس شُو لن٘گھَیں لمِل۔		2	0	twenties				mvy	
d57ec64430d08448231ecc1bfa08a0b56cc77c65375376c7794242138d8ac1e5b46275137b7c762131e96d93df9ca7616a27753387bbab19a0b0232128a521de	common_voice_mvy_42380641.mp3	fb56961566a668aaf2e40f8b2340695d91fd169081fdc4c5040641ad888f4edb	سو چے سو موتھلو دل ہو،		2	0	twenties				mvy	
d57ec64430d08448231ecc1bfa08a0b56cc77c65375376c7794242138d8ac1e5b46275137b7c762131e96d93df9ca7616a27753387bbab19a0b0232128a521de	common_voice_mvy_42380634.mp3	0cfce1908e70574af871f7305dd527dc0ee74f2c0395335a53c30893ba87d552	آں تسیں رات ہُم مِٹُھویں کم ہُوئ تُھو۔		2	0	twenties				mvy	
d57ec64430d08448231ecc1bfa08a0b56cc77c65375376c7794242138d8ac1e5b46275137b7c762131e96d93df9ca7616a27753387bbab19a0b0232128a521de	common_voice_mvy_42380698.mp3	0e07cd34ebea1ff9a88e5511477094d1d999e405e4f36036f08705916bb1b5fa	گِشے چے گھوواں ماس کھؤں اڅھک (مکروہ) ہُوئ تھو،		3	0	twenties				mvy	
d57ec64430d08448231ecc1bfa08a0b56cc77c65375376c7794242138d8ac1e5b46275137b7c762131e96d93df9ca7616a27753387bbab19a0b0232128a521de	common_voice_mvy_42368839.mp3	a8ce55ab1cb5de4711a5cff087af55716db70b15738d3eb47a2148e236295f6f	سِواں مشکلات وختہ لا حل نی ہوں تھو		2	0	twenties				mvy	
d57ec64430d08448231ecc1bfa08a0b56cc77c65375376c7794242138d8ac1e5b46275137b7c762131e96d93df9ca7616a27753387bbab19a0b0232128a521de	common_voice_mvy_42368832.mp3	bbaaa71a24d9a746f9a584f3cf8e07b4be754e48abdd0d7fc1a99c62873c9fb8	ٹل کرَیں نہ بغېر تسیں معنا ماݜاں ذہنے اے		2	0	twenties				mvy	
d57ec64430d08448231ecc1bfa08a0b56cc77c65375376c7794242138d8ac1e5b46275137b7c762131e96d93df9ca7616a27753387bbab19a0b0232128a521de	common_voice_mvy_42368831.mp3	ad9ec048fa9e5285bbc2e1059210aff933ab69848b8405dc1eb3e4301aea10a0	چے ایک بِگ ناں وجوتاں (وجوداں) حِصہ۔		2	0	twenties				mvy	
d57ec64430d08448231ecc1bfa08a0b56cc77c65375376c7794242138d8ac1e5b46275137b7c762131e96d93df9ca7616a27753387bbab19a0b0232128a521de	common_voice_mvy_42368829.mp3	ba26a38e8cedc5387e8f70a5c289300b6576afef565bdf2651f59eba5e92ab8c	ݜے سَیں بھی پاتُو بَیل۔		2	0	twenties				mvy	
d57ec64430d08448231ecc1bfa08a0b56cc77c65375376c7794242138d8ac1e5b46275137b7c762131e96d93df9ca7616a27753387bbab19a0b0232128a521de	common_voice_mvy_42368824.mp3	9bb5e4415a05b9824aa3077db2d0a7dfe6d866d988241ca88dc82e87af4075e8	مشتق سو تُھو چے سو مصدرہ نہ سندُژ		2	0	twenties				mvy	
d57ec64430d08448231ecc1bfa08a0b56cc77c65375376c7794242138d8ac1e5b46275137b7c762131e96d93df9ca7616a27753387bbab19a0b0232128a521de	common_voice_mvy_42368821.mp3	b065e9b063b439451e166f355428fd45ca0148a946605c3ab380ee8d18f16158	تے سېں بنَیں لمِل چےۡ ڇا ماݜ قدر ای،		3	0	twenties				mvy	
d57ec64430d08448231ecc1bfa08a0b56cc77c65375376c7794242138d8ac1e5b46275137b7c762131e96d93df9ca7616a27753387bbab19a0b0232128a521de	common_voice_mvy_42368820.mp3	82e59b43c854dde802a540c6911b7bce552fa42feb059e0adc16cd365229a095	ماسُم پیدا ہویں مہ ہسانی ہوتھی۔		2	0	twenties				mvy	
d57ec64430d08448231ecc1bfa08a0b56cc77c65375376c7794242138d8ac1e5b46275137b7c762131e96d93df9ca7616a27753387bbab19a0b0232128a521de	common_voice_mvy_42368815.mp3	b80e65ae9674c9b5d16eb1809391c387dbf6fc8b3777fda6badac3c208e6f3ce	اېں تپُوس کراں تھہ چے کلہۡ قَیمت اے تھی؟		2	0	twenties				mvy	
d57ec64430d08448231ecc1bfa08a0b56cc77c65375376c7794242138d8ac1e5b46275137b7c762131e96d93df9ca7616a27753387bbab19a0b0232128a521de	common_voice_mvy_42368699.mp3	b5a5170ac84d09b02ccce3957048c50383dd346f38139ecc0e9eb3806d8d2e00	چؤر بلی واں کرَیں یاں بان:		2	0	twenties				mvy	
d57ec64430d08448231ecc1bfa08a0b56cc77c65375376c7794242138d8ac1e5b46275137b7c762131e96d93df9ca7616a27753387bbab19a0b0232128a521de	common_voice_mvy_42368681.mp3	a4fe0325f53245b6068adaa30fd59504ed9c009231b197bc02aeedf0de6b15fd	گَھیں گَھیں مُعاہدی قلمہ ہِن محفُوظ آں مستند ہُوتھی آں ہو تھی۔		2	0	twenties				mvy	
d57ec64430d08448231ecc1bfa08a0b56cc77c65375376c7794242138d8ac1e5b46275137b7c762131e96d93df9ca7616a27753387bbab19a0b0232128a521de	common_voice_mvy_42380625.mp3	fb87d613fc87828ed01a0fbb1cb2139765bb691f4d935f74e8cd971e6ac49504	سو وخ پان٘ژ نِوان٘زواں نی بنژیان٘س۔		2	0	twenties				mvy	
d57ec64430d08448231ecc1bfa08a0b56cc77c65375376c7794242138d8ac1e5b46275137b7c762131e96d93df9ca7616a27753387bbab19a0b0232128a521de	common_voice_mvy_42380622.mp3	fc646bad8cb096169573bcc668856d93c92a7ad8acfe2a910f02fdc1d056f568	پھیں سار کوستٶں ایک ضِلعہ آن٘سیۡ۔		2	0	twenties				mvy	
d57ec64430d08448231ecc1bfa08a0b56cc77c65375376c7794242138d8ac1e5b46275137b7c762131e96d93df9ca7616a27753387bbab19a0b0232128a521de	common_voice_mvy_42368659.mp3	b29f3b9e619f1e383ca1d08dfa8730e4f3281c65fdae95b1dbd806a8f853ee6e	اسیں بارہ مہ سورت فتح مہ بنژی تھی۔		4	0	twenties				mvy	
d57ec64430d08448231ecc1bfa08a0b56cc77c65375376c7794242138d8ac1e5b46275137b7c762131e96d93df9ca7616a27753387bbab19a0b0232128a521de	common_voice_mvy_42368658.mp3	8ffa039f9ca80c3c7aff937f30630e2e7e5fcca4e9ed96eb8a7b2184ef6bbb8b	بوروۡ ماݜاں کن٘ڑہۡ مہ مسلسل گلَیں ہِن تسیں سو بُوریار ختم ہوگلا تُھو۔		2	0	twenties				mvy	
d57ec64430d08448231ecc1bfa08a0b56cc77c65375376c7794242138d8ac1e5b46275137b7c762131e96d93df9ca7616a27753387bbab19a0b0232128a521de	common_voice_mvy_42368657.mp3	b64087ba5395fd2662a7beda9fa8f41729b04ba9a34b2ba064966268112f1eed	اُو رتہ مہ بئ لُوہہۡ رتاں ذرّیُوں لن٘گھی		2	0	twenties				mvy	
d57ec64430d08448231ecc1bfa08a0b56cc77c65375376c7794242138d8ac1e5b46275137b7c762131e96d93df9ca7616a27753387bbab19a0b0232128a521de	common_voice_mvy_42380621.mp3	1051bffb5746f73179862e0bf2f10d556ce2aeedd9b58aa156156433752d953f	اک انصاری اک مھاجراں ڙھا کیریۡ۔		2	0	twenties				mvy	
d57ec64430d08448231ecc1bfa08a0b56cc77c65375376c7794242138d8ac1e5b46275137b7c762131e96d93df9ca7616a27753387bbab19a0b0232128a521de	common_voice_mvy_42380593.mp3	0b33fb58b484805df9d13576957ab1288d9a994d7a3cf8d394914fba72ec0a60	تے تلاں ترتیب لا سگائ ہِن الفاظواں شکلہ مہ پن٘ڑہ لا لیکیۡ ُتھو۔		2	0	twenties				mvy	
d57ec64430d08448231ecc1bfa08a0b56cc77c65375376c7794242138d8ac1e5b46275137b7c762131e96d93df9ca7616a27753387bbab19a0b0232128a521de	common_voice_mvy_42380579.mp3	ea58317672bce053f464155717a54309dc1321f562629066ffbd1e5e6d008fd0	ساریۡ رال آن٘ڇھیۡ پلیؤں نَیں،		2	0	twenties				mvy	
d57ec64430d08448231ecc1bfa08a0b56cc77c65375376c7794242138d8ac1e5b46275137b7c762131e96d93df9ca7616a27753387bbab19a0b0232128a521de	common_voice_mvy_42368629.mp3	aff84116a81647cc2a4bf9ef85701ad25d80f4be1bb23e07764006ceb3cf833c	ولے ”نی ہول“ کام مُن٘ڈہ نہ سُون٘ݜ نی ہُوئ تُھو۔		2	0	twenties				mvy	
d57ec64430d08448231ecc1bfa08a0b56cc77c65375376c7794242138d8ac1e5b46275137b7c762131e96d93df9ca7616a27753387bbab19a0b0232128a521de	common_voice_mvy_42368626.mp3	72e258aadae158259f8ed695b347940c85fada1db80d9efad86e8d6cbb43dbd1	مُوٹھیُوں مکی زندگی مہ ہُم ڙھاولی ہُوسیۡ		2	0	twenties				mvy	
d57ec64430d08448231ecc1bfa08a0b56cc77c65375376c7794242138d8ac1e5b46275137b7c762131e96d93df9ca7616a27753387bbab19a0b0232128a521de	common_voice_mvy_42368609.mp3	b17c0d9a26e0ee188baf7cf161d566f241916a206c7158cfabf44cf94f2f7996	مالَیں وریں دڑی یاں کریا ہُم ڈاگݩڈی		2	0	twenties				mvy	
d57ec64430d08448231ecc1bfa08a0b56cc77c65375376c7794242138d8ac1e5b46275137b7c762131e96d93df9ca7616a27753387bbab19a0b0232128a521de	common_voice_mvy_42368607.mp3	ab2b068593e1df36e9c59db37a5b1ea62a031ac6a5f242615f5fdf99a43e969c	وختی لا چواری وَیں آن٘ڑیۡ بادام تے الائچی یاں پٹ الُو دگلے		2	0	twenties				mvy	
d57ec64430d08448231ecc1bfa08a0b56cc77c65375376c7794242138d8ac1e5b46275137b7c762131e96d93df9ca7616a27753387bbab19a0b0232128a521de	common_voice_mvy_42368603.mp3	adcb20a32a1a6a41b46e7b4cc7e74f390a0109271acd6c86b087af290ebea79e	پیازاں وے نھیلہ گلے کم لک ہپیم ملاگلے مریضاں کریا پُویائ۔		2	0	twenties				mvy	
d57ec64430d08448231ecc1bfa08a0b56cc77c65375376c7794242138d8ac1e5b46275137b7c762131e96d93df9ca7616a27753387bbab19a0b0232128a521de	common_voice_mvy_42368601.mp3	ba9eb6c1881c9a6f74661509fecd3d4113b5dc30715697579cbd1ad6a2540a92	اسیں لِکان٘لو شمس العالمین کاکاخېل تُھو		2	0	twenties				mvy	
d57ec64430d08448231ecc1bfa08a0b56cc77c65375376c7794242138d8ac1e5b46275137b7c762131e96d93df9ca7616a27753387bbab19a0b0232128a521de	common_voice_mvy_42368555.mp3	b055618cdf9916216dd8caf758e4a69a93699d6a32574bf371244583ccf3da81	صرف رُپئ واں سُوچ دھاؤ کھیں		2	0	twenties				mvy	
d57ec64430d08448231ecc1bfa08a0b56cc77c65375376c7794242138d8ac1e5b46275137b7c762131e96d93df9ca7616a27753387bbab19a0b0232128a521de	common_voice_mvy_42368528.mp3	afc3f27ae45f0a812b97c22645891f1a14b3f12dae0d3f0ef2d7dfcf4c1a63b3	مہ شؤں ہُو تلہ دھرِل		2	0	twenties				mvy	
d57ec64430d08448231ecc1bfa08a0b56cc77c65375376c7794242138d8ac1e5b46275137b7c762131e96d93df9ca7616a27753387bbab19a0b0232128a521de	common_voice_mvy_42380578.mp3	16e8b38190177da8e8c6e487001512dfb07c55307817d38da18782a0b9813706	چھاڑیۡ شروع ہُوی تھی۔		2	0	twenties				mvy	
d57ec64430d08448231ecc1bfa08a0b56cc77c65375376c7794242138d8ac1e5b46275137b7c762131e96d93df9ca7616a27753387bbab19a0b0232128a521de	common_voice_mvy_42368526.mp3	a91adbf2e9773cbeffc6a640a3ded9bdde540438992b0a8190d88f81bd24fe4e	څاں بھا مہ بُٹ کتِیُوک مانݜ تھے؟		2	0	twenties				mvy	
d57ec64430d08448231ecc1bfa08a0b56cc77c65375376c7794242138d8ac1e5b46275137b7c762131e96d93df9ca7616a27753387bbab19a0b0232128a521de	common_voice_mvy_42368524.mp3	8c7be51c671ef8f01a84a21279a7746c6adfc8f791ac54c475f2b99370c9548c	(گتہ ہُم) څاں مہ کم خلکہ شُکُھر کران٘لہ تھہ۔		3	0	twenties				mvy	
d57ec64430d08448231ecc1bfa08a0b56cc77c65375376c7794242138d8ac1e5b46275137b7c762131e96d93df9ca7616a27753387bbab19a0b0232128a521de	common_voice_mvy_42380576.mp3	e063e67e7993001bd5db97e558fe51ad161bce9173215c020d8ee53908b71d3c	بلکےۡ اُو بُٹہۡ خلقئیں اکھٹی ذمہ واری تھی ،		2	0	twenties				mvy	
d57ec64430d08448231ecc1bfa08a0b56cc77c65375376c7794242138d8ac1e5b46275137b7c762131e96d93df9ca7616a27753387bbab19a0b0232128a521de	common_voice_mvy_42380575.mp3	f9743ab357481ad08edeec616fff5bf250c84defed2e10b6cabd86031250057e	تسیں واحداں وزن بچ دھرېلوۡ نی ہو،		2	0	twenties				mvy	
d57ec64430d08448231ecc1bfa08a0b56cc77c65375376c7794242138d8ac1e5b46275137b7c762131e96d93df9ca7616a27753387bbab19a0b0232128a521de	common_voice_mvy_42380557.mp3	eb49b00483c28f989d5488d4d207d9316109262527c3f51bb8f4296b6850e23e	مغرب مہ افغانستان ، جنوب مغرب مہ ایران ملی		2	1	twenties				mvy	
d57ec64430d08448231ecc1bfa08a0b56cc77c65375376c7794242138d8ac1e5b46275137b7c762131e96d93df9ca7616a27753387bbab19a0b0232128a521de	common_voice_mvy_42368504.mp3	a60134a9fe43c6c428faa8e3642b00fecf5ce5ad8b9e3f272394ee6d097b79c6	قَص کرے واجب پھَت کیر کھیں نِوان٘ز نی ہُوئ تھو۔		2	0	twenties				mvy	
d57ec64430d08448231ecc1bfa08a0b56cc77c65375376c7794242138d8ac1e5b46275137b7c762131e96d93df9ca7616a27753387bbab19a0b0232128a521de	common_voice_mvy_42348835.mp3	217facf3fa2230da57dfa706fca9f2756146e15e8b9dccc95d332abf8de0a2a1	ݜس وائرساں چؤر قِسمہ تھو۔		2	0	twenties				mvy	
d57ec64430d08448231ecc1bfa08a0b56cc77c65375376c7794242138d8ac1e5b46275137b7c762131e96d93df9ca7616a27753387bbab19a0b0232128a521de	common_voice_mvy_42368501.mp3	99c905450519f9926b2735bce6b10fc506c2cc2bf2d8ec812704cd2db89f1370	کدُوں پٹ زرتیاں مطابق چھوݩلہ مژ شِشائ۔		2	0	twenties				mvy	
d57ec64430d08448231ecc1bfa08a0b56cc77c65375376c7794242138d8ac1e5b46275137b7c762131e96d93df9ca7616a27753387bbab19a0b0232128a521de	common_voice_mvy_42348838.mp3	104cf60cca8ec708113e88aacdfc683ec2a2415ca0a9c6f7fb7be006af85f25f	کلمہ امامہ ڇا قسمہ تھی، اسم ، فعل ، حرف		2	0	twenties				mvy	
d57ec64430d08448231ecc1bfa08a0b56cc77c65375376c7794242138d8ac1e5b46275137b7c762131e96d93df9ca7616a27753387bbab19a0b0232128a521de	common_voice_mvy_42368493.mp3	b0df41e85b299f0ea81899e21fd3aab7cfac9a7f9683a84e72a41adc603fdc12	پاکستان مہ ہُویں ہَریۡ جدید ٹیکنالوجی نہ		2	0	twenties				mvy	
d57ec64430d08448231ecc1bfa08a0b56cc77c65375376c7794242138d8ac1e5b46275137b7c762131e96d93df9ca7616a27753387bbab19a0b0232128a521de	common_voice_mvy_42348839.mp3	305ebe5915d922e591a82772aa5326d2cb7b095a28addeae9ff845a629f6c7b4	پُوروۡ بدنے رات ڇېلیَیں یاں کام،رال ہو گی دیس،		2	0	twenties				mvy	
d57ec64430d08448231ecc1bfa08a0b56cc77c65375376c7794242138d8ac1e5b46275137b7c762131e96d93df9ca7616a27753387bbab19a0b0232128a521de	common_voice_mvy_42368487.mp3	75d0608c67426fa2c82876065502033174bdcaad6f257b2c8d95d9e17b7a0ac3	عبادات آں احکاماتوَیں بَٹیۡ (مجموعہ) تھی۔		2	0	twenties				mvy	
d57ec64430d08448231ecc1bfa08a0b56cc77c65375376c7794242138d8ac1e5b46275137b7c762131e96d93df9ca7616a27753387bbab19a0b0232128a521de	common_voice_mvy_42348840.mp3	22f9b4a49c3ee4c971d96b1a7ad9fb7e5a828b334d40f5f1709e23beddf4f323	بُبوئ مژ بو تے بُوئ سَیں پچیلیۡ پھئ کھاں بئیل۔		2	0	twenties				mvy	
d57ec64430d08448231ecc1bfa08a0b56cc77c65375376c7794242138d8ac1e5b46275137b7c762131e96d93df9ca7616a27753387bbab19a0b0232128a521de	common_voice_mvy_42348841.mp3	0e06913cb620a7490ea75193827b1e7f668b0c7f7af98e2db64971cf822b2c74	ݜُو عِلماں پورژیلؤں مہ چیرہ بناں تھو		2	1	twenties				mvy	
d57ec64430d08448231ecc1bfa08a0b56cc77c65375376c7794242138d8ac1e5b46275137b7c762131e96d93df9ca7616a27753387bbab19a0b0232128a521de	common_voice_mvy_42348878.mp3	1559499981624ed958e00108fc25f62c97b1bf3cdadfa742fdcf9f2bf6ac2c99	اېک مُوݜے اېک ماݜئیں قیمتی کان٘ڑئ اوک غُرُٹ کرہ گِلیۡ۔		2	0	twenties				mvy	
d57ec64430d08448231ecc1bfa08a0b56cc77c65375376c7794242138d8ac1e5b46275137b7c762131e96d93df9ca7616a27753387bbab19a0b0232128a521de	common_voice_mvy_42368466.mp3	81dedc4d4acd3278becd21d1695ae64c4bb20a6822d898a9bcfb5dd71f0588de	بھاؤ مکمل شڑ ہُوند		3	0	twenties				mvy	
d57ec64430d08448231ecc1bfa08a0b56cc77c65375376c7794242138d8ac1e5b46275137b7c762131e96d93df9ca7616a27753387bbab19a0b0232128a521de	common_voice_mvy_42368457.mp3	a8d4976019077d9a35b3867980379b1c48f12b9a757ae62dc4ad5d73b60e2315	وو ککی می لا حق بنیائ تھی کھیں		2	0	twenties				mvy	
d57ec64430d08448231ecc1bfa08a0b56cc77c65375376c7794242138d8ac1e5b46275137b7c762131e96d93df9ca7616a27753387bbab19a0b0232128a521de	common_voice_mvy_42348883.mp3	303f750a7081472399daf93eea0913e25cce6782d8616d9c69c25f59bfc09d1c	پاتیۡ ݜُو چے طاقتیاں استعمال کرَیں لا پابندی تھی،		2	0	twenties				mvy	
d57ec64430d08448231ecc1bfa08a0b56cc77c65375376c7794242138d8ac1e5b46275137b7c762131e96d93df9ca7616a27753387bbab19a0b0232128a521de	common_voice_mvy_42348886.mp3	1d76a52cb905fe4974dd13dff6973a5177667a26d63e3b0a305af6f426229404	ژر مکمل ختم ہُوئ تھی		2	0	twenties				mvy	
d57ec64430d08448231ecc1bfa08a0b56cc77c65375376c7794242138d8ac1e5b46275137b7c762131e96d93df9ca7616a27753387bbab19a0b0232128a521de	common_voice_mvy_42348891.mp3	21abfefdd76a6fe08e66c9b1c9ab5d37ba68460e3ccbcc42f9a40c213fb7dbff	تُس ݜس ماݜَیں سہہۡ واپس گِنہۡ نی آں تھہ		2	0	twenties				mvy	
d57ec64430d08448231ecc1bfa08a0b56cc77c65375376c7794242138d8ac1e5b46275137b7c762131e96d93df9ca7616a27753387bbab19a0b0232128a521de	common_voice_mvy_42348893.mp3	2b15860361eee151a3f6db0172cf9a672ff207522c789cb23728d7e4b991ff6a	تاں رڇھان٘لاں (رب) نؤں یادی کرہ؛		2	0	twenties				mvy	
d57ec64430d08448231ecc1bfa08a0b56cc77c65375376c7794242138d8ac1e5b46275137b7c762131e96d93df9ca7616a27753387bbab19a0b0232128a521de	common_voice_mvy_42368431.mp3	af99017a0715366d155a23abf20acf6a10c76c3f1c6960a9c151ebcf7eaca5e6	ݜَس اُمید لا چےۡ اِک دِیس اوک		2	0	twenties				mvy	
d57ec64430d08448231ecc1bfa08a0b56cc77c65375376c7794242138d8ac1e5b46275137b7c762131e96d93df9ca7616a27753387bbab19a0b0232128a521de	common_voice_mvy_42368423.mp3	937851e812368b7f0443dd8aa3dfb8d0c8b3fd76f05c5d1f83f325a92491c11c	تے سو مکّے ایلوۡ خو بال نی سن٘دژِلیۡ۔		2	0	twenties				mvy	
d57ec64430d08448231ecc1bfa08a0b56cc77c65375376c7794242138d8ac1e5b46275137b7c762131e96d93df9ca7616a27753387bbab19a0b0232128a521de	common_voice_mvy_42368422.mp3	a5c82841e9bde6ddf24037746a130bc713d85af28f8d658cb8a9c4d04841b949	اڑدېساں وخت نبی کریم ﷺ، حضرت علیؓ گائ		2	0	twenties				mvy	
d57ec64430d08448231ecc1bfa08a0b56cc77c65375376c7794242138d8ac1e5b46275137b7c762131e96d93df9ca7616a27753387bbab19a0b0232128a521de	common_voice_mvy_42348896.mp3	180d5dace46a9bf887dcd8f3006222a51d398c558314f44562ee2aed1d3c34eb	سو ہر ایک کران٘لہ امَیں کرا تُھو		2	0	twenties				mvy	
d57ec64430d08448231ecc1bfa08a0b56cc77c65375376c7794242138d8ac1e5b46275137b7c762131e96d93df9ca7616a27753387bbab19a0b0232128a521de	common_voice_mvy_42348929.mp3	1a3920262fec65f669ce3e940130aa972deaf973705c11f6e329a18771949c6c	یا تاں سو کمہۡ مژ ماہر ہوں		2	1	twenties				mvy	
d57ec64430d08448231ecc1bfa08a0b56cc77c65375376c7794242138d8ac1e5b46275137b7c762131e96d93df9ca7616a27753387bbab19a0b0232128a521de	common_voice_mvy_42348941.mp3	0be109c3e0e1b7555526d644a19fefec9793f79196715054733afefc8663d934	مُو نہ نِوان٘ز گھُرٶں واجب تھُو۔		2	0	twenties				mvy	
d57ec64430d08448231ecc1bfa08a0b56cc77c65375376c7794242138d8ac1e5b46275137b7c762131e96d93df9ca7616a27753387bbab19a0b0232128a521de	common_voice_mvy_42368378.mp3	b036f77eb421b30fa20b3eded335beac31351789ebea301e1da1b3f4c35e04e7	مِیں کِراں اَک جیپ پکار تُھو۔		2	0	twenties				mvy	
d57ec64430d08448231ecc1bfa08a0b56cc77c65375376c7794242138d8ac1e5b46275137b7c762131e96d93df9ca7616a27753387bbab19a0b0232128a521de	common_voice_mvy_42368337.mp3	a5164493e963f2c206ef30bc3e814febbdb59c5f82e5eb1c9f3fd4ddd7a545df	کؤں رِکارڈ چے موجُود تُھو		2	0	twenties				mvy	
d57ec64430d08448231ecc1bfa08a0b56cc77c65375376c7794242138d8ac1e5b46275137b7c762131e96d93df9ca7616a27753387bbab19a0b0232128a521de	common_voice_mvy_42368316.mp3	653d056977cd3fd8912898a93d6d85951ffa08e3cc432996bf7523074961e805	ترولیۡ عربہ وَیں ژؤن٘دُناں بٹھہ آن٘س۔		2	0	twenties				mvy	
d57ec64430d08448231ecc1bfa08a0b56cc77c65375376c7794242138d8ac1e5b46275137b7c762131e96d93df9ca7616a27753387bbab19a0b0232128a521de	common_voice_mvy_42368314.mp3	b209adce0d222df8342a7ff7779d3aca004a6eeced801a3092e64f3665381079	گِشے چے سَحراں دو رکاتی سنت نِوان٘ز ہُوگا۔		2	0	twenties				mvy	
d57ec64430d08448231ecc1bfa08a0b56cc77c65375376c7794242138d8ac1e5b46275137b7c762131e96d93df9ca7616a27753387bbab19a0b0232128a521de	common_voice_mvy_42368309.mp3	b016132a1b35e999d44612fcd5762b2f29e397f2b253b27257aed6d433d410c2	تیں تاں ڙھا گتہ تہ نہ کِھن٘گ کرے تِلا تُھو		2	0	twenties				mvy	
d57ec64430d08448231ecc1bfa08a0b56cc77c65375376c7794242138d8ac1e5b46275137b7c762131e96d93df9ca7616a27753387bbab19a0b0232128a521de	common_voice_mvy_42368304.mp3	b006e7e33acfe74d453176a1e57e5446cdd8e79cfd5eb4bbf0d144e319528e8e	شریعت یا دِیناں قانون ڇِہېں والاں کریا،		3	0	twenties				mvy	
d57ec64430d08448231ecc1bfa08a0b56cc77c65375376c7794242138d8ac1e5b46275137b7c762131e96d93df9ca7616a27753387bbab19a0b0232128a521de	common_voice_mvy_42368274.mp3	ad2e213d5e8d9422391ad609d2a4cf4a8459b62f0d656559b516011b1472601d	ولے اصل سو ڈھیری سو شاناں دھرِلیۡ۔		2	0	twenties				mvy	
d57ec64430d08448231ecc1bfa08a0b56cc77c65375376c7794242138d8ac1e5b46275137b7c762131e96d93df9ca7616a27753387bbab19a0b0232128a521de	common_voice_mvy_42368272.mp3	b23a6a8c8e657f74aa44ca9933868b4a9fb9cd8d9734af0f3380ad56e7cf5a54	اسماں تعریف ݜُو تُھو		2	0	twenties				mvy	
d57ec64430d08448231ecc1bfa08a0b56cc77c65375376c7794242138d8ac1e5b46275137b7c762131e96d93df9ca7616a27753387bbab19a0b0232128a521de	common_voice_mvy_42368271.mp3	ad33f72acccfe63410fca111f49950c7ae59559129e4b03a65a95481ef70b97d	ݜسیں کِریا چے وحی نہ نبی علیہ السلاماں جسم ھُم اَشنا ہو۔		2	0	twenties				mvy	
d57ec64430d08448231ecc1bfa08a0b56cc77c65375376c7794242138d8ac1e5b46275137b7c762131e96d93df9ca7616a27753387bbab19a0b0232128a521de	common_voice_mvy_42368270.mp3	b1b47a78236e75d6cf6ce6220f2f131f540261bedfa8f49eecf7925283eaa630	کوستاں خلک چے مذہبی تھو۔		2	0	twenties				mvy	
d57ec64430d08448231ecc1bfa08a0b56cc77c65375376c7794242138d8ac1e5b46275137b7c762131e96d93df9ca7616a27753387bbab19a0b0232128a521de	common_voice_mvy_42368269.mp3	b5fc4b98857da2a7ce0bdef980a68c120c7cdb6bb0282e0cc6d5921cc8faf825	کَہ اُو ڇین٘ھ آن٘سیۡ کھِیں صِرف بال دَھیٶں تھُو۔		2	0	twenties				mvy	
d57ec64430d08448231ecc1bfa08a0b56cc77c65375376c7794242138d8ac1e5b46275137b7c762131e96d93df9ca7616a27753387bbab19a0b0232128a521de	common_voice_mvy_42348947.mp3	168c8c49584533bc12a55d30bc016b60f960d925e0cf9d978f9ac403c28feba5	بُٹہ تئیں حمدہ لہ گویا		2	0	twenties				mvy	
d57ec64430d08448231ecc1bfa08a0b56cc77c65375376c7794242138d8ac1e5b46275137b7c762131e96d93df9ca7616a27753387bbab19a0b0232128a521de	common_voice_mvy_42348948.mp3	2f3bdfd70845eab6a03207b5350320fd65ecab3437f657fc272b2e3478e99849	اڅھکاݜ کمہۡ (مکروہ تنزیہی)		2	0	twenties				mvy	
d57ec64430d08448231ecc1bfa08a0b56cc77c65375376c7794242138d8ac1e5b46275137b7c762131e96d93df9ca7616a27753387bbab19a0b0232128a521de	common_voice_mvy_42348963.mp3	1c3c02ec53ca6940a250cf16b0b4ed0574ac31aa2a2cf97d09593151ac0f0968	مزی مزی لہ سُوئ گیس مہ تھی		3	0	twenties				mvy	
d57ec64430d08448231ecc1bfa08a0b56cc77c65375376c7794242138d8ac1e5b46275137b7c762131e96d93df9ca7616a27753387bbab19a0b0232128a521de	common_voice_mvy_42348977.mp3	16e76d03a78176d650fbaf453ea983b93e785973a5e60a39ccdd9d805d30b8c4	گِنہۡ چے اسی مہ ماݜ لا کام کرئیں چکس ای تھی۔		2	0	twenties				mvy	
d57ec64430d08448231ecc1bfa08a0b56cc77c65375376c7794242138d8ac1e5b46275137b7c762131e96d93df9ca7616a27753387bbab19a0b0232128a521de	common_voice_mvy_42349015.mp3	2bf543abf0c6cab062c4096ec53b0a43fd2d5dae6cd20d3494d2651a3bca53f8	ہر کال تقریبا اېکُوئ اڑ لاک نہ بُوئ خلکہ		2	0	twenties				mvy	
d57ec64430d08448231ecc1bfa08a0b56cc77c65375376c7794242138d8ac1e5b46275137b7c762131e96d93df9ca7616a27753387bbab19a0b0232128a521de	common_voice_mvy_42349017.mp3	2d03da4e0324eee6f8bfd7b9fc69dc8ce6868282da71f284e5ad4baf892adce3	ݜے دوائ استعمال نیری چے تسی مہ کیفیناں مغدار چو ہو۔		3	0	twenties				mvy	
d57ec64430d08448231ecc1bfa08a0b56cc77c65375376c7794242138d8ac1e5b46275137b7c762131e96d93df9ca7616a27753387bbab19a0b0232128a521de	common_voice_mvy_42380554.mp3	dcfbf3c801acb2137a835df7914f223253c22855ffa503b7f4337c99738d516c	صبر آں قربانیں رن٘گَیں خُوبی پیدا کرؤں چو ضروۡری تُھو،		2	0	twenties				mvy	
d57ec64430d08448231ecc1bfa08a0b56cc77c65375376c7794242138d8ac1e5b46275137b7c762131e96d93df9ca7616a27753387bbab19a0b0232128a521de	common_voice_mvy_42380529.mp3	06fbbbd1173cb9db31b65b49f5295baa38c5bec89c5faf5c767bbe6958fbb997	”او ککی ایلیۡ ای“		2	0	twenties				mvy	
d57ec64430d08448231ecc1bfa08a0b56cc77c65375376c7794242138d8ac1e5b46275137b7c762131e96d93df9ca7616a27753387bbab19a0b0232128a521de	common_voice_mvy_42380513.mp3	fe5c69ba757385e0ed999489a5644b2dd84887ab6cb2df27263e6e1e572cb5cb	معرباں آخر بدل ہُوئ تھو		2	0	twenties				mvy	
d57ec64430d08448231ecc1bfa08a0b56cc77c65375376c7794242138d8ac1e5b46275137b7c762131e96d93df9ca7616a27753387bbab19a0b0232128a521de	common_voice_mvy_42380509.mp3	fe83c06e17a0bc8798a18d4891718728c53ba39de413a2ff29d6683fc898034d	آں ݜتُک من٘ڑنَیں وَلہ ہِن اُپار(طریقہ لا کاروبار)کیریۡ		2	0	twenties				mvy	
d57ec64430d08448231ecc1bfa08a0b56cc77c65375376c7794242138d8ac1e5b46275137b7c762131e96d93df9ca7616a27753387bbab19a0b0232128a521de	common_voice_mvy_42380507.mp3	024160d5b55633d72d1e8b7608aeb290a758ae488a721b0dfeae5a9aede85075	پیال اُتھل کھن٘ڑوَیں کھِن٘گی لا نکی یان٘س،		2	0	twenties				mvy	
d57ec64430d08448231ecc1bfa08a0b56cc77c65375376c7794242138d8ac1e5b46275137b7c762131e96d93df9ca7616a27753387bbab19a0b0232128a521de	common_voice_mvy_42380502.mp3	fda5f4bec1d07636b444807039dbf1b0afe2398adeb20dac99ac9066b0c79c16	کھیں سېں بُٹ بېں یاں کِریا تیار ہُون٘دہۡ،		2	0	twenties				mvy	
d57ec64430d08448231ecc1bfa08a0b56cc77c65375376c7794242138d8ac1e5b46275137b7c762131e96d93df9ca7616a27753387bbab19a0b0232128a521de	common_voice_mvy_42383304.mp3	dfc66e09b0f2c3d07a79c380427eab31f3fe278d3980e587bed319516d4ff360	ای لہ اماں پورژاگ۔		2	0	twenties				mvy	
d57ec64430d08448231ecc1bfa08a0b56cc77c65375376c7794242138d8ac1e5b46275137b7c762131e96d93df9ca7616a27753387bbab19a0b0232128a521de	common_voice_mvy_42383320.mp3	2758596cbd9eb1a08ce58095f8633a98ea0fb59aa0b4688767b7004443e38933	جُماں دېس ݜلاں نِکَیلَ؛		2	0	twenties				mvy	
d57ec64430d08448231ecc1bfa08a0b56cc77c65375376c7794242138d8ac1e5b46275137b7c762131e96d93df9ca7616a27753387bbab19a0b0232128a521de	common_voice_mvy_42383334.mp3	255411bcedb6a10bf58736d72ccb3611a6937f07997804ae237592b9323c9c95	پھوتی تس چپے پاتیُون رُوغ انسان چاپ کھیں تسے گتہ رِن٘گیۡ تھی۔		2	0	twenties				mvy	
d57ec64430d08448231ecc1bfa08a0b56cc77c65375376c7794242138d8ac1e5b46275137b7c762131e96d93df9ca7616a27753387bbab19a0b0232128a521de	common_voice_mvy_42383340.mp3	17a5c89faad8de3a7adceaffe87986db912c53775736733ca490e84103f773d9	ہر وخ ݜے لِیل ہُویان٘س چےۡ دُنئِیں ہر خوشالی		4	0	twenties				mvy	
d57ec64430d08448231ecc1bfa08a0b56cc77c65375376c7794242138d8ac1e5b46275137b7c762131e96d93df9ca7616a27753387bbab19a0b0232128a521de	common_voice_mvy_42383345.mp3	2464262fe3be71fecc4e827a384fa1015f51091ba9c1ec67ec5a19a2c68d6a97	تَوں پیدا کرہ چھے مولا		2	0	twenties				mvy	
d57ec64430d08448231ecc1bfa08a0b56cc77c65375376c7794242138d8ac1e5b46275137b7c762131e96d93df9ca7616a27753387bbab19a0b0232128a521de	common_voice_mvy_42383410.mp3	099aaf926ac23ec0dd6f81c8ec1c3193dee539169325be984abe9e5dadb72eeb	پاکستاں مہ اسیں مثال گی تُھو؟		3	0	twenties				mvy	
d57ec64430d08448231ecc1bfa08a0b56cc77c65375376c7794242138d8ac1e5b46275137b7c762131e96d93df9ca7616a27753387bbab19a0b0232128a521de	common_voice_mvy_42383413.mp3	0e91f1441589b3c86df4be2717edabb38178f179c0feff67c60296867e447c7b	آں مسلمؤں مژ عُبادہ بن صامت نؤں نِکَیلوۡ گھېن٘رو آن٘س۔		2	0	twenties				mvy	
d57ec64430d08448231ecc1bfa08a0b56cc77c65375376c7794242138d8ac1e5b46275137b7c762131e96d93df9ca7616a27753387bbab19a0b0232128a521de	common_voice_mvy_42383414.mp3	23b90a06da1a22f96f9239d2731f769f23b2fc63c5e2b41e25dcdbade4108c07	ادوسَیں شُو ڇھاریاں نی تھُو۔		2	0	twenties				mvy	
d57ec64430d08448231ecc1bfa08a0b56cc77c65375376c7794242138d8ac1e5b46275137b7c762131e96d93df9ca7616a27753387bbab19a0b0232128a521de	common_voice_mvy_42351273.mp3	3adbd93f5bfa4a0af6314d2c4fbe0202e690d033f014eea2328c235b360f5757	بابر ہَساں بِی یان٘س، آں مہ ݜَس تَصُور کَرَمَان٘س		2	0	twenties				mvy	
d57ec64430d08448231ecc1bfa08a0b56cc77c65375376c7794242138d8ac1e5b46275137b7c762131e96d93df9ca7616a27753387bbab19a0b0232128a521de	common_voice_mvy_42351275.mp3	2e5cefadee81f935cb3e57260ea14c72f17289c56dbe559c9e7f5b7cef9f482e	چے سو ژھݩڈاں پن٘ڑہۡ آ گیل تس ہِلاک چاپ۔		2	0	twenties				mvy	
d57ec64430d08448231ecc1bfa08a0b56cc77c65375376c7794242138d8ac1e5b46275137b7c762131e96d93df9ca7616a27753387bbab19a0b0232128a521de	common_voice_mvy_42351276.mp3	3acff9eaa4e9af88481ae2debdacad66a5d701c74b9d5661d66d8fb030251fb4	(اِواں کِریا) اِوَیں خوشی یاں مېوی چھال ہو تھہ۔		2	0	twenties				mvy	
d57ec64430d08448231ecc1bfa08a0b56cc77c65375376c7794242138d8ac1e5b46275137b7c762131e96d93df9ca7616a27753387bbab19a0b0232128a521de	common_voice_mvy_42383425.mp3	f05113f07627aac87d4f886a22aac3c8b9b59e38ab5ca72139fbe0be774f955a	پُھوتی واں جال استعمال کرؤں۔		2	0	twenties				mvy	
d57ec64430d08448231ecc1bfa08a0b56cc77c65375376c7794242138d8ac1e5b46275137b7c762131e96d93df9ca7616a27753387bbab19a0b0232128a521de	common_voice_mvy_42383427.mp3	e6236e23900c3bf9ed5b6f269230f311844af1d85c09506c0bea07cd5d43a22b	اُو جُنوب مہ بحریہ عرب ، جُنوب مغرب مہ خلیج عمان ،		2	0	twenties				mvy	
d57ec64430d08448231ecc1bfa08a0b56cc77c65375376c7794242138d8ac1e5b46275137b7c762131e96d93df9ca7616a27753387bbab19a0b0232128a521de	common_voice_mvy_42383429.mp3	268e8e1cde9abd60479cf116571278ebca35d33359104dd68bb48141350e6b63	اُوندُو سَئی کرہ		2	0	twenties				mvy	
d57ec64430d08448231ecc1bfa08a0b56cc77c65375376c7794242138d8ac1e5b46275137b7c762131e96d93df9ca7616a27753387bbab19a0b0232128a521de	common_voice_mvy_42383431.mp3	1061ac5fba36192d9986e76c2a0621db72c646c756b3d46b437bcb25ea0dc645	کسی لا نصب ہُون٘دوۡ کھیں تسے منصُوب بناں تھہ		2	0	twenties				mvy	
d57ec64430d08448231ecc1bfa08a0b56cc77c65375376c7794242138d8ac1e5b46275137b7c762131e96d93df9ca7616a27753387bbab19a0b0232128a521de	common_voice_mvy_42351343.mp3	2316d8f95001a0cf3969874dc12d30bf55f391489d1355c5fd08113d72a7b497	مرگلئ، چو نہ چو حضرتِ عمرؓ بے تِبیات آن٘س؛		2	0	twenties				mvy	
d57ec64430d08448231ecc1bfa08a0b56cc77c65375376c7794242138d8ac1e5b46275137b7c762131e96d93df9ca7616a27753387bbab19a0b0232128a521de	common_voice_mvy_42383467.mp3	1dbc3b049a32b5669022eb97e1bb822dcb88f73855e2f98fa3e2594dea4a105c	بُنیادی اما رڇھہۡ ترتیبہ تھو۔		2	0	twenties				mvy	
d57ec64430d08448231ecc1bfa08a0b56cc77c65375376c7794242138d8ac1e5b46275137b7c762131e96d93df9ca7616a27753387bbab19a0b0232128a521de	common_voice_mvy_42399623.mp3	8af59c2f0068bea38b2be75ad4d9fc88a2bf34463eebd920db7d491cc2151eb3	دُنئ مہ چےۡ اِوَیں گی کرچھی تسیں بارہ مہ		2	0	twenties				mvy	
d57ec64430d08448231ecc1bfa08a0b56cc77c65375376c7794242138d8ac1e5b46275137b7c762131e96d93df9ca7616a27753387bbab19a0b0232128a521de	common_voice_mvy_42399609.mp3	a9d0e5bd2499f2fd3d9e694687ad425d9249060a827731c8e9fb6d1ea335f07c	پورژیلوَیں ڈَل ہُم نشیل آں ہُم نی ہول بانیۡ تھی۔		2	1	twenties				mvy	
d57ec64430d08448231ecc1bfa08a0b56cc77c65375376c7794242138d8ac1e5b46275137b7c762131e96d93df9ca7616a27753387bbab19a0b0232128a521de	common_voice_mvy_42370247.mp3	be6066ffb742efa81c6fff17b51e5828068941d1cad3cdc267b572c66711b92f	(اېں گتہ ہُم ڈاؤ گھُراں تھہ) کلہۡ چے اِوَیں بنژِلیۡ		2	0	twenties				mvy	
d57ec64430d08448231ecc1bfa08a0b56cc77c65375376c7794242138d8ac1e5b46275137b7c762131e96d93df9ca7616a27753387bbab19a0b0232128a521de	common_voice_mvy_42351404.mp3	346c53037c7fe8afc89b537f2efe747bc50c3dc09c758217a92bc3aec9acc73c	کِھیں تَسیں ٹائم لا علاج کرِگ۔		2	0	twenties				mvy	
d57ec64430d08448231ecc1bfa08a0b56cc77c65375376c7794242138d8ac1e5b46275137b7c762131e96d93df9ca7616a27753387bbab19a0b0232128a521de	common_voice_mvy_42351406.mp3	42fdb020995c7ceeb77bd9b0528318abe8e6f2c49ad626870d46516bf4546b06	ادمہۡ واں مِثال ݜُو ہو تُھو چے		2	0	twenties				mvy	
d57ec64430d08448231ecc1bfa08a0b56cc77c65375376c7794242138d8ac1e5b46275137b7c762131e96d93df9ca7616a27753387bbab19a0b0232128a521de	common_voice_mvy_42398341.mp3	5f49d226606463ad0e671b80d68dde92493c2cb69eac948aeb02f886173ad694	کلہۡ دُو گاڑی اما مہ ٹکر ہُوگلے مالی نُقصان		3	1	twenties				mvy	
d57ec64430d08448231ecc1bfa08a0b56cc77c65375376c7794242138d8ac1e5b46275137b7c762131e96d93df9ca7616a27753387bbab19a0b0232128a521de	common_voice_mvy_42398328.mp3	b78a33c078ab6abfbb63647093428549cf9cfe6ae8986fba063614f0cde8e0bb	اسی ہِن اکثرمریضؤں لا ژر نی اےتھی۔		2	0	twenties				mvy	
d57ec64430d08448231ecc1bfa08a0b56cc77c65375376c7794242138d8ac1e5b46275137b7c762131e96d93df9ca7616a27753387bbab19a0b0232128a521de	common_voice_mvy_42398327.mp3	b691880a125b1f0f570043c8519d89a89cced126f29cb2712b0681bc56f25462	وریۡ مہ دڑ آں اوکیۡ۔		2	0	twenties				mvy	
d57ec64430d08448231ecc1bfa08a0b56cc77c65375376c7794242138d8ac1e5b46275137b7c762131e96d93df9ca7616a27753387bbab19a0b0232128a521de	common_voice_mvy_42351447.mp3	3283d133e5742365bc64c8fe392e386aa624c78f030decca946d319375cf3e1d	اُو اللہ پاکاں ڇِہیلوۡ سو کتاب تُھُو		2	0	twenties				mvy	
d57ec64430d08448231ecc1bfa08a0b56cc77c65375376c7794242138d8ac1e5b46275137b7c762131e96d93df9ca7616a27753387bbab19a0b0232128a521de	common_voice_mvy_42398319.mp3	8abde5ed8ab76ec8ffc6430ee9261bcd1c730641d91b9a3338e3ee238fe7572a	بھݩگارہ چو کم استعمال کراتھہ۔		2	0	twenties				mvy	
d57ec64430d08448231ecc1bfa08a0b56cc77c65375376c7794242138d8ac1e5b46275137b7c762131e96d93df9ca7616a27753387bbab19a0b0232128a521de	common_voice_mvy_42398304.mp3	bbb6573c8f7c196ac0eec42a8487b2f8674a4cfdfce06091215027cbf67383af	مثال اسیں ݜے تُھو چے مُت ماݜاں		2	0	twenties				mvy	
d57ec64430d08448231ecc1bfa08a0b56cc77c65375376c7794242138d8ac1e5b46275137b7c762131e96d93df9ca7616a27753387bbab19a0b0232128a521de	common_voice_mvy_42398297.mp3	92c2afda18607087cb7f0d316f7adaa2889d9f873ac5b81a128443503722caa7	تاں تال لا ہُم رِݩگائ کھیں ݜِݜَیں دڑ کم ہوتھی۔		2	0	twenties				mvy	
d57ec64430d08448231ecc1bfa08a0b56cc77c65375376c7794242138d8ac1e5b46275137b7c762131e96d93df9ca7616a27753387bbab19a0b0232128a521de	common_voice_mvy_42398283.mp3	a8943e3163c9760aa0d348dd6a1a37047224195754fa72d0b23b43003a361e3c	تِلیۡ لُوں اُگُھروۡ اېک قِسمہ کاں		2	0	twenties				mvy	
d57ec64430d08448231ecc1bfa08a0b56cc77c65375376c7794242138d8ac1e5b46275137b7c762131e96d93df9ca7616a27753387bbab19a0b0232128a521de	common_voice_mvy_42398281.mp3	4fe139d98277faa7a0f1f1c5bcd179d1748c173acf96625f472cc4806a606ddf	ݜُو بھا مِیں تُھو۔		2	1	twenties				mvy	
d57ec64430d08448231ecc1bfa08a0b56cc77c65375376c7794242138d8ac1e5b46275137b7c762131e96d93df9ca7616a27753387bbab19a0b0232128a521de	common_voice_mvy_42398280.mp3	a1e6d67877593ac18d30c5e538c8ab9f3ace137d9afef363817aa458bd263c6c	ساموٹھیۡ وار 'بٹہ وَیں گَھیں رِزی' منجنیقاں استعمال ہُون٘دوۡ:		2	1	twenties				mvy	
d57ec64430d08448231ecc1bfa08a0b56cc77c65375376c7794242138d8ac1e5b46275137b7c762131e96d93df9ca7616a27753387bbab19a0b0232128a521de	common_voice_mvy_42398279.mp3	a8cea88acac4e91d7d1bf3355baa1d4bb1d48ed9a78da88c28a7ec395b5601cf	مہ ساتُو اَئیڑ تل اِسکُلے بَیت۔		2	0	twenties				mvy	
d57ec64430d08448231ecc1bfa08a0b56cc77c65375376c7794242138d8ac1e5b46275137b7c762131e96d93df9ca7616a27753387bbab19a0b0232128a521de	common_voice_mvy_42351550.mp3	231128a688ae139ab9b07a104aa327f828b744f7adffb4d49c4b77521c1ed917	لفظی معنہ سخت طاقتیاں کام یا محنت کرؤں		2	0	twenties				mvy	
d57ec64430d08448231ecc1bfa08a0b56cc77c65375376c7794242138d8ac1e5b46275137b7c762131e96d93df9ca7616a27753387bbab19a0b0232128a521de	common_voice_mvy_42351555.mp3	3e43d6a15f28a9052e5f427479d86ee5a9f2a3ef20e231fc903cf669e66e5f00	آں حَجاں دھرېل ادمہ (ارکان) مُچاؤ		2	0	twenties				mvy	
d57ec64430d08448231ecc1bfa08a0b56cc77c65375376c7794242138d8ac1e5b46275137b7c762131e96d93df9ca7616a27753387bbab19a0b0232128a521de	common_voice_mvy_42351562.mp3	35d2d6b39d0fa3b63b02002e8cdeb670faea2865e37dfe895e96e866cc14f4cc	ݜُو وختہ نبی علیہ سلامے اېک چاور صحابی		2	0	twenties				mvy	
d57ec64430d08448231ecc1bfa08a0b56cc77c65375376c7794242138d8ac1e5b46275137b7c762131e96d93df9ca7616a27753387bbab19a0b0232128a521de	common_voice_mvy_42398266.mp3	b7e319d5e99bc776cd1228ef558e005a16ceefa7d72493f9832f0e8dca0b3e6d	اُصول فِقہ سُو پوہہۡ تھی (عِلم تھُو) چےکسی مہ		2	0	twenties				mvy	
d57ec64430d08448231ecc1bfa08a0b56cc77c65375376c7794242138d8ac1e5b46275137b7c762131e96d93df9ca7616a27753387bbab19a0b0232128a521de	common_voice_mvy_42398264.mp3	bbe2442f75767c8ab4cbe5e53c8cc5aa28494656ffd431ec75702d323ba4a6ca	اِواں رڇھان٘لہ نخہۡ ایل کھیں اېں تسی لا کان٘ڑ رپ نېراں تھہ۔		3	0	twenties				mvy	
d57ec64430d08448231ecc1bfa08a0b56cc77c65375376c7794242138d8ac1e5b46275137b7c762131e96d93df9ca7616a27753387bbab19a0b0232128a521de	common_voice_mvy_42397581.mp3	afa13f7594a05685289267cd3dc0a17067baaa950059300b2606fa98ee266d85	ݜے نبی علیہ السلام بُٹیۡ غلطیوں نہ معصوم ہُوۡن٘دوۡ۔		2	0	twenties				mvy	
d57ec64430d08448231ecc1bfa08a0b56cc77c65375376c7794242138d8ac1e5b46275137b7c762131e96d93df9ca7616a27753387bbab19a0b0232128a521de	common_voice_mvy_42397561.mp3	373347f8580a74f184fc0020a0349acc716f863b86464e55aaa97ce2d216cf4a	شکی نہ بېل بِتُس اللہ پاکاں مال تھہ آں تسے پاتُو گُھرا تھہ۔		2	0	twenties				mvy	
d57ec64430d08448231ecc1bfa08a0b56cc77c65375376c7794242138d8ac1e5b46275137b7c762131e96d93df9ca7616a27753387bbab19a0b0232128a521de	common_voice_mvy_42351625.mp3	47536a8e18ce2a9c20b038f723ef4dabbeb3aa9b0d30cbd237a38a21bb279969	کھیں تسیں حُکم بِڅَیں ݜسی لا رِن٘گاؤ		2	0	twenties				mvy	
d57ec64430d08448231ecc1bfa08a0b56cc77c65375376c7794242138d8ac1e5b46275137b7c762131e96d93df9ca7616a27753387bbab19a0b0232128a521de	common_voice_mvy_42397546.mp3	a624677426dfef1c260615c219a97c09ea025de135f968e1edc29362b62de799	دُو یا ڇا قطری کن٘ڑہۡ مہ گلی۔		2	0	twenties				mvy	
d57ec64430d08448231ecc1bfa08a0b56cc77c65375376c7794242138d8ac1e5b46275137b7c762131e96d93df9ca7616a27753387bbab19a0b0232128a521de	common_voice_mvy_42397545.mp3	9ed2d0d149877a3832ac6c7aeabd666454d73e26463a37b2065819544a7c22af	سیوں بے سامٹَھیں ایک شِکل گلے څَیں پَشا تھہ،		3	0	twenties				mvy	
d57ec64430d08448231ecc1bfa08a0b56cc77c65375376c7794242138d8ac1e5b46275137b7c762131e96d93df9ca7616a27753387bbab19a0b0232128a521de	common_voice_mvy_42397533.mp3	a34fbd82c644272e4889d2b1e074510942088c37bb5a36c1eeb920ea102c4eda	ترتیب ہِن ادُوس کَرٶں سنت تھُو۔		3	0	twenties				mvy	
d57ec64430d08448231ecc1bfa08a0b56cc77c65375376c7794242138d8ac1e5b46275137b7c762131e96d93df9ca7616a27753387bbab19a0b0232128a521de	common_voice_mvy_42397531.mp3	4f96c3c9915d381f0992206fb4d74680ef876aa71f232e5ad9662fae60ea42e3	اٹھؤں ہجری مہ اېک وار اوک بنُو بکرے،		2	0	twenties				mvy	
d57ec64430d08448231ecc1bfa08a0b56cc77c65375376c7794242138d8ac1e5b46275137b7c762131e96d93df9ca7616a27753387bbab19a0b0232128a521de	common_voice_mvy_42351672.mp3	2e6dde0a6e82d823e86e6e459fb16cbd3635155ce2c515430f5b2ecf5817efeb	مالاں ڇھیرچئی رئیاں دن اُڑُد ڇھیرہ مژ کِݜی گېل		2	0	twenties				mvy	
d57ec64430d08448231ecc1bfa08a0b56cc77c65375376c7794242138d8ac1e5b46275137b7c762131e96d93df9ca7616a27753387bbab19a0b0232128a521de	common_voice_mvy_42397518.mp3	b0eaeac7bf41ca784b6a4d88adc777d1358fb40b10a4fc514a2c443218478d55	شرلُک خېرات اڅھک سکہ نہ من٘ڑنئ ہُوئ تُھو ۔		2	1	twenties				mvy	
d57ec64430d08448231ecc1bfa08a0b56cc77c65375376c7794242138d8ac1e5b46275137b7c762131e96d93df9ca7616a27753387bbab19a0b0232128a521de	common_voice_mvy_42397511.mp3	7e02be82af5a6eb6c23bf2d8d19162056015d9c0289f049647976093e78a583b	کھسر ایک ݜُو شاناں بیماری تھی		2	1	twenties				mvy	
d57ec64430d08448231ecc1bfa08a0b56cc77c65375376c7794242138d8ac1e5b46275137b7c762131e96d93df9ca7616a27753387bbab19a0b0232128a521de	common_voice_mvy_42397503.mp3	a9b53ee073cc36ceddf5c8e004fa6ffffd114bee95e01e13cbadb8ab43ee8642	آں اُو آبادیاں لحاظ ہِن دُنئ یاں پن٘ژؤں بُٹؤں نہ گھو مُلک تُھو،		2	0	twenties				mvy	
d57ec64430d08448231ecc1bfa08a0b56cc77c65375376c7794242138d8ac1e5b46275137b7c762131e96d93df9ca7616a27753387bbab19a0b0232128a521de	common_voice_mvy_42351710.mp3	1c60d7d76fbf5ce6fb52e35dd519253981c8da273518529e7d9d6a5e9f2f0965	ولے ہُویں گتہ بِگتُک غلطی دھریلیۡ ہو تھی،		2	0	twenties				mvy	
d57ec64430d08448231ecc1bfa08a0b56cc77c65375376c7794242138d8ac1e5b46275137b7c762131e96d93df9ca7616a27753387bbab19a0b0232128a521de	common_voice_mvy_42351711.mp3	3803ac900268da37f267fafb9c72d2635d2219084ec47225ecf4c146d06cbf0a	لن٘گھېل ݜېوں مہ فرق کرؤں گِران ہُوئ تُھو،		2	0	twenties				mvy	
d57ec64430d08448231ecc1bfa08a0b56cc77c65375376c7794242138d8ac1e5b46275137b7c762131e96d93df9ca7616a27753387bbab19a0b0232128a521de	common_voice_mvy_42351714.mp3	3f34727d4777bbf6c938e2df9043a8c022dde4357c0ce6bc01f2f071e25aad8f	دھان٘کؤں گائ چھترئ آن٘سیۡ		2	0	twenties				mvy	
d57ec64430d08448231ecc1bfa08a0b56cc77c65375376c7794242138d8ac1e5b46275137b7c762131e96d93df9ca7616a27753387bbab19a0b0232128a521de	common_voice_mvy_42397471.mp3	a62ca1a2619e20e0c8fa535ff1f9152172fc46ccaa358490a12d3ea651ff8665	تروالیۡ تے مُت اسلحہ پھت کرے روان ہُوگے؛		2	0	twenties				mvy	
d57ec64430d08448231ecc1bfa08a0b56cc77c65375376c7794242138d8ac1e5b46275137b7c762131e96d93df9ca7616a27753387bbab19a0b0232128a521de	common_voice_mvy_42397465.mp3	b2715f7b29e0c1bc21d0b275d15c852a4648bc934cbde799d6581fdc9537d8f0	تلاں مُوٹُھو قاب قوسین ہاریۡ نبی علیہ السلام کیالو بَیلوۡ،		2	1	twenties				mvy	
d57ec64430d08448231ecc1bfa08a0b56cc77c65375376c7794242138d8ac1e5b46275137b7c762131e96d93df9ca7616a27753387bbab19a0b0232128a521de	common_voice_mvy_42351745.mp3	485698a7b117f12fcc783fcb611192bc21f83e5d9fade054be16f10d00dceec1	آژ بلال لہ دُنئ ڈیجیٹل ٹیکنالوجی تے روبوٹک لا شفٹ ہوتھی،		2	0	twenties				mvy	
d57ec64430d08448231ecc1bfa08a0b56cc77c65375376c7794242138d8ac1e5b46275137b7c762131e96d93df9ca7616a27753387bbab19a0b0232128a521de	common_voice_mvy_42397464.mp3	a47671ff95e460f87182108dc7b4d0084f5c257b1be9214704748acaff366815	چو سُوچہ نہ پتَیں سِوَیں بانیۡ		2	0	twenties				mvy	
d57ec64430d08448231ecc1bfa08a0b56cc77c65375376c7794242138d8ac1e5b46275137b7c762131e96d93df9ca7616a27753387bbab19a0b0232128a521de	common_voice_mvy_42397451.mp3	b0ee9e8220f2d262acd892b67bb82701b0f9347057d350baf56a90020fa3669a	مُوٹُھو نِوان٘زاں مہ ݜتُک پکوۡ نی آن٘س		3	1	twenties				mvy	
d57ec64430d08448231ecc1bfa08a0b56cc77c65375376c7794242138d8ac1e5b46275137b7c762131e96d93df9ca7616a27753387bbab19a0b0232128a521de	common_voice_mvy_42397439.mp3	b1c8eba2711f49e05c573b5b231ad30723435a00c86742c590ac103c7a9c569f	ݜُو ہم اللہ پاکَیں ذات تھی۔		2	1	twenties				mvy	
d57ec64430d08448231ecc1bfa08a0b56cc77c65375376c7794242138d8ac1e5b46275137b7c762131e96d93df9ca7616a27753387bbab19a0b0232128a521de	common_voice_mvy_42397437.mp3	a9c4dd25c2b64d06a9d6f7978d69084159a50b3da026cab51d4ce72f1a8090b5	چےۡ دین تے دُنَیں بھژدُویُوں واں تعلیم حاصل کراں۔		2	0	twenties				mvy	
d57ec64430d08448231ecc1bfa08a0b56cc77c65375376c7794242138d8ac1e5b46275137b7c762131e96d93df9ca7616a27753387bbab19a0b0232128a521de	common_voice_mvy_42377713.mp3	f762c5a49604b6c860cb13f457dc87be0060bd59ba0b87632314df6a5e43d029	چےۡ گولہ ہُوۡیں نبیؐ ایں جُماتھ تھی (مسجد نبوی)۔		2	0	twenties				mvy	
d57ec64430d08448231ecc1bfa08a0b56cc77c65375376c7794242138d8ac1e5b46275137b7c762131e96d93df9ca7616a27753387bbab19a0b0232128a521de	common_voice_mvy_42377712.mp3	e2cb3a99d929cd8017923cf42a4d9a7d5035f6565253af2fba18ef95882014c5	اسی نہ بغیر فِقہ لا پوہ ہوں مُستَبعد تُھو۔		2	0	twenties				mvy	
d57ec64430d08448231ecc1bfa08a0b56cc77c65375376c7794242138d8ac1e5b46275137b7c762131e96d93df9ca7616a27753387bbab19a0b0232128a521de	common_voice_mvy_42377711.mp3	fd6849cbd7a8f71e5ce5a687e4e2cfd55fe4d566ae46baf245b68afb605edf27	ایک یا دُو وار استعمال ہِن بادی دڑی ختُم ہوتھی۔		2	0	twenties				mvy	
d57ec64430d08448231ecc1bfa08a0b56cc77c65375376c7794242138d8ac1e5b46275137b7c762131e96d93df9ca7616a27753387bbab19a0b0232128a521de	common_voice_mvy_42351811.mp3	3dfd37b3398d6ce673e1670850490deb56653c66c534b4c99dcd30347592f85f	ݜَیں مریضؤں مہ چے مریض ݜے آن٘س		2	0	twenties				mvy	
d57ec64430d08448231ecc1bfa08a0b56cc77c65375376c7794242138d8ac1e5b46275137b7c762131e96d93df9ca7616a27753387bbab19a0b0232128a521de	common_voice_mvy_42351814.mp3	46634f66cce4dd88a5f70dd84c983d42fb80c0fa4828ed0afda32acdb48d66f3	یا ماران٘لہ زَیں حوالہ کری،		2	0	twenties				mvy	
d57ec64430d08448231ecc1bfa08a0b56cc77c65375376c7794242138d8ac1e5b46275137b7c762131e96d93df9ca7616a27753387bbab19a0b0232128a521de	common_voice_mvy_42351818.mp3	2350e039cc3b9bd0d58b75191081496e8f96b3239bd3938dc61c92bb2a9bd991	دَڇھیں ہَتہۡ ہِن نسُور کھَݜ کَرٶں اڅھَکوۡ تھو۔		2	0	twenties				mvy	
d57ec64430d08448231ecc1bfa08a0b56cc77c65375376c7794242138d8ac1e5b46275137b7c762131e96d93df9ca7616a27753387bbab19a0b0232128a521de	common_voice_mvy_42351819.mp3	07b986604ea3f7d045c8df2b016dab24743a5e5a7564a2b8354376000c1a8ad5	مے تَیں حالتی لا اَمیں ہَاسیۡ اِیلیۡ،		2	0	twenties				mvy	
d57ec64430d08448231ecc1bfa08a0b56cc77c65375376c7794242138d8ac1e5b46275137b7c762131e96d93df9ca7616a27753387bbab19a0b0232128a521de	common_voice_mvy_42351820.mp3	448afdc7372b0460b712f6659b69d0a49af96329c86ab8353ec8878f0b15b45b	آں بِڅَیں یاری دوستی خَتُم،		2	0	twenties				mvy	
d57ec64430d08448231ecc1bfa08a0b56cc77c65375376c7794242138d8ac1e5b46275137b7c762131e96d93df9ca7616a27753387bbab19a0b0232128a521de	common_voice_mvy_42377688.mp3	e312c607d6f7c70d9ee3fff81f25577a0eba026cb76c3d1556178f417321b708	آں ݜُو رُومال قدر ݜُون٘دہ ڇیلی تھی۔		3	0	twenties				mvy	
d57ec64430d08448231ecc1bfa08a0b56cc77c65375376c7794242138d8ac1e5b46275137b7c762131e96d93df9ca7616a27753387bbab19a0b0232128a521de	common_voice_mvy_42377687.mp3	f21047012a7f1180a583c642362a956ea9cfedd8b13f6a932766713bf7d62af8	آں اَرگٹ ہُون٘دُوں حُکُم نشیۡ تھُو۔		2	0	twenties				mvy	
d57ec64430d08448231ecc1bfa08a0b56cc77c65375376c7794242138d8ac1e5b46275137b7c762131e96d93df9ca7616a27753387bbab19a0b0232128a521de	common_voice_mvy_42377686.mp3	fd407dd5c4132873ad31b473b48a7962edfaeea2f5a2846551fb3b56fe4e21c7	کھیں اُو جسِم تت دھرئیں کوشش کرا تُھو۔		2	0	twenties				mvy	
d57ec64430d08448231ecc1bfa08a0b56cc77c65375376c7794242138d8ac1e5b46275137b7c762131e96d93df9ca7616a27753387bbab19a0b0232128a521de	common_voice_mvy_42377685.mp3	f6fbb0d308ddc34a71593a90f3fdacd0cba53a50813787829fa37e28697180d3	څَورُو اَئیڑ بج تھی۔		2	0	twenties				mvy	
d57ec64430d08448231ecc1bfa08a0b56cc77c65375376c7794242138d8ac1e5b46275137b7c762131e96d93df9ca7616a27753387bbab19a0b0232128a521de	common_voice_mvy_42397409.mp3	ab5d601103aa66c27a47a60ea20a8eaf7bb95a9c78d73ea38cf792510a966364	حبشہ آں مصر تے مُت باچھاواں کریا لِکېلَس۔		2	0	twenties				mvy	
d57ec64430d08448231ecc1bfa08a0b56cc77c65375376c7794242138d8ac1e5b46275137b7c762131e96d93df9ca7616a27753387bbab19a0b0232128a521de	common_voice_mvy_42377663.mp3	fa4bb0833ddb3c8602f302437e08af5f7aecfaac39619a7079c6725ab85ba428	پېغمری مِلَیں یاں دشؤں کالہ لا مِعراجَیں سو چئ گھَیں واقعہ ہُوۡن٘دیۡ۔		2	0	twenties				mvy	
d57ec64430d08448231ecc1bfa08a0b56cc77c65375376c7794242138d8ac1e5b46275137b7c762131e96d93df9ca7616a27753387bbab19a0b0232128a521de	common_voice_mvy_42377662.mp3	a8fd36c4b9d14fc7864f8629f67bb1aac5f35bb4ad83a9f74c48891ca0dff6ed	نِوان٘زے اُولی ہویں ہِن نِوان٘زے شریۡ تھُو۔		2	1	twenties				mvy	
d57ec64430d08448231ecc1bfa08a0b56cc77c65375376c7794242138d8ac1e5b46275137b7c762131e96d93df9ca7616a27753387bbab19a0b0232128a521de	common_voice_mvy_42377659.mp3	e9ae2e6b18b460a585f659b8056bcdaa2de1e1537c3b20ec556f7c5f0cbafa12	شریعتیاں مُون٘ڈہۡ واں مطالعہ کرے		2	0	twenties				mvy	
d57ec64430d08448231ecc1bfa08a0b56cc77c65375376c7794242138d8ac1e5b46275137b7c762131e96d93df9ca7616a27753387bbab19a0b0232128a521de	common_voice_mvy_42377657.mp3	e6fed6fd2a221028e0154c08acce5b968f7cf726e16dc5fa7c9d596c0bd4853d	تسِیں علِم ہوں پکار تُھو۔		2	0	twenties				mvy	
d57ec64430d08448231ecc1bfa08a0b56cc77c65375376c7794242138d8ac1e5b46275137b7c762131e96d93df9ca7616a27753387bbab19a0b0232128a521de	common_voice_mvy_42397408.mp3	918d4578af54f9eb15d17e7a86a8d60f87c1f689267910654127ac9567e5edf4	آں اسیں صیح تربیت کرٶں مھالیۡ مھالَیں ذمہ واری تھی۔		2	0	twenties				mvy	
d57ec64430d08448231ecc1bfa08a0b56cc77c65375376c7794242138d8ac1e5b46275137b7c762131e96d93df9ca7616a27753387bbab19a0b0232128a521de	common_voice_mvy_42384605.mp3	2f9bba52ae8c69d3036a909a6746bec03a5cb35c4f6a324a734a1bb9221ec4b1	گِنہۡ چے کلہۡ کلہۡ سامُوٹھیۡ یا دُوئیں سُویں رِن٘گاؤ کھیں		2	0	twenties				mvy	
d57ec64430d08448231ecc1bfa08a0b56cc77c65375376c7794242138d8ac1e5b46275137b7c762131e96d93df9ca7616a27753387bbab19a0b0232128a521de	common_voice_mvy_42377638.mp3	cfc34ae14b526b2c64614d545b0d7f4bb9bb69c12c084abdaa02f4fc0e7e2f0d	چئ کؤشیشہ کیریۡ ولے سِواں کِریا نیۡ ڇؤژِلوۡ۔		2	0	twenties				mvy	
d57ec64430d08448231ecc1bfa08a0b56cc77c65375376c7794242138d8ac1e5b46275137b7c762131e96d93df9ca7616a27753387bbab19a0b0232128a521de	common_voice_mvy_42377637.mp3	f8bf1d2e22b3bf3784d9de5b1c59f3061f91c0ff33b828dbb78f6b42eff2c229	بُٹیۡ دنئ واں ربَیں طرفی نہ مِنی وئ (نازل ہُو) تُھو۔		2	0	twenties				mvy	
d57ec64430d08448231ecc1bfa08a0b56cc77c65375376c7794242138d8ac1e5b46275137b7c762131e96d93df9ca7616a27753387bbab19a0b0232128a521de	common_voice_mvy_42377636.mp3	da798e84d401c77529557577da2c7d595c9ea938467f4ec883759f1a4780eac6	ݜس رُمالی وَیں نھالہ		3	0	twenties				mvy	
d57ec64430d08448231ecc1bfa08a0b56cc77c65375376c7794242138d8ac1e5b46275137b7c762131e96d93df9ca7616a27753387bbab19a0b0232128a521de	common_voice_mvy_42377630.mp3	e276c95f1a42b074a2a19c134f67019b8bf55b5b2dc5ce43c115f279e99eb293	تِئیں کِراں گی پکار تُھو؟		2	1	twenties				mvy	
d57ec64430d08448231ecc1bfa08a0b56cc77c65375376c7794242138d8ac1e5b46275137b7c762131e96d93df9ca7616a27753387bbab19a0b0232128a521de	common_voice_mvy_42377623.mp3	f4613520a9b1b4915463eaf7b7fddfb61feb9de5aa0f1a075b40b2970e580f70	ݜَس وجہۡ ہِن اکثر قُدرتی آفاتواں زد مہ ای تُھو۔		2	0	twenties				mvy	
d57ec64430d08448231ecc1bfa08a0b56cc77c65375376c7794242138d8ac1e5b46275137b7c762131e96d93df9ca7616a27753387bbab19a0b0232128a521de	common_voice_mvy_42377616.mp3	f9f4591f28dd08552f273dd6e1700c76ce7faaa8729c051eb1969aeceeca90a4	الُوی طرفی نہ ریاستیاں وکیل چے کسی لا ورانی گُھرژِی تھی		3	0	twenties				mvy	
d57ec64430d08448231ecc1bfa08a0b56cc77c65375376c7794242138d8ac1e5b46275137b7c762131e96d93df9ca7616a27753387bbab19a0b0232128a521de	common_voice_mvy_42377615.mp3	e71bc2e80c9e4759aa7737a4ac4cc9f5fa9f72588377b22c2b1f89bfe9dd7026	شراب ہُم نشہ کرے عقل بے کار کیریان٘س		2	0	twenties				mvy	
d57ec64430d08448231ecc1bfa08a0b56cc77c65375376c7794242138d8ac1e5b46275137b7c762131e96d93df9ca7616a27753387bbab19a0b0232128a521de	common_voice_mvy_42377614.mp3	f0efb3ab4d00d60f4fb7323c2ada537de5ce7c3cf2db57cf9eb735f94f456fa7	دُوۡبیۡش کالہ واں عمرہ مہ نبی علیہ السلام غارِ حرا مَژ عِبادت کیریان٘س؛		2	0	twenties				mvy	
d57ec64430d08448231ecc1bfa08a0b56cc77c65375376c7794242138d8ac1e5b46275137b7c762131e96d93df9ca7616a27753387bbab19a0b0232128a521de	common_voice_mvy_42397407.mp3	9d965965281aae0f2cd5159771f7a7d26895a8d67cb910a5717c680113ca2c4e	اللہ پاک کؤں تُھو؟		2	0	twenties				mvy	
d57ec64430d08448231ecc1bfa08a0b56cc77c65375376c7794242138d8ac1e5b46275137b7c762131e96d93df9ca7616a27753387bbab19a0b0232128a521de	common_voice_mvy_42397505.mp3	6643469130f7193b29b55322b88d985ec38f22890c5baaa039af3aebdad71db4	اندازہ کری چے کائناتاں خالق قلماں سگان دی تُھو۔		2	0	twenties				mvy	
d57ec64430d08448231ecc1bfa08a0b56cc77c65375376c7794242138d8ac1e5b46275137b7c762131e96d93df9ca7616a27753387bbab19a0b0232128a521de	common_voice_mvy_42397394.mp3	6a62e39d25d4b34a65af8533050e30850dec4c09960edb4ef8d73ed31f7159b7	کھیں اسے ہم اُببل زکہ گلے تُو وے ملی کھیائ،		3	0	twenties				mvy	
d57ec64430d08448231ecc1bfa08a0b56cc77c65375376c7794242138d8ac1e5b46275137b7c762131e96d93df9ca7616a27753387bbab19a0b0232128a521de	common_voice_mvy_42397391.mp3	9b8b4973012979f97059c4887616b017df26f42d1532bd9bbddd222f698bb818	سو ﷺ ذی قعدَیں پان٘ژُوئ بیۡشَیں لا مدینہ نہ روان ہُون٘دوۡ؛		2	0	twenties				mvy	
d57ec64430d08448231ecc1bfa08a0b56cc77c65375376c7794242138d8ac1e5b46275137b7c762131e96d93df9ca7616a27753387bbab19a0b0232128a521de	common_voice_mvy_42397376.mp3	466bc8145595643a3c468f2d7d02f89be80b00c3a3101ec8fd80cc128bf80291	آں ݜُو طاقت اِوَیں یُو اېنا آرٹیکل نمبر ساتوئیں بیشاں تحت حاصل تھی۔		2	1	twenties				mvy	
d57ec64430d08448231ecc1bfa08a0b56cc77c65375376c7794242138d8ac1e5b46275137b7c762131e96d93df9ca7616a27753387bbab19a0b0232128a521de	common_voice_mvy_42397375.mp3	950d0f33d1f49bee8ed76a0206d6d4d0664a0b5b9da20a83955ef5bc01daf068	گُلو گُلزار تُھو اُو مثلِ جنّت		2	0	twenties				mvy	
d57ec64430d08448231ecc1bfa08a0b56cc77c65375376c7794242138d8ac1e5b46275137b7c762131e96d93df9ca7616a27753387bbab19a0b0232128a521de	common_voice_mvy_42397373.mp3	a76621a5777a43ca00c31fcc300084f27462e105b2985a796fe6cf9ab5a584af	او بُوئ مِیں باد ای تھی مہ گی کرم؟		2	0	twenties				mvy	
d57ec64430d08448231ecc1bfa08a0b56cc77c65375376c7794242138d8ac1e5b46275137b7c762131e96d93df9ca7616a27753387bbab19a0b0232128a521de	common_voice_mvy_42357001.mp3	4b9982ea924617c6664c7a1d8aa1e8f2fedacce088124761bfdd6f5e2a2ac906	ذاتی قانُون گی تُھو؟		2	0	twenties				mvy	
d57ec64430d08448231ecc1bfa08a0b56cc77c65375376c7794242138d8ac1e5b46275137b7c762131e96d93df9ca7616a27753387bbab19a0b0232128a521de	common_voice_mvy_42357004.mp3	4e9deb3f322f56a00856edafe56a2634d17d09ab94edd51f86436143574e97fb	ایک مشہُور حکیم بانیۡ تُھو چے		3	0	twenties				mvy	
d57ec64430d08448231ecc1bfa08a0b56cc77c65375376c7794242138d8ac1e5b46275137b7c762131e96d93df9ca7616a27753387bbab19a0b0232128a521de	common_voice_mvy_42357005.mp3	5459599a7f015bfd37a663abc0df9e036bac55ae0314dafc3d190be228175207	اصولاں پورژیل بناں تھہ		2	0	twenties				mvy	
d57ec64430d08448231ecc1bfa08a0b56cc77c65375376c7794242138d8ac1e5b46275137b7c762131e96d93df9ca7616a27753387bbab19a0b0232128a521de	common_voice_mvy_42357025.mp3	4c3bb2a390f13b7d12e0e0ff0106099f6b3d2aa0c89e4ba59b5a5b96daabb43d	دریاب، کورہ تے زنٚگل		2	0	twenties				mvy	
d57ec64430d08448231ecc1bfa08a0b56cc77c65375376c7794242138d8ac1e5b46275137b7c762131e96d93df9ca7616a27753387bbab19a0b0232128a521de	common_voice_mvy_42357037.mp3	267aaf0778883607d56b4232c540d6f6923072b7350b7696f96a1d52811e4805	معرفہ تسے بناں تھہ چے سو معلُوم څیزہۡ لا دلالت کېر		2	1	twenties				mvy	
d57ec64430d08448231ecc1bfa08a0b56cc77c65375376c7794242138d8ac1e5b46275137b7c762131e96d93df9ca7616a27753387bbab19a0b0232128a521de	common_voice_mvy_42357038.mp3	48bca138175491217fdd1c04edf16fedd9b42a752227f6d8c653b69442ecc632	ݜَیں کمرٹو قجُرِیاں پن٘ڑؤں تے لایؤں نہ سن٘دے لان٘س۔		2	0	twenties				mvy	
d57ec64430d08448231ecc1bfa08a0b56cc77c65375376c7794242138d8ac1e5b46275137b7c762131e96d93df9ca7616a27753387bbab19a0b0232128a521de	common_voice_mvy_42357055.mp3	51535739b80edc04f717491fe27aba59133c3dc1873f71f7aaa673bb316ecf46	کوستَیں ژِبہۡ مہ علاقائی علاجہ واں کتاب		2	0	twenties				mvy	
d57ec64430d08448231ecc1bfa08a0b56cc77c65375376c7794242138d8ac1e5b46275137b7c762131e96d93df9ca7616a27753387bbab19a0b0232128a521de	common_voice_mvy_42357060.mp3	295a09fc34299c54fb4f014c59a08d51b2052f1e14d4bca9d94d8fec336cbf01	آں اِیواں حکم ایک تُھو۔		2	0	twenties				mvy	
d57ec64430d08448231ecc1bfa08a0b56cc77c65375376c7794242138d8ac1e5b46275137b7c762131e96d93df9ca7616a27753387bbab19a0b0232128a521de	common_voice_mvy_42357065.mp3	2d6f11d2e5f415a8dff09dc1961ff7332b1048abd3f86f3da534436d671eb05b	نظر رِنٚگئیں مِلی ائیں ہو گے ببلہ		2	0	twenties				mvy	
d57ec64430d08448231ecc1bfa08a0b56cc77c65375376c7794242138d8ac1e5b46275137b7c762131e96d93df9ca7616a27753387bbab19a0b0232128a521de	common_voice_mvy_42357073.mp3	4cb634c62e82c10d48053b7d20ea7e1d8bd21456704f8037ae60e3aeb93a52e2	اس دوائ کم سے کم ایک یُون٘ہہۡ استعمال کرٶں ہوتُھو۔		3	0	twenties				mvy	
d57ec64430d08448231ecc1bfa08a0b56cc77c65375376c7794242138d8ac1e5b46275137b7c762131e96d93df9ca7616a27753387bbab19a0b0232128a521de	common_voice_mvy_42357299.mp3	4ce8f04139fd46949e5400e17a077269300ec3305494b9718c54b7ff92a90271	تے اسی مہ چؤر حصی ڇھیر گلے لدی۔		2	0	twenties				mvy	
d57ec64430d08448231ecc1bfa08a0b56cc77c65375376c7794242138d8ac1e5b46275137b7c762131e96d93df9ca7616a27753387bbab19a0b0232128a521de	common_voice_mvy_42357300.mp3	45c547fdf0c9226828dec916f6b939de25ed568ba6f6566b9ce80f5326b202d6	مِیں ݜس پن٘ڑہۡ وَیں بٹُو بھیاؤ کھیں		2	0	twenties				mvy	
d57ec64430d08448231ecc1bfa08a0b56cc77c65375376c7794242138d8ac1e5b46275137b7c762131e96d93df9ca7616a27753387bbab19a0b0232128a521de	common_voice_mvy_42357302.mp3	48331a1025b3a7e4193c0e7a5422749c9efcc508f91ac2948861b0efc47b2a02	اېوں مہ چېرہ مُوٹھیۡ پیڑیوں نہ ہو تھہ۔		2	0	twenties				mvy	
d57ec64430d08448231ecc1bfa08a0b56cc77c65375376c7794242138d8ac1e5b46275137b7c762131e96d93df9ca7616a27753387bbab19a0b0232128a521de	common_voice_mvy_42384620.mp3	31c988e0ce9537b997e19e32de85e305b2b0144ce62332e8919a04db035782c1	ہلالیِں لا اک قسمَہ کَیں ساپُوٹی شُروع ہو تھی۔		2	0	twenties				mvy	
d57ec64430d08448231ecc1bfa08a0b56cc77c65375376c7794242138d8ac1e5b46275137b7c762131e96d93df9ca7616a27753387bbab19a0b0232128a521de	common_voice_mvy_42384730.mp3	3086f9a6684fe2c72df4c22afbcdd002c0c89917514f636d5a2b7fe3c5e23894	اېں (کھبُو ہتھاں خلک) تتیۡ اوشیۡ مہ آں بِرژېل وے مہ (ہوتھہ۔)		2	0	twenties				mvy	
d57ec64430d08448231ecc1bfa08a0b56cc77c65375376c7794242138d8ac1e5b46275137b7c762131e96d93df9ca7616a27753387bbab19a0b0232128a521de	common_voice_mvy_42384734.mp3	2b3fa5da0663b6512f9a26670042b3834bbe80f6de4f8ed5fcbdf60a7b09f91b	چے تسیں وجہۡ ہِن پیلیۡ مرضی یاں اثر ہُم ہُوئ تُھو۔		2	0	twenties				mvy	
d57ec64430d08448231ecc1bfa08a0b56cc77c65375376c7794242138d8ac1e5b46275137b7c762131e96d93df9ca7616a27753387bbab19a0b0232128a521de	common_voice_mvy_42376602.mp3	de45f068492099e10dc2e00c1d5411062936412ddc982068c19f9c437f88a3a5	کالُونی مہ چئ تُوہیۡ اُوش ہُوئ تھی		4	0	twenties				mvy	
d57ec64430d08448231ecc1bfa08a0b56cc77c65375376c7794242138d8ac1e5b46275137b7c762131e96d93df9ca7616a27753387bbab19a0b0232128a521de	common_voice_mvy_42376601.mp3	f5c62e046ef7728b419f12a0c8c5cbeb16db879be482b4337ddb16e5c822829d	ہوسی ݜے وخت اے، چےۡ مُوٹُھکیۡ وضاحتی تے کام نېراں۔		2	0	twenties				mvy	
d57ec64430d08448231ecc1bfa08a0b56cc77c65375376c7794242138d8ac1e5b46275137b7c762131e96d93df9ca7616a27753387bbab19a0b0232128a521de	common_voice_mvy_42376599.mp3	efe8c08cf2ae123766f1aa5b45f88d7cf3bf13997666aa683c08584cb3dcae3f	کوَیں تیں تاں نی تُھو		2	0	twenties				mvy	
d57ec64430d08448231ecc1bfa08a0b56cc77c65375376c7794242138d8ac1e5b46275137b7c762131e96d93df9ca7616a27753387bbab19a0b0232128a521de	common_voice_mvy_42384760.mp3	37195fe4cd46df0b7f3c36153f514a746397714d0676cd590e552800d3ed7fef	ݜُو کِشتیاں رن٘گاں زَیں مُت څیزہۡ ہُم سان٘دیۡ چے اېں مژ تِلاں۔		2	0	twenties				mvy	
d57ec64430d08448231ecc1bfa08a0b56cc77c65375376c7794242138d8ac1e5b46275137b7c762131e96d93df9ca7616a27753387bbab19a0b0232128a521de	common_voice_mvy_42384764.mp3	2d7cf9bfe0f570327fe2a3f6c1d3f1dfdeb0768aaf99948b1baf85b0a3d7e7b3	تُوۡ چوۡ تکبر کِیریاس تِلیانٚس مستانہ		3	0	twenties				mvy	
d57ec64430d08448231ecc1bfa08a0b56cc77c65375376c7794242138d8ac1e5b46275137b7c762131e96d93df9ca7616a27753387bbab19a0b0232128a521de	common_voice_mvy_42384769.mp3	23197e7612f423b7cd2d72aa88b440502369e36edeb6add68537af50709bbcaa	قُبا مہ چؤر دېس بھېٹ، آں تلہ اېک جُماتھ سان٘دیۡ۔		2	0	twenties				mvy	
d57ec64430d08448231ecc1bfa08a0b56cc77c65375376c7794242138d8ac1e5b46275137b7c762131e96d93df9ca7616a27753387bbab19a0b0232128a521de	common_voice_mvy_42376585.mp3	d49664db7f42dc3ebf876e4320f1be7bcb6921c47d8740d856c1d7fb56368a63	پان٘د دُورَیں، گرمی سخ، پن٘دہۡ مہ وے کمم ہُوۡن٘دوۡ،		2	0	twenties				mvy	
d57ec64430d08448231ecc1bfa08a0b56cc77c65375376c7794242138d8ac1e5b46275137b7c762131e96d93df9ca7616a27753387bbab19a0b0232128a521de	common_voice_mvy_42376584.mp3	e4935be031a6e7bcc6e1eb145fb714cf90c6458d701968622ff28a64cc912158	ݜس نی نھالیۡ تُھو چےۡ اُو اسیں قابل تُھو گی نَیں۔		2	0	twenties				mvy	
d57ec64430d08448231ecc1bfa08a0b56cc77c65375376c7794242138d8ac1e5b46275137b7c762131e96d93df9ca7616a27753387bbab19a0b0232128a521de	common_voice_mvy_42376582.mp3	f59743bce76b1652dbc3a68fcefeb1b40e9d68744cdc59b6c5bc98a2b7e9255b	چے تسی مہ انسان تاں ݜِݜاں بالؤں نہ محروم ہُوئ تُھو۔		2	0	twenties				mvy	
d57ec64430d08448231ecc1bfa08a0b56cc77c65375376c7794242138d8ac1e5b46275137b7c762131e96d93df9ca7616a27753387bbab19a0b0232128a521de	common_voice_mvy_42376581.mp3	f67830b8b78b8b61e2c32a54b3e9b085a796b2c8a304f558a15cdf10d13cf94f	تُوں امَیں مشقُلا سن٘دئیل		3	0	twenties				mvy	
d57ec64430d08448231ecc1bfa08a0b56cc77c65375376c7794242138d8ac1e5b46275137b7c762131e96d93df9ca7616a27753387bbab19a0b0232128a521de	common_voice_mvy_42384790.mp3	36bdc7ab8379e624335d2718a3179f96c2abf450220be3b5699c6d3ae2f11d6c	ہتہۡ یی تے کُھرہ وَیں ان٘گُویوں لا کان٘ڑ،		2	0	twenties				mvy	
d57ec64430d08448231ecc1bfa08a0b56cc77c65375376c7794242138d8ac1e5b46275137b7c762131e96d93df9ca7616a27753387bbab19a0b0232128a521de	common_voice_mvy_42384791.mp3	2441951c99d9c62efa93f2a933e082bde9d6b819bd230da78cf73ed7288f3efa	لہ کوستاں ڙر پاتُو دھریلیۡ علاقیُوں مہ اس مرضی لا قابُو ڇوُژ۔		2	0	twenties				mvy	
d57ec64430d08448231ecc1bfa08a0b56cc77c65375376c7794242138d8ac1e5b46275137b7c762131e96d93df9ca7616a27753387bbab19a0b0232128a521de	common_voice_mvy_42384792.mp3	0e9bdd49a28a24097f8c3957a6ed61f21679afcfe7d1238c5b4a551090b76dce	اسی مہ رُکاوٹ ختم کرَئن٘یاں دن		2	0	twenties				mvy	
d57ec64430d08448231ecc1bfa08a0b56cc77c65375376c7794242138d8ac1e5b46275137b7c762131e96d93df9ca7616a27753387bbab19a0b0232128a521de	common_voice_mvy_42376583.mp3	cd62e84b0a95383ca1d284acc173d399e6322c68c32b773e96736737cc6c1fc5	بے کؤں مجبُور کرژِگا چے تُو کُفراں کلیۡماں بنہ		2	0	twenties				mvy	
d57ec64430d08448231ecc1bfa08a0b56cc77c65375376c7794242138d8ac1e5b46275137b7c762131e96d93df9ca7616a27753387bbab19a0b0232128a521de	common_voice_mvy_42384823.mp3	1aaf38d897952053b08ca3f654a538045c9648ebb1f3a35aeb69d8a9b8c07a8a	لہ نَیں ولے ثواب کم ہُوئ تھُو		2	0	twenties				mvy	
d57ec64430d08448231ecc1bfa08a0b56cc77c65375376c7794242138d8ac1e5b46275137b7c762131e96d93df9ca7616a27753387bbab19a0b0232128a521de	common_voice_mvy_42384824.mp3	2dc50b371d5b5f8d6649e9ebfbe0156112eb9ce94d15157cf374967b024056ff	لېکن حضورؐ اے لیل ہُوۡن٘دیۡ،		2	0	twenties				mvy	
d57ec64430d08448231ecc1bfa08a0b56cc77c65375376c7794242138d8ac1e5b46275137b7c762131e96d93df9ca7616a27753387bbab19a0b0232128a521de	common_voice_mvy_42384825.mp3	26aa7ae6e90e2601de374286268bd35c906a78e7da5f021867930122dd4a968b	چے سو څاں لا (بو لاں) بٹہ واں اڙوۡ نی مُچا تُھو؛		2	0	twenties				mvy	
d57ec64430d08448231ecc1bfa08a0b56cc77c65375376c7794242138d8ac1e5b46275137b7c762131e96d93df9ca7616a27753387bbab19a0b0232128a521de	common_voice_mvy_42384826.mp3	f1406bb58250049662f98939dc553cf214e72defe4a02256c3c6690a0308874e	آں اېک ݜے نی پُنیاک رن٘گاں پیدا کرِگ چے څَیں تس نی پشېل ہو۔		2	0	twenties				mvy	
d57ec64430d08448231ecc1bfa08a0b56cc77c65375376c7794242138d8ac1e5b46275137b7c762131e96d93df9ca7616a27753387bbab19a0b0232128a521de	common_voice_mvy_42384827.mp3	1d2d476e108dc189bf63c26b253a58282fbee069a414d3e030f8055ab4b14e8e	ݜُو شاناں کېں تېرئ کیریۡ کھیں تسے سزا دیُوژا تھی۔		3	0	twenties				mvy	
d57ec64430d08448231ecc1bfa08a0b56cc77c65375376c7794242138d8ac1e5b46275137b7c762131e96d93df9ca7616a27753387bbab19a0b0232128a521de	common_voice_mvy_42384849.mp3	3480cb2c2ff38454b66a6234233d0b9a5a2c2ec2caa9cabead0b57664660fc2c	اِݜ کال لن٘گھیلیۡ یُوں/یُون٘ہہۡ مہ صرف		2	0	twenties				mvy	
d57ec64430d08448231ecc1bfa08a0b56cc77c65375376c7794242138d8ac1e5b46275137b7c762131e96d93df9ca7616a27753387bbab19a0b0232128a521de	common_voice_mvy_42384851.mp3	2ea664124dd7b8f2a5abbcd858250349721b39b52f38a31c51b97a559fcb1560	کہ زَیں لُوکھُوں، بے اېوں وتے ݜَئراگ،		2	0	twenties				mvy	
d57ec64430d08448231ecc1bfa08a0b56cc77c65375376c7794242138d8ac1e5b46275137b7c762131e96d93df9ca7616a27753387bbab19a0b0232128a521de	common_voice_mvy_42384852.mp3	2e9baddf383cd38bffb8d956ddd2cc52f4aa06ac245685c511988c49b0b73038	سېوں بُٹوں مہ اہم نِوان٘ز تُھو۔		2	0	twenties				mvy	
d57ec64430d08448231ecc1bfa08a0b56cc77c65375376c7794242138d8ac1e5b46275137b7c762131e96d93df9ca7616a27753387bbab19a0b0232128a521de	common_voice_mvy_42384854.mp3	33c74c7a3b98248bda3411610fbdf575728692dca9220ab0d5e62d5b6327ccb1	اسے اَن٘گرزی لا پرسنل لاء آں اردو لا ذاتی یا شخصی قانُون گتہ بناں تھہ۔		2	0	twenties				mvy	
d57ec64430d08448231ecc1bfa08a0b56cc77c65375376c7794242138d8ac1e5b46275137b7c762131e96d93df9ca7616a27753387bbab19a0b0232128a521de	common_voice_mvy_42384888.mp3	24452d85770289579b7834b6d8d8bd92809c08e5f54b921555bccaae0bf96d7e	آں پلېلو ماݜؤں گِھن مدَت (حمایت) کیریۡ۔		2	0	twenties				mvy	
d57ec64430d08448231ecc1bfa08a0b56cc77c65375376c7794242138d8ac1e5b46275137b7c762131e96d93df9ca7616a27753387bbab19a0b0232128a521de	common_voice_mvy_42376544.mp3	c1f6725a6af12f848c2b75b9f61cdbaa0e169092c73918316775ce2ef79c31bd	ایک بال اوک بناں تھہ		2	1	twenties				mvy	
d57ec64430d08448231ecc1bfa08a0b56cc77c65375376c7794242138d8ac1e5b46275137b7c762131e96d93df9ca7616a27753387bbab19a0b0232128a521de	common_voice_mvy_42384891.mp3	1ff335dc270763956e1743b3929ac8e6997a360b96912692909e0d1ef73f28ae	تسیۡ مژ فَرِشتیوں نبی علیہ السلامیں ہَلالیوں نھېلے		2	0	twenties				mvy	
d57ec64430d08448231ecc1bfa08a0b56cc77c65375376c7794242138d8ac1e5b46275137b7c762131e96d93df9ca7616a27753387bbab19a0b0232128a521de	common_voice_mvy_42384894.mp3	360fd47616eaf63955b7020fe61c7714780e01c93ffe382024b7346cd9d2370d	وختی بِلال کھَیں ہِن معدَیں کتُک مرضی تھی، ختم ہوتھی۔		2	0	twenties				mvy	
d57ec64430d08448231ecc1bfa08a0b56cc77c65375376c7794242138d8ac1e5b46275137b7c762131e96d93df9ca7616a27753387bbab19a0b0232128a521de	common_voice_mvy_42376540.mp3	f1ab793455496509486222488ac4d25877ce870a09920858cdd9c33311268a70	بلی شُروع ہُوندیۡ کھیں تَسیں بلیُوں مہ		2	0	twenties				mvy	
d57ec64430d08448231ecc1bfa08a0b56cc77c65375376c7794242138d8ac1e5b46275137b7c762131e96d93df9ca7616a27753387bbab19a0b0232128a521de	common_voice_mvy_42376538.mp3	eac10021731134dc70065ee73a6bbda0d980a559ce13d941b2fae840bcacc0b1	آں سو جُوڑ نی ہویں شُروع ہُوݩدوۡ کھیں		2	1	twenties				mvy	
d57ec64430d08448231ecc1bfa08a0b56cc77c65375376c7794242138d8ac1e5b46275137b7c762131e96d93df9ca7616a27753387bbab19a0b0232128a521de	common_voice_mvy_42376535.mp3	e8e403338edd76c7d8bfabb706a403832e0a9b4e4b8cf2f031992564a19090ed	چے بھرتہ لکھَیں سن٘دُژ۔		2	0	twenties				mvy	
d57ec64430d08448231ecc1bfa08a0b56cc77c65375376c7794242138d8ac1e5b46275137b7c762131e96d93df9ca7616a27753387bbab19a0b0232128a521de	common_voice_mvy_42376534.mp3	d927da0bb4a546e3521128f9b000daac06375b7f1150cc4298cd36c62f3187a7	گَھئین بازار مَڑنئی تُھو؟		2	0	twenties				mvy	
d57ec64430d08448231ecc1bfa08a0b56cc77c65375376c7794242138d8ac1e5b46275137b7c762131e96d93df9ca7616a27753387bbab19a0b0232128a521de	common_voice_mvy_42384795.mp3	30c60627a803b5bf5d32ea85e4089b7baa8f67d1633350aa4d535cf266dee029	بے تی لا، بٹؤں دی مارا تھہ،		2	0	twenties				mvy	
d57ec64430d08448231ecc1bfa08a0b56cc77c65375376c7794242138d8ac1e5b46275137b7c762131e96d93df9ca7616a27753387bbab19a0b0232128a521de	common_voice_mvy_42376522.mp3	e2f221c35fa12cc1f861feb72b5f59b2804ac2f98bc13f242bf0477d01eeed61	اس چو استعمال کرَیں وجہۡ ہِن		2	0	twenties				mvy	
d57ec64430d08448231ecc1bfa08a0b56cc77c65375376c7794242138d8ac1e5b46275137b7c762131e96d93df9ca7616a27753387bbab19a0b0232128a521de	common_voice_mvy_42376507.mp3	f01233a7587e6a032ccc29e86d6833a69a408b469d0bab5c7398d68f59911ff1	وختی لا اُتھی سَیں وُڅکی کھا		3	0	twenties				mvy	
d57ec64430d08448231ecc1bfa08a0b56cc77c65375376c7794242138d8ac1e5b46275137b7c762131e96d93df9ca7616a27753387bbab19a0b0232128a521de	common_voice_mvy_42376505.mp3	f469f3b607a0139d8827565750ad093b3f017fb87bef6fdd075c81f6c9886828	آں بِکسیں غمی چئ ہُون٘دیۡ اسی مہ بُون گتہ ہُوئ تُھو		2	0	twenties				mvy	
d57ec64430d08448231ecc1bfa08a0b56cc77c65375376c7794242138d8ac1e5b46275137b7c762131e96d93df9ca7616a27753387bbab19a0b0232128a521de	common_voice_mvy_42376494.mp3	e68ee5b2d2cf3d6837bc30b4a1d7933705873be33285a565c3cd9b76b0de022e	کسی وَیں نھالُوں سُگاؤ کان٘ڑ دِیان٘س۔		2	0	twenties				mvy	
d57ec64430d08448231ecc1bfa08a0b56cc77c65375376c7794242138d8ac1e5b46275137b7c762131e96d93df9ca7616a27753387bbab19a0b0232128a521de	common_voice_mvy_42376492.mp3	e9d793d43d872aedb267565a9c0409fe1b950bc6394d5b2740b875247479051b	ٹھُن٘گُریۡ ڈاگیۡرا نِوان٘ز کیرُوں اڅھک ہُوئ تھُو۔		2	0	twenties				mvy	
d57ec64430d08448231ecc1bfa08a0b56cc77c65375376c7794242138d8ac1e5b46275137b7c762131e96d93df9ca7616a27753387bbab19a0b0232128a521de	common_voice_mvy_42374014.mp3	de36f9f3e79338a75ff2c3ec62d4d6f049489485c2096c8cb540263d1d660afa	گِشے چے مال ایک اہم څیز تُھو		2	0	twenties				mvy	
d57ec64430d08448231ecc1bfa08a0b56cc77c65375376c7794242138d8ac1e5b46275137b7c762131e96d93df9ca7616a27753387bbab19a0b0232128a521de	common_voice_mvy_42374015.mp3	a8a46c9a3fb7829b3036e0d696ee4f0372e7a36f72d0a806614199a4740224f3	خاص کر ہیپاٹائٹس اے یاں خلاف حفاظتی سُویں وېکسین رِن٘گؤں۔		3	0	twenties				mvy	
d57ec64430d08448231ecc1bfa08a0b56cc77c65375376c7794242138d8ac1e5b46275137b7c762131e96d93df9ca7616a27753387bbab19a0b0232128a521de	common_voice_mvy_42374016.mp3	d66bd4fa22a10326abe50d91aa1cd5c955190d9a5d9b0263333774150f37f704	قصہ اک بو یی تے بُوئیں		2	0	twenties				mvy	
d57ec64430d08448231ecc1bfa08a0b56cc77c65375376c7794242138d8ac1e5b46275137b7c762131e96d93df9ca7616a27753387bbab19a0b0232128a521de	common_voice_mvy_42374017.mp3	df7d8cfe7e0517c6658716697dcdc4e6c42c447af1d585a78253515d0f97ccdc	تسی لا تاں مالاں تصرُف کرؤں بند ہُوئ تھُو۔		2	0	twenties				mvy	
d57ec64430d08448231ecc1bfa08a0b56cc77c65375376c7794242138d8ac1e5b46275137b7c762131e96d93df9ca7616a27753387bbab19a0b0232128a521de	common_voice_mvy_42374028.mp3	d9923923ed71c14b0c743a9aec0e5f629a487a62e704310a04555c55db03ccb4	گِنہۡ چے جن٘گی مہ اسیں زرت ای تھی۔		3	0	twenties				mvy	
d57ec64430d08448231ecc1bfa08a0b56cc77c65375376c7794242138d8ac1e5b46275137b7c762131e96d93df9ca7616a27753387bbab19a0b0232128a521de	common_voice_mvy_42374034.mp3	d95b4d10fa9c9ead19d247df19a0570c7b59aee66222281c6678ecd37513a02a	چئ زات ای تھی سوتھی رَتَیں کمی۔		3	0	twenties				mvy	
d57ec64430d08448231ecc1bfa08a0b56cc77c65375376c7794242138d8ac1e5b46275137b7c762131e96d93df9ca7616a27753387bbab19a0b0232128a521de	common_voice_mvy_42374035.mp3	968f843b70c9d1483508d6e012d8017725c6eb33de66f7ec49216e3e4f3fcf91	ہِلاک گرم کرہ گلے کن٘ڑہۡ مژ ٹِپ کری۔		2	0	twenties				mvy	
d57ec64430d08448231ecc1bfa08a0b56cc77c65375376c7794242138d8ac1e5b46275137b7c762131e96d93df9ca7616a27753387bbab19a0b0232128a521de	common_voice_mvy_42374037.mp3	d015386058571cef50534a77f9d82f406fd57003a66b024f9460c15a8b01b2c1	نبی علیہ السلام اَئے ڇَئے بِیش کالوں ݜس کَھٹَوں وَخ مَز		2	0	twenties				mvy	
d57ec64430d08448231ecc1bfa08a0b56cc77c65375376c7794242138d8ac1e5b46275137b7c762131e96d93df9ca7616a27753387bbab19a0b0232128a521de	common_voice_mvy_42374039.mp3	0d62a85ea8e259c51761572bf71c06dd0692bb3ba6cd95d323d69d169d1fb763	می موڙ ایتو	general	2	0	twenties				mvy	
d57ec64430d08448231ecc1bfa08a0b56cc77c65375376c7794242138d8ac1e5b46275137b7c762131e96d93df9ca7616a27753387bbab19a0b0232128a521de	common_voice_mvy_42374041.mp3	cf0e1284b9876bf343b547398ea5e5f236245d62ec3afa04fc0e48ee7e723251	چے وجہۡ مہ گی حِکمت ہُوئ تھی		2	0	twenties				mvy	
d57ec64430d08448231ecc1bfa08a0b56cc77c65375376c7794242138d8ac1e5b46275137b7c762131e96d93df9ca7616a27753387bbab19a0b0232128a521de	common_voice_mvy_42374049.mp3	d95495b4c4f879b4226761bbccaa668a421455be022bcd3769f7aa321ecbe5e7	اِسکِرین لا سو مٹی نی آن٘سیۡ،		4	0	twenties				mvy	
d57ec64430d08448231ecc1bfa08a0b56cc77c65375376c7794242138d8ac1e5b46275137b7c762131e96d93df9ca7616a27753387bbab19a0b0232128a521de	common_voice_mvy_42376485.mp3	f065d65ba6c62ceb6e28c780155737f6022a1df4e523ffd584c2d361318636cc	چِہ صرف ڇَئے بِیش کالوں کھٹوں وَخ مَز علم تےحکمتِیاں آں تہذیب تَے تربیتاں ڇَول گُیال آنٚس		2	1	twenties				mvy	
d57ec64430d08448231ecc1bfa08a0b56cc77c65375376c7794242138d8ac1e5b46275137b7c762131e96d93df9ca7616a27753387bbab19a0b0232128a521de	common_voice_mvy_42374050.mp3	c2ef592d9b3aeb65872af93cbd10995f3768baebc3aaa2924b26017822fbe50b	آں آں خو تسی مہ وے دیں یاں ٹیم ہُویان٘س		2	0	twenties				mvy	
d57ec64430d08448231ecc1bfa08a0b56cc77c65375376c7794242138d8ac1e5b46275137b7c762131e96d93df9ca7616a27753387bbab19a0b0232128a521de	common_voice_mvy_42374051.mp3	b873145f9d942b8fd3f722a1bbe1d56308522e7333d87ca312f67fe8a6e8f941	کیلہ ہِن اَین٘یاں کلہۡ وَیں علاج		2	0	twenties				mvy	
d57ec64430d08448231ecc1bfa08a0b56cc77c65375376c7794242138d8ac1e5b46275137b7c762131e96d93df9ca7616a27753387bbab19a0b0232128a521de	common_voice_mvy_42374052.mp3	dd6f71ab443ac4f5e19ad5c0beca585fbcf1d2305f0b76f6f8896347ff7d8a1e	ݜَیں تمام بلی ݜس ظاہر کراں تھی		2	0	twenties				mvy	
d57ec64430d08448231ecc1bfa08a0b56cc77c65375376c7794242138d8ac1e5b46275137b7c762131e96d93df9ca7616a27753387bbab19a0b0232128a521de	common_voice_mvy_42385581.mp3	341aaa0f4d4b1f9007280f7f60415a9505a0d4186c5dba78dac6f7984c367866	ولے آژ مِیں ادُوس کرے تاں ربے اُلی ہُون٘دوۡ،		2	0	twenties				mvy	
d57ec64430d08448231ecc1bfa08a0b56cc77c65375376c7794242138d8ac1e5b46275137b7c762131e96d93df9ca7616a27753387bbab19a0b0232128a521de	common_voice_mvy_42385582.mp3	2c68d4d1c7f8fc379b424279e1e2109d4926948cc6c62768c52c6d3476129973	آں اېوں نہ اېں (مُت گتہ) فَیدی آں پویں یاں سامان ہراں تھہ؛		2	0	twenties				mvy	
d57ec64430d08448231ecc1bfa08a0b56cc77c65375376c7794242138d8ac1e5b46275137b7c762131e96d93df9ca7616a27753387bbab19a0b0232128a521de	common_voice_mvy_42385584.mp3	36e23eedbbca537f1fed0db18b3ef464367879020dc8eab16cf7e5965b9d5ad2	کھیں چو سُرسوۡ آں چاق شربت تیار ہوتُھو		2	0	twenties				mvy	
d57ec64430d08448231ecc1bfa08a0b56cc77c65375376c7794242138d8ac1e5b46275137b7c762131e96d93df9ca7616a27753387bbab19a0b0232128a521de	common_voice_mvy_42385586.mp3	29f9d0876b8469454f0d963a7509a4e01dd5870ab463f7b64bb22c57fcb103b1	شِراتیاں پان٘ژ مقاصِد آں اِجتہاد تے تقلید سِڇھی۔		2	0	twenties				mvy	
d57ec64430d08448231ecc1bfa08a0b56cc77c65375376c7794242138d8ac1e5b46275137b7c762131e96d93df9ca7616a27753387bbab19a0b0232128a521de	common_voice_mvy_42385602.mp3	e76391b5c10e11247aec8705734b9c6511e1309d33c10eca92d2191f0c5ccf36	تِگَے گِی چَھل تُھو؟		2	0	twenties				mvy	
d57ec64430d08448231ecc1bfa08a0b56cc77c65375376c7794242138d8ac1e5b46275137b7c762131e96d93df9ca7616a27753387bbab19a0b0232128a521de	common_voice_mvy_42376474.mp3	eea1f9ee0471a5538d7d285fae9be112f1c7850c295f42f02f864168afa9f152	موبائل چارجہ مہ چھالُوں گتہ خیر تھی		2	1	twenties				mvy	
d57ec64430d08448231ecc1bfa08a0b56cc77c65375376c7794242138d8ac1e5b46275137b7c762131e96d93df9ca7616a27753387bbab19a0b0232128a521de	common_voice_mvy_42376472.mp3	e2c4e6a8cb1dcde2b448566062f05b8af81b81c53fba85a577dd5e19aa6ad296	آں مُت شے بانیۡ		2	0	twenties				mvy	
d57ec64430d08448231ecc1bfa08a0b56cc77c65375376c7794242138d8ac1e5b46275137b7c762131e96d93df9ca7616a27753387bbab19a0b0232128a521de	common_voice_mvy_42385607.mp3	3933d8f9a296659206b8e23e664af5c586e39b0e2e76cd99747e8db6406c4410	بِکسی نہ چو زات خپا ہُون٘دوۡ کھیں تسے اُو پن٘ڈری ہویں یاں نی تُھو۔		2	0	twenties				mvy	
d57ec64430d08448231ecc1bfa08a0b56cc77c65375376c7794242138d8ac1e5b46275137b7c762131e96d93df9ca7616a27753387bbab19a0b0232128a521de	common_voice_mvy_42385626.mp3	36345ee6c3eff1be1bff0b46d28bb8ab318ccc6f6bf7a6b8e5af870a2c00426d	”آں او مٹُو اڑ دیس تُھو،		2	0	twenties				mvy	
d57ec64430d08448231ecc1bfa08a0b56cc77c65375376c7794242138d8ac1e5b46275137b7c762131e96d93df9ca7616a27753387bbab19a0b0232128a521de	common_voice_mvy_42385627.mp3	01427937a94850a8cb0976cfdb07c87962ff711d4f331c8fbf42628575ff1510	کہ لیونَیں ماݜے گی مُول گھِنؤں کیر کھیں۔		2	0	twenties				mvy	
d57ec64430d08448231ecc1bfa08a0b56cc77c65375376c7794242138d8ac1e5b46275137b7c762131e96d93df9ca7616a27753387bbab19a0b0232128a521de	common_voice_mvy_42385628.mp3	1aeef50ad6d55b4f85eee539400d526cb07f2335d7225007fa8c7dd1b2f6a522	ݜُو وختہ مہ بېکتُک ہیشی بال بانیۡ،		3	0	twenties				mvy	
d57ec64430d08448231ecc1bfa08a0b56cc77c65375376c7794242138d8ac1e5b46275137b7c762131e96d93df9ca7616a27753387bbab19a0b0232128a521de	common_voice_mvy_42385629.mp3	306df6ee30a0ed940039a85389d084b62f242dcf7fa4ec1dc5645bd226b4edec	اک دُو وار ماس آں دال،کُلات کھؤں لازمی تُھو۔		2	0	twenties				mvy	
d57ec64430d08448231ecc1bfa08a0b56cc77c65375376c7794242138d8ac1e5b46275137b7c762131e96d93df9ca7616a27753387bbab19a0b0232128a521de	common_voice_mvy_42376464.mp3	f2c39a3c1b9d45180a96271bcce36215c2fb6f7e0eb8681e7a5f58734b8792af	چے اِواں نسل پون٘شیل کشتی مژ بَھیاؤ۔		2	0	twenties				mvy	
d57ec64430d08448231ecc1bfa08a0b56cc77c65375376c7794242138d8ac1e5b46275137b7c762131e96d93df9ca7616a27753387bbab19a0b0232128a521de	common_voice_mvy_42385630.mp3	4d0a6cf10efdf090e973e42a9486c8098768763b47bd0ad21f5ad0f30c4d6010	ایسے تم ملے ہو جیسی مل گئ ہو عطر سے ہوا“		2	0	twenties				mvy	
d57ec64430d08448231ecc1bfa08a0b56cc77c65375376c7794242138d8ac1e5b46275137b7c762131e96d93df9ca7616a27753387bbab19a0b0232128a521de	common_voice_mvy_42376462.mp3	ee7d7044a5d29017199cf03f0f355d64c6b254bcec3e2ea27672a3c6186055e4	ݜُو شاناں اِواں کِریا کھؤں پوں آں سامان نیۡ دے تھہ۔		2	0	twenties				mvy	
d57ec64430d08448231ecc1bfa08a0b56cc77c65375376c7794242138d8ac1e5b46275137b7c762131e96d93df9ca7616a27753387bbab19a0b0232128a521de	common_voice_mvy_42385641.mp3	ff09907cc35f13995929588be48f2480cd5639bafc72b8bb067721243aa5418f	کلہۡ نھالہ کھیں بناں تھو ”ہیُو خپا تُھو“،”ہیُو خوشال تُھو“،		3	0	twenties				mvy	
d57ec64430d08448231ecc1bfa08a0b56cc77c65375376c7794242138d8ac1e5b46275137b7c762131e96d93df9ca7616a27753387bbab19a0b0232128a521de	common_voice_mvy_42385642.mp3	31e7ca0f5cddd8bbde929856b0e2b826918b32f58cadd85c2e506a5d6ff86d8e	تے اسی ملی نوسادر مِلا		3	0	twenties				mvy	
d57ec64430d08448231ecc1bfa08a0b56cc77c65375376c7794242138d8ac1e5b46275137b7c762131e96d93df9ca7616a27753387bbab19a0b0232128a521de	common_voice_mvy_42385643.mp3	24e4d095a7ed8f5e514aadb1e97ed7d431470653a7becaf6044e8c2c40bc597e	تلاں پتَیں تس مِنی والے تُوہیۡرا گلے		2	0	twenties				mvy	
d57ec64430d08448231ecc1bfa08a0b56cc77c65375376c7794242138d8ac1e5b46275137b7c762131e96d93df9ca7616a27753387bbab19a0b0232128a521de	common_voice_mvy_42376456.mp3	f1dcca2d389920d6ebcc2de4f4d3e1577f015d0914e6fa6636cbb7b08fa131b3	چے مِلیۡ وے ایں نِکاسی وغیرہ نی بے		2	0	twenties				mvy	
d57ec64430d08448231ecc1bfa08a0b56cc77c65375376c7794242138d8ac1e5b46275137b7c762131e96d93df9ca7616a27753387bbab19a0b0232128a521de	common_voice_mvy_42385645.mp3	339c56ab6fcf2d3dbd1b2e4f61d2ac2d3b991bb58c14bcaca2d521c7dee5787e	تروالیۡ آں ڈھال جنگی مہ مُت ماݜ لا گُزار کرَیں		2	0	twenties				mvy	
d57ec64430d08448231ecc1bfa08a0b56cc77c65375376c7794242138d8ac1e5b46275137b7c762131e96d93df9ca7616a27753387bbab19a0b0232128a521de	common_voice_mvy_42376454.mp3	d552dc6df8110dcd3c887ebab752b51ce7d3cadefce2a32dffa699df4ef20eb5	حضرت خدیجہ رض تلاں پاتُو پان٘ژویی بیش کالہ ژن٘دیۡ دھریسیۡ؛		2	0	twenties				mvy	
d57ec64430d08448231ecc1bfa08a0b56cc77c65375376c7794242138d8ac1e5b46275137b7c762131e96d93df9ca7616a27753387bbab19a0b0232128a521de	common_voice_mvy_42385646.mp3	1a96263555df1ad0a761d6d901f42c5f00901d88fce6d7eeca51a9ba3bac55e0	تلہ اېں نہ بے کار ڑقژؤں یا وؤژؤں ݜُون٘واں تھہ آں نہ اڅھکیۡ بلی۔		2	0	twenties				mvy	
d57ec64430d08448231ecc1bfa08a0b56cc77c65375376c7794242138d8ac1e5b46275137b7c762131e96d93df9ca7616a27753387bbab19a0b0232128a521de	common_voice_mvy_42385669.mp3	1d7e5382aec3d48fa151f6d23ca78f8f7f53cae3dd1200242845a2723cd0a7f6	اِواں رس نھیلہ گلے اسیں کم لک قطری نسُور تے کن٘ڑہۡ مہ گلی۔		3	0	twenties				mvy	
d57ec64430d08448231ecc1bfa08a0b56cc77c65375376c7794242138d8ac1e5b46275137b7c762131e96d93df9ca7616a27753387bbab19a0b0232128a521de	common_voice_mvy_42385671.mp3	2e2b3bb57fea4d9715f9159dbfb12e42e3fc1d5cca8f4088f8297dd715cf2ad6	لہ مُسلماں وَیں حوصلہ افزائ ہو۔		2	0	twenties				mvy	
d57ec64430d08448231ecc1bfa08a0b56cc77c65375376c7794242138d8ac1e5b46275137b7c762131e96d93df9ca7616a27753387bbab19a0b0232128a521de	common_voice_mvy_42385674.mp3	f1100726f7d4bfbb163e50e5b1ba9207a280c107eedccf3d5bf27304ff436493	گِشے اؤن٘ݜیام کؤں چے میں اِنسپِریشن،		2	0	twenties				mvy	
d57ec64430d08448231ecc1bfa08a0b56cc77c65375376c7794242138d8ac1e5b46275137b7c762131e96d93df9ca7616a27753387bbab19a0b0232128a521de	common_voice_mvy_42385676.mp3	307a54a8b7b4034b5156d0a92e62c632bd5109c59990f2950a7fa2d0e2108e49	ڙڇھہۡ ہِن آنڇھی واں خارُخَیں علاج		2	0	twenties				mvy	
d57ec64430d08448231ecc1bfa08a0b56cc77c65375376c7794242138d8ac1e5b46275137b7c762131e96d93df9ca7616a27753387bbab19a0b0232128a521de	common_voice_mvy_42385677.mp3	3b34e1b45c8e24e19544efcde23cbfb285a79ab117d6191613de9edaab3059ed	اسیں ایک نؤں ”حلال” تُھو۔		2	0	twenties				mvy	
d57ec64430d08448231ecc1bfa08a0b56cc77c65375376c7794242138d8ac1e5b46275137b7c762131e96d93df9ca7616a27753387bbab19a0b0232128a521de	common_voice_mvy_42385683.mp3	287b45b7a86204d8c0be3fd4edaf7548bbcfb751f2da8c0ee77e6c03572bfe1f	آژ نہ چور پان٘ژ شل کالہ موٹھ ہریۡ تروَلیاں زمانہ آن٘س،		2	0	twenties				mvy	
d57ec64430d08448231ecc1bfa08a0b56cc77c65375376c7794242138d8ac1e5b46275137b7c762131e96d93df9ca7616a27753387bbab19a0b0232128a521de	common_voice_mvy_42385687.mp3	35b2aeffe8929c87f89f0df4a9ab16576f98afdfbf639c65a30e7aca244eb596	آں ملی پڑیل استازہ بھیاگلے سیوں نہ کام ہرؤں ہو تُھو۔		2	0	twenties				mvy	
d57ec64430d08448231ecc1bfa08a0b56cc77c65375376c7794242138d8ac1e5b46275137b7c762131e96d93df9ca7616a27753387bbab19a0b0232128a521de	common_voice_mvy_42385699.mp3	041595a1ed9778ad8c0e39a8ebce6473c135752c2afd3e743c6a1b6586b47c14	ݜُو وجہۡ نہ اَس ݜس ڈل مہ گلہ چھی۔		2	0	twenties				mvy	
d57ec64430d08448231ecc1bfa08a0b56cc77c65375376c7794242138d8ac1e5b46275137b7c762131e96d93df9ca7616a27753387bbab19a0b0232128a521de	common_voice_mvy_42376436.mp3	e38fab8441ec592290e4a0fa2bc12667c110a7aab2bf4f77c5009456c810fa45	اُستازہ سبق ہسانیۡرَیں یاں کِریا ہر قسمَیں آن لائن سبقَیں نَٹیۡ ہُم کرہاں تھہ۔		2	0	twenties				mvy	
d57ec64430d08448231ecc1bfa08a0b56cc77c65375376c7794242138d8ac1e5b46275137b7c762131e96d93df9ca7616a27753387bbab19a0b0232128a521de	common_voice_mvy_42376431.mp3	f4637406c7fe3eed077f4066d3b283f0b21cbd9ae09fb64b8cf069006e5ab850	چے سو کماں اہل نی ہُوئ تُھو		2	0	twenties				mvy	
d57ec64430d08448231ecc1bfa08a0b56cc77c65375376c7794242138d8ac1e5b46275137b7c762131e96d93df9ca7616a27753387bbab19a0b0232128a521de	common_voice_mvy_42385706.mp3	2bf1f163d42acde750b4e14b7d2509422d58cb6ef3cbf01324c598c18b2d2d20	سیوں مہ پان٘ژ مُستقل مېمبرہ تھو		2	0	twenties				mvy	
d57ec64430d08448231ecc1bfa08a0b56cc77c65375376c7794242138d8ac1e5b46275137b7c762131e96d93df9ca7616a27753387bbab19a0b0232128a521de	common_voice_mvy_42385707.mp3	202ac79231bd8b903a918ffec04f6024c886377ef7ec2876d273f8a13d1c7325	تس لݜ کرؤں فائدہ مند تُھو۔		2	0	twenties				mvy	
d57ec64430d08448231ecc1bfa08a0b56cc77c65375376c7794242138d8ac1e5b46275137b7c762131e96d93df9ca7616a27753387bbab19a0b0232128a521de	common_voice_mvy_42385731.mp3	3a6db31bcdfe6041d0b8ddc90354d185a951f5d41af48fb7568651fec3a75b38	ہُم گِن چے اسی مہ رِواج، مذہب آں بِگ بِگ عوامِل ایں تھی		2	0	twenties				mvy	
d57ec64430d08448231ecc1bfa08a0b56cc77c65375376c7794242138d8ac1e5b46275137b7c762131e96d93df9ca7616a27753387bbab19a0b0232128a521de	common_voice_mvy_42385734.mp3	3aa6ca9b33b19d79475812829553d727a0865c42a9fadcc687f90e904c435877	بُٹ اصحابوں نہ تسیں بدل ہرَیں یاں وعدہ ہَرِلیۡ؛		2	0	twenties				mvy	
d57ec64430d08448231ecc1bfa08a0b56cc77c65375376c7794242138d8ac1e5b46275137b7c762131e96d93df9ca7616a27753387bbab19a0b0232128a521de	common_voice_mvy_42385737.mp3	1c3668166a151979e0abde852954a7ca330a7dd6da62c4982cfc7a80b6d029bc	(کھیں تے تُس گی کراتھہ؟		2	0	twenties				mvy	
d57ec64430d08448231ecc1bfa08a0b56cc77c65375376c7794242138d8ac1e5b46275137b7c762131e96d93df9ca7616a27753387bbab19a0b0232128a521de	common_voice_mvy_42376422.mp3	e64397a1fdc7ca2b59c7b19ccc0af964a8dbfcfc0aa5c5ecc0039ff9471b5994	کؤں ماݜاں جِسمہ لا خارُخ/کان٘ڑ شُروع ہُوگے		2	0	twenties				mvy	
d57ec64430d08448231ecc1bfa08a0b56cc77c65375376c7794242138d8ac1e5b46275137b7c762131e96d93df9ca7616a27753387bbab19a0b0232128a521de	common_voice_mvy_42376420.mp3	ee443a25c82071abd9e8e76dc79639064f27466641cd87ee0699f4e3fb52d272	ہِلاک دیسے ݜے کرَیں ہِن انشاءاللہ کھسر دُور ہوتھی۔		2	1	twenties				mvy	
d57ec64430d08448231ecc1bfa08a0b56cc77c65375376c7794242138d8ac1e5b46275137b7c762131e96d93df9ca7616a27753387bbab19a0b0232128a521de	common_voice_mvy_42385749.mp3	3b8c625d28033bced96f59f5fc2bb5a1132bbecd909af67a94c408a8c3f6e619	سِوَیں حوصلہ افزائی کراں آں سم کموں مہ سِواں ساتھ دېں۔		2	0	twenties				mvy	
d57ec64430d08448231ecc1bfa08a0b56cc77c65375376c7794242138d8ac1e5b46275137b7c762131e96d93df9ca7616a27753387bbab19a0b0232128a521de	common_voice_mvy_42385752.mp3	21f5a74447c2746fafb9f4d656772ea7c4dcde208c44c8b8e17c81a89a42822d	بان٘ڈی مہ چھال گھاؤ دژی ختم		2	0	twenties				mvy	
d57ec64430d08448231ecc1bfa08a0b56cc77c65375376c7794242138d8ac1e5b46275137b7c762131e96d93df9ca7616a27753387bbab19a0b0232128a521de	common_voice_mvy_42385758.mp3	36ce6e3c271c94e3fafbddbbabc8d04dfea3fa152c182910eb31b578b6eb69f7	اُو اېک دم بِگ څِزہۡ نہ بھی گېل تھر گتہ ہُوئ تُھو		3	0	twenties				mvy	
d57ec64430d08448231ecc1bfa08a0b56cc77c65375376c7794242138d8ac1e5b46275137b7c762131e96d93df9ca7616a27753387bbab19a0b0232128a521de	common_voice_mvy_42385759.mp3	21c5550948b62506301ac16c6258a522a063d053b5d5d18ea0b592d4e72f7100	اُو دُو رن٘گاں تُھو۔		2	0	twenties				mvy	
d57ec64430d08448231ecc1bfa08a0b56cc77c65375376c7794242138d8ac1e5b46275137b7c762131e96d93df9ca7616a27753387bbab19a0b0232128a521de	common_voice_mvy_42385761.mp3	f2e3273190bd84b7766bacabcdf315337867d0649e78471f9165d83ee4596aac	نِوان٘ز مہ ایک کھُرہ لا اُولی ہوں یا چُلؤں اڅھک ہُوئ تھُو۔		2	0	twenties				mvy	
d57ec64430d08448231ecc1bfa08a0b56cc77c65375376c7794242138d8ac1e5b46275137b7c762131e96d93df9ca7616a27753387bbab19a0b0232128a521de	common_voice_mvy_42385777.mp3	0479c46587b827811b9cc3d7275e3dfb389c06f4d0f50e190e24bc2ef48b1293	ہِیُو تسیں قبلان٘لو ہو آں کاپھُر نی ہول ہو۔		2	0	twenties				mvy	
d57ec64430d08448231ecc1bfa08a0b56cc77c65375376c7794242138d8ac1e5b46275137b7c762131e96d93df9ca7616a27753387bbab19a0b0232128a521de	common_voice_mvy_42385644.mp3	38edee56d350cc66e6945aa066f2210cc24bfb9e4187605f64aa104f9ee83609	رٹان٘لو ݜے لک حُکُم تُھو چے اسیں ہُوئیں ہِن		2	0	twenties				mvy	
d57ec64430d08448231ecc1bfa08a0b56cc77c65375376c7794242138d8ac1e5b46275137b7c762131e96d93df9ca7616a27753387bbab19a0b0232128a521de	common_voice_mvy_42376401.mp3	e7c87cef91a1dd15af2b70986452279ccca73ffbf8046c0db655f19405245f35	سُو مَٹی چَئی پُورژیلیۡ آں ہقل وَن لِیل ہُوئسیۡ،		2	0	twenties				mvy	
d57ec64430d08448231ecc1bfa08a0b56cc77c65375376c7794242138d8ac1e5b46275137b7c762131e96d93df9ca7616a27753387bbab19a0b0232128a521de	common_voice_mvy_42376400.mp3	ebd1a0f2b47406e00060e9d6d95ceec470c43fe3337886c51fa7bee1ce2032b0	تسی نہ مزہ ہرَیں یاں اِجازہ ہُوئ تھُو		2	0	twenties				mvy	
d57ec64430d08448231ecc1bfa08a0b56cc77c65375376c7794242138d8ac1e5b46275137b7c762131e96d93df9ca7616a27753387bbab19a0b0232128a521de	common_voice_mvy_42376399.mp3	e419f116bc1f3c34a12692ad674526f12e73032169bc614b09eff8f018b966b1	کؤں چےۡ ان٘گُولی آن٘سیۡ؛		2	0	twenties				mvy	
d57ec64430d08448231ecc1bfa08a0b56cc77c65375376c7794242138d8ac1e5b46275137b7c762131e96d93df9ca7616a27753387bbab19a0b0232128a521de	common_voice_mvy_42376398.mp3	ee475368fefe081ffeb19e3c4bbb5983cb68ecc0988b4f54f12e1ea2c2812a46	تسیں کریا پیاز سم تُھو۔		2	0	twenties				mvy	
d57ec64430d08448231ecc1bfa08a0b56cc77c65375376c7794242138d8ac1e5b46275137b7c762131e96d93df9ca7616a27753387bbab19a0b0232128a521de	common_voice_mvy_42385781.mp3	019e83c10f44a53d6af59ceec8c3124ef64867db82e2fe6ef4357bff20529be5	اېک قلاہوۡ فتح نی ہُون٘دوۡ		3	0	twenties				mvy	
d57ec64430d08448231ecc1bfa08a0b56cc77c65375376c7794242138d8ac1e5b46275137b7c762131e96d93df9ca7616a27753387bbab19a0b0232128a521de	common_voice_mvy_42376396.mp3	df3be12eee74f16d73956fdc2da1ad5aefe8db27d741c382c7197256924281b0	نِوان٘ز مہ ݜے تالا ہَسَیں ہِن		2	0	twenties				mvy	
d57ec64430d08448231ecc1bfa08a0b56cc77c65375376c7794242138d8ac1e5b46275137b7c762131e96d93df9ca7616a27753387bbab19a0b0232128a521de	common_voice_mvy_42385791.mp3	37256ee75aeb0d4c2f59fc4955d3b664901050a81722f42c70db8cb9ad41e23e	مُتیۡ بُٹیۡ بلی واں ݜُو قانُون مَن٘ژ بال الاؤ ہو تھی۔		2	0	twenties				mvy	
d57ec64430d08448231ecc1bfa08a0b56cc77c65375376c7794242138d8ac1e5b46275137b7c762131e96d93df9ca7616a27753387bbab19a0b0232128a521de	common_voice_mvy_42385792.mp3	328dccc5a66329f347ba053d42f506247f632dac9843bf4aa5ef83f79d325432	کلہۡ چے اسمان څِری گلا تُھو،		2	0	twenties				mvy	
d57ec64430d08448231ecc1bfa08a0b56cc77c65375376c7794242138d8ac1e5b46275137b7c762131e96d93df9ca7616a27753387bbab19a0b0232128a521de	common_voice_mvy_42385793.mp3	3b91fe7592ec42932cf0b5806eeba7ebced51becf50ba835a61cb25317226517	شرط یی تے ادم مہ فرق		2	0	twenties				mvy	
d57ec64430d08448231ecc1bfa08a0b56cc77c65375376c7794242138d8ac1e5b46275137b7c762131e96d93df9ca7616a27753387bbab19a0b0232128a521de	common_voice_mvy_42385801.mp3	396e3f38629c16372a3ea369fbce896f891083fbe06681ee92877691e7162f2b	ایوں نہ اک مُتَیں دُوری لںگھوژِس نَیں۔		2	0	twenties				mvy	
d57ec64430d08448231ecc1bfa08a0b56cc77c65375376c7794242138d8ac1e5b46275137b7c762131e96d93df9ca7616a27753387bbab19a0b0232128a521de	common_voice_mvy_42385778.mp3	38d061bf4aa066df8ef72a0ac87043c62e35db4349501710b64ea551d2dd4b39	سَیں تلہ آن٘سیۡ لا مہ تلاں واپس ہُون٘دوۡ،		2	1	twenties				mvy	
d57ec64430d08448231ecc1bfa08a0b56cc77c65375376c7794242138d8ac1e5b46275137b7c762131e96d93df9ca7616a27753387bbab19a0b0232128a521de	common_voice_mvy_42385808.mp3	38ccbce0eabdc0098185cff236c5c52458b27e9e3f90b83668d43edfa8ca4e15	مھُوں تاں ساوات مُووؤں (حُدودٶں) ہاریۡ		2	0	twenties				mvy	
d57ec64430d08448231ecc1bfa08a0b56cc77c65375376c7794242138d8ac1e5b46275137b7c762131e96d93df9ca7616a27753387bbab19a0b0232128a521de	common_voice_mvy_42376380.mp3	ee4d95d79369b4b7fc33fc27d4fcdbbf732b156e84a866223805615c727a7047	کاروباری ماݜاں یقین نی ای یان٘س چےۡ ݜے گِشے ہویں تھی		2	0	twenties				mvy	
d57ec64430d08448231ecc1bfa08a0b56cc77c65375376c7794242138d8ac1e5b46275137b7c762131e96d93df9ca7616a27753387bbab19a0b0232128a521de	common_voice_mvy_42376377.mp3	d7187a716ca4679f683ace978f6d2bc90518c38e333e0ef4dd3e0ce1c0f95895	مایاں ماسُمہۡ بے کېں آ گلے رڇھَیں شُروع کیریۡ کھیں		2	0	twenties				mvy	
d57ec64430d08448231ecc1bfa08a0b56cc77c65375376c7794242138d8ac1e5b46275137b7c762131e96d93df9ca7616a27753387bbab19a0b0232128a521de	common_voice_mvy_42376376.mp3	b70d15144b12389d491acef7a54318ed5bf716f6bc9cf6b8ac38089aa3187284	میں سگان ہولئ ݜُو پوہہۡ دی پون٘شېل قرآں لا		2	0	twenties				mvy	
d57ec64430d08448231ecc1bfa08a0b56cc77c65375376c7794242138d8ac1e5b46275137b7c762131e96d93df9ca7616a27753387bbab19a0b0232128a521de	common_voice_mvy_42376375.mp3	ec23fef6ac2478e3989b7b84c6f349ba07e36fd78ac65d3fd447fe4c9293320d	ݜُو کال حضورؐ اے حضرت ابو بکر صدیقؓ حَجاں گھېن٘رو کرے ڇِہېو		2	0	twenties				mvy	
d57ec64430d08448231ecc1bfa08a0b56cc77c65375376c7794242138d8ac1e5b46275137b7c762131e96d93df9ca7616a27753387bbab19a0b0232128a521de	common_voice_mvy_42385831.mp3	ed2f5683914333fcfb87ba766360fb6452bed7d88d8b78a94964e8a2ca60bba4	وہ بلبل اللہ پاکے تئیں بندگی یاں کریا زؤں پیدا کرہ چھے		2	0	twenties				mvy	
d57ec64430d08448231ecc1bfa08a0b56cc77c65375376c7794242138d8ac1e5b46275137b7c762131e96d93df9ca7616a27753387bbab19a0b0232128a521de	common_voice_mvy_42385832.mp3	26195856768b078b981fc962ccd77dde0a4c0932c712c55156d627caae86582c	اېوں سو ژن٘دیۡرا تھُو کېں اېوں سامُوٹ ہیشی لا سن٘دېلس؛		2	0	twenties				mvy	
d57ec64430d08448231ecc1bfa08a0b56cc77c65375376c7794242138d8ac1e5b46275137b7c762131e96d93df9ca7616a27753387bbab19a0b0232128a521de	common_voice_mvy_42385833.mp3	cb25e843bb4e2c6c35fe0ec6fa87dea8ffc3265603cc634e7030f639a408ad99	چے ݜے لیل ہُویان٘س چے ہُویں ݜے لومبہۡ سُوریۡ کھگلا تھو۔		2	0	twenties				mvy	
d57ec64430d08448231ecc1bfa08a0b56cc77c65375376c7794242138d8ac1e5b46275137b7c762131e96d93df9ca7616a27753387bbab19a0b0232128a521de	common_voice_mvy_42385846.mp3	0e2acf7c15fe890bfd4ed2b9c768d5f4d7cd89489e77cc113a5bfa096add510b	سِواں کاروبار نېرُژیۡ تھُو خو بیع سَلَم روا تھی۔		2	0	twenties				mvy	
d57ec64430d08448231ecc1bfa08a0b56cc77c65375376c7794242138d8ac1e5b46275137b7c762131e96d93df9ca7616a27753387bbab19a0b0232128a521de	common_voice_mvy_42385849.mp3	1b7dc29755f9f97ff5eb47d7a38769e8d1d3a56aaaa6a4c208762fc5134f5514	تلہ نبی علیہ السلامے بُٹ پېغمبرہ واں کِریا نِوان٘ز پڑیاؤ۔		2	0	twenties				mvy	
d57ec64430d08448231ecc1bfa08a0b56cc77c65375376c7794242138d8ac1e5b46275137b7c762131e96d93df9ca7616a27753387bbab19a0b0232128a521de	common_voice_mvy_42385850.mp3	f74521a73cce6977d53c689488baa2a47409007fb7fe67d90d0d61df936e2b93	نبوتیاں ݜویؤں کال، سامٹَھیں حضرت حمزہ رض		2	0	twenties				mvy	
d57ec64430d08448231ecc1bfa08a0b56cc77c65375376c7794242138d8ac1e5b46275137b7c762131e96d93df9ca7616a27753387bbab19a0b0232128a521de	common_voice_mvy_42395176.mp3	8b483b0707107f24fe2c367dee18edb949afddaea18e18040ddf1a5fabd7f39a	مختلف موقِیُؤں لا کاپھرہ وَیں حملِیُوں ہن ژُبلی ہویں والَؤں مہ		2	0	twenties				mvy	
d57ec64430d08448231ecc1bfa08a0b56cc77c65375376c7794242138d8ac1e5b46275137b7c762131e96d93df9ca7616a27753387bbab19a0b0232128a521de	common_voice_mvy_42395161.mp3	80412fbe5d2ca4bae9f597cb33869e65539bcf6368c0d498a09a5daa6c6f7e39	آں ہیُودژان٘لے (اللہ پاکے) بولاں ڇِہے چھی۔		2	0	twenties				mvy	
d57ec64430d08448231ecc1bfa08a0b56cc77c65375376c7794242138d8ac1e5b46275137b7c762131e96d93df9ca7616a27753387bbab19a0b0232128a521de	common_voice_mvy_42395152.mp3	41151d64774d2fd30d82931112b0921c5ae3d460ad87071063621e26bdd0cff2	کلہۡ کلہۡ سو اَلگلی تَپ چَک ہُوئسیۡ		2	1	twenties				mvy	
d57ec64430d08448231ecc1bfa08a0b56cc77c65375376c7794242138d8ac1e5b46275137b7c762131e96d93df9ca7616a27753387bbab19a0b0232128a521de	common_voice_mvy_42374053.mp3	dd3c9b4c752c212f55194be4ad0fcb726b814f49032863426d3c05ce0fb16b58	اېک ہفتہ دریاب مِلی مِلی پان٘د کیریۡ۔		2	0	twenties				mvy	
d57ec64430d08448231ecc1bfa08a0b56cc77c65375376c7794242138d8ac1e5b46275137b7c762131e96d93df9ca7616a27753387bbab19a0b0232128a521de	common_voice_mvy_42374060.mp3	dd7feb2a3c0c099e6908a57d1b591b2964d6e386cdb805588fe133a68da828b8	گازریۡ چِٹے پلیٹہ مہ چھا۔		2	0	twenties				mvy	
d57ec64430d08448231ecc1bfa08a0b56cc77c65375376c7794242138d8ac1e5b46275137b7c762131e96d93df9ca7616a27753387bbab19a0b0232128a521de	common_voice_mvy_42374061.mp3	c9fb4595afa244e837acf4dcc54a48d21e2b1d32af864955fdbfe7cb709c7757	مسلمؤں لا حملہ کَرئیں تیاری شُروع کرہ چھی۔		2	0	twenties				mvy	
d57ec64430d08448231ecc1bfa08a0b56cc77c65375376c7794242138d8ac1e5b46275137b7c762131e96d93df9ca7616a27753387bbab19a0b0232128a521de	common_voice_mvy_42374062.mp3	d9999dd7e87aae3a2efed2389a981a84993c5f76322ae0a7a3b7bb7a02a6a22c	چے اس تُس بولاں اڙہۡ نہ مِنی والاں تھہ گی بے والِگ تھہ؟		2	0	twenties				mvy	
d57ec64430d08448231ecc1bfa08a0b56cc77c65375376c7794242138d8ac1e5b46275137b7c762131e96d93df9ca7616a27753387bbab19a0b0232128a521de	common_voice_mvy_42395081.mp3	373287f64b8b81ce8cf4013cde5bca3a922ca067077cab82af463ae10c497cca	جگرَیں مرضی واں دن گازریۡ ہِن بہتہۡرین علاج ہُوئ تھی		2	0	twenties				mvy	
d57ec64430d08448231ecc1bfa08a0b56cc77c65375376c7794242138d8ac1e5b46275137b7c762131e96d93df9ca7616a27753387bbab19a0b0232128a521de	common_voice_mvy_42385881.mp3	3b8cab6e34b501513c6d67094ffd81c80571e85a81de78691681401baca9f466	اېک کال پاتیۡ عُمرہ کرَیں یاں غرضی ہُون٘دوۡ؛		2	0	twenties				mvy	
d57ec64430d08448231ecc1bfa08a0b56cc77c65375376c7794242138d8ac1e5b46275137b7c762131e96d93df9ca7616a27753387bbab19a0b0232128a521de	common_voice_mvy_42376357.mp3	e7eebb480b30663b4c9878682ce7a86f8467d02415ac18b51eb2accb58875b89	آں ہر میسجہ لا ہَلالِیُوں ڈھمبُژِسیۡ،		2	0	twenties				mvy	
d57ec64430d08448231ecc1bfa08a0b56cc77c65375376c7794242138d8ac1e5b46275137b7c762131e96d93df9ca7616a27753387bbab19a0b0232128a521de	common_voice_mvy_42385882.mp3	3988bfd618a28b0cee0f4a090d2bd963df901c0fed377f4f4256fb66e08cceb0	آژُکیۡ تیزرفتار دُنئیں مژ تعلیم تے ٹیکنالوجییں ضرورت		2	0	twenties				mvy	
d57ec64430d08448231ecc1bfa08a0b56cc77c65375376c7794242138d8ac1e5b46275137b7c762131e96d93df9ca7616a27753387bbab19a0b0232128a521de	common_voice_mvy_42374063.mp3	df2ca1ddf1e0da471e43d989bd4da8ccc8cac959fc7c63dcb0859be05228e3a3	کاں چے (دِینَیں بال ڇېلیَیں یاں دن)		2	0	twenties				mvy	
d57ec64430d08448231ecc1bfa08a0b56cc77c65375376c7794242138d8ac1e5b46275137b7c762131e96d93df9ca7616a27753387bbab19a0b0232128a521de	common_voice_mvy_42374071.mp3	da86514bdda66e8ed38368a42bf237f1f6d92899c5b72c4df9d85a750569c089	نِوان٘ز کران٘لو نِوان٘ز مہ شان٘مُدام ایک سُورت بان،		2	0	twenties				mvy	
d57ec64430d08448231ecc1bfa08a0b56cc77c65375376c7794242138d8ac1e5b46275137b7c762131e96d93df9ca7616a27753387bbab19a0b0232128a521de	common_voice_mvy_42374075.mp3	cf1aadf522bcfbd8c3d9067140e6e76a133b1519752a7e0ee062edc946b6d8df	گوریلو ڇھیرہ مژ ملا گلے پویں ہِن ہُم		2	0	twenties				mvy	
d57ec64430d08448231ecc1bfa08a0b56cc77c65375376c7794242138d8ac1e5b46275137b7c762131e96d93df9ca7616a27753387bbab19a0b0232128a521de	common_voice_mvy_42376354.mp3	cb2112b07e6d7b99ba1db6e20c38877ef55b82b72934e135bd832dabb0f34318	معونَیں کُہئ ایں واقعہ ہُون٘دیۡ۔		2	1	twenties				mvy	
d57ec64430d08448231ecc1bfa08a0b56cc77c65375376c7794242138d8ac1e5b46275137b7c762131e96d93df9ca7616a27753387bbab19a0b0232128a521de	common_voice_mvy_42374078.mp3	d9db39b5fc5cf865f5ba36d71a7c4c6a93b358067499ea739ae5b852df020d0b	مہریں ایک نؤں چُکیۡ گورسی مژ گلے		2	0	twenties				mvy	
d57ec64430d08448231ecc1bfa08a0b56cc77c65375376c7794242138d8ac1e5b46275137b7c762131e96d93df9ca7616a27753387bbab19a0b0232128a521de	common_voice_mvy_42374084.mp3	d947bbea4f56e0911c62449b636ec0d6e197a909cf4ce05a317d77c5daacfd0f	اسیں مُت لا آں مُتواں اسی لا حَقہ ثابت ہوں تھہ۔		3	0	twenties				mvy	
d57ec64430d08448231ecc1bfa08a0b56cc77c65375376c7794242138d8ac1e5b46275137b7c762131e96d93df9ca7616a27753387bbab19a0b0232128a521de	common_voice_mvy_42374088.mp3	e1ef021036e80a1d17a5b71adb09efc569a2571315abc19d1955ec492bb71508	نبی ﷺ تلہ منتقل ہُون٘دوۡ۔		2	0	twenties				mvy	
d57ec64430d08448231ecc1bfa08a0b56cc77c65375376c7794242138d8ac1e5b46275137b7c762131e96d93df9ca7616a27753387bbab19a0b0232128a521de	common_voice_mvy_42374089.mp3	db1b1f36095b6452af01552e76693bfebd886cd48641c80c1c6b81ed437a635b	مُولان٘لاں کِریا اَقالہ اِختیار شرط کریل ہو۔		2	1	twenties				mvy	
d57ec64430d08448231ecc1bfa08a0b56cc77c65375376c7794242138d8ac1e5b46275137b7c762131e96d93df9ca7616a27753387bbab19a0b0232128a521de	common_voice_mvy_42374097.mp3	e23da273c4d0814264764050475acfa0487d8ac7c767e51b81ea5706dfd68216	ران٘گ لُوہہۡ تے پن٘ڈر، آن٘ڇھی واں مُݜُو کِݜیُوں،		2	0	twenties				mvy	
d57ec64430d08448231ecc1bfa08a0b56cc77c65375376c7794242138d8ac1e5b46275137b7c762131e96d93df9ca7616a27753387bbab19a0b0232128a521de	common_voice_mvy_42374100.mp3	dcb358052f81f60d524353fa7a9d3f9c45b1c54f10bad7b726e838569b38cb51	تسے خاص یا ہن٘گامی وختاں حُکمہ نَیں		2	0	twenties				mvy	
d57ec64430d08448231ecc1bfa08a0b56cc77c65375376c7794242138d8ac1e5b46275137b7c762131e96d93df9ca7616a27753387bbab19a0b0232128a521de	common_voice_mvy_42395061.mp3	74f8299b7e8a8efb6e63d3589d0a730519cef4296515a510eab6ea15d26432ce	ہِجرتِیاں اِجازہ مِلَیں مِلیۡ بُٹؤں نہ پھېں،		2	0	twenties				mvy	
d57ec64430d08448231ecc1bfa08a0b56cc77c65375376c7794242138d8ac1e5b46275137b7c762131e96d93df9ca7616a27753387bbab19a0b0232128a521de	common_voice_mvy_42376352.mp3	e5b72bf869a81b3cb577480edde1c056c10b1b95acbc3f0d4531415ba006fc52	ݜُو کتاب ہَسان نحوۡ مجیب مھولائے لِکہ چھئ		2	1	twenties				mvy	
d57ec64430d08448231ecc1bfa08a0b56cc77c65375376c7794242138d8ac1e5b46275137b7c762131e96d93df9ca7616a27753387bbab19a0b0232128a521de	common_voice_mvy_42385883.mp3	e23c3f5af14cad10c6e94e16c78565a12dd43603d01172ab8bf1e9aff36864a8	کلہۡ کلہۡ ݜَیں علامات مُتیۡ مرضیُوں ملی اکٹھی ایں تھی۔		2	1	twenties				mvy	
d57ec64430d08448231ecc1bfa08a0b56cc77c65375376c7794242138d8ac1e5b46275137b7c762131e96d93df9ca7616a27753387bbab19a0b0232128a521de	common_voice_mvy_42385885.mp3	389db00892a551e8e1e670e95190c654cb758d9e0a526801f3adfd8ea2548bf3	پن٘دہۡ مہ بئ سورۃ الفتح نازِل ہُون٘دیۡ،		4	0	twenties				mvy	
d57ec64430d08448231ecc1bfa08a0b56cc77c65375376c7794242138d8ac1e5b46275137b7c762131e96d93df9ca7616a27753387bbab19a0b0232128a521de	common_voice_mvy_42385886.mp3	38508a108e9fddbc6cdb52469cde35ad0c9857bcbfda7e06277cb6877e0797d9	چو اڅھک (مکروہ تحریمی) آں اڅھکاݜ (مکروہ تنزیہی)۔		3	1	twenties				mvy	
d57ec64430d08448231ecc1bfa08a0b56cc77c65375376c7794242138d8ac1e5b46275137b7c762131e96d93df9ca7616a27753387bbab19a0b0232128a521de	common_voice_mvy_42395050.mp3	842b187024a2a2dd2019407e5935a3d5d8791cd2d426a054050470db3f2b3470	ٹیکنالوجی یاں استعمال کرے لېکچر دېں مژ ہسانی پیدا کرہاں تھہ۔		2	0	twenties				mvy	
d57ec64430d08448231ecc1bfa08a0b56cc77c65375376c7794242138d8ac1e5b46275137b7c762131e96d93df9ca7616a27753387bbab19a0b0232128a521de	common_voice_mvy_42395046.mp3	795eb0515a7cb25ca832b734dc76a16ae35d4d334b96416d2d8c41e057c762ab	مضبُوطی ہِن گنڈِلیۡ کھیں گھال جُوڑ ہوتھی۔		2	0	twenties				mvy	
d57ec64430d08448231ecc1bfa08a0b56cc77c65375376c7794242138d8ac1e5b46275137b7c762131e96d93df9ca7616a27753387bbab19a0b0232128a521de	common_voice_mvy_42395043.mp3	3eef3194cdb72dce89deb05dd7e1500bd718049d04144659378bafd380bb2f60	آں گی اِواں ہیُو ہُون٘دُوں سو اؤژا تھُو۔		2	0	twenties				mvy	
d57ec64430d08448231ecc1bfa08a0b56cc77c65375376c7794242138d8ac1e5b46275137b7c762131e96d93df9ca7616a27753387bbab19a0b0232128a521de	common_voice_mvy_42395041.mp3	76132c66cc12fe48aa7e2785b80e32a9e313266edd2542698a259da4db3f3801	پاتیوں نِوان٘ز کران٘لہ (مُقتدی) صفہ من٘ژ		2	0	twenties				mvy	
d57ec64430d08448231ecc1bfa08a0b56cc77c65375376c7794242138d8ac1e5b46275137b7c762131e96d93df9ca7616a27753387bbab19a0b0232128a521de	common_voice_mvy_42395038.mp3	161325d12a32664b581164e516ec15e94a48fb13c1f4d428310708c723a27403	اُو علامہ معمولی لکھ اَیں پَچَیں نہ ہری		2	0	twenties				mvy	
d57ec64430d08448231ecc1bfa08a0b56cc77c65375376c7794242138d8ac1e5b46275137b7c762131e96d93df9ca7616a27753387bbab19a0b0232128a521de	common_voice_mvy_42395023.mp3	6f79b524510466f8219805e6eefd0a46f2453bfab69e0f6e766f7d4694dd0325	کَھیں ہِن ڈائیں دڑ کم ہوتھی۔		2	0	twenties				mvy	
d57ec64430d08448231ecc1bfa08a0b56cc77c65375376c7794242138d8ac1e5b46275137b7c762131e96d93df9ca7616a27753387bbab19a0b0232128a521de	common_voice_mvy_42395021.mp3	6f2bdec11a3a3101aa710d8a4a92704da1083c58658e9102132018a43964ae23	ݜلاں وے چو تُوہہۡ تُھو		2	0	twenties				mvy	
d57ec64430d08448231ecc1bfa08a0b56cc77c65375376c7794242138d8ac1e5b46275137b7c762131e96d93df9ca7616a27753387bbab19a0b0232128a521de	common_voice_mvy_42385895.mp3	26aaf39585678bdb91f0c4b33fc16ef654a80ca3c20952fb73e79a3097b53ac0	تاں ٹېسہ کرے اَس مرضیں پتہۡ ایا		2	0	twenties				mvy	
d57ec64430d08448231ecc1bfa08a0b56cc77c65375376c7794242138d8ac1e5b46275137b7c762131e96d93df9ca7616a27753387bbab19a0b0232128a521de	common_voice_mvy_42385896.mp3	2d87fb871b9a345def951c4cd9cbb0babe888d88eec2846947a901857d2434f8	اگر مرضیاں دوران سامُوٹھ آں آخری وختہ مہ		3	0	twenties				mvy	
d57ec64430d08448231ecc1bfa08a0b56cc77c65375376c7794242138d8ac1e5b46275137b7c762131e96d93df9ca7616a27753387bbab19a0b0232128a521de	common_voice_mvy_42385898.mp3	385714209c285aaf435861d3410c496e679edc0b787f29437d334b6950f2d948	ہِجرتیۡ یاں ݜوۡیوں کالہ مژ اېک چئ گَھیں قافلہ مُتیۡ حبشے روان ہون٘دیۡ؛		2	0	twenties				mvy	
d57ec64430d08448231ecc1bfa08a0b56cc77c65375376c7794242138d8ac1e5b46275137b7c762131e96d93df9ca7616a27753387bbab19a0b0232128a521de	common_voice_mvy_42385900.mp3	34c446a923316129504de90d3d64fc3eecb8b1b449756633dac537928542a24d	وختُویں بئ سُگو ڇل وَیلوۡ کِھیں		2	0	twenties				mvy	
d57ec64430d08448231ecc1bfa08a0b56cc77c65375376c7794242138d8ac1e5b46275137b7c762131e96d93df9ca7616a27753387bbab19a0b0232128a521de	common_voice_mvy_42385901.mp3	287643d0882bee68be70e7aff0de1bd766313bd52f03bb52506ddc9af660aaf7	چقندر تے ٹماٹرہ صاف کرے اِواں جُوس نھیلہ گلے		2	0	twenties				mvy	
d57ec64430d08448231ecc1bfa08a0b56cc77c65375376c7794242138d8ac1e5b46275137b7c762131e96d93df9ca7616a27753387bbab19a0b0232128a521de	common_voice_mvy_42385913.mp3	2f65663ea0d08cca79b37243d9d5ac48aa0fd5b7f6113b6f168ce4dd74028641	ایوں مہ سامُوٹھ دین تھی چے اُو مُختلِف عقائد		2	0	twenties				mvy	
d57ec64430d08448231ecc1bfa08a0b56cc77c65375376c7794242138d8ac1e5b46275137b7c762131e96d93df9ca7616a27753387bbab19a0b0232128a521de	common_voice_mvy_42376328.mp3	b905fb9c117ec6c9009510ee3080b016bb1929ff2b2e296713cd3792e5d05335	یاداشیں کمزوری ختم ہوتھی۔		2	0	twenties				mvy	
d57ec64430d08448231ecc1bfa08a0b56cc77c65375376c7794242138d8ac1e5b46275137b7c762131e96d93df9ca7616a27753387bbab19a0b0232128a521de	common_voice_mvy_42376325.mp3	eae4fb5f6e2eb6c086b1f08310117efeef91cd490e9e0900257cab109dec5d7a	اک گھوں میدؤں تُھو چے تسی مُوں لیل نی ہُویان٘س		2	0	twenties				mvy	
d57ec64430d08448231ecc1bfa08a0b56cc77c65375376c7794242138d8ac1e5b46275137b7c762131e96d93df9ca7616a27753387bbab19a0b0232128a521de	common_voice_mvy_42386012.mp3	4112137a2c6b2bab752f9e77c0568e6571047476b9c94e11cf458775cf818fd5	مقصد یا زرَت گی تھی؟		2	0	twenties				mvy	
d57ec64430d08448231ecc1bfa08a0b56cc77c65375376c7794242138d8ac1e5b46275137b7c762131e96d93df9ca7616a27753387bbab19a0b0232128a521de	common_voice_mvy_42386013.mp3	c678a97b39b358d0577fed07929432b2bc71786211d08de1e311efa7bb3d2f78	مہ سَحرَئیں کھئیں ݜُوئیں تل اُتھیات		2	0	twenties				mvy	
d57ec64430d08448231ecc1bfa08a0b56cc77c65375376c7794242138d8ac1e5b46275137b7c762131e96d93df9ca7616a27753387bbab19a0b0232128a521de	common_voice_mvy_42386021.mp3	410b8014abf7667808b448c6d0f73ec947518f0f644615745ce272b9a7a0be93	کلہۡ چے اِوَیں بنژِلیۡ چے خدائ پاکَیں دیلیۡ مال نہ تُس (ہِلاک) رِن٘گائ؛		2	0	twenties				mvy	
d57ec64430d08448231ecc1bfa08a0b56cc77c65375376c7794242138d8ac1e5b46275137b7c762131e96d93df9ca7616a27753387bbab19a0b0232128a521de	common_voice_mvy_42386025.mp3	2044297b5545399b9163ffc3ce0f9b8c055abb1cae18a142c4131edb511aeb3d	قلم خیالَیں پان٘د آں عِلماں درؤں		2	0	twenties				mvy	
d57ec64430d08448231ecc1bfa08a0b56cc77c65375376c7794242138d8ac1e5b46275137b7c762131e96d93df9ca7616a27753387bbab19a0b0232128a521de	common_voice_mvy_42362752.mp3	6f881d91050283f72092c080962823c8df663cfe91fa3255e6143f55f0478cf7	فعلاں تعریف ݜُو تُھو؟		2	0	twenties				mvy	
d57ec64430d08448231ecc1bfa08a0b56cc77c65375376c7794242138d8ac1e5b46275137b7c762131e96d93df9ca7616a27753387bbab19a0b0232128a521de	common_voice_mvy_42362760.mp3	78a46b48dea9a68125e50d00d21ee5baeae0e39dcbd6c782d02b9f223aa6aa14	سو بالکل نکئ گلے ختم ہوتھی۔		2	0	twenties				mvy	
d57ec64430d08448231ecc1bfa08a0b56cc77c65375376c7794242138d8ac1e5b46275137b7c762131e96d93df9ca7616a27753387bbab19a0b0232128a521de	common_voice_mvy_42362768.mp3	6b7bc9d00bbc6010c1e7a2ed20eac0509e4d84195ca46c262bbd4a93d06b8078	،اَسے میثاق مدینہ بناں تھہ۔		3	0	twenties				mvy	
d57ec64430d08448231ecc1bfa08a0b56cc77c65375376c7794242138d8ac1e5b46275137b7c762131e96d93df9ca7616a27753387bbab19a0b0232128a521de	common_voice_mvy_42362770.mp3	6383072b5cd7230309d2184a22e5f3f1c0dc19bf4d366b92f1cd200ccb066b8c	ہر ہر زائ گرمی تاں عرُوج لا تھی۔		2	0	twenties				mvy	
d57ec64430d08448231ecc1bfa08a0b56cc77c65375376c7794242138d8ac1e5b46275137b7c762131e96d93df9ca7616a27753387bbab19a0b0232128a521de	common_voice_mvy_42362771.mp3	6b0b984195f13e09209c09bb039e9c6c2b68ba078332181aa7323ae5a65d50fe	مے تَیں بکرہۡ چارؤں تُھو		2	0	twenties				mvy	
d57ec64430d08448231ecc1bfa08a0b56cc77c65375376c7794242138d8ac1e5b46275137b7c762131e96d93df9ca7616a27753387bbab19a0b0232128a521de	common_voice_mvy_42362772.mp3	6037e40c9b5063f7e34ad038b171351cf2c8cf7bd5447583f390c834c96ae54c	دُویں وار می لا ڈوک ہُویے۔		2	0	twenties				mvy	
d57ec64430d08448231ecc1bfa08a0b56cc77c65375376c7794242138d8ac1e5b46275137b7c762131e96d93df9ca7616a27753387bbab19a0b0232128a521de	common_voice_mvy_42362819.mp3	69f9896de1a834885313f18c1a2ec02df256137850e542d6904fe62b34b531de	اسی مہ قران نہ مُتیۡ نبیؑ ایں بنیلۡ بلی		2	0	twenties				mvy	
d57ec64430d08448231ecc1bfa08a0b56cc77c65375376c7794242138d8ac1e5b46275137b7c762131e96d93df9ca7616a27753387bbab19a0b0232128a521de	common_voice_mvy_42362822.mp3	7090af9b0cf859c1d85503ef3eb653231335007446a196511e13e0ca77c3423b	اسیں مثبت چار ݜُو تھی چے		2	0	twenties				mvy	
d57ec64430d08448231ecc1bfa08a0b56cc77c65375376c7794242138d8ac1e5b46275137b7c762131e96d93df9ca7616a27753387bbab19a0b0232128a521de	common_voice_mvy_42362824.mp3	70835f205fa58c8519ca22c302cdb71776bc31d349a925612940b2a4fe7af355	چے شېطَیں نی قبلائ، سو څاں ڈاگاں بِلوٹھ تھُو۔		2	0	twenties				mvy	
d57ec64430d08448231ecc1bfa08a0b56cc77c65375376c7794242138d8ac1e5b46275137b7c762131e96d93df9ca7616a27753387bbab19a0b0232128a521de	common_voice_mvy_42386015.mp3	36097b4e26121e9499b74f2bcafc49e9c1f7664f47e61dd195426a409ed375d4	اِݜ کال لن٘گھیلیۡ اېکوئ اڑیۡ یُوں مہ		2	0	twenties				mvy	
d57ec64430d08448231ecc1bfa08a0b56cc77c65375376c7794242138d8ac1e5b46275137b7c762131e96d93df9ca7616a27753387bbab19a0b0232128a521de	common_voice_mvy_42362840.mp3	615c526e4563fb3971bb6d880cbd167bf7eb64727e7fe695c389241afbfa079f	مفتُوح آں نُون مکسُور آگل		2	0	twenties				mvy	
d57ec64430d08448231ecc1bfa08a0b56cc77c65375376c7794242138d8ac1e5b46275137b7c762131e96d93df9ca7616a27753387bbab19a0b0232128a521de	common_voice_mvy_42362842.mp3	707f8d0f6e97cec254f24e0dd1357fdda27cd785fe43cb769ff0c6da8a03e8b7	یا مت بےکس مُوٹُھو پھت نیرَیں کوشش کرِگ تھو۔		3	0	twenties				mvy	
d57ec64430d08448231ecc1bfa08a0b56cc77c65375376c7794242138d8ac1e5b46275137b7c762131e96d93df9ca7616a27753387bbab19a0b0232128a521de	common_voice_mvy_42362856.mp3	6f2e8b7118584d7016c04e37006f1510189e0ae30261744ab9de581cc62033b6	اسی لا شِراتیاں (شریعتاں) گی رن٘گاں اثر نی ہو تُھو۔		2	0	twenties				mvy	
d57ec64430d08448231ecc1bfa08a0b56cc77c65375376c7794242138d8ac1e5b46275137b7c762131e96d93df9ca7616a27753387bbab19a0b0232128a521de	common_voice_mvy_42374101.mp3	de632ab399d102af84c59822ecbcf85cbd32563b01f29c6346df736b5adbeafa	بلکے عام بنېل حُکمہ رِن٘گاں تھہۡ۔		2	0	twenties				mvy	
d57ec64430d08448231ecc1bfa08a0b56cc77c65375376c7794242138d8ac1e5b46275137b7c762131e96d93df9ca7616a27753387bbab19a0b0232128a521de	common_voice_mvy_42374102.mp3	dc22da5d226e01a1988dfef75df6d3fe7f86514d6cb4388238127fdc5a4fcff0	اېں اېک (گھَیں) ڈھم ہوئیاں تمہۡ مہ تھو،		2	0	twenties				mvy	
d57ec64430d08448231ecc1bfa08a0b56cc77c65375376c7794242138d8ac1e5b46275137b7c762131e96d93df9ca7616a27753387bbab19a0b0232128a521de	common_voice_mvy_42374103.mp3	d773a225a682c9ba211ddd9b3f1d2eacfe162c8b2f00014d9f10fc4585e2a341	دیناں تہوارہ آں احکامؤں لا ہمیشگری کراں تھو۔		2	0	twenties				mvy	
d57ec64430d08448231ecc1bfa08a0b56cc77c65375376c7794242138d8ac1e5b46275137b7c762131e96d93df9ca7616a27753387bbab19a0b0232128a521de	common_voice_mvy_42374104.mp3	d79b81a5b25a0c93527d79c4b6a426308f602f23e567287f588387e334e415af	اسیں وختی بلال استعمال ہِن گردہ تے مثانہ مہ		4	0	twenties				mvy	
d57ec64430d08448231ecc1bfa08a0b56cc77c65375376c7794242138d8ac1e5b46275137b7c762131e96d93df9ca7616a27753387bbab19a0b0232128a521de	common_voice_mvy_42370240.mp3	c01f5177f975866696406b9bfa64372606de8c57b68d18dcdc8289909e920e50	خُدائ پاک سم بدل (اجر) نی دی تُھو		2	0	twenties				mvy	
d57ec64430d08448231ecc1bfa08a0b56cc77c65375376c7794242138d8ac1e5b46275137b7c762131e96d93df9ca7616a27753387bbab19a0b0232128a521de	common_voice_mvy_42374107.mp3	d9beb896c30faf2c33737bffdfb4139d2b11f7f1b9a8f98e9b1c621f0e33a713	کېر اللہ مے نصیب تیں ݜُو آب و ہوا		3	0	twenties				mvy	
d57ec64430d08448231ecc1bfa08a0b56cc77c65375376c7794242138d8ac1e5b46275137b7c762131e96d93df9ca7616a27753387bbab19a0b0232128a521de	common_voice_mvy_42374116.mp3	e2a3ac511424db4161f1929812b09b7dd1d4f7f254fb1bdbbe77c5b432a3e1aa	بیت اللہ ایں زیارت کرَیں اِجازہ دېوں		2	0	twenties				mvy	
d57ec64430d08448231ecc1bfa08a0b56cc77c65375376c7794242138d8ac1e5b46275137b7c762131e96d93df9ca7616a27753387bbab19a0b0232128a521de	common_voice_mvy_42394685.mp3	7e8b59e4acc4fad66095a487d5863da62c1b282b27c85d79e4533450d17aeb71	پلیلیۡ زائ (عورت) ݜتُوک ووک سہتہۡ ڈاگ دھر		2	0	twenties				mvy	
d57ec64430d08448231ecc1bfa08a0b56cc77c65375376c7794242138d8ac1e5b46275137b7c762131e96d93df9ca7616a27753387bbab19a0b0232128a521de	common_voice_mvy_42394684.mp3	4e43bd93a86c562f994791b04384728ec5d77e3e61b02567281c2c14b381129f	آں اَیں وائرسہ وَیں وجہۡ نہ رِزاں تھی۔		2	0	twenties				mvy	
d57ec64430d08448231ecc1bfa08a0b56cc77c65375376c7794242138d8ac1e5b46275137b7c762131e96d93df9ca7616a27753387bbab19a0b0232128a521de	common_voice_mvy_42394682.mp3	6092e88d03a258c785efb2a5a774207bca215a6b0df231c10eae830b6a456f1c	تل نہ مڅھہۡ ہِن لېوے اگار لا چھا۔		2	0	twenties				mvy	
d57ec64430d08448231ecc1bfa08a0b56cc77c65375376c7794242138d8ac1e5b46275137b7c762131e96d93df9ca7616a27753387bbab19a0b0232128a521de	common_voice_mvy_42362876.mp3	673b3f82cd12306de4bcc35cd79a964c8575ba6b095a317b17c96faee344bc6a	ݜُو ڇھیر چو سُرسوۡ آں طاقت ور ہُوئ تُھو۔		2	0	twenties				mvy	
d57ec64430d08448231ecc1bfa08a0b56cc77c65375376c7794242138d8ac1e5b46275137b7c762131e96d93df9ca7616a27753387bbab19a0b0232128a521de	common_voice_mvy_42374117.mp3	bb08a38246d07249ef30862eca0b3737c220cd108523d9fab2a256620cff8d54	ولے کچھ گھریۡماݜہ بھئ		2	0	twenties				mvy	
d57ec64430d08448231ecc1bfa08a0b56cc77c65375376c7794242138d8ac1e5b46275137b7c762131e96d93df9ca7616a27753387bbab19a0b0232128a521de	common_voice_mvy_42374120.mp3	deffc552a02d7fcad6ae5fcbf97b3e8244ee6f00d6f8eac0ffb552f2798f6946	عَمَر بن امیہ ضمری سو وخت مال دھا بَئیں (زنگلے) بئ یان٘س،		2	0	twenties				mvy	
d57ec64430d08448231ecc1bfa08a0b56cc77c65375376c7794242138d8ac1e5b46275137b7c762131e96d93df9ca7616a27753387bbab19a0b0232128a521de	common_voice_mvy_42374121.mp3	df69b2334e34aa02ce792ddbfe773cade4270276845f1a7e2fcd94e468b42699	او بین الاقوامی امن رَڇھئیں یاں تے تحفظاں ذموار تُھو۔		2	0	twenties				mvy	
d57ec64430d08448231ecc1bfa08a0b56cc77c65375376c7794242138d8ac1e5b46275137b7c762131e96d93df9ca7616a27753387bbab19a0b0232128a521de	common_voice_mvy_42374122.mp3	de5bd8ac27982f356967ce4093bd0b8c377e2a598f059da0304206cfbe8990b4	مہ دَوئے گَولاں گِھنم؟		2	1	twenties				mvy	
d57ec64430d08448231ecc1bfa08a0b56cc77c65375376c7794242138d8ac1e5b46275137b7c762131e96d93df9ca7616a27753387bbab19a0b0232128a521de	common_voice_mvy_42362881.mp3	75b24145ccb7ba6d39171c1c88526ec1ecbbd9d10b5e0ecacd2a02b94cbfdbf0	چے نعوذ باللہ نبی علیہ السلام جادوکران٘لہ مشہور کرِگ۔		2	0	twenties				mvy	
d57ec64430d08448231ecc1bfa08a0b56cc77c65375376c7794242138d8ac1e5b46275137b7c762131e96d93df9ca7616a27753387bbab19a0b0232128a521de	common_voice_mvy_42362882.mp3	79766bf06e99c77ed4fb4e4b488712b3b09543add8da1611e302a840c5ef087e	اما ڈاکٹرے ہرگِشے پشائ۔		2	0	twenties				mvy	
d57ec64430d08448231ecc1bfa08a0b56cc77c65375376c7794242138d8ac1e5b46275137b7c762131e96d93df9ca7616a27753387bbab19a0b0232128a521de	common_voice_mvy_42386031.mp3	1c726fdfc1465043244ab318f389eaf1427ee35ab23d524637a35a3a08cdeac8	لازِم ہُویں (اہلیت الوُجوب) آں ادا کرَیں لاقَت (اہلیت الاداء)۔		2	0	twenties				mvy	
d57ec64430d08448231ecc1bfa08a0b56cc77c65375376c7794242138d8ac1e5b46275137b7c762131e96d93df9ca7616a27753387bbab19a0b0232128a521de	common_voice_mvy_42386035.mp3	3d6b9178970f3e57e32b27c50a80fcee6cac003b6dffdb021f422f3be8fd6b15	تسیں کِریا دُو باغہ (جنتی) تھو۔		2	0	twenties				mvy	
d57ec64430d08448231ecc1bfa08a0b56cc77c65375376c7794242138d8ac1e5b46275137b7c762131e96d93df9ca7616a27753387bbab19a0b0232128a521de	common_voice_mvy_42362918.mp3	6ed1026c050547020157bc2866521c6d704a9df2a4a05907bf3fb9c7c9688aa2	ولے سزا نی دیُوژا تھی۔		2	0	twenties				mvy	
d57ec64430d08448231ecc1bfa08a0b56cc77c65375376c7794242138d8ac1e5b46275137b7c762131e96d93df9ca7616a27753387bbab19a0b0232128a521de	common_voice_mvy_42362919.mp3	6571edd90d6a6b1eb815e312fcdb3a1f5dd936312accc10abf6e4843bcef27f6	تَیں پارٹی آں ڈلہۡ آں لیڈرؤں لا سہہۡ دیں تھہ۔		3	0	twenties				mvy	
d57ec64430d08448231ecc1bfa08a0b56cc77c65375376c7794242138d8ac1e5b46275137b7c762131e96d93df9ca7616a27753387bbab19a0b0232128a521de	common_voice_mvy_42362922.mp3	71cdd3ee0ec670402751af3d1cfa246043754c718fe1c06a8de2dd6c77bf709c	ولے کہ خاص یا ہن٘گامی وَخ ہُون٘دُوں		2	0	twenties				mvy	
d57ec64430d08448231ecc1bfa08a0b56cc77c65375376c7794242138d8ac1e5b46275137b7c762131e96d93df9ca7616a27753387bbab19a0b0232128a521de	common_voice_mvy_42386036.mp3	9a6d5c59c714f6ae8cbf6ab19c0d336ed13c1c8898b4bdc6d43c653893bd015f	بھېٹیلیۡ حالتی نہ اُتھیۡلُوں آنڇھیُوں تَمئ اېوں		2	1	twenties				mvy	
d57ec64430d08448231ecc1bfa08a0b56cc77c65375376c7794242138d8ac1e5b46275137b7c762131e96d93df9ca7616a27753387bbab19a0b0232128a521de	common_voice_mvy_42386037.mp3	c9ac4c1a98bc7f5bf2ec7be2a10275608133a835843c3c3ac84ba2bf5d7904b6	”نَیں او مٹُو بے بئ اْے،		2	0	twenties				mvy	
d57ec64430d08448231ecc1bfa08a0b56cc77c65375376c7794242138d8ac1e5b46275137b7c762131e96d93df9ca7616a27753387bbab19a0b0232128a521de	common_voice_mvy_42374123.mp3	e15ece18c2602789b54724e49d2b2fc4318318ee4cd94ba3e57fe3215733084d	اَس مرضی مہ مریضے ہر دُو یا ڇا دېس پاتیُوں		2	1	twenties				mvy	
d57ec64430d08448231ecc1bfa08a0b56cc77c65375376c7794242138d8ac1e5b46275137b7c762131e96d93df9ca7616a27753387bbab19a0b0232128a521de	common_voice_mvy_42374125.mp3	db127b5a45d61c5dd2e20e959cf82615aa02145a8d9d1d808dafd56138fe3da2	ݜَیں بھژہ مرضی چئ سخ مرضی تھی۔		2	0	twenties				mvy	
d57ec64430d08448231ecc1bfa08a0b56cc77c65375376c7794242138d8ac1e5b46275137b7c762131e96d93df9ca7616a27753387bbab19a0b0232128a521de	common_voice_mvy_42374126.mp3	e1da53b982df5016fa670660bd92673055bf4ccb80f85001740b8434d66dce55	یا تُس اماں اسمان والا (اللہ پاک) نہ مُچېل کالاں تھہ		2	0	twenties				mvy	
d57ec64430d08448231ecc1bfa08a0b56cc77c65375376c7794242138d8ac1e5b46275137b7c762131e96d93df9ca7616a27753387bbab19a0b0232128a521de	common_voice_mvy_42374129.mp3	d9541763d5de50886edc89aafe05b80ac3dc522ada8c92584bec797643a3d8ba	غزوہ خندقہ نہ واپسی لا ژُن٘ڑُوں بنوقریظاں کِریا سزاں حُکم ہُوۡندوۡ۔		2	0	twenties				mvy	
d57ec64430d08448231ecc1bfa08a0b56cc77c65375376c7794242138d8ac1e5b46275137b7c762131e96d93df9ca7616a27753387bbab19a0b0232128a521de	common_voice_mvy_42374130.mp3	da15cb9f63deeb2ac16175aa8dbf1078166225fd88e1929cd9061d1718018aae	ٹوپول کُھلاٶ کیریۡ کھیں تسی مژ مُولی یاں بِیُو آن٘س۔		3	0	twenties				mvy	
d57ec64430d08448231ecc1bfa08a0b56cc77c65375376c7794242138d8ac1e5b46275137b7c762131e96d93df9ca7616a27753387bbab19a0b0232128a521de	common_voice_mvy_42374133.mp3	da640752160e27453d8bdd4c372a2469b33001938ba60e8afd6f5870b73f3f7d	مَیں کُڑہ بَٹَوں دَے څھے۔		2	0	twenties				mvy	
d57ec64430d08448231ecc1bfa08a0b56cc77c65375376c7794242138d8ac1e5b46275137b7c762131e96d93df9ca7616a27753387bbab19a0b0232128a521de	common_voice_mvy_42374137.mp3	dd5f57906c0c9312422cb0d36b7fe2588d36018762d946de65804d11cce7c70f	آں ݜسیں پھت کران٘لاں کِریا نہ لر بنژا تُھو		2	0	twenties				mvy	
d57ec64430d08448231ecc1bfa08a0b56cc77c65375376c7794242138d8ac1e5b46275137b7c762131e96d93df9ca7616a27753387bbab19a0b0232128a521de	common_voice_mvy_42374140.mp3	b51e7ac14d7d6b9092333f9479a2faa6136c7acc6cdb60d34cf96c6a1713dce1	آں تمام چھواری کھگلے ایک گین٘ٹہ گیں نی کھائ کھیں		2	0	twenties				mvy	
d57ec64430d08448231ecc1bfa08a0b56cc77c65375376c7794242138d8ac1e5b46275137b7c762131e96d93df9ca7616a27753387bbab19a0b0232128a521de	common_voice_mvy_42386053.mp3	3830bf3c7a5f9d12c3d5d448ddfd276d61bb23e7944da1806d5f572347d2e81f	ݜَتُک تاثیر آں سُرسیۡ یار آن٘س		2	0	twenties				mvy	
d57ec64430d08448231ecc1bfa08a0b56cc77c65375376c7794242138d8ac1e5b46275137b7c762131e96d93df9ca7616a27753387bbab19a0b0232128a521de	common_voice_mvy_42374152.mp3	c75eb19cc3375fec8c1412cdef80d1f554fd5b2e019be8d0f5fb456577e627cb	اربابے بانیۡ ای لہ اگار جِھکا تے بِگ		3	1	twenties				mvy	
d57ec64430d08448231ecc1bfa08a0b56cc77c65375376c7794242138d8ac1e5b46275137b7c762131e96d93df9ca7616a27753387bbab19a0b0232128a521de	common_voice_mvy_42374153.mp3	db22ad69aeeb9fc989a9dc96e628ad8f2038c3642318c7f4b7911c0856a06263	سو ماݜ نِوان٘ز کیر کھیں اڅھک ہُوئ تھُو۔		2	0	twenties				mvy	
d57ec64430d08448231ecc1bfa08a0b56cc77c65375376c7794242138d8ac1e5b46275137b7c762131e96d93df9ca7616a27753387bbab19a0b0232128a521de	common_voice_mvy_42374154.mp3	ccd61b8dbcbfa49d81396eb6b6a5c9b9e43255f22f6d98e7a86cb78baaaa9bb0	ماسُمہۡ وَیں شخصیتیں تعمیر مہ مھالہ واں کردار خاص مُقام راڇھیۡ تُھو۔		2	0	twenties				mvy	
d57ec64430d08448231ecc1bfa08a0b56cc77c65375376c7794242138d8ac1e5b46275137b7c762131e96d93df9ca7616a27753387bbab19a0b0232128a521de	common_voice_mvy_42374160.mp3	dea1b10ab38518a033a9b89949cd23cb0c4019024538c14ce0f67a0b51ab48d6	یا مسلکیاں قانون لا عمل کراں تھہ		2	0	twenties				mvy	
d57ec64430d08448231ecc1bfa08a0b56cc77c65375376c7794242138d8ac1e5b46275137b7c762131e96d93df9ca7616a27753387bbab19a0b0232128a521de	common_voice_mvy_42394418.mp3	787e18e79635e2da5c02339b6681862c23ee1fc5bdb6a82e992a21c2d120050f	اَیں پچی گے کھیں سم لکھَیں کیلہ		2	1	twenties				mvy	
d57ec64430d08448231ecc1bfa08a0b56cc77c65375376c7794242138d8ac1e5b46275137b7c762131e96d93df9ca7616a27753387bbab19a0b0232128a521de	common_voice_mvy_42394417.mp3	7cc70ef9f0f0162f0910388fd334962e11b67eb9d77498b80f67ff441195eb07	رسول اللہ ﷺ ایں کَنار (قافلہ) قُبائے ڇېلَیں لا آن٘سیۡ		2	0	twenties				mvy	
d57ec64430d08448231ecc1bfa08a0b56cc77c65375376c7794242138d8ac1e5b46275137b7c762131e96d93df9ca7616a27753387bbab19a0b0232128a521de	common_voice_mvy_42394410.mp3	6816204cafedd66541414d9914732ea5b91559b53b3b7b53ae31961ce8e7799f	بُٹ ناٹیۡ پھت کرے بیں شروع ہُو تھہ		2	0	twenties				mvy	
d57ec64430d08448231ecc1bfa08a0b56cc77c65375376c7794242138d8ac1e5b46275137b7c762131e96d93df9ca7616a27753387bbab19a0b0232128a521de	common_voice_mvy_42394314.mp3	7c4a7f46095b86dde3efb48bd4ba1eba17d2cace07f472e89b72a74e801ffd8c	ماݜی تے شِشال مېوہ آژ کل چو گرانی ہُو تُھو		3	1	twenties				mvy	
d57ec64430d08448231ecc1bfa08a0b56cc77c65375376c7794242138d8ac1e5b46275137b7c762131e96d93df9ca7616a27753387bbab19a0b0232128a521de	common_voice_mvy_42362959.mp3	4c3871b479a19574662845b466203f3667414a287ae1a2d901382a2845b58bd9	چاؤری تے بدنَیں چاقی پکار نی تھی		2	0	twenties				mvy	
d57ec64430d08448231ecc1bfa08a0b56cc77c65375376c7794242138d8ac1e5b46275137b7c762131e96d93df9ca7616a27753387bbab19a0b0232128a521de	common_voice_mvy_42394310.mp3	807fa70bdc14e3fb22f7d686ae69644c55efea26723308ad9388eb1393e9a299	ولے ݜُو کم وختہ مہ گتہ تسِیں مُھوواں کِڑہ وِڑہ		2	0	twenties				mvy	
d57ec64430d08448231ecc1bfa08a0b56cc77c65375376c7794242138d8ac1e5b46275137b7c762131e96d93df9ca7616a27753387bbab19a0b0232128a521de	common_voice_mvy_42374161.mp3	e33e54b63b542446c452d64584f50919666592782e65f937d4bf7de9fdc05618	کلہۡ کلہۡ ݜَس تَصُور کَرم تُھو		2	0	twenties				mvy	
d57ec64430d08448231ecc1bfa08a0b56cc77c65375376c7794242138d8ac1e5b46275137b7c762131e96d93df9ca7616a27753387bbab19a0b0232128a521de	common_voice_mvy_42374162.mp3	d2dfc226c05c74aa65c01d6e57580c0e746cdd3155c45a55250ce204da78e076	ݜَیں دُو څیزہۡ بڅَیں انفرادی ترقی مِلی ملی		2	0	twenties				mvy	
d57ec64430d08448231ecc1bfa08a0b56cc77c65375376c7794242138d8ac1e5b46275137b7c762131e96d93df9ca7616a27753387bbab19a0b0232128a521de	common_voice_mvy_42374164.mp3	e271c897d1395ec0555fdaad96c9b55eaacc0eee7e95bf1d0aa2dc1bcdc76229	سو بھاں شن٘دہ لا کؤں نی آن٘س۔		2	0	twenties				mvy	
d57ec64430d08448231ecc1bfa08a0b56cc77c65375376c7794242138d8ac1e5b46275137b7c762131e96d93df9ca7616a27753387bbab19a0b0232128a521de	common_voice_mvy_42374170.mp3	ac39eb4cee338704cae7f356c49eae804c006d7cab9076d4b42409c00f339940	اسیں استعمالاں چے فَیدی تھو۔		2	0	twenties				mvy	
d57ec64430d08448231ecc1bfa08a0b56cc77c65375376c7794242138d8ac1e5b46275137b7c762131e96d93df9ca7616a27753387bbab19a0b0232128a521de	common_voice_mvy_42374179.mp3	a9222708771a55dd620b33bbea4860ea6a7976c45fc5c565f67bf0e4ea6594f6	چے تسی مہ بلوچستان مہ پان٘ژ شلہ تل آٹھ زِرہ کالہ پُرؤں ،		3	0	twenties				mvy	
d57ec64430d08448231ecc1bfa08a0b56cc77c65375376c7794242138d8ac1e5b46275137b7c762131e96d93df9ca7616a27753387bbab19a0b0232128a521de	common_voice_mvy_42374190.mp3	ce34b017bce668f487aad32d17843f5655c0c12bae71ac17f6efb36b090c9e2f	اشارتیۡ لا یُوں دُوۡیں زئ ہون٘دیۡ؛		2	0	twenties				mvy	
d57ec64430d08448231ecc1bfa08a0b56cc77c65375376c7794242138d8ac1e5b46275137b7c762131e96d93df9ca7616a27753387bbab19a0b0232128a521de	common_voice_mvy_42374191.mp3	980abb95e2015c95fb75aaff9a62c7a13ced2f51160ee6f65c9e107d50824ac4	اِتفاقی قومہ وَیں اِنصافی عدالت، اِتفاقی قومہ وَیں ورانی وَیں عدالت		2	0	twenties				mvy	
d57ec64430d08448231ecc1bfa08a0b56cc77c65375376c7794242138d8ac1e5b46275137b7c762131e96d93df9ca7616a27753387bbab19a0b0232128a521de	common_voice_mvy_42374193.mp3	dc13d116e9edab57e19b02ffdd3c435fb8471b1379c4323fa08194ea8ae71f58	عثمانؓ بانیۡ مہ طواف نبیﷺ مِلیۡ اېکٹھی کرا تُھو۔		2	0	twenties				mvy	
d57ec64430d08448231ecc1bfa08a0b56cc77c65375376c7794242138d8ac1e5b46275137b7c762131e96d93df9ca7616a27753387bbab19a0b0232128a521de	common_voice_mvy_42362961.mp3	73844aee4efbda138fb48a5a486b8f09a897229ba188916cf6fb2a0a8bea4a8a	دے او ما ہر څیزہۡ ملی تسیں نفع تے نقصان ٹل ہُوئ تُھو		2	0	twenties				mvy	
d57ec64430d08448231ecc1bfa08a0b56cc77c65375376c7794242138d8ac1e5b46275137b7c762131e96d93df9ca7616a27753387bbab19a0b0232128a521de	common_voice_mvy_42374194.mp3	e1290296f27852a51625deca183cf3cb724a9a2e62a530b2058ae4c6018a4cbd	ڈیمب تے ڈِیۡمبُوۡیُوں ملی ملی		2	0	twenties				mvy	
d57ec64430d08448231ecc1bfa08a0b56cc77c65375376c7794242138d8ac1e5b46275137b7c762131e96d93df9ca7616a27753387bbab19a0b0232128a521de	common_voice_mvy_42374197.mp3	e16fc62c96879f09f96682eda4e838cc09a232bc48ac9dbfd5d084be7c49287f	حُکمہ مِلیۡ گن٘ڈژېل چھال ناں (اِصطِلاحات):		2	0	twenties				mvy	
d57ec64430d08448231ecc1bfa08a0b56cc77c65375376c7794242138d8ac1e5b46275137b7c762131e96d93df9ca7616a27753387bbab19a0b0232128a521de	common_voice_mvy_42374200.mp3	ce2c72d7a6b69c92cfe708dc9054b995ec0f50c0254adfb4cc2a723916359c26	ݜُو شاناں بے کؤں لېونئ ہون٘دوۡ کھیں		2	0	twenties				mvy	
d57ec64430d08448231ecc1bfa08a0b56cc77c65375376c7794242138d8ac1e5b46275137b7c762131e96d93df9ca7616a27753387bbab19a0b0232128a521de	common_voice_mvy_42374202.mp3	d5c6842a720cda659737e5a66a5195fed21e9f39fcc4ac4614e9e442d6055765	بادامہ ہِن پیلیۡ مرضیں علاج کیرُوں ہو یی؟		2	0	twenties				mvy	
d57ec64430d08448231ecc1bfa08a0b56cc77c65375376c7794242138d8ac1e5b46275137b7c762131e96d93df9ca7616a27753387bbab19a0b0232128a521de	common_voice_mvy_42374203.mp3	d7bf2b6946454621446ffe9e189c1f76bba60441d40190e105d26bd81aae7d65	آں پن٘دہۡ مہ شِدیۡ ہُوۡن٘دوۡ چےۡ اُپارَیں قافلہ بئ تھی۔		2	0	twenties				mvy	
d57ec64430d08448231ecc1bfa08a0b56cc77c65375376c7794242138d8ac1e5b46275137b7c762131e96d93df9ca7616a27753387bbab19a0b0232128a521de	common_voice_mvy_42386066.mp3	4253e82abd66eca7e599ac0c2b73c73c4612ec34114b5455e8bbea9b335afc12	ݜس بلیۡ نہ ہُم خبر دېن٘لو (نبی ﷺ وحی ہِن شِدیۡ ہُوگا۔		2	0	twenties				mvy	
d57ec64430d08448231ecc1bfa08a0b56cc77c65375376c7794242138d8ac1e5b46275137b7c762131e96d93df9ca7616a27753387bbab19a0b0232128a521de	common_voice_mvy_42374223.mp3	df8899c19b226160b0d71c239034bb056a1ba7e8113d31ec692e9b812f7face6	آں یونیورسٹیاں شاگِڑہ واں دَن امَیں مُشکل ہُوئ تھُو۔		2	0	twenties				mvy	
d57ec64430d08448231ecc1bfa08a0b56cc77c65375376c7794242138d8ac1e5b46275137b7c762131e96d93df9ca7616a27753387bbab19a0b0232128a521de	common_voice_mvy_42374225.mp3	d92d05afb36249ab1f3c60d1273caa821d0506ba7ef56aed2d8f8a273c98b2ca	نِوان٘ز ہُوئ تھُو ولے ثواب کم ہُوئ تھُو۔		2	0	twenties				mvy	
d57ec64430d08448231ecc1bfa08a0b56cc77c65375376c7794242138d8ac1e5b46275137b7c762131e96d93df9ca7616a27753387bbab19a0b0232128a521de	common_voice_mvy_42362965.mp3	6ab5b20dd0b3fa611a10e0e1acc654f196fd91b458a6223d53ce40aa28c00b77	سو شِدیۡ تُھو چے تُس اس برداش نېرہاں تھہ،		2	0	twenties				mvy	
d57ec64430d08448231ecc1bfa08a0b56cc77c65375376c7794242138d8ac1e5b46275137b7c762131e96d93df9ca7616a27753387bbab19a0b0232128a521de	common_voice_mvy_42374226.mp3	da9cc1646832ee63c143d5e86a4c12dc7b288d2e8f0206d95790999ad7cb37d8	(اېں دُوباغہ) چؤں نیل لَیؤں دی پون٘شېل تھہ۔		3	0	twenties				mvy	
d57ec64430d08448231ecc1bfa08a0b56cc77c65375376c7794242138d8ac1e5b46275137b7c762131e96d93df9ca7616a27753387bbab19a0b0232128a521de	common_voice_mvy_42386067.mp3	2d0ee42c392a1819aa88fe89b93e80e4ee53238186de614ae2d4e842369ce16a	چےۡ مہ مُوبائل صرِف فُوناں کِریا چَلا تُھو		2	0	twenties				mvy	
d57ec64430d08448231ecc1bfa08a0b56cc77c65375376c7794242138d8ac1e5b46275137b7c762131e96d93df9ca7616a27753387bbab19a0b0232128a521de	common_voice_mvy_42374227.mp3	d1e720c8ae8e3e602b247bd291976023fc1cbff7c7f90fdf93eb2703f2302bf1	”اقا! تُو تھی یی؟“		2	0	twenties				mvy	
d57ec64430d08448231ecc1bfa08a0b56cc77c65375376c7794242138d8ac1e5b46275137b7c762131e96d93df9ca7616a27753387bbab19a0b0232128a521de	common_voice_mvy_42374228.mp3	de9370b919a5c83fe5fcc38bc4f67dde2529df2b8c55bebab8090f12e96903ca	عام خلکاں قانُون چے اَن٘گرزی لا سِوَل لاء		2	0	twenties				mvy	
d57ec64430d08448231ecc1bfa08a0b56cc77c65375376c7794242138d8ac1e5b46275137b7c762131e96d93df9ca7616a27753387bbab19a0b0232128a521de	common_voice_mvy_42374233.mp3	d6849ed01fb40563a0907da17c3e4328353c0b20b20b84c0994677be0b206087	بے پانز مانڜ ڜلہ دھراتے۔		2	1	twenties				mvy	
d57ec64430d08448231ecc1bfa08a0b56cc77c65375376c7794242138d8ac1e5b46275137b7c762131e96d93df9ca7616a27753387bbab19a0b0232128a521de	common_voice_mvy_42374234.mp3	d5ffa429ab3922cf663ac8ae84bb6c7cf1c4f9ab9a1670096411ddec1aedee39	آں نِکاح رَوا آن٘س ولے گتہ طلاق کرا تُھو		2	0	twenties				mvy	
d57ec64430d08448231ecc1bfa08a0b56cc77c65375376c7794242138d8ac1e5b46275137b7c762131e96d93df9ca7616a27753387bbab19a0b0232128a521de	common_voice_mvy_42374235.mp3	d75abc7c089720727e5b287c081ae7f711d1a6f209205f0fe77a622e9296881d	بیماریں صورتی مہ علاقاں خلکوں انتہائی چو تکلیف ہُوئ تُھو۔		2	0	twenties				mvy	
d57ec64430d08448231ecc1bfa08a0b56cc77c65375376c7794242138d8ac1e5b46275137b7c762131e96d93df9ca7616a27753387bbab19a0b0232128a521de	common_voice_mvy_42386068.mp3	3e65efdb279e86cfe0ff09b3c0c947daaf7b83e40c61f4b689377acab78867b9	ݜُو وجہۡ نہ قانُون پوہہۡ، وکیلہ آں عام خلکہ		2	0	twenties				mvy	
d57ec64430d08448231ecc1bfa08a0b56cc77c65375376c7794242138d8ac1e5b46275137b7c762131e96d93df9ca7616a27753387bbab19a0b0232128a521de	common_voice_mvy_42362968.mp3	6995fbe1fe611a126d13e19c92fcda39daf79b59523a19e82f7c6d4173af8920	آں قلم دوستی تے زندگیاں پیغام دی تُھو،		2	0	twenties				mvy	
d57ec64430d08448231ecc1bfa08a0b56cc77c65375376c7794242138d8ac1e5b46275137b7c762131e96d93df9ca7616a27753387bbab19a0b0232128a521de	common_voice_mvy_42386070.mp3	3e5ed17c9d60a00c03f9216778216a6884c547ad31787f3730fff36b09de6570	پاتیُون اس پیݜِگلے تے چھان٘ڑ کرے وے سَیں کھیائ۔		3	1	twenties				mvy	
d57ec64430d08448231ecc1bfa08a0b56cc77c65375376c7794242138d8ac1e5b46275137b7c762131e96d93df9ca7616a27753387bbab19a0b0232128a521de	common_voice_mvy_42386071.mp3	273a5a60cd981c071a4751c1acf07d809a5ae1c2ebebebf0431bc3fb8c71d56a	ہِجرتیاں ݜویوں کال آں چؤرَیں بھېں مہ		2	0	twenties				mvy	
d57ec64430d08448231ecc1bfa08a0b56cc77c65375376c7794242138d8ac1e5b46275137b7c762131e96d93df9ca7616a27753387bbab19a0b0232128a521de	common_voice_mvy_42374236.mp3	e408089cecdfd237910e2319a6d693eae4232a75dea268e326aaf9bf0721bbd6	بُٹواں کریا چئ فَیدہ مند تھی۔		2	0	twenties				mvy	
d57ec64430d08448231ecc1bfa08a0b56cc77c65375376c7794242138d8ac1e5b46275137b7c762131e96d93df9ca7616a27753387bbab19a0b0232128a521de	common_voice_mvy_42386072.mp3	3e243c3f7ff0e432de239aecfc527ab081d3c448fa6936d8c3dd6bd75dd9c41c	سُوریۡ بُڑؤں ماخاماں نِوان٘زاں وخ شُروع ہُوئیں نخ تھی۔		2	0	twenties				mvy	
d57ec64430d08448231ecc1bfa08a0b56cc77c65375376c7794242138d8ac1e5b46275137b7c762131e96d93df9ca7616a27753387bbab19a0b0232128a521de	common_voice_mvy_42386073.mp3	00e219ab7b610de5b8669da04d5f33f0e2ee797b91ddcbd404b9c762cf712959	کسیں ہتہۡ مہ چے (ساریۡ کائناتَیں) باچھات/حُکمت تھی		2	0	twenties				mvy	
d57ec64430d08448231ecc1bfa08a0b56cc77c65375376c7794242138d8ac1e5b46275137b7c762131e96d93df9ca7616a27753387bbab19a0b0232128a521de	common_voice_mvy_42386074.mp3	37743b5fecfb2928d13a612d8608ff1a484e1469c53c80c1ee8ad77a8403df40	پیشی یَیں چؤر رکاتی فرضہ نہ پھیں اسیں مثال تُھو۔		2	0	twenties				mvy	
d57ec64430d08448231ecc1bfa08a0b56cc77c65375376c7794242138d8ac1e5b46275137b7c762131e96d93df9ca7616a27753387bbab19a0b0232128a521de	common_voice_mvy_42386082.mp3	20fcffeee8f91df65afda253223aff19b31d12537aab4dc104885834c3f77624	کؤں بال چے ماݜیں اَیں نہ نِکیۡ تھی تسے لفظ بناں تھہ		2	1	twenties				mvy	
d57ec64430d08448231ecc1bfa08a0b56cc77c65375376c7794242138d8ac1e5b46275137b7c762131e96d93df9ca7616a27753387bbab19a0b0232128a521de	common_voice_mvy_42386084.mp3	2698a21a6865fa01e0edd8ca3d73986a76966c24bbf1f11806f2f6d61e9060ed	اسیں مہ بِڅَیں پان٘د (حنفی وَیں) ݜُو تھی۔		3	0	twenties				mvy	
d57ec64430d08448231ecc1bfa08a0b56cc77c65375376c7794242138d8ac1e5b46275137b7c762131e96d93df9ca7616a27753387bbab19a0b0232128a521de	common_voice_mvy_42386096.mp3	3a7f2ed4c0fd9975a28d6d5decbd5fc4ef9c2bbdb0c103ef2619ef85290539c9	ملی کُچ گھیلاں خس ٹُو کھیؤں لازمی تُھو۔		2	0	twenties				mvy	
d57ec64430d08448231ecc1bfa08a0b56cc77c65375376c7794242138d8ac1e5b46275137b7c762131e96d93df9ca7616a27753387bbab19a0b0232128a521de	common_voice_mvy_42386097.mp3	3109d9b01bfc92e5b9d795bca6e0fe6087f14be21ef0a935557d1d2949ca7779	”تے گی کیریۡ چکر رِن٘گیائ تُھو یی اسی لا!“		2	0	twenties				mvy	
d57ec64430d08448231ecc1bfa08a0b56cc77c65375376c7794242138d8ac1e5b46275137b7c762131e96d93df9ca7616a27753387bbab19a0b0232128a521de	common_voice_mvy_42386098.mp3	36782c5f46b0c877647098bb50c7ec59ef45a66a7a4e2f855875009433604f2a	اسیں مُون٘ڈہۡ نہ مراد سیں اُوڅھہۡ تھہ		2	0	twenties				mvy	
d57ec64430d08448231ecc1bfa08a0b56cc77c65375376c7794242138d8ac1e5b46275137b7c762131e96d93df9ca7616a27753387bbab19a0b0232128a521de	common_voice_mvy_42386099.mp3	4206d5679c311dd38d0063cbe9cf087d4e10b38e78233057e4a6c09791cb4b67	گیلاں وزنہ لا کرؤں اڅھک ہُوئ تھُو۔		2	0	twenties				mvy	
d57ec64430d08448231ecc1bfa08a0b56cc77c65375376c7794242138d8ac1e5b46275137b7c762131e96d93df9ca7616a27753387bbab19a0b0232128a521de	common_voice_mvy_42386103.mp3	37a04dac30596132290e8a0a2f0dfa58a535701aabe2ac54209be4db97f22d1b	مِیں تاں وطن کوستاں مژ		2	0	twenties				mvy	
d57ec64430d08448231ecc1bfa08a0b56cc77c65375376c7794242138d8ac1e5b46275137b7c762131e96d93df9ca7616a27753387bbab19a0b0232128a521de	common_voice_mvy_42386104.mp3	0b6cbe4a9c0a5a90f95ce396b5ae97a11352f875a1eb06b30e4e4b839c97c502	ملیۡ ملیۡ تَیں ژِبَیں ہُم چئ گھَیں خِدمت تھی ادا کرہ چھی۔		2	0	twenties				mvy	
d57ec64430d08448231ecc1bfa08a0b56cc77c65375376c7794242138d8ac1e5b46275137b7c762131e96d93df9ca7616a27753387bbab19a0b0232128a521de	common_voice_mvy_42386105.mp3	030e1dbab180056bb966de5d91117ba2ec15b42ebfb92c712043a5061ba1f569	ہتہۡ دَھیؤں(خاص کر گولیۡ کھَیں نہ مُوٹھیُوں آں ادوس شارَیں نہ پاتیُوں)۔		2	0	twenties				mvy	
d57ec64430d08448231ecc1bfa08a0b56cc77c65375376c7794242138d8ac1e5b46275137b7c762131e96d93df9ca7616a27753387bbab19a0b0232128a521de	common_voice_mvy_42363017.mp3	7196b68bceb6f1df5e08c56a657b11fce34aa87cdf2e060a9daea8bbe0fb0855	ݜُو پٹیۡ یار ایل کھیں		2	0	twenties				mvy	
d57ec64430d08448231ecc1bfa08a0b56cc77c65375376c7794242138d8ac1e5b46275137b7c762131e96d93df9ca7616a27753387bbab19a0b0232128a521de	common_voice_mvy_42363019.mp3	66a7863312f8ed0dc1982cc16a8f7c175a0a38fdffa709a1ffa76fad6161e5c6	آں تسیں رُخصتی اے دُنَیں یاں ہر گُٹہ نہ شاگڑہ ای یان٘س		2	0	twenties				mvy	
d57ec64430d08448231ecc1bfa08a0b56cc77c65375376c7794242138d8ac1e5b46275137b7c762131e96d93df9ca7616a27753387bbab19a0b0232128a521de	common_voice_mvy_42364031.mp3	941bc05c829343b983db045c563d3130fa0e6a4305a647c377cdae1d94882794	اېں نھالاں تھہ نَیں یی چے کتُک قومہ زَیں مڅھے مِلا چھی؟		2	0	twenties				mvy	
d57ec64430d08448231ecc1bfa08a0b56cc77c65375376c7794242138d8ac1e5b46275137b7c762131e96d93df9ca7616a27753387bbab19a0b0232128a521de	common_voice_mvy_42364028.mp3	811d9f2528fd16a4d3c991ddd793cac49a9a273bb20239d92d47d50d90cdb708	بُوئی بان قلار ہو تیں اسی مژ گی کام نی تُھو		2	0	twenties				mvy	
d57ec64430d08448231ecc1bfa08a0b56cc77c65375376c7794242138d8ac1e5b46275137b7c762131e96d93df9ca7616a27753387bbab19a0b0232128a521de	common_voice_mvy_42364023.mp3	0a4fb38e9b26eff225584f5707456cfa53e9033d5279808f992c2e4251cb2ab2	جمع مذکر سالم سن٘دَئیں گی طریۡقہ تھی؟		2	1	twenties				mvy	
d57ec64430d08448231ecc1bfa08a0b56cc77c65375376c7794242138d8ac1e5b46275137b7c762131e96d93df9ca7616a27753387bbab19a0b0232128a521de	common_voice_mvy_42386113.mp3	f2548e26efabe9367972a6521aa9070beb0d4235e27f3082f55e5c8b2cb0cf01	ولے ݜُو ہُم رُشتا تھی چے قانُونَیں ݜے پُنیاک نی تھی		2	0	twenties				mvy	
d57ec64430d08448231ecc1bfa08a0b56cc77c65375376c7794242138d8ac1e5b46275137b7c762131e96d93df9ca7616a27753387bbab19a0b0232128a521de	common_voice_mvy_42386115.mp3	336b87d2cd32873cb5c6a2b38286ac4ca1082b63947985beed703da0e49e4cf7	ݜے اِداری چے کاں قومواں قانُون لا عمل کَرئین٘یاں تھہ،		2	0	twenties				mvy	
d57ec64430d08448231ecc1bfa08a0b56cc77c65375376c7794242138d8ac1e5b46275137b7c762131e96d93df9ca7616a27753387bbab19a0b0232128a521de	common_voice_mvy_42386116.mp3	d63fc41b5911e4bda06a1bf179e27fa68846fa178316f3cd29559bd82b882654	رِچھاٶ آ سُگو زکے چھیرہ مژ گلے بڑقا		2	0	twenties				mvy	
d57ec64430d08448231ecc1bfa08a0b56cc77c65375376c7794242138d8ac1e5b46275137b7c762131e96d93df9ca7616a27753387bbab19a0b0232128a521de	common_voice_mvy_42386117.mp3	30876dd2d2ffd9997cbf93108d945a564a745e2f2c06aafc7e84cb99155b6a1c	سامٹھَیں اېک اېک ماݜَیں کل ہُون٘دیۡ،		2	0	twenties				mvy	
d57ec64430d08448231ecc1bfa08a0b56cc77c65375376c7794242138d8ac1e5b46275137b7c762131e96d93df9ca7616a27753387bbab19a0b0232128a521de	common_voice_mvy_42364011.mp3	6e377969f7f9f3f18cc994211c564c75443475e1b6dfb3a213a8681bc09034c7	آں اللہ پاکے اطلاع دِتیۡ۔		2	0	twenties				mvy	
d57ec64430d08448231ecc1bfa08a0b56cc77c65375376c7794242138d8ac1e5b46275137b7c762131e96d93df9ca7616a27753387bbab19a0b0232128a521de	common_voice_mvy_42364010.mp3	99e4c413da405f3f662f7873eef02c134ba2eb7b020959bd2eb26ca4a07b8497	گرمِیں اېک لہروک ای تھی۔		2	0	twenties				mvy	
d57ec64430d08448231ecc1bfa08a0b56cc77c65375376c7794242138d8ac1e5b46275137b7c762131e96d93df9ca7616a27753387bbab19a0b0232128a521de	common_voice_mvy_42386128.mp3	2477ce113a40e149dfd9fc852543c89d97f88f75b65c32ac0be1cf3e3e5283ff	شاں مُدام ماݜواں دَن ہُوئ تُھو		2	0	twenties				mvy	
d57ec64430d08448231ecc1bfa08a0b56cc77c65375376c7794242138d8ac1e5b46275137b7c762131e96d93df9ca7616a27753387bbab19a0b0232128a521de	common_voice_mvy_42364007.mp3	84d2e0596caeb37989ee47801dd1b8ed081e7747a686a717291521c6a87e4f5a	آں مِیں نھال کِھیں چئ گھریۡماݜہ وے نہ واپس روان تھی		2	0	twenties				mvy	
d57ec64430d08448231ecc1bfa08a0b56cc77c65375376c7794242138d8ac1e5b46275137b7c762131e96d93df9ca7616a27753387bbab19a0b0232128a521de	common_voice_mvy_42386139.mp3	3295ae5c95bd4d01cc21cda4a2e38bbcc79a0544d776111e5cd7753eaf2a02fa	چِہ سَئیں نبی علیہ السلام تے تسِئیں ݜس کماں مخالف آنٚسے		2	0	twenties				mvy	
d57ec64430d08448231ecc1bfa08a0b56cc77c65375376c7794242138d8ac1e5b46275137b7c762131e96d93df9ca7616a27753387bbab19a0b0232128a521de	common_voice_mvy_42386140.mp3	265dd1e3714450d301e188523e5488da5f99bac30539cd1949907cb2ef80d924	ݜس قصٹُو کلیم احمد عُثمانی ڙھاوے ڇِہے چھی		2	0	twenties				mvy	
d57ec64430d08448231ecc1bfa08a0b56cc77c65375376c7794242138d8ac1e5b46275137b7c762131e96d93df9ca7616a27753387bbab19a0b0232128a521de	common_voice_mvy_42386141.mp3	32419bb9d14a6b70273ee7a31baacce90525a9b559fcb7137162e09f3126a9e2	ابو طالب آں کم وخ پتَیں حضرت خدیجہ رض دُنَیں نہ رخصت ہُون٘د۔		2	0	twenties				mvy	
d57ec64430d08448231ecc1bfa08a0b56cc77c65375376c7794242138d8ac1e5b46275137b7c762131e96d93df9ca7616a27753387bbab19a0b0232128a521de	common_voice_mvy_42363985.mp3	837476995ed098340cdac44c85581312fc1893d16b60416ea158313ad726dde8	چمہۡ چور ݜَیں زیؤں رتَیں سپلائ کم ہُوئ تھی۔		3	0	twenties				mvy	
d57ec64430d08448231ecc1bfa08a0b56cc77c65375376c7794242138d8ac1e5b46275137b7c762131e96d93df9ca7616a27753387bbab19a0b0232128a521de	common_voice_mvy_42363983.mp3	95a3724ae8ce9aad18b3b40d8fc7442f72505b2e6a8546f64bb2da9e3bddf584	کھیں اما پُھوتیُوں نہ رڇھؤں انتہائی لازمی تُھو۔		2	0	twenties				mvy	
d57ec64430d08448231ecc1bfa08a0b56cc77c65375376c7794242138d8ac1e5b46275137b7c762131e96d93df9ca7616a27753387bbab19a0b0232128a521de	common_voice_mvy_42386142.mp3	42b90848622db1dfc1d038131129084e4e470d9d53fac6f63b4c8148f4b0c558	زَیں مرگاں حُکُم څاں بُٹؤں لا چھا چھی،		2	0	twenties				mvy	
d57ec64430d08448231ecc1bfa08a0b56cc77c65375376c7794242138d8ac1e5b46275137b7c762131e96d93df9ca7616a27753387bbab19a0b0232128a521de	common_voice_mvy_42386143.mp3	41167bd823acb386d8733fae34c9c0cb9605df87fdf5bd2f1e55435b2266dd1c	اُو کلہۡ کلہۡ حُکُماں رٹان٘لو ہُوئ تُھو،		3	0	twenties				mvy	
d57ec64430d08448231ecc1bfa08a0b56cc77c65375376c7794242138d8ac1e5b46275137b7c762131e96d93df9ca7616a27753387bbab19a0b0232128a521de	common_voice_mvy_42394307.mp3	4da3dc8c0904ed4364cc4a3ecc664222cc9190a2586b861098a34e53c971b924	مالاں ڇھیرنشیۡ لُوں کھیں		3	0	twenties				mvy	
d57ec64430d08448231ecc1bfa08a0b56cc77c65375376c7794242138d8ac1e5b46275137b7c762131e96d93df9ca7616a27753387bbab19a0b0232128a521de	common_voice_mvy_42363948.mp3	81e7f324f7bacd5b6c0443e89e9581a35b1f7f62e2e85216d10f3e77d043973c	ہتہۡ کُھورہ دژَئیں آں گرم ژریں علاج ہسانی ہِن ہُوئ تھی		2	0	twenties				mvy	
d57ec64430d08448231ecc1bfa08a0b56cc77c65375376c7794242138d8ac1e5b46275137b7c762131e96d93df9ca7616a27753387bbab19a0b0232128a521de	common_voice_mvy_42363947.mp3	74152f1146fa1bf83b7c7d2ea83ee889b401409204ebb9ae877bef5f0a394391	اېں بِلژی لُوڙ ہووان٘س		2	0	twenties				mvy	
d57ec64430d08448231ecc1bfa08a0b56cc77c65375376c7794242138d8ac1e5b46275137b7c762131e96d93df9ca7616a27753387bbab19a0b0232128a521de	common_voice_mvy_42363946.mp3	8041edc41272527936ad84d7a3e6963cdcd43cb87afec907e3fbe1ea12139203	بادام آٹھ کُلہۡ،لیٙکھیۡ الائچی ݜو، دُو چواری۔َ		2	0	twenties				mvy	
d57ec64430d08448231ecc1bfa08a0b56cc77c65375376c7794242138d8ac1e5b46275137b7c762131e96d93df9ca7616a27753387bbab19a0b0232128a521de	common_voice_mvy_42363944.mp3	8cb94746201ba53937debceff3b0ca158c344b3ef21c43a129b5e6dbc0ca3bcc	دُو ہفتی وَیں مُحاصرہ نہ پاتیۡ سېوں لا بھیل ایلیۡ،		2	1	twenties				mvy	
d57ec64430d08448231ecc1bfa08a0b56cc77c65375376c7794242138d8ac1e5b46275137b7c762131e96d93df9ca7616a27753387bbab19a0b0232128a521de	common_voice_mvy_42363942.mp3	7117577a1a34d6f7379b11fe654983801c597b438adeda24b1287e2418e0abee	اسی ہِن کن٘ڑیں دڑ ختم ہوتھی		2	0	twenties				mvy	
d57ec64430d08448231ecc1bfa08a0b56cc77c65375376c7794242138d8ac1e5b46275137b7c762131e96d93df9ca7616a27753387bbab19a0b0232128a521de	common_voice_mvy_42363938.mp3	6cf8876d3af4b1a62335f4d6b73d87b2ba17c4e8af8fc5e6d2c6e7bbd82060a4	تان٘باں پتېلہ یا دِگچو مہ گلے اگار لا تلہۡ چھا		2	0	twenties				mvy	
d57ec64430d08448231ecc1bfa08a0b56cc77c65375376c7794242138d8ac1e5b46275137b7c762131e96d93df9ca7616a27753387bbab19a0b0232128a521de	common_voice_mvy_42363936.mp3	65377c52eafec9ed8f7a3cfd2f362ce2be5ea4074d781f4801f4a08d3eec0cb5	جمع مؤنث سالم سندئیں ݜُو طریۡقہ تھی		2	0	twenties				mvy	
d57ec64430d08448231ecc1bfa08a0b56cc77c65375376c7794242138d8ac1e5b46275137b7c762131e96d93df9ca7616a27753387bbab19a0b0232128a521de	common_voice_mvy_42363130.mp3	7babd0a9f0db58d3466e1941bafc915062e90b4106f976c58052f4bd32cc4532	گِشے چے بِس شِدیۡ تھُو چے		2	0	twenties				mvy	
d57ec64430d08448231ecc1bfa08a0b56cc77c65375376c7794242138d8ac1e5b46275137b7c762131e96d93df9ca7616a27753387bbab19a0b0232128a521de	common_voice_mvy_42363136.mp3	6ccfe03fe6857ab90f7de8d575402e7dd418e27a39b2a40222b26df0f73916af	ٹِھک تھی چےۡ دُنئ لا رُپئ واں چو ویلیُو تُھو		3	0	twenties				mvy	
d57ec64430d08448231ecc1bfa08a0b56cc77c65375376c7794242138d8ac1e5b46275137b7c762131e96d93df9ca7616a27753387bbab19a0b0232128a521de	common_voice_mvy_42363925.mp3	7a050472a218ce856eca4b40d3f561269436fd06993c065bafc1d48525949c19	(کاں قومہ چے ہب دب بئ تھہ) چے څاں لا ہیُو دژی گېل۔		2	0	twenties				mvy	
d57ec64430d08448231ecc1bfa08a0b56cc77c65375376c7794242138d8ac1e5b46275137b7c762131e96d93df9ca7616a27753387bbab19a0b0232128a521de	common_voice_mvy_42363924.mp3	9071a11364f83bdfbfd256df200d89902f568e975cdbbb33d465be79c80b36d4	سیں ماݜ (انسان) سن٘دہ چھی۔		2	0	twenties				mvy	
d57ec64430d08448231ecc1bfa08a0b56cc77c65375376c7794242138d8ac1e5b46275137b7c762131e96d93df9ca7616a27753387bbab19a0b0232128a521de	common_voice_mvy_42363921.mp3	811915b380ca96457ed0a91532a818d0e56b606bdb57bbc90a23c9596950cf63	چے بِڅاں چمہۡ چور رگی تھی		2	0	twenties				mvy	
d57ec64430d08448231ecc1bfa08a0b56cc77c65375376c7794242138d8ac1e5b46275137b7c762131e96d93df9ca7616a27753387bbab19a0b0232128a521de	common_voice_mvy_42363137.mp3	741a7bb1ddd85179f7864a1f1bd2a84822b566392cba91252ddc16241d63ca93	خوراک تئیں زقوم ہوگا آنٚس توۡ شیطاں یار		2	0	twenties				mvy	
d57ec64430d08448231ecc1bfa08a0b56cc77c65375376c7794242138d8ac1e5b46275137b7c762131e96d93df9ca7616a27753387bbab19a0b0232128a521de	common_voice_mvy_42363918.mp3	8c568eae876f51ed1582ac3c381507c43001735b38fedd80009c7cfc5428e6b3	معوذ تے معاذے بان جی او کاکا		2	0	twenties				mvy	
d57ec64430d08448231ecc1bfa08a0b56cc77c65375376c7794242138d8ac1e5b46275137b7c762131e96d93df9ca7616a27753387bbab19a0b0232128a521de	common_voice_mvy_42363915.mp3	85ed3c9fbe4fb0ea3dd5888cfc676526622764800610e0574ba1f980f39e8c2d	سامٹَھیں ݜَیں خطی رُوم، ایران،		2	0	twenties				mvy	
d57ec64430d08448231ecc1bfa08a0b56cc77c65375376c7794242138d8ac1e5b46275137b7c762131e96d93df9ca7616a27753387bbab19a0b0232128a521de	common_voice_mvy_42363914.mp3	93367e2de1cf3114a7dba33e33c3796cb10495a4e7c34b20d92fb1a6f2e081bf	ݜس بیُو چے تُس (ڈولؤں مہ) گلاں تھہ		2	0	twenties				mvy	
d57ec64430d08448231ecc1bfa08a0b56cc77c65375376c7794242138d8ac1e5b46275137b7c762131e96d93df9ca7616a27753387bbab19a0b0232128a521de	common_voice_mvy_42363168.mp3	6d87852ed9eac07360bfcb575cd04307b975af5689707b4c74b6b532673278e0	سېوں مہ خاص طور لا علم حاصل کرَیں یاں حُکم دیچھی۔		2	0	twenties				mvy	
d57ec64430d08448231ecc1bfa08a0b56cc77c65375376c7794242138d8ac1e5b46275137b7c762131e96d93df9ca7616a27753387bbab19a0b0232128a521de	common_voice_mvy_42363169.mp3	6f38a854c911be618bfb0ba35d18bd6cc9cd9a65d32794322f4d8618f1feef66	ناجُوڑتیا مہ لېونتُوب تے بےخُودی ٹَل نی تھی		2	0	twenties				mvy	
d57ec64430d08448231ecc1bfa08a0b56cc77c65375376c7794242138d8ac1e5b46275137b7c762131e96d93df9ca7616a27753387bbab19a0b0232128a521de	common_voice_mvy_42363905.mp3	90c5cbb65649817d0777e2572d75a97b5aba330d7d8428a110af2029009e93c9	ݜَیں مریض مختلف علاماتؤں ہِن ہسپتالے ای یان٘س۔		2	0	twenties				mvy	
d57ec64430d08448231ecc1bfa08a0b56cc77c65375376c7794242138d8ac1e5b46275137b7c762131e96d93df9ca7616a27753387bbab19a0b0232128a521de	common_voice_mvy_42374336.mp3	c4064e3a2a025b557a42565b60921bcc1cff033fa0ad7db7ad4dc329bad99023	اُو ݜے چے تسی ہویں ہِن سُو حُکُم گتہ ہو،		2	1	twenties				mvy	
d57ec64430d08448231ecc1bfa08a0b56cc77c65375376c7794242138d8ac1e5b46275137b7c762131e96d93df9ca7616a27753387bbab19a0b0232128a521de	common_voice_mvy_42363888.mp3	90ec11994f796a3af5988ff9562fcb0d107d0007e92f8aa516ed5f4aa9dbca43	اېں سَیں رُکاوٹی تھی چے تسی مہ		2	0	twenties				mvy	
d57ec64430d08448231ecc1bfa08a0b56cc77c65375376c7794242138d8ac1e5b46275137b7c762131e96d93df9ca7616a27753387bbab19a0b0232128a521de	common_voice_mvy_42363887.mp3	9344e1726a1b40d7d85957c4b57a6f916c2eb6d19a657230f6743df8edabb760	آیات الاحکام آں ݜُو شاناں متعلقہ		4	0	twenties				mvy	
d57ec64430d08448231ecc1bfa08a0b56cc77c65375376c7794242138d8ac1e5b46275137b7c762131e96d93df9ca7616a27753387bbab19a0b0232128a521de	common_voice_mvy_42374335.mp3	cf0aaf96841a0354def787bf8c512b874c97867bb6032bdf20eb6792f6a7dc12	اسی مہ رٹان٘لو اسیں مارؤں ہُوگا۔		2	0	twenties				mvy	
d57ec64430d08448231ecc1bfa08a0b56cc77c65375376c7794242138d8ac1e5b46275137b7c762131e96d93df9ca7616a27753387bbab19a0b0232128a521de	common_voice_mvy_42374334.mp3	c58a3802ae7ab223b25d6de2e568350873fb84ba5e7e93b1b6db596ad9a12b70	نبی علیہ سلامے صحابؤں گے ݜس بانیۡ		2	0	twenties				mvy	
d57ec64430d08448231ecc1bfa08a0b56cc77c65375376c7794242138d8ac1e5b46275137b7c762131e96d93df9ca7616a27753387bbab19a0b0232128a521de	common_voice_mvy_42374333.mp3	c1897b33828130166f0a6e1f1fa93191366d4e47154647ee4ca0593db0782376	نہ چے فَیدہ ہرؤں۔		2	0	twenties				mvy	
d57ec64430d08448231ecc1bfa08a0b56cc77c65375376c7794242138d8ac1e5b46275137b7c762131e96d93df9ca7616a27753387bbab19a0b0232128a521de	common_voice_mvy_42363232.mp3	5287db614a521edb77d29db019a7fe9a95d9ed3e45dbd0c7136458615efb2be4	میں لہ څاں رڇھان٘لہ (رب) قبلا چھی؛ تُس ہُم میں بال قبلائ۔		2	0	twenties				mvy	
d57ec64430d08448231ecc1bfa08a0b56cc77c65375376c7794242138d8ac1e5b46275137b7c762131e96d93df9ca7616a27753387bbab19a0b0232128a521de	common_voice_mvy_42363124.mp3	6302e783f86fa63efd3001ff77de49b437e45d9d24d73ce5e01501db193b476d	تَثنِیَہ، دُیُوں لا دلالت کېر		2	0	twenties				mvy	
d57ec64430d08448231ecc1bfa08a0b56cc77c65375376c7794242138d8ac1e5b46275137b7c762131e96d93df9ca7616a27753387bbab19a0b0232128a521de	common_voice_mvy_42363876.mp3	7c4a750aa63b1903fb48155bc0419aacbd372271bcbf4b96c934988f97aaa5d7	گی وختہ چےۡ تعلیم آن لائن ہُوگا		3	0	twenties				mvy	
d57ec64430d08448231ecc1bfa08a0b56cc77c65375376c7794242138d8ac1e5b46275137b7c762131e96d93df9ca7616a27753387bbab19a0b0232128a521de	common_voice_mvy_42363874.mp3	967d8a5e254c5fb20dd763fa9cb2d27491b08c5da001fc9cc7a06c84468a8745	زَیں اماں مہ سُگائ ٹوق ٹقلی ہوں تھی		2	0	twenties				mvy	
d57ec64430d08448231ecc1bfa08a0b56cc77c65375376c7794242138d8ac1e5b46275137b7c762131e96d93df9ca7616a27753387bbab19a0b0232128a521de	common_voice_mvy_42363873.mp3	95e016c73859443dcc080fdf48a65442a70f7d08901f1f2d8be2482b1dc0a49e	ماݜی ملی ادرکاں رس ملا گلے		2	1	twenties				mvy	
d57ec64430d08448231ecc1bfa08a0b56cc77c65375376c7794242138d8ac1e5b46275137b7c762131e96d93df9ca7616a27753387bbab19a0b0232128a521de	common_voice_mvy_42363234.mp3	6e0490c67f0fe2c19dc6599a5c6a7ebbb12ab5fccb5cdf8af4b960f9cc2c59db	نبی علیہ السلام نہ عِلاوہ حضرت ابوبکر، حضرت ابن مسعود رض عنھما ہُم تھو۔		3	0	twenties				mvy	
d57ec64430d08448231ecc1bfa08a0b56cc77c65375376c7794242138d8ac1e5b46275137b7c762131e96d93df9ca7616a27753387bbab19a0b0232128a521de	common_voice_mvy_42374332.mp3	da0632672c1e07146d0070cbc6dff5b261d7e9310da43484ac03c520df46b1aa	اَس وے تُوئ را گلےمریضاں دن		2	0	twenties				mvy	
d57ec64430d08448231ecc1bfa08a0b56cc77c65375376c7794242138d8ac1e5b46275137b7c762131e96d93df9ca7616a27753387bbab19a0b0232128a521de	common_voice_mvy_42374331.mp3	d43bd8eaf05b6273d48d45e1c6b9110b9179b2de26b53c80aafc8e6857b7a17f	پرہ پن٘دہۡ مژ سیں پھئیں گِیُو پشِلیۡ۔		2	0	twenties				mvy	
d57ec64430d08448231ecc1bfa08a0b56cc77c65375376c7794242138d8ac1e5b46275137b7c762131e96d93df9ca7616a27753387bbab19a0b0232128a521de	common_voice_mvy_42392367.mp3	60958dd2fe22c4f104fdb99a35133e53477830ce56312121dbe14cbfeebeb587	چو زیات ہیُو دژان٘لو ذاتے۔		2	0	twenties				mvy	
d57ec64430d08448231ecc1bfa08a0b56cc77c65375376c7794242138d8ac1e5b46275137b7c762131e96d93df9ca7616a27753387bbab19a0b0232128a521de	common_voice_mvy_42392366.mp3	6707a3670950f74bb54dc68cff52e77fa49a70d2b541d8bde462ec4689785289	اسی نہ پتَیں زَیں بولاں کنار نی والیۡ،		2	0	twenties				mvy	
d57ec64430d08448231ecc1bfa08a0b56cc77c65375376c7794242138d8ac1e5b46275137b7c762131e96d93df9ca7616a27753387bbab19a0b0232128a521de	common_voice_mvy_42392365.mp3	546372fb536a7a9373cdd365c11bcbc4880c1a18f8a4922fdf65def1fda221d8	ایک کمرہ دژی مُکمل ستی ہووان٘س		2	0	twenties				mvy	
d57ec64430d08448231ecc1bfa08a0b56cc77c65375376c7794242138d8ac1e5b46275137b7c762131e96d93df9ca7616a27753387bbab19a0b0232128a521de	common_voice_mvy_42392364.mp3	675d73dd7764601b5ae539cd75d4668152405daa18b4b599c51b8555a7758369	نِوان٘ز مہ اَیں مہ ݜے بِگ څیز دھؤں		2	0	twenties				mvy	
d57ec64430d08448231ecc1bfa08a0b56cc77c65375376c7794242138d8ac1e5b46275137b7c762131e96d93df9ca7616a27753387bbab19a0b0232128a521de	common_voice_mvy_42374330.mp3	d84c6bca688cf708053a1c73c4776009e305270569dc041d05de9cacadd566e8	اسی ہِن بِتُس گُوگل تے یُوٹیوب نہ ہر څیز حاصل کرا ن٘گَیں تھو		3	0	twenties				mvy	
d57ec64430d08448231ecc1bfa08a0b56cc77c65375376c7794242138d8ac1e5b46275137b7c762131e96d93df9ca7616a27753387bbab19a0b0232128a521de	common_voice_mvy_42374329.mp3	af4b0621be58b3b33e3101c3d08adb01ddbe39c849fba489cc5111b9823fec38	آں ملی رال دېس مہ دُو یا ڇا وار		2	0	twenties				mvy	
d57ec64430d08448231ecc1bfa08a0b56cc77c65375376c7794242138d8ac1e5b46275137b7c762131e96d93df9ca7616a27753387bbab19a0b0232128a521de	common_voice_mvy_42363847.mp3	915df56d8703d3e61eef9662feb0d3edbd9ee63b3f1c101831bac3341054bb6e	عورت (پلیل زئ) چپ کَرٶں فرض تھُو۔		2	0	twenties				mvy	
d57ec64430d08448231ecc1bfa08a0b56cc77c65375376c7794242138d8ac1e5b46275137b7c762131e96d93df9ca7616a27753387bbab19a0b0232128a521de	common_voice_mvy_42363845.mp3	88f814928a556d10e8cb460b899a8bc0291ae367c72990e23ee55a05b5646198	تَلاں پتَیں دُوالشؤں کالاں حجہ مژ		2	0	twenties				mvy	
d57ec64430d08448231ecc1bfa08a0b56cc77c65375376c7794242138d8ac1e5b46275137b7c762131e96d93df9ca7616a27753387bbab19a0b0232128a521de	common_voice_mvy_42363844.mp3	914b1678a3e731375f6ffdb7fc190504c7a46ddd42b6856f20e28c02b2516b1a	اڙاں ݜُو گھَؤں اوک چو سُگاؤ ہوُئ تُھو ووئے بِگ نَیں یی؟		2	0	twenties				mvy	
d57ec64430d08448231ecc1bfa08a0b56cc77c65375376c7794242138d8ac1e5b46275137b7c762131e96d93df9ca7616a27753387bbab19a0b0232128a521de	common_voice_mvy_42374328.mp3	e75862124fa91f45e0b45837d84f1afde51fd4beb5c57bf51d8f6783dd2f98c1	مہ ݜَلہ څَوکیدار تُھو۔		2	0	twenties				mvy	
d57ec64430d08448231ecc1bfa08a0b56cc77c65375376c7794242138d8ac1e5b46275137b7c762131e96d93df9ca7616a27753387bbab19a0b0232128a521de	common_voice_mvy_42363842.mp3	66c799a153519f50f455052b6fbff7109ec61f89bbba2b9dc9c2b03e29cc3359	لِکؤں پڑؤں سِچھیائ۔ ݜُو سِوَیں فِدیہ ہوتھی۔		2	1	twenties				mvy	
d57ec64430d08448231ecc1bfa08a0b56cc77c65375376c7794242138d8ac1e5b46275137b7c762131e96d93df9ca7616a27753387bbab19a0b0232128a521de	common_voice_mvy_42363279.mp3	705e7b7042981e2d90557c724bc712b6d4fa37d55a27d95467ddabcab46ba7d8	اڑ کرَیں نہ پتَیں بُوئ ای تاں حِصاں بِیُو رشاگِلیۡ		3	0	twenties				mvy	
d57ec64430d08448231ecc1bfa08a0b56cc77c65375376c7794242138d8ac1e5b46275137b7c762131e96d93df9ca7616a27753387bbab19a0b0232128a521de	common_voice_mvy_42363289.mp3	76711ecfc2ef829b95c7e2a068a799c82796412c0281ab9e958e2259072f1200	تے اَس مالاں دن نمېر ہِلاک زکے		2	0	twenties				mvy	
d57ec64430d08448231ecc1bfa08a0b56cc77c65375376c7794242138d8ac1e5b46275137b7c762131e96d93df9ca7616a27753387bbab19a0b0232128a521de	common_voice_mvy_42374327.mp3	d3b60583ec32c77911538d7507da2fa64c28ccc340e7dd34663607ec7049e4ff	کلہۡ تمَیں کلہۡ ڇلائ ہُوئسیۡ		2	0	twenties				mvy	
d57ec64430d08448231ecc1bfa08a0b56cc77c65375376c7794242138d8ac1e5b46275137b7c762131e96d93df9ca7616a27753387bbab19a0b0232128a521de	common_voice_mvy_42386488.mp3	2a6e249d9d789527fe7b96e2eea869bfc4efdef75272cf38e8e71acbb78f0509	اُ نبی علیہ السلام اَئیں تعلیم تَےتربیتئیں سَخ گَھئیں کارنامہ اَئینٚس		3	0	twenties				mvy	
d57ec64430d08448231ecc1bfa08a0b56cc77c65375376c7794242138d8ac1e5b46275137b7c762131e96d93df9ca7616a27753387bbab19a0b0232128a521de	common_voice_mvy_42386489.mp3	2ab05f7010d42543fa269c3715f25d1308542c6c23d60075d50539fb450a7009	گِشے چے حج کرؤں یی تے		2	0	twenties				mvy	
d57ec64430d08448231ecc1bfa08a0b56cc77c65375376c7794242138d8ac1e5b46275137b7c762131e96d93df9ca7616a27753387bbab19a0b0232128a521de	common_voice_mvy_42386490.mp3	354f1085748bc33dd25000801babef79d45b4427cdf09185e569ebc71cacb39b	ابوبکرؓصدیقاں بھئ اِیلو۔		4	0	twenties				mvy	
d57ec64430d08448231ecc1bfa08a0b56cc77c65375376c7794242138d8ac1e5b46275137b7c762131e96d93df9ca7616a27753387bbab19a0b0232128a521de	common_voice_mvy_42374319.mp3	e38fa5a4b410e2bc26ada06a84bca0148aa3e07ebd2e639e4d550f01da93224d	تے سِوَیں تاں نُک شُک آں کھݜ سامان،		2	0	twenties				mvy	
d57ec64430d08448231ecc1bfa08a0b56cc77c65375376c7794242138d8ac1e5b46275137b7c762131e96d93df9ca7616a27753387bbab19a0b0232128a521de	common_voice_mvy_42374318.mp3	dd913d97223dc979bbe7a0924f6b1f878312a449107e2750d5001394c1862ab3	تُس گِشے ݜس(اللہ پاکَیں) بال باکے نی ہراں تھہ،		2	0	twenties				mvy	
d57ec64430d08448231ecc1bfa08a0b56cc77c65375376c7794242138d8ac1e5b46275137b7c762131e96d93df9ca7616a27753387bbab19a0b0232128a521de	common_voice_mvy_42363337.mp3	7cc45c653aa04057d15b74104acb40b38d22c9e1cd8c9e06b4f5ca6eabc9ebda	تِبیات خراب ہُون٘دیۡ کھیں اُو تل چور ہُوئ تُھو		2	0	twenties				mvy	
d57ec64430d08448231ecc1bfa08a0b56cc77c65375376c7794242138d8ac1e5b46275137b7c762131e96d93df9ca7616a27753387bbab19a0b0232128a521de	common_voice_mvy_42363338.mp3	612214112ec9cebec8ec3c55c00421ca46ccf3fff10482d5ecdf096802acbe36	ذاتیات نہ نِکئی علاقاں سُوچ نیرِگ تھو۔		2	1	twenties				mvy	
d57ec64430d08448231ecc1bfa08a0b56cc77c65375376c7794242138d8ac1e5b46275137b7c762131e96d93df9ca7616a27753387bbab19a0b0232128a521de	common_voice_mvy_42363821.mp3	892513475b30297d008bb64616829b399dd8b53f576d704e287d27c6b36750d4	چؤر سېر چھواری ملیسیۡ۔		2	0	twenties				mvy	
d57ec64430d08448231ecc1bfa08a0b56cc77c65375376c7794242138d8ac1e5b46275137b7c762131e96d93df9ca7616a27753387bbab19a0b0232128a521de	common_voice_mvy_42363343.mp3	8068d7117ae3acb56fe0d4344ffed8184b3af2dee8e33b90561f22560d64be6b	جسم بِگلہ دژی گا کھیں تسی لا		2	0	twenties				mvy	
d57ec64430d08448231ecc1bfa08a0b56cc77c65375376c7794242138d8ac1e5b46275137b7c762131e96d93df9ca7616a27753387bbab19a0b0232128a521de	common_voice_mvy_42363819.mp3	6620391b662fa1db033e69f30d6dd953793d776ff63b3f960b2551432ba97de4	آں بے کیں کؤ کیر او ما اگار ݜژی گا		4	0	twenties				mvy	
d57ec64430d08448231ecc1bfa08a0b56cc77c65375376c7794242138d8ac1e5b46275137b7c762131e96d93df9ca7616a27753387bbab19a0b0232128a521de	common_voice_mvy_42363818.mp3	8e163f4e1f08c992430baa05c90aafe3c7b615b6c93a7fdf16ae3ff261c0b661	مریض دھاگلے بشام، ایبٹ آباد یا سواتے رِہرؤں ہُوئ تُھو۔		4	1	twenties				mvy	
d57ec64430d08448231ecc1bfa08a0b56cc77c65375376c7794242138d8ac1e5b46275137b7c762131e96d93df9ca7616a27753387bbab19a0b0232128a521de	common_voice_mvy_42363346.mp3	7466a9e562871f1d4f217352268947cfaf73a2724415e9da54303a780b40de8d	آں چھال حکم (حکم وضعی)۔		2	0	twenties				mvy	
d57ec64430d08448231ecc1bfa08a0b56cc77c65375376c7794242138d8ac1e5b46275137b7c762131e96d93df9ca7616a27753387bbab19a0b0232128a521de	common_voice_mvy_42363794.mp3	2996490ddd885a7feabbe27773dab8c959fe5ce6118fa87c4ae37f8c03b1033a	مسلموں ملِی تُھو رباں امداد		2	0	twenties				mvy	
d57ec64430d08448231ecc1bfa08a0b56cc77c65375376c7794242138d8ac1e5b46275137b7c762131e96d93df9ca7616a27753387bbab19a0b0232128a521de	common_voice_mvy_42363793.mp3	906c4b17d7cf6e7f39cda87de29c140fc51a9073591ca72e5a48b3bb5c7a8ba2	ہُسُریۡ ہِن حامل گھریۡ ماݜَیں علاج		2	0	twenties				mvy	
d57ec64430d08448231ecc1bfa08a0b56cc77c65375376c7794242138d8ac1e5b46275137b7c762131e96d93df9ca7616a27753387bbab19a0b0232128a521de	common_voice_mvy_42386494.mp3	3cf479244ce71e15a77c809ab418547536dd631bbeb4fff23712526bd65591fe	چے اک دُور گاں مہ ایک پیال آں ایک مٹی آن٘سیۡ۔		2	0	twenties				mvy	
d57ec64430d08448231ecc1bfa08a0b56cc77c65375376c7794242138d8ac1e5b46275137b7c762131e96d93df9ca7616a27753387bbab19a0b0232128a521de	common_voice_mvy_42363789.mp3	8b6b0b0121a87fa9508cb6eeb72f2bf1166160732945047bc6d46ba1f4e0277d	اڙوۡ شُروع ہُون٘دوۡ نا کھیں اسیں کائ پھر ہُوئے		2	0	twenties				mvy	
d57ec64430d08448231ecc1bfa08a0b56cc77c65375376c7794242138d8ac1e5b46275137b7c762131e96d93df9ca7616a27753387bbab19a0b0232128a521de	common_voice_mvy_42363393.mp3	7410aae9d9edf885ca8ee8cc2ea244acd0a273dc922a90b2fab5a280dcf1e3fb	لان٘گ یا پتلُون ہِن تاں گھُن٘ڈہۡ پلیؤں اڅھک ہُوئ تھُو۔		2	0	twenties				mvy	
d57ec64430d08448231ecc1bfa08a0b56cc77c65375376c7794242138d8ac1e5b46275137b7c762131e96d93df9ca7616a27753387bbab19a0b0232128a521de	common_voice_mvy_42363394.mp3	84843ced51cd037818e34f5ff62e75e4babf5eadbc90396edeab3896226d7b52	رگی ارتی ہوں تھی		2	0	twenties				mvy	
d57ec64430d08448231ecc1bfa08a0b56cc77c65375376c7794242138d8ac1e5b46275137b7c762131e96d93df9ca7616a27753387bbab19a0b0232128a521de	common_voice_mvy_42386496.mp3	2643590fe67ef3c9defcae44b3e3a72d94a1f2f9248fdea33155576a2631009c	سیواں کِریا ”ہیُو کرَیں یاں حُکمہ یا عزیمتیاں حُکمہ“ بناں تُھو۔		2	0	twenties				mvy	
d57ec64430d08448231ecc1bfa08a0b56cc77c65375376c7794242138d8ac1e5b46275137b7c762131e96d93df9ca7616a27753387bbab19a0b0232128a521de	common_voice_mvy_42386497.mp3	28675e774ca3d3e42473948c0445da9a3733b78b70f16dfe5fee5dcf3520223b	آں کوکسیں حال احوال نہ تفصیلی خبر ہوئیں موقع ملِس۔		2	1	twenties				mvy	
d57ec64430d08448231ecc1bfa08a0b56cc77c65375376c7794242138d8ac1e5b46275137b7c762131e96d93df9ca7616a27753387bbab19a0b0232128a521de	common_voice_mvy_42386503.mp3	3b565333f5e4539368b994bbf155f31df225db9563b1ef067df377367d1c4e43	مژ چینی تے چایاں پن٘ڑہۡ گلے سمُو بِریائ		2	0	twenties				mvy	
d57ec64430d08448231ecc1bfa08a0b56cc77c65375376c7794242138d8ac1e5b46275137b7c762131e96d93df9ca7616a27753387bbab19a0b0232128a521de	common_voice_mvy_42363421.mp3	7ade1258cf840334cc3607f846f893129c2465900dc1f1eaefbceaeb82e4743a	خو سَیں علامات چے سېوں ہِن رتَیں کمِیں شک پیدا ہو		2	0	twenties				mvy	
d57ec64430d08448231ecc1bfa08a0b56cc77c65375376c7794242138d8ac1e5b46275137b7c762131e96d93df9ca7616a27753387bbab19a0b0232128a521de	common_voice_mvy_42386504.mp3	449a79c705c4373431c3e21294729dce6e1ff12f8282dfdbc6ab46b158011ff6	سِواں ذکِر بِس ݜُون٘دہ کرا تھو۔		2	0	twenties				mvy	
d57ec64430d08448231ecc1bfa08a0b56cc77c65375376c7794242138d8ac1e5b46275137b7c762131e96d93df9ca7616a27753387bbab19a0b0232128a521de	common_voice_mvy_42386505.mp3	2a586f7af5e5eb043bdadccb6483c2e6ec78305714b64e4d452de825136210a3	لیٙکھیۡ مالے کم آں گھین٘ری مالے اڑوۡ پیالہ		2	0	twenties				mvy	
d57ec64430d08448231ecc1bfa08a0b56cc77c65375376c7794242138d8ac1e5b46275137b7c762131e96d93df9ca7616a27753387bbab19a0b0232128a521de	common_voice_mvy_42363430.mp3	82f44bd4b2c47e41d6b91cdb2374c4557c1487ee7e707265c11586dccd785b43	ایک ٹَپ (ضَرب) مھُوواں کِریا کَرٶں فرض تھُو۔		2	0	twenties				mvy	
d57ec64430d08448231ecc1bfa08a0b56cc77c65375376c7794242138d8ac1e5b46275137b7c762131e96d93df9ca7616a27753387bbab19a0b0232128a521de	common_voice_mvy_42363431.mp3	78187b4b6d415a4156c5ac1467910995b06f573c550f37c61709c32c56863bf0	اسیں ݜُو گھؤں چو اڅھکوۡ ہُوئ تُھو نا		2	0	twenties				mvy	
d57ec64430d08448231ecc1bfa08a0b56cc77c65375376c7794242138d8ac1e5b46275137b7c762131e96d93df9ca7616a27753387bbab19a0b0232128a521de	common_voice_mvy_42363758.mp3	8ee90b6ec356f06ab01c1ee8948da29071d109fb8e2f872185c93cd85f710764	سَیں تل مزی کران٘س۔		2	0	twenties				mvy	
d57ec64430d08448231ecc1bfa08a0b56cc77c65375376c7794242138d8ac1e5b46275137b7c762131e96d93df9ca7616a27753387bbab19a0b0232128a521de	common_voice_mvy_42363755.mp3	909d5cb32f0c6f7b7dd6fb2b8bb7fa0478b7cc4f08351efa73bf51a3ff912f56	بِڅاں دَن تل عمل کرَیں یاں دَن ڇِہے چھی۔		2	0	twenties				mvy	
d57ec64430d08448231ecc1bfa08a0b56cc77c65375376c7794242138d8ac1e5b46275137b7c762131e96d93df9ca7616a27753387bbab19a0b0232128a521de	common_voice_mvy_42363453.mp3	7a6dfcb6dc8ae8ece5bd16d48fdef5437bfee11f6fb440bb06da309b598e3a77	چے اسیں وجہۡ نہ مریض تاں		2	0	twenties				mvy	
d57ec64430d08448231ecc1bfa08a0b56cc77c65375376c7794242138d8ac1e5b46275137b7c762131e96d93df9ca7616a27753387bbab19a0b0232128a521de	common_voice_mvy_42363456.mp3	6b5eb2d5b48af1c4834d77cf73b3fc4b00413e9f7f53d561c993dfb6af11ef79	چےۡ تُو بنہ اېوں مِلیۡ گی کرِگ۔		2	1	twenties				mvy	
d57ec64430d08448231ecc1bfa08a0b56cc77c65375376c7794242138d8ac1e5b46275137b7c762131e96d93df9ca7616a27753387bbab19a0b0232128a521de	common_voice_mvy_42363475.mp3	76cdcd66fcc8c26a8e6c22fd57fca3a2435eb0f551af429a4e3ea53c2947c81c	ݜُو وجہۡ ہِن مھالہ واں سوچ، بلی، کردار،		2	0	twenties				mvy	
d57ec64430d08448231ecc1bfa08a0b56cc77c65375376c7794242138d8ac1e5b46275137b7c762131e96d93df9ca7616a27753387bbab19a0b0232128a521de	common_voice_mvy_42363744.mp3	90095ee4a9e8077f4a26224b35cf5bbe67f1f3a89835b72d9ec7a06a7b796f85	مِراث وغېرہ اِواں تاں قانُون لا ہو تُھو،		2	0	twenties				mvy	
d57ec64430d08448231ecc1bfa08a0b56cc77c65375376c7794242138d8ac1e5b46275137b7c762131e96d93df9ca7616a27753387bbab19a0b0232128a521de	common_voice_mvy_42363742.mp3	779c8bad4840205873e066b3d0fd28d55c07c3263ecbea00f80bbf4805da0921	تسی وَیں نھالے لیکھ قانونہ سن٘داں۔		2	0	twenties				mvy	
d57ec64430d08448231ecc1bfa08a0b56cc77c65375376c7794242138d8ac1e5b46275137b7c762131e96d93df9ca7616a27753387bbab19a0b0232128a521de	common_voice_mvy_42363741.mp3	8dc48be1df89f1aa3e627a53b1a0226408c875342273eb8426318ca51127e0ce	آں شېطَیں مِیں نِیڙ ایاؤ۔		2	0	twenties				mvy	
d57ec64430d08448231ecc1bfa08a0b56cc77c65375376c7794242138d8ac1e5b46275137b7c762131e96d93df9ca7616a27753387bbab19a0b0232128a521de	common_voice_mvy_42374244.mp3	ced97bbb657550ac978c82f257170facf8a7f9b7bde7015551756f7b6c14a382	پویائ کھیں مال سم ہوتھی۔		2	0	twenties				mvy	
d57ec64430d08448231ecc1bfa08a0b56cc77c65375376c7794242138d8ac1e5b46275137b7c762131e96d93df9ca7616a27753387bbab19a0b0232128a521de	common_voice_mvy_42374245.mp3	e0874cb6cd916ecbf13b6953cc49923b5b46a0b82c65f6a83beae7900a90b66f	آں نِوان٘ز کرؤں اڅھکاݜ تھُو۔		4	0	twenties				mvy	
d57ec64430d08448231ecc1bfa08a0b56cc77c65375376c7794242138d8ac1e5b46275137b7c762131e96d93df9ca7616a27753387bbab19a0b0232128a521de	common_voice_mvy_42363502.mp3	59c6234608eb65850f1352d9a0a5b4d8b48ca47a294bc2d862d618c1dc8c8ee1	گِنہۡ چے اېوں مہ ݜَیں گت رَتیں چئ کمی ہُوئ تھی۔		2	0	twenties				mvy	
d57ec64430d08448231ecc1bfa08a0b56cc77c65375376c7794242138d8ac1e5b46275137b7c762131e96d93df9ca7616a27753387bbab19a0b0232128a521de	common_voice_mvy_42363504.mp3	835bac8dbecd9442ea55be4ce177e77698d6d44f9f7d38d3aec1047e1fd63f36	ولے ݜُو سُکون چو کھٹؤں نِکَیلوۡ۔		2	0	twenties				mvy	
d57ec64430d08448231ecc1bfa08a0b56cc77c65375376c7794242138d8ac1e5b46275137b7c762131e96d93df9ca7616a27753387bbab19a0b0232128a521de	common_voice_mvy_42363505.mp3	7a34f825e58186838017db95c66938872c2b5725923465011105912dffa88fac	ایک بوتلو مہ حفاظتی ہِن چھا۔		2	0	twenties				mvy	
d57ec64430d08448231ecc1bfa08a0b56cc77c65375376c7794242138d8ac1e5b46275137b7c762131e96d93df9ca7616a27753387bbab19a0b0232128a521de	common_voice_mvy_42363516.mp3	5cfb432e4c49ec009b6569ebc95fe4a9565149d9cc761b89c506d8167d82e243	آں بائرا گلے وختی لا تیار کرے چھا۔		2	0	twenties				mvy	
d57ec64430d08448231ecc1bfa08a0b56cc77c65375376c7794242138d8ac1e5b46275137b7c762131e96d93df9ca7616a27753387bbab19a0b0232128a521de	common_voice_mvy_42363519.mp3	85578785e9a1762315fbb29addf1f1e7d090555426a164c35566a2102ee4f964	ہا کُھور دژؤں آں ہتہۡ کُھرؤں نہ سہہۡ نِکؤں		2	0	twenties				mvy	
d57ec64430d08448231ecc1bfa08a0b56cc77c65375376c7794242138d8ac1e5b46275137b7c762131e96d93df9ca7616a27753387bbab19a0b0232128a521de	common_voice_mvy_42374247.mp3	a693504e26f61b62a69f670f727fd8353553db5afa5bf92dc4bb896108f9325d	آں دش غیر مُستقل مېمبرہ تھو۔		2	0	twenties				mvy	
d57ec64430d08448231ecc1bfa08a0b56cc77c65375376c7794242138d8ac1e5b46275137b7c762131e96d93df9ca7616a27753387bbab19a0b0232128a521de	common_voice_mvy_42374249.mp3	e1fa2fac12a1b821dcecb87743704ba269397ec7aeb08b606aaeae739b1e054e	نِوان٘ز مہ چٶن٘دَش واجِبہ تھو:		2	0	twenties				mvy	
d57ec64430d08448231ecc1bfa08a0b56cc77c65375376c7794242138d8ac1e5b46275137b7c762131e96d93df9ca7616a27753387bbab19a0b0232128a521de	common_voice_mvy_42363716.mp3	86bb4a61e0a7ba3ed902fdd9c64843ca33ed0b8fec66a5090eb7ab7134ed64c2	اسیں پاتو ڙِگیۡ بال تھی		2	0	twenties				mvy	
d57ec64430d08448231ecc1bfa08a0b56cc77c65375376c7794242138d8ac1e5b46275137b7c762131e96d93df9ca7616a27753387bbab19a0b0232128a521de	common_voice_mvy_42374250.mp3	d81fc1fcfa47b66c058e5ed10908784d6ba2c458d4f7090b160e2bebe9facc3c	تسی ہِن جِسہۡ ایگلے دڑ انشاءاللہ دُور ہوتھی۔		2	1	twenties				mvy	
d57ec64430d08448231ecc1bfa08a0b56cc77c65375376c7794242138d8ac1e5b46275137b7c762131e96d93df9ca7616a27753387bbab19a0b0232128a521de	common_voice_mvy_42363712.mp3	8bcf23c48490ba91dff4e61d16242aba553844149e484c7fc0a59b5897cedd76	آں شمال مشرق مہ چین ملی مِلېل تُھو،		2	0	twenties				mvy	
d57ec64430d08448231ecc1bfa08a0b56cc77c65375376c7794242138d8ac1e5b46275137b7c762131e96d93df9ca7616a27753387bbab19a0b0232128a521de	common_voice_mvy_42363711.mp3	52e7cdb22b9b9819c78d2d69efd1dd7fd1dbf750a3878e945a77ff4582b1859d	اسیں کران٘لوں نہ گنان٘گار (گنہگار)		2	0	twenties				mvy	
d57ec64430d08448231ecc1bfa08a0b56cc77c65375376c7794242138d8ac1e5b46275137b7c762131e96d93df9ca7616a27753387bbab19a0b0232128a521de	common_voice_mvy_42363544.mp3	86cec74c805963b08299c4244bf9373ed7693257970cc79fb6172582df57acfe	ہِلاک مُت ہِسار کرَیں یاں غرضی آن٘س۔		2	0	twenties				mvy	
d57ec64430d08448231ecc1bfa08a0b56cc77c65375376c7794242138d8ac1e5b46275137b7c762131e96d93df9ca7616a27753387bbab19a0b0232128a521de	common_voice_mvy_42374251.mp3	d2dea1d29e95d526479f57d8ead7631ac8f427a862e2494e12ac3612dd105ba2	شُوگر(رتاں سُرسیارَیں) بیماری ہر چؤرؤں ماݜے ݜژی تھی		2	0	twenties				mvy	
d57ec64430d08448231ecc1bfa08a0b56cc77c65375376c7794242138d8ac1e5b46275137b7c762131e96d93df9ca7616a27753387bbab19a0b0232128a521de	common_voice_mvy_42374252.mp3	8ccaca413b90a017bb76d45842894ac6bb3b405ef94e55bacc209d4f2b32108b	ایک تھتُوڑ سݩدژیل کھیں تے تُوئرا		2	0	twenties				mvy	
d57ec64430d08448231ecc1bfa08a0b56cc77c65375376c7794242138d8ac1e5b46275137b7c762131e96d93df9ca7616a27753387bbab19a0b0232128a521de	common_voice_mvy_42374301.mp3	de156fb621f1053338e53a4905b902831e1268626f454bb747012b482710fa5b	چے گی رنگاں مُت مُلکہ فېدہ ہراں تھو۔		2	0	twenties				mvy	
d57ec64430d08448231ecc1bfa08a0b56cc77c65375376c7794242138d8ac1e5b46275137b7c762131e96d93df9ca7616a27753387bbab19a0b0232128a521de	common_voice_mvy_42363514.mp3	87ed487c497da897fca03b0f04d74bf00b0c7710c3c433cb03d984a73bae2a1a	اېں دُویُوں (سِن٘دؤں) نہ ملغلری آں مرجان نِکاں تھہ۔		2	0	twenties				mvy	
d57ec64430d08448231ecc1bfa08a0b56cc77c65375376c7794242138d8ac1e5b46275137b7c762131e96d93df9ca7616a27753387bbab19a0b0232128a521de	common_voice_mvy_42374261.mp3	ded725157894c8652819d9a49764724623985b7149fcce5ccce2240bf1fdab04	آں کَسی لا جر ہُوندیۡ کھیں تسے مجرُور بناں تھہ		2	0	twenties				mvy	
d57ec64430d08448231ecc1bfa08a0b56cc77c65375376c7794242138d8ac1e5b46275137b7c762131e96d93df9ca7616a27753387bbab19a0b0232128a521de	common_voice_mvy_42374262.mp3	e43e5a8908a8db3249fc56b63ba7557e44ca10ed205f9d1480fd4adad066f8d7	ہر دېسؤں وے ہرَیں کھڑے ای تھی		2	0	twenties				mvy	
d57ec64430d08448231ecc1bfa08a0b56cc77c65375376c7794242138d8ac1e5b46275137b7c762131e96d93df9ca7616a27753387bbab19a0b0232128a521de	common_voice_mvy_42363693.mp3	889c074eecca9e31cd3fb2f93855124148219972bcda6ae1d15bda54e624a3e5	سیوں مہ (کُفارؤں مِلیۡ) صرف نوؤں مہ کلیۡ ہُو تھی۔		2	0	twenties				mvy	
d57ec64430d08448231ecc1bfa08a0b56cc77c65375376c7794242138d8ac1e5b46275137b7c762131e96d93df9ca7616a27753387bbab19a0b0232128a521de	common_voice_mvy_42374266.mp3	93e956a24fd9425bf197c3ded7b10903b9cd660aa3c8ae45d9856167023cf003	سېوں مژ چؤرؤں مہ ڇا حصی		2	0	twenties				mvy	
d57ec64430d08448231ecc1bfa08a0b56cc77c65375376c7794242138d8ac1e5b46275137b7c762131e96d93df9ca7616a27753387bbab19a0b0232128a521de	common_voice_mvy_42374267.mp3	ce18952544c98e7f2a92a0c460a72d632316aa13034d42b480dd051153fd10d4	ݜس ٹیکنالوجی یاں استعمال اِسکُلی بالٹو وَیں		2	0	twenties				mvy	
d57ec64430d08448231ecc1bfa08a0b56cc77c65375376c7794242138d8ac1e5b46275137b7c762131e96d93df9ca7616a27753387bbab19a0b0232128a521de	common_voice_mvy_42374269.mp3	d80d459b3f3d7ae91a6af46bb4a8d454a065a393da53b49013d07db9a766dee9	کؤں چےۡ تاں اُستا مھولا دِش بانیان٘س		2	0	twenties				mvy	
d57ec64430d08448231ecc1bfa08a0b56cc77c65375376c7794242138d8ac1e5b46275137b7c762131e96d93df9ca7616a27753387bbab19a0b0232128a521de	common_voice_mvy_42363680.mp3	6ab022e020e2e099b1aef7916b4cde43b8261eafeb0609e73dc989933c778ed9	چے تسی مہ اللہ پاکے کرَؤں یاں یا نېرؤں لُکھیل ہو،		2	0	twenties				mvy	
d57ec64430d08448231ecc1bfa08a0b56cc77c65375376c7794242138d8ac1e5b46275137b7c762131e96d93df9ca7616a27753387bbab19a0b0232128a521de	common_voice_mvy_42386525.mp3	3878e4fa5120e6f32ea86c9d6b9461d8eeab27147d6c1cc0ba8248ee54023a59	مبنی تسے بناں تھہ چے سو ہمیشہ اک حالتی لا ہو		2	0	twenties				mvy	
d57ec64430d08448231ecc1bfa08a0b56cc77c65375376c7794242138d8ac1e5b46275137b7c762131e96d93df9ca7616a27753387bbab19a0b0232128a521de	common_voice_mvy_42386524.mp3	32fa1178e064bdbb9736088444d713f5a56fce4e4010b8ae5fde63352799fec0	چے ݜُو علاقہ مژ دھرَیں والا باشِندی		2	0	twenties				mvy	
d57ec64430d08448231ecc1bfa08a0b56cc77c65375376c7794242138d8ac1e5b46275137b7c762131e96d93df9ca7616a27753387bbab19a0b0232128a521de	common_voice_mvy_42363677.mp3	33f616c5bb7d0a399592fca0c7f23653f9b113d0971030ed8ed1939ff00cf01d	دُوۡیں سجدیوَیں من٘ژھولہ (جلسہ) آں قَیدہ (قعدہ) مہ		2	0	twenties				mvy	
d57ec64430d08448231ecc1bfa08a0b56cc77c65375376c7794242138d8ac1e5b46275137b7c762131e96d93df9ca7616a27753387bbab19a0b0232128a521de	common_voice_mvy_42386523.mp3	456e6735c7cde9e5b6e7ac59ddd7fba0f792d7a42502d2f0533def5a5d2d57db	چےۡ څاں کِریا اللہ پاکے گَھیں برئ دگیلیۡ۔		2	0	twenties				mvy	
d57ec64430d08448231ecc1bfa08a0b56cc77c65375376c7794242138d8ac1e5b46275137b7c762131e96d93df9ca7616a27753387bbab19a0b0232128a521de	common_voice_mvy_42363674.mp3	8643d7ed345ab4e02f4b2fa1606de4fdf7ceb4356c6cd27e9551621e7d5273d5	رعل' تے 'زکوان' قوموں مِلی مِلی سېوں شہید کیریۡ۔		2	0	twenties				mvy	
d57ec64430d08448231ecc1bfa08a0b56cc77c65375376c7794242138d8ac1e5b46275137b7c762131e96d93df9ca7616a27753387bbab19a0b0232128a521de	common_voice_mvy_42363673.mp3	798855a53d52940dd8665f8bf1690529e077387c7c1901f1f4eae451ae852ebf	عدالتیاں، جرمہ واں، حُکمتیاں بارہ مَن٘ژ		2	0	twenties				mvy	
d57ec64430d08448231ecc1bfa08a0b56cc77c65375376c7794242138d8ac1e5b46275137b7c762131e96d93df9ca7616a27753387bbab19a0b0232128a521de	common_voice_mvy_42374275.mp3	e50cde00ccb52332cd3f077a7c91966934a22c713746d0d14038e18ffd3b5dd3	بدر اېک زئ یاں نؤں تُھو،		2	0	twenties				mvy	
d57ec64430d08448231ecc1bfa08a0b56cc77c65375376c7794242138d8ac1e5b46275137b7c762131e96d93df9ca7616a27753387bbab19a0b0232128a521de	common_voice_mvy_42374277.mp3	80422ee69feb2b1741ee827b064c0f7779e229eebab1302f1b679f3615160dd6	تلہ زِر رُپَوؤں تِگے کمرہ مِلہ ݜِت۔		2	0	twenties				mvy	
d57ec64430d08448231ecc1bfa08a0b56cc77c65375376c7794242138d8ac1e5b46275137b7c762131e96d93df9ca7616a27753387bbab19a0b0232128a521de	common_voice_mvy_42374278.mp3	dde55cb5567df08178bf4e589357a3b48dc5b7665b9da9efa19f7dddd684f0de	تسے اللہ پاکاں عام بنیل حُکمہ رِن٘گاں تھہۡ		2	0	twenties				mvy	
d57ec64430d08448231ecc1bfa08a0b56cc77c65375376c7794242138d8ac1e5b46275137b7c762131e96d93df9ca7616a27753387bbab19a0b0232128a521de	common_voice_mvy_42374279.mp3	e0ab7b1635ecdc9099838e525fccd7ae5cdecb2fda4da2a7a77a8978b15de9c4	ایک گلاس ڇھیر،ڇیؤں حصہ دان٘ڑیال، ہِلاک کالی مرچ آں لُوں اکٹھی را گلے		2	0	twenties				mvy	
d57ec64430d08448231ecc1bfa08a0b56cc77c65375376c7794242138d8ac1e5b46275137b7c762131e96d93df9ca7616a27753387bbab19a0b0232128a521de	common_voice_mvy_42386522.mp3	38d12f5b289d2330bf85795f8782957b434c18155ef655cc5f21b093a1b6d026	تسیں کریا صُفہ بنېلان٘س۔		2	0	twenties				mvy	
d57ec64430d08448231ecc1bfa08a0b56cc77c65375376c7794242138d8ac1e5b46275137b7c762131e96d93df9ca7616a27753387bbab19a0b0232128a521de	common_voice_mvy_42363648.mp3	88bf916e8f07bd1b246c82775332b027d740a9856bb9d488d90ca1f7b9a2b5ce	ݜَیں دُویوں واں تعلُقاں مُون٘ڈ (بنیاد) ہُم		2	0	twenties				mvy	
d57ec64430d08448231ecc1bfa08a0b56cc77c65375376c7794242138d8ac1e5b46275137b7c762131e96d93df9ca7616a27753387bbab19a0b0232128a521de	common_voice_mvy_42386520.mp3	43b51b9cdc64a98e55c59a61d5131404798ebc3bdb605b937648ab08ce114b41	کھیں اِوَیں ژھان٘ل کرؤں یا ختُم کرؤں،		2	0	twenties				mvy	
d57ec64430d08448231ecc1bfa08a0b56cc77c65375376c7794242138d8ac1e5b46275137b7c762131e96d93df9ca7616a27753387bbab19a0b0232128a521de	common_voice_mvy_42386519.mp3	3b017cd3caae3bd797a1fa6511f39c15595041c637417035ff389c59b2ea6b84	جسم لا بِگلہ ماݜُوری یا لڑمے ٹک دگیلیۡ کھیں		2	0	twenties				mvy	
d57ec64430d08448231ecc1bfa08a0b56cc77c65375376c7794242138d8ac1e5b46275137b7c762131e96d93df9ca7616a27753387bbab19a0b0232128a521de	common_voice_mvy_42363640.mp3	82397c4845f8031daf3b82404f5ccfee45246e411197b50d77853a05af9e3d84	ناں اِسکُلہ سن٘دؤں ہوتُھو		2	0	twenties				mvy	
d57ec64430d08448231ecc1bfa08a0b56cc77c65375376c7794242138d8ac1e5b46275137b7c762131e96d93df9ca7616a27753387bbab19a0b0232128a521de	common_voice_mvy_42363639.mp3	7c36e82dc0f8c3f586d5f2f6e5a42385a17561ca7a1e72af5095bcae72eb0d5e	تسی نہ قِصاص نی ہرژا تُھُو		2	0	twenties				mvy	
d57ec64430d08448231ecc1bfa08a0b56cc77c65375376c7794242138d8ac1e5b46275137b7c762131e96d93df9ca7616a27753387bbab19a0b0232128a521de	common_voice_mvy_42363613.mp3	87bb5b03ba516caf40d2636331f6c8bfe1aab90729dce88e9212ddf540942c57	گتہ اېک پان٘د اوک تھی چے		2	0	twenties				mvy	
d57ec64430d08448231ecc1bfa08a0b56cc77c65375376c7794242138d8ac1e5b46275137b7c762131e96d93df9ca7616a27753387bbab19a0b0232128a521de	common_voice_mvy_42363611.mp3	7ba0dad99a8c925264d97536d463a42f59cb771f9f025ba2666a9d56027a4c50	ولے مسلماواں کِریا		3	0	twenties				mvy	
d57ec64430d08448231ecc1bfa08a0b56cc77c65375376c7794242138d8ac1e5b46275137b7c762131e96d93df9ca7616a27753387bbab19a0b0232128a521de	common_voice_mvy_42386516.mp3	3a9ded8abb0bbefab7bf2dab1867aed517924d5679a04f0a5b314ab8797f6b01	تسیں کام علاقہ مہ تعلیماں، صورتحال تے معیار نھالؤں ہوتُھو۔		2	0	twenties				mvy	
d57ec64430d08448231ecc1bfa08a0b56cc77c65375376c7794242138d8ac1e5b46275137b7c762131e96d93df9ca7616a27753387bbab19a0b0232128a521de	common_voice_mvy_42386515.mp3	2d4a4766355e6b932270dce28814840f31c45412f3c478054c2a6698ef3b4258	سراسر تَواں ہُون٘دُوں سو کال نی ہو تُھو		2	0	twenties				mvy	
d57ec64430d08448231ecc1bfa08a0b56cc77c65375376c7794242138d8ac1e5b46275137b7c762131e96d93df9ca7616a27753387bbab19a0b0232128a521de	common_voice_mvy_42386513.mp3	347d53263e1886feb93c18b4f23ee4a6d05e0db28a4f090d4aa6ef7d38827681	دراں یا تھُیوں من٘ژ اُولی ہوں اڅھکاݜ تھُو۔		2	0	twenties				mvy	
d57ec64430d08448231ecc1bfa08a0b56cc77c65375376c7794242138d8ac1e5b46275137b7c762131e96d93df9ca7616a27753387bbab19a0b0232128a521de	common_voice_mvy_42363594.mp3	8c319ff33302ab4fc4a9af2ab24c50059a2a1712f7eed6a3cfc54b5fc3a22b47	لہ بے بادِگر ݜس غلطی نېرگ۔		2	0	twenties				mvy	
d57ec64430d08448231ecc1bfa08a0b56cc77c65375376c7794242138d8ac1e5b46275137b7c762131e96d93df9ca7616a27753387bbab19a0b0232128a521de	common_voice_mvy_42374290.mp3	e157d3bfc2f86f98545bc484ac4d10d0c6025a7d3071bb34af40d04f76b535d2	اسی مہ بھاݜ ایوں		2	0	twenties				mvy	
d57ec64430d08448231ecc1bfa08a0b56cc77c65375376c7794242138d8ac1e5b46275137b7c762131e96d93df9ca7616a27753387bbab19a0b0232128a521de	common_voice_mvy_42374292.mp3	dfec21259adf490a8324e354823927cd3d2267950e0e4ae1a8bb1727ac0485c7	آں میں مرگلئ مار یا زاں ملیۡ مِٹھیۡ کېر،		2	0	twenties				mvy	
d57ec64430d08448231ecc1bfa08a0b56cc77c65375376c7794242138d8ac1e5b46275137b7c762131e96d93df9ca7616a27753387bbab19a0b0232128a521de	common_voice_mvy_42374293.mp3	dc5262ec81d2795d63cd8a76f0628ed1400386348decd4397af11c41855270bd	خلکہ وَیں کمائی یاں اک گھوں حصہ		2	0	twenties				mvy	
d57ec64430d08448231ecc1bfa08a0b56cc77c65375376c7794242138d8ac1e5b46275137b7c762131e96d93df9ca7616a27753387bbab19a0b0232128a521de	common_voice_mvy_42374294.mp3	9fc213db721d6f69a0abef390cd3a23cdf08e7e165786d4ae36be2fdd089ad94	کہ اِسکُلہ تھو کھیں سِواں تعلیمی نظام سم کرؤں تُھو۔		2	0	twenties				mvy	
d57ec64430d08448231ecc1bfa08a0b56cc77c65375376c7794242138d8ac1e5b46275137b7c762131e96d93df9ca7616a27753387bbab19a0b0232128a521de	common_voice_mvy_42374296.mp3	e475ce37fcf7fcbe14175639e21be6df89b2555adf607a6058d7f10ec5c7f74b	کوستاں خلکہ تے علاقہ وَیں نھالُوں		2	0	twenties				mvy	
d57ec64430d08448231ecc1bfa08a0b56cc77c65375376c7794242138d8ac1e5b46275137b7c762131e96d93df9ca7616a27753387bbab19a0b0232128a521de	common_voice_mvy_42374297.mp3	88d80cc27856da49db86b79e255806cb8abb6783259a7cb12a2d01910b10cf75	آں مِلی آخرہ مژ نِوان٘زاں اَدوساں غُسلاں تیموماں،		2	0	twenties				mvy	
d57ec64430d08448231ecc1bfa08a0b56cc77c65375376c7794242138d8ac1e5b46275137b7c762131e96d93df9ca7616a27753387bbab19a0b0232128a521de	common_voice_mvy_42374299.mp3	e4a19813fca968245dcd9ca60fbd1596837666f366892ed6d3eea0aa9dc61838	ݜلگے بُٹٶں نہ کَچھ بھاؤ ایوب انصاریؓ اں بھاؤ آن٘س۔		2	0	twenties				mvy	
d57ec64430d08448231ecc1bfa08a0b56cc77c65375376c7794242138d8ac1e5b46275137b7c762131e96d93df9ca7616a27753387bbab19a0b0232128a521de	common_voice_mvy_42363563.mp3	8cb7782f93c8300b8c6785b2b731eb94848212d954ff292abe42fdfda36858ac	یعنی ڇھاری ماحول مژ تُو ہو یا تپ		2	0	twenties				mvy	
d57ec64430d08448231ecc1bfa08a0b56cc77c65375376c7794242138d8ac1e5b46275137b7c762131e96d93df9ca7616a27753387bbab19a0b0232128a521de	common_voice_mvy_42363561.mp3	7f56e1eb5f4a048937c1acb87fd1027b2c0cd60b2196fc29899ede316c24309e	چے اس کېں نی قبلالُوں سو کاپُھر نی ہوتُھو۔		2	0	twenties				mvy	
d57ec64430d08448231ecc1bfa08a0b56cc77c65375376c7794242138d8ac1e5b46275137b7c762131e96d93df9ca7616a27753387bbab19a0b0232128a521de	common_voice_mvy_42363550.mp3	84883d34229318b98eca331f5b4c2925b35a046f82fcdeb6e3abdedf28e5b503	اسی مہ چون٘کے ماسُم نہ پُور اِنسان ہُوئ تُھُو		2	0	twenties				mvy	
a240aedfe3c626e32c6d3733420d69f8a2961368ed9b6f79b70763d7f70eab05a4024884a41fc63becc1b4960568fcea9c5fa5bdc7501451b40e46b1216f1105	common_voice_mvy_42362271.mp3	7155091ff4c203cdcf57a8e06238b6340887839aa6a0c7677ad535cb4d3c641e	ڇھپ کرے اما مُت گائ گیلیۡ تُھو۔		2	0	twenties				mvy	
a240aedfe3c626e32c6d3733420d69f8a2961368ed9b6f79b70763d7f70eab05a4024884a41fc63becc1b4960568fcea9c5fa5bdc7501451b40e46b1216f1105	common_voice_mvy_42367312.mp3	ada528d950fe482b0285dc7c1069cbf3b009a57afc241fcaf0cbb22ca1f946fe	پیالہ لا ایک پڅھلیۡ ٹِپیۡ رِن٘گا بھا نہ ڇھاری چھا۔		2	0	twenties				mvy	
a240aedfe3c626e32c6d3733420d69f8a2961368ed9b6f79b70763d7f70eab05a4024884a41fc63becc1b4960568fcea9c5fa5bdc7501451b40e46b1216f1105	common_voice_mvy_42363600.mp3	7f7b140b5387ee3f515cb76dff579d5175bb329cc8a7a96ae4487831bac6fd4f	چے تے گِشے پتہۡ اِیلیۡ چے مارېل موݜے کان٘ڑئ غرُٹ کرے لان٘س۔		2	0	twenties				mvy	
a240aedfe3c626e32c6d3733420d69f8a2961368ed9b6f79b70763d7f70eab05a4024884a41fc63becc1b4960568fcea9c5fa5bdc7501451b40e46b1216f1105	common_voice_mvy_42363592.mp3	8274ef65c7916283cbc8c44062c3c97af7f523d1052e013acf2585301c20ae32	چےۡ تُو بِگ ݜے کاروبار کېر		2	0	twenties				mvy	
a240aedfe3c626e32c6d3733420d69f8a2961368ed9b6f79b70763d7f70eab05a4024884a41fc63becc1b4960568fcea9c5fa5bdc7501451b40e46b1216f1105	common_voice_mvy_42363655.mp3	4cbf75c5f143388f50ecd91c332409f353f1f7ab772649a62c287c259827b831	زَیں ݜُو نااتفاقی وجہۡ ہِن خلک زؤں نہ غلط فائدہ ہراں تھو۔		2	0	twenties				mvy	
a240aedfe3c626e32c6d3733420d69f8a2961368ed9b6f79b70763d7f70eab05a4024884a41fc63becc1b4960568fcea9c5fa5bdc7501451b40e46b1216f1105	common_voice_mvy_42363588.mp3	83196c80311f8dd08ee199ebca9a8d1d2e8745a18c56b9dd1cb4e4dd6ebfb8b7	خو ݜُو چٶرٶں بَٹھاں قول وعُلما واں خوش کریل تھُو۔		2	0	twenties				mvy	
a240aedfe3c626e32c6d3733420d69f8a2961368ed9b6f79b70763d7f70eab05a4024884a41fc63becc1b4960568fcea9c5fa5bdc7501451b40e46b1216f1105	common_voice_mvy_42363654.mp3	88694bd66e6b8385065e3e3b530889346a54396e26868e915add9f37f214bc75	ژر شروع ہویں نہ مُوٹھیُون مریض لا سخ کامیۡ آں شیل ای تُھو۔		2	0	twenties				mvy	
a240aedfe3c626e32c6d3733420d69f8a2961368ed9b6f79b70763d7f70eab05a4024884a41fc63becc1b4960568fcea9c5fa5bdc7501451b40e46b1216f1105	common_voice_mvy_42363585.mp3	79bd00f54cd741333df5ea2960253b4fa060bfa211f658fcb0429353b43c8326	بان٘گ، اِقامت یا تالا بنَیں نِوان٘زؤں مہ قِرات،		2	0	twenties				mvy	
a240aedfe3c626e32c6d3733420d69f8a2961368ed9b6f79b70763d7f70eab05a4024884a41fc63becc1b4960568fcea9c5fa5bdc7501451b40e46b1216f1105	common_voice_mvy_42363584.mp3	8a4583110b86b0da50b31b55acc130e05b2626071ee1fc18e8191537694adffd	آں تُو گھریں واں مان٘ژھان٘ڑ سن٘دژی ݜلہ بھېٹېلوۡ تُھو“۔		2	0	twenties				mvy	
a240aedfe3c626e32c6d3733420d69f8a2961368ed9b6f79b70763d7f70eab05a4024884a41fc63becc1b4960568fcea9c5fa5bdc7501451b40e46b1216f1105	common_voice_mvy_42363638.mp3	4f52cc72771af94ad9de24485c18f58e98f92ac89abde21047ba2f2af87f71ba	آں کلیۡ مہ بَرئیں (غنیمتِیں) مال نہ پن٘ژؤں بٹھہ (اللہ پاکاں دَن) نھېلی۔		2	0	twenties				mvy	
a240aedfe3c626e32c6d3733420d69f8a2961368ed9b6f79b70763d7f70eab05a4024884a41fc63becc1b4960568fcea9c5fa5bdc7501451b40e46b1216f1105	common_voice_mvy_42363628.mp3	69dddbd387d9c0fce13f682f3476b93ff8b864217d13423bcc2d0daff0f1b90f	باچھات/حُکمت سورت الملک		2	1	twenties				mvy	
a240aedfe3c626e32c6d3733420d69f8a2961368ed9b6f79b70763d7f70eab05a4024884a41fc63becc1b4960568fcea9c5fa5bdc7501451b40e46b1216f1105	common_voice_mvy_42363625.mp3	875bd0815fa3b4a10d63dd1a24bef3ace23f4a3a98a05b5baac3979dc782d4eb	ݜُو دور مہ سو شل میڈیا ہِن بِتُس		2	0	twenties				mvy	
a240aedfe3c626e32c6d3733420d69f8a2961368ed9b6f79b70763d7f70eab05a4024884a41fc63becc1b4960568fcea9c5fa5bdc7501451b40e46b1216f1105	common_voice_mvy_42363560.mp3	79e365160283ba321e12a4c318b862405437a08de332a41869e2cb16b4fc6e9c	مال بِگ تکلیفَیں وجہۡ ہِن پاتُو زُور دے		2	0	twenties				mvy	
a240aedfe3c626e32c6d3733420d69f8a2961368ed9b6f79b70763d7f70eab05a4024884a41fc63becc1b4960568fcea9c5fa5bdc7501451b40e46b1216f1105	common_voice_mvy_42363559.mp3	587293d54da8906843045bc64eea379d2e82189658c4f39a4269599c6f4eca80	عام الفیلاں کال ساموٹھیۡ بِھیں(ربیع الاول) مہ		2	0	twenties				mvy	
a240aedfe3c626e32c6d3733420d69f8a2961368ed9b6f79b70763d7f70eab05a4024884a41fc63becc1b4960568fcea9c5fa5bdc7501451b40e46b1216f1105	common_voice_mvy_42363551.mp3	7fbb1c83ef4b2d336493c19c2defa8f3486a82e0f7d73f7e0b92bcc652a4a8e1	بانیاں ٹوپہۡ مہ تے گولاں آم		2	0	twenties				mvy	
a240aedfe3c626e32c6d3733420d69f8a2961368ed9b6f79b70763d7f70eab05a4024884a41fc63becc1b4960568fcea9c5fa5bdc7501451b40e46b1216f1105	common_voice_mvy_42496808.mp3	e6ab074b7f07f5a248f272967d21d52704ad11cc9c07b53515150220ff171bbd	مرکب توصیفی تسے بناں تھہ چے تسیں		2	0	twenties				mvy	
a240aedfe3c626e32c6d3733420d69f8a2961368ed9b6f79b70763d7f70eab05a4024884a41fc63becc1b4960568fcea9c5fa5bdc7501451b40e46b1216f1105	common_voice_mvy_42496792.mp3	de7377d05dc06088894da8d24f7b249b486ec5644d987a99b29c6744f4ca7f63	بُٹہۡ بھاں چُلَیں لمِل خو بُبوئ نی چولِلیۡ۔		2	0	twenties				mvy	
a240aedfe3c626e32c6d3733420d69f8a2961368ed9b6f79b70763d7f70eab05a4024884a41fc63becc1b4960568fcea9c5fa5bdc7501451b40e46b1216f1105	common_voice_mvy_42363530.mp3	7666aebffb2b6ad991bcefd15224f598f6ea38fa415f95cfac89b59023b9e630	چے اللہ پاکاں ڇِہېلوۡ ﷺ ، نہ چو ڙِگوۡ آن٘س آں نہ کھٹؤں۔		2	0	twenties				mvy	
a240aedfe3c626e32c6d3733420d69f8a2961368ed9b6f79b70763d7f70eab05a4024884a41fc63becc1b4960568fcea9c5fa5bdc7501451b40e46b1216f1105	common_voice_mvy_42363528.mp3	82b10fbfd721c8720b9d94f1fa493da1cd9477d52a0f02ab845ba8188b3cbff8	اسی لا ژؤن٘دُن کُور نی ہُوئ تُھو		2	0	twenties				mvy	
a240aedfe3c626e32c6d3733420d69f8a2961368ed9b6f79b70763d7f70eab05a4024884a41fc63becc1b4960568fcea9c5fa5bdc7501451b40e46b1216f1105	common_voice_mvy_42363526.mp3	8a549634614f004ff9f11adcabed4874876c38947e55b9480527ee9b0d8032aa	تسی لا 'محمَّد رسول اللّٰہ' لِکېلوۡ آن٘س۔		2	0	twenties				mvy	
a240aedfe3c626e32c6d3733420d69f8a2961368ed9b6f79b70763d7f70eab05a4024884a41fc63becc1b4960568fcea9c5fa5bdc7501451b40e46b1216f1105	common_voice_mvy_42363525.mp3	60b7b5e2b167490144f90a99328eb2441a867c7815dbbeb2fc8bc1f4da1c06fd	اسیں حاق مُت لا ہو ہَیں تُھو		2	1	twenties				mvy	
a240aedfe3c626e32c6d3733420d69f8a2961368ed9b6f79b70763d7f70eab05a4024884a41fc63becc1b4960568fcea9c5fa5bdc7501451b40e46b1216f1105	common_voice_mvy_42363524.mp3	897bcc86e11e56d5d6ea24a0e36a98a6a341d9ccaa11defbc0914f4c1d820b9b	دوراں مِیں نھال کھیں اُوڅھہۡ گائ کؤں نی آن٘س۔		3	0	twenties				mvy	
a240aedfe3c626e32c6d3733420d69f8a2961368ed9b6f79b70763d7f70eab05a4024884a41fc63becc1b4960568fcea9c5fa5bdc7501451b40e46b1216f1105	common_voice_mvy_42347142.mp3	1eb592f9388883e2b57a246c2ab5229941d43fe2a4d4d77f71ccd19ed983f99a	کلہۡ نہ یُو اېنَیں بنیاد بھیا چھی۔		2	0	twenties				mvy	
a240aedfe3c626e32c6d3733420d69f8a2961368ed9b6f79b70763d7f70eab05a4024884a41fc63becc1b4960568fcea9c5fa5bdc7501451b40e46b1216f1105	common_voice_mvy_42363522.mp3	76f2b1e541daa195a3862fd75f2fd1fd0ee9ff34aa17fd862e4494f4fef07180	ݜس حالتی مہ سجدہ کرؤں اڅھکاݜ تھُو۔		2	0	twenties				mvy	
a240aedfe3c626e32c6d3733420d69f8a2961368ed9b6f79b70763d7f70eab05a4024884a41fc63becc1b4960568fcea9c5fa5bdc7501451b40e46b1216f1105	common_voice_mvy_42347144.mp3	21e77510216e46a8647181d9b4d25e696dcafab7386c426a754eea22d4195f91	خو بوئے بانیۡ گی گُزاراہ نہ ہُوئ تھی۔		2	0	twenties				mvy	
a240aedfe3c626e32c6d3733420d69f8a2961368ed9b6f79b70763d7f70eab05a4024884a41fc63becc1b4960568fcea9c5fa5bdc7501451b40e46b1216f1105	common_voice_mvy_42363520.mp3	86b8d43eaab73cb83493c97b09c81862e5f57ae7e03d002dd66ae26bfdad0278	اسی لا مُختصر بال بنِگ۔		2	0	twenties				mvy	
a240aedfe3c626e32c6d3733420d69f8a2961368ed9b6f79b70763d7f70eab05a4024884a41fc63becc1b4960568fcea9c5fa5bdc7501451b40e46b1216f1105	common_voice_mvy_42363517.mp3	5b5ca3f80be37b8a57dffe19e36b03e56964e10a7cba5cd8fb2a464d7350be50	کیں کُن٘زو دھا چھی آں کیں بالٹی		2	0	twenties				mvy	
a240aedfe3c626e32c6d3733420d69f8a2961368ed9b6f79b70763d7f70eab05a4024884a41fc63becc1b4960568fcea9c5fa5bdc7501451b40e46b1216f1105	common_voice_mvy_42347166.mp3	11674642a65ee49b6f288326d7a2d277ac59e97c370ab635cf34fc8a8c0984d3	قیاسی تسے بناں تھہ چے تسی مژ		2	0	twenties				mvy	
a240aedfe3c626e32c6d3733420d69f8a2961368ed9b6f79b70763d7f70eab05a4024884a41fc63becc1b4960568fcea9c5fa5bdc7501451b40e46b1216f1105	common_voice_mvy_42347167.mp3	1ea2eeec359ef7de1fe2a44921bcd06319a3eacffb0816c589f2943db326e18e	طالیۡبہ تَیں مدرسیُوں مہ حاضری کراں تھہ۔		2	0	twenties				mvy	
a240aedfe3c626e32c6d3733420d69f8a2961368ed9b6f79b70763d7f70eab05a4024884a41fc63becc1b4960568fcea9c5fa5bdc7501451b40e46b1216f1105	common_voice_mvy_42363509.mp3	8a04ec3c5971e5f282202b7eed7a3a5b044f6f46bd0c5f281436b7d7b54968b8	اِوَیں بُوئ، پاڇھی رِزان٘لہ آں جم (جمع) کران٘لہ چؤن٘ٹووَیں نی نھالہ چھی،		2	0	twenties				mvy	
a240aedfe3c626e32c6d3733420d69f8a2961368ed9b6f79b70763d7f70eab05a4024884a41fc63becc1b4960568fcea9c5fa5bdc7501451b40e46b1216f1105	common_voice_mvy_42363508.mp3	80dd5626bd35517973df043813e468b7c4e6d9eeb35c48e9178fa0e69e38de69	چے علم تے پڑَیں یاں تعلق قلمہ ملی چو خاص تُھو۔		2	0	twenties				mvy	
a240aedfe3c626e32c6d3733420d69f8a2961368ed9b6f79b70763d7f70eab05a4024884a41fc63becc1b4960568fcea9c5fa5bdc7501451b40e46b1216f1105	common_voice_mvy_42363507.mp3	78868aced0fafcca9ec20a861d32e557bd946714a42a29172d9efd0c360fb36c	تَیمُوماں لازمی کمہۡ (فرضہ)		2	0	twenties				mvy	
a240aedfe3c626e32c6d3733420d69f8a2961368ed9b6f79b70763d7f70eab05a4024884a41fc63becc1b4960568fcea9c5fa5bdc7501451b40e46b1216f1105	common_voice_mvy_42347168.mp3	18f662fd717c6c92296eb91b91b868552558d8b215c05c72d5348e349dd60c10	ہر بِلالؤں ہِلاک لݜ کیریۡ کھیں فائدہ ہوتُھو۔		2	0	twenties				mvy	
a240aedfe3c626e32c6d3733420d69f8a2961368ed9b6f79b70763d7f70eab05a4024884a41fc63becc1b4960568fcea9c5fa5bdc7501451b40e46b1216f1105	common_voice_mvy_42347170.mp3	1538e63bfe6c54952ebc13f69b0bca0604b9d0a569aaf27462ffb909720cc3a0	چے تسیں من٘ڑنَیں تربیت کېر		2	0	twenties				mvy	
a240aedfe3c626e32c6d3733420d69f8a2961368ed9b6f79b70763d7f70eab05a4024884a41fc63becc1b4960568fcea9c5fa5bdc7501451b40e46b1216f1105	common_voice_mvy_42363727.mp3	6481d1d0deb90d213e69389aebdb766c5793e855beb27bcad0a69969df4458a0	می لا گتہ تادی تھی مے سودا اؤں آن٘س		2	0	twenties				mvy	
a240aedfe3c626e32c6d3733420d69f8a2961368ed9b6f79b70763d7f70eab05a4024884a41fc63becc1b4960568fcea9c5fa5bdc7501451b40e46b1216f1105	common_voice_mvy_42496790.mp3	cfae73d358e6df7b44066165bf7bdb1fbfb94f4bd6e951fd4a9c670fd99d2481	اسی مہ بُٹؤں لا تل سو سنت تُھو کؤں چے		2	0	twenties				mvy	
a240aedfe3c626e32c6d3733420d69f8a2961368ed9b6f79b70763d7f70eab05a4024884a41fc63becc1b4960568fcea9c5fa5bdc7501451b40e46b1216f1105	common_voice_mvy_42363496.mp3	836c5f4f74b68f998f445664434a18d8b80562ada1f251a504757d7bcc9170d4	تسی لا بال الاؤ کرُژیۡ تھی۔		2	0	twenties				mvy	
a240aedfe3c626e32c6d3733420d69f8a2961368ed9b6f79b70763d7f70eab05a4024884a41fc63becc1b4960568fcea9c5fa5bdc7501451b40e46b1216f1105	common_voice_mvy_42363495.mp3	7cdefdc6dbf69cf56824e1ad3955b3e78e9a56b632fc1aeef4afcd3fdb7efea0	اَس کِتاب لِکئیں دُوڇا مقاصِد آن٘سیۡ۔		2	0	twenties				mvy	
a240aedfe3c626e32c6d3733420d69f8a2961368ed9b6f79b70763d7f70eab05a4024884a41fc63becc1b4960568fcea9c5fa5bdc7501451b40e46b1216f1105	common_voice_mvy_42363489.mp3	778bfd0f207ba103b2dcb9eb4b7c026c55cb0394f6d795759d9b5127616ba624	اسیں تاریخ گی تُھو:		2	0	twenties				mvy	
a240aedfe3c626e32c6d3733420d69f8a2961368ed9b6f79b70763d7f70eab05a4024884a41fc63becc1b4960568fcea9c5fa5bdc7501451b40e46b1216f1105	common_voice_mvy_42363487.mp3	6f8836c514e729458cde53f7394ed19828fc5b800225447bf890915c0783596f	ابُوسُفیانے گی نی بنژَئیں وعدہ دیُوژِلیۡ،		3	0	twenties				mvy	
a240aedfe3c626e32c6d3733420d69f8a2961368ed9b6f79b70763d7f70eab05a4024884a41fc63becc1b4960568fcea9c5fa5bdc7501451b40e46b1216f1105	common_voice_mvy_42363474.mp3	79c1de9757b89a94bacf1b6b2246b2b9b6ba64df3c11d8eb4da35908d8f78305	سېوں مہ اېک سسٹم تُھو جسماں گرمی یار قابُو مہ رڇھؤں		2	0	twenties				mvy	
a240aedfe3c626e32c6d3733420d69f8a2961368ed9b6f79b70763d7f70eab05a4024884a41fc63becc1b4960568fcea9c5fa5bdc7501451b40e46b1216f1105	common_voice_mvy_42363469.mp3	731e5633789411c2bcf1d27ee25da4bed76a5c498ec078f1859f0578a7a4b02f	گِھن٘ل خوراک اسی مہ من٘ڑنئ تُھو۔		2	0	twenties				mvy	
a240aedfe3c626e32c6d3733420d69f8a2961368ed9b6f79b70763d7f70eab05a4024884a41fc63becc1b4960568fcea9c5fa5bdc7501451b40e46b1216f1105	common_voice_mvy_42363465.mp3	70eb7c6940b5ae81b42f6ec73e1d41ffcae6d7df19dd1af1127325e19297ee75	تسی مژ منصور بن عکرمے اېک معاہدہ لیکیۡ		2	0	twenties				mvy	
a240aedfe3c626e32c6d3733420d69f8a2961368ed9b6f79b70763d7f70eab05a4024884a41fc63becc1b4960568fcea9c5fa5bdc7501451b40e46b1216f1105	common_voice_mvy_42363462.mp3	72aad7af225998cd8650a617c7fe8fede6710f0604273a54a980607e1d921fe0	کھیں قُریشَیں کھِن٘گیۡ نہ ہر قِسمَیں تېرئ شروع ہُون٘دیۡ۔		2	0	twenties				mvy	
a240aedfe3c626e32c6d3733420d69f8a2961368ed9b6f79b70763d7f70eab05a4024884a41fc63becc1b4960568fcea9c5fa5bdc7501451b40e46b1216f1105	common_voice_mvy_42496690.mp3	e280cc84ed4ea36c17bcf984afd01a57a47b4fb344ab978aa44d25db151014e6	بطور پېغمبر نَیں خو اېک عام انسانَیں شُو کرېل ہو۔		2	0	twenties				mvy	
a240aedfe3c626e32c6d3733420d69f8a2961368ed9b6f79b70763d7f70eab05a4024884a41fc63becc1b4960568fcea9c5fa5bdc7501451b40e46b1216f1105	common_voice_mvy_42363748.mp3	68c90214861471b0d65a29c406d029cc9dd6a20e3cd747541e3dea3dfbfc501f	ماسُماں تسیں ڇھیر پویں ہِن نِوان٘ز شریۡ تھُو۔		2	0	twenties				mvy	
a240aedfe3c626e32c6d3733420d69f8a2961368ed9b6f79b70763d7f70eab05a4024884a41fc63becc1b4960568fcea9c5fa5bdc7501451b40e46b1216f1105	common_voice_mvy_42363750.mp3	8cf2dc4e045f5584a2bfa774c42893fa45c64ff61632b2e5ff6deb8368919f0d	بال ݜُون٘وَیں والاں کریا طلب معلوم نی ہو		2	0	twenties				mvy	
a240aedfe3c626e32c6d3733420d69f8a2961368ed9b6f79b70763d7f70eab05a4024884a41fc63becc1b4960568fcea9c5fa5bdc7501451b40e46b1216f1105	common_voice_mvy_42496678.mp3	ebbc6bf62f0c0cb8a65ccbeaac70fc232b645a823d2ba1b7419a425027843b04	آن٘ڇھیُوں مہ آں چمہۡ مہ پیلیار لیل ہوں۔		2	0	twenties				mvy	
a240aedfe3c626e32c6d3733420d69f8a2961368ed9b6f79b70763d7f70eab05a4024884a41fc63becc1b4960568fcea9c5fa5bdc7501451b40e46b1216f1105	common_voice_mvy_42496669.mp3	ec939ebd026c9d551789d17d133e15dc7d24d50ef66045135df65398b2cd4cb1	مُختلِف سٹېجؤں نہ لن٘گھی تس بیمار کیریۡ تُھو۔		2	0	twenties				mvy	
a240aedfe3c626e32c6d3733420d69f8a2961368ed9b6f79b70763d7f70eab05a4024884a41fc63becc1b4960568fcea9c5fa5bdc7501451b40e46b1216f1105	common_voice_mvy_42496660.mp3	d7bea4fd49e7051047ff35c1c4cc59e2d6bb56c52343c6d70e579ac7cd8f0a5b	رُوس پان٘ژ کم چؤربِش کالؤں نہ اسیں مستقل مېمبر تُھو۔		2	0	twenties				mvy	
a240aedfe3c626e32c6d3733420d69f8a2961368ed9b6f79b70763d7f70eab05a4024884a41fc63becc1b4960568fcea9c5fa5bdc7501451b40e46b1216f1105	common_voice_mvy_42496659.mp3	cfb6e3280d5882963a8320ade8c74275c7650795fc0015182f51bf62dc2cea94	ہُم ݜُو کالَیں بُزرگ (رجب) یُون٘ہہۡ مہ		2	0	twenties				mvy	
a240aedfe3c626e32c6d3733420d69f8a2961368ed9b6f79b70763d7f70eab05a4024884a41fc63becc1b4960568fcea9c5fa5bdc7501451b40e46b1216f1105	common_voice_mvy_42496656.mp3	c56f955ea91ceff527fb689a769851eae4b1f8b987dc7228f42a79f0d0b81616	تے ہمیش ژری یاں احساس ہوں		2	0	twenties				mvy	
a240aedfe3c626e32c6d3733420d69f8a2961368ed9b6f79b70763d7f70eab05a4024884a41fc63becc1b4960568fcea9c5fa5bdc7501451b40e46b1216f1105	common_voice_mvy_42496638.mp3	d11ee1c6b934dc6fee912fda35bd4ae5310ddc724ea7c67cb49fd743e745e0f4	اسی نہ مُوٹُھو کاپھرہ واں غلط کمؤں لا مؤں دېں یاں حکُم آن٘س،		2	0	twenties				mvy	
a240aedfe3c626e32c6d3733420d69f8a2961368ed9b6f79b70763d7f70eab05a4024884a41fc63becc1b4960568fcea9c5fa5bdc7501451b40e46b1216f1105	common_voice_mvy_42496625.mp3	c9f96e7504a976ab394b2462333c896eb90319036b47a6fafd738f97314ee9f0	ہَسی ہسی ڈَیں ہُو لَکئ، تَسِیں آن٘ڇِھیُوں نہ اَن٘ڇھہۡ بَئیل،		2	0	twenties				mvy	
a240aedfe3c626e32c6d3733420d69f8a2961368ed9b6f79b70763d7f70eab05a4024884a41fc63becc1b4960568fcea9c5fa5bdc7501451b40e46b1216f1105	common_voice_mvy_42496624.mp3	c3c3acffec28f2f635a9f7b6f32d7c581229d293a778e2c354191c3ec7d714ad	بغیر نکاح نہ بِکسی مِلیۡ نیڙ بیوں بَن کر چھی۔		2	0	twenties				mvy	
a240aedfe3c626e32c6d3733420d69f8a2961368ed9b6f79b70763d7f70eab05a4024884a41fc63becc1b4960568fcea9c5fa5bdc7501451b40e46b1216f1105	common_voice_mvy_42363756.mp3	72930ce2b23e08e5fbdcfa2b3ac2667e8f74967f2053d373cd9445a2eeb1a073	آں پَشَیں نہ بېل چو ہیُو دژان٘لو (اللہ پاک) نہ بِھیاں تھہ؛		2	0	twenties				mvy	
a240aedfe3c626e32c6d3733420d69f8a2961368ed9b6f79b70763d7f70eab05a4024884a41fc63becc1b4960568fcea9c5fa5bdc7501451b40e46b1216f1105	common_voice_mvy_42363763.mp3	8cdab165ee025cd8549badc77bc30ac518337ce55b15870ee291d8048b75c1af	بَہی اېگلے نبی علیہ السلامے خدیجہ رض گے		3	0	twenties				mvy	
a240aedfe3c626e32c6d3733420d69f8a2961368ed9b6f79b70763d7f70eab05a4024884a41fc63becc1b4960568fcea9c5fa5bdc7501451b40e46b1216f1105	common_voice_mvy_42363770.mp3	565d8d49e66de9e196325ab023cebabb656f407338c057538c40043d64bafe03	کہ څاں تکلیف دُو ڇا ہفتیُوں مہ جُوڑ نی ہُوند		2	0	twenties				mvy	
a240aedfe3c626e32c6d3733420d69f8a2961368ed9b6f79b70763d7f70eab05a4024884a41fc63becc1b4960568fcea9c5fa5bdc7501451b40e46b1216f1105	common_voice_mvy_42363781.mp3	8ed052f0c8c6008b2d4f5cf5346258512a48dd860cf10e0a6c739c8753430371	تسے یادی ایل چےۡ ݜُو اُستا کتک من٘ڑنَیں آن٘س		2	0	twenties				mvy	
a240aedfe3c626e32c6d3733420d69f8a2961368ed9b6f79b70763d7f70eab05a4024884a41fc63becc1b4960568fcea9c5fa5bdc7501451b40e46b1216f1105	common_voice_mvy_42363783.mp3	7550fe73d0f8c9d1f88f56a365db3ae2535971f199bb96d51e1e2a7eccb010de	مٹی یے اُلی ہُو پراں می وَیں ہا ژھل ژھل کیر۔		2	0	twenties				mvy	
a240aedfe3c626e32c6d3733420d69f8a2961368ed9b6f79b70763d7f70eab05a4024884a41fc63becc1b4960568fcea9c5fa5bdc7501451b40e46b1216f1105	common_voice_mvy_42347221.mp3	0b898fd4e1287da8204ba59983306716e485ec9df19b2b28325b03c5c104128f	نِوان٘ز کرَیں یاں آں گھریۡماݜہ واں حقہ خامخا دی؛		2	0	twenties				mvy	
a240aedfe3c626e32c6d3733420d69f8a2961368ed9b6f79b70763d7f70eab05a4024884a41fc63becc1b4960568fcea9c5fa5bdc7501451b40e46b1216f1105	common_voice_mvy_42347225.mp3	1f36bbc0ee7fcf51634b00f39e72353986381c7f4b9ef6d11ffb47d5d24b525a	(گِنہۡ چے) اېں کلَیں ژا (دین) نی قبلاں تھہ		2	0	twenties				mvy	
a240aedfe3c626e32c6d3733420d69f8a2961368ed9b6f79b70763d7f70eab05a4024884a41fc63becc1b4960568fcea9c5fa5bdc7501451b40e46b1216f1105	common_voice_mvy_42347226.mp3	1d4f0154905d989725009c18b2c1c59a32eddeea4a6c6b8596e5a1061d626ace	مُوڙ دژؤں کم ہوتُھو۔انشاءاللہ		2	0	twenties				mvy	
a240aedfe3c626e32c6d3733420d69f8a2961368ed9b6f79b70763d7f70eab05a4024884a41fc63becc1b4960568fcea9c5fa5bdc7501451b40e46b1216f1105	common_voice_mvy_42363396.mp3	6848a9d52b15c1640ee6cb7f8b751f996733a026a8a2ad817040a6edc59aa4a0	ماݜاں ہتہۡ یی تے وس مہ ہُوئ تھی،		2	0	twenties				mvy	
a240aedfe3c626e32c6d3733420d69f8a2961368ed9b6f79b70763d7f70eab05a4024884a41fc63becc1b4960568fcea9c5fa5bdc7501451b40e46b1216f1105	common_voice_mvy_42363392.mp3	8184da40954d74c0edf2e00f52e0d6459ebcec5b7f039a9ebbd1934c073fb795	دُوئیں ہِجری مہ غزوہ بدر ہُون٘دیۡ۔		3	0	twenties				mvy	
a240aedfe3c626e32c6d3733420d69f8a2961368ed9b6f79b70763d7f70eab05a4024884a41fc63becc1b4960568fcea9c5fa5bdc7501451b40e46b1216f1105	common_voice_mvy_42363796.mp3	6fda3267d4c54ac976a479b366ad8c3ead08109f8c103ec955fec67f0ce57517	آں چؤن٘دشَیں لا پاتُو گُھرِل۔		2	0	twenties				mvy	
a240aedfe3c626e32c6d3733420d69f8a2961368ed9b6f79b70763d7f70eab05a4024884a41fc63becc1b4960568fcea9c5fa5bdc7501451b40e46b1216f1105	common_voice_mvy_42363799.mp3	8e9bd606d3350a173a7156c6d71677afe4272eb6a846d0649c6fbe5ca2fc24b2	تسیں حل نھېلیۡ تُھو آں بھژدہ، گھریُوں آں خوَن٘داں حقہ راڇھیۡ تُھو،		2	0	twenties				mvy	
a240aedfe3c626e32c6d3733420d69f8a2961368ed9b6f79b70763d7f70eab05a4024884a41fc63becc1b4960568fcea9c5fa5bdc7501451b40e46b1216f1105	common_voice_mvy_42363382.mp3	7c4b424d9e0b91c12ae227abaf0822488898767dfc35b6edd4b62ed723906da5	ݜس وختہ مہ رسولِ پاک علیہ سلام شہید کرئیں سازِش ہُون٘دیۡ		2	0	twenties				mvy	
a240aedfe3c626e32c6d3733420d69f8a2961368ed9b6f79b70763d7f70eab05a4024884a41fc63becc1b4960568fcea9c5fa5bdc7501451b40e46b1216f1105	common_voice_mvy_42496616.mp3	db27bc4beb9c4f28cf23251badb19f2a52cbcd8cab1820cc6cecabef1e49c7bc	توۡ تاں فضلہ ہِن یا رحمان الرحیم		2	0	twenties				mvy	
a240aedfe3c626e32c6d3733420d69f8a2961368ed9b6f79b70763d7f70eab05a4024884a41fc63becc1b4960568fcea9c5fa5bdc7501451b40e46b1216f1105	common_voice_mvy_42363801.mp3	8bcade2bdc510330f9c5472a67294dc621d1ddfe23b906c8823211474a35ab05	گی حال تھی جُوڑ تھی یی؟“		2	0	twenties				mvy	
a240aedfe3c626e32c6d3733420d69f8a2961368ed9b6f79b70763d7f70eab05a4024884a41fc63becc1b4960568fcea9c5fa5bdc7501451b40e46b1216f1105	common_voice_mvy_42496612.mp3	be6bad9746122d956ea133eff533b093fe9fd5d7caa24af4ec4564a414f5d603	ہتہۡھَیں تے کھُرَیں اَنگوۡئ واں خِلال کرٶں سنت تھُو۔		2	0	twenties				mvy	
a240aedfe3c626e32c6d3733420d69f8a2961368ed9b6f79b70763d7f70eab05a4024884a41fc63becc1b4960568fcea9c5fa5bdc7501451b40e46b1216f1105	common_voice_mvy_42496596.mp3	e5ed26faf023f0578341309a5b8f3979d9c1f195c842678e652a09db7cad7fa6	من چور ݜُو ڈائیگرام بِڅاں پورژا تُھو۔		2	0	twenties				mvy	
a240aedfe3c626e32c6d3733420d69f8a2961368ed9b6f79b70763d7f70eab05a4024884a41fc63becc1b4960568fcea9c5fa5bdc7501451b40e46b1216f1105	common_voice_mvy_42347261.mp3	01a45eea73b9feb5a45c57031e2efa32cdbeb2d413cf2dfe53788553c1a80707	سو روا ہُوئ تھُو۔		2	0	twenties				mvy	
a240aedfe3c626e32c6d3733420d69f8a2961368ed9b6f79b70763d7f70eab05a4024884a41fc63becc1b4960568fcea9c5fa5bdc7501451b40e46b1216f1105	common_voice_mvy_42363804.mp3	9294ecc7179b689d048f58057e5713e679b470296c070c4ba56bf4bb9b2091c3	نِکؤں لازمی ہُوگا کھیں تے		5	0	twenties				mvy	
a240aedfe3c626e32c6d3733420d69f8a2961368ed9b6f79b70763d7f70eab05a4024884a41fc63becc1b4960568fcea9c5fa5bdc7501451b40e46b1216f1105	common_voice_mvy_42347262.mp3	10e322e426c83c63a7c57ecafc2fd4b936b66f260e8e31789993f56208359dea	من٘ڈہۡ دېں ای گېل بانیۡ:”(اے خلکؤں:) تُس ڇِہېلوَیں قبلائ ہوے!		2	0	twenties				mvy	
a240aedfe3c626e32c6d3733420d69f8a2961368ed9b6f79b70763d7f70eab05a4024884a41fc63becc1b4960568fcea9c5fa5bdc7501451b40e46b1216f1105	common_voice_mvy_42347265.mp3	1cbb91a25d7066348cf063c84554f7ba5d2dea87ea00056725318fbbf078d933	ݜُو مفرداں کریا کلمہ ہُم بناں تھہ		2	0	twenties				mvy	
a240aedfe3c626e32c6d3733420d69f8a2961368ed9b6f79b70763d7f70eab05a4024884a41fc63becc1b4960568fcea9c5fa5bdc7501451b40e46b1216f1105	common_voice_mvy_42347269.mp3	21a3a630b4fc6b1b7d15d577a5fbfb7cd04e68225f61aac1ba1faf0ac6e55271	اسیں ہُوئن٘یاں ثُبوت اشتوۡ (کمزور) ہو		2	0	twenties				mvy	
a240aedfe3c626e32c6d3733420d69f8a2961368ed9b6f79b70763d7f70eab05a4024884a41fc63becc1b4960568fcea9c5fa5bdc7501451b40e46b1216f1105	common_voice_mvy_42363823.mp3	8fefedef28b0b39afabebf67188407529b39fd30a3a894793327d1f43ad5c6cf	آں پېریۡ اگاراں لومبہۡ نہ پیدا کرچھی۔		2	0	twenties				mvy	
a240aedfe3c626e32c6d3733420d69f8a2961368ed9b6f79b70763d7f70eab05a4024884a41fc63becc1b4960568fcea9c5fa5bdc7501451b40e46b1216f1105	common_voice_mvy_42363825.mp3	7d7b7e1e9aa6a80425531bc2c0184645c6ef2356a0b714297a58ea051660f2e0	کھیں میں ”ہی لا ݜُو بال پھر“ ہُوگے		3	0	twenties				mvy	
a240aedfe3c626e32c6d3733420d69f8a2961368ed9b6f79b70763d7f70eab05a4024884a41fc63becc1b4960568fcea9c5fa5bdc7501451b40e46b1216f1105	common_voice_mvy_42347297.mp3	20165996a7177b0b92271804fff3c1f29ccfe73a3edee2c5b48119bfaffdbe5f	لکہ بِس بنِگ تھہ چے انٹرنیٹَیں وجہۡ نہ مہ سبقی لا پورژِگا۔		2	0	twenties				mvy	
a240aedfe3c626e32c6d3733420d69f8a2961368ed9b6f79b70763d7f70eab05a4024884a41fc63becc1b4960568fcea9c5fa5bdc7501451b40e46b1216f1105	common_voice_mvy_42347325.mp3	228057faa793b4355a3f79f7dce5209f2422bdf5a7253b5b8eacea6bcd4700ef	تسی ہِن انسان مہ اېکدم رتَیں کمی ای تھی۔		2	0	twenties				mvy	
a240aedfe3c626e32c6d3733420d69f8a2961368ed9b6f79b70763d7f70eab05a4024884a41fc63becc1b4960568fcea9c5fa5bdc7501451b40e46b1216f1105	common_voice_mvy_42347335.mp3	15945771db02d655ab3add140f529dffa1a4c528887c99edca16831465f8f517	ݜسیں کریا وے مژ یا مکئ یاں ہاں پیڑلو مژ		3	0	twenties				mvy	
a240aedfe3c626e32c6d3733420d69f8a2961368ed9b6f79b70763d7f70eab05a4024884a41fc63becc1b4960568fcea9c5fa5bdc7501451b40e46b1216f1105	common_voice_mvy_42347424.mp3	16d683d2be23f37f21d915ccd260fee5ac8c21491d71c7b43aa23befd62e7d95	پاکستان دُنئیاں سَیں دھان٘ک مُلکؤں مہ تُھو		2	0	twenties				mvy	
a240aedfe3c626e32c6d3733420d69f8a2961368ed9b6f79b70763d7f70eab05a4024884a41fc63becc1b4960568fcea9c5fa5bdc7501451b40e46b1216f1105	common_voice_mvy_42347426.mp3	0fbd99fcdc412f31ea197f37b4d4b6081d6b5dac0e8f85c96f94298651386434	ظاہر قیاس پھت کرے پلیل قیاس وات بیوں		2	0	twenties				mvy	
a240aedfe3c626e32c6d3733420d69f8a2961368ed9b6f79b70763d7f70eab05a4024884a41fc63becc1b4960568fcea9c5fa5bdc7501451b40e46b1216f1105	common_voice_mvy_42347427.mp3	07626be228cf54b392ccc80d73246d1782c01ebf6306be7072960019db08d5f1	یا شاہِدؤں نہ بغیر ژھان٘ل (نِکاح) ہُوگے۔		3	0	twenties				mvy	
a240aedfe3c626e32c6d3733420d69f8a2961368ed9b6f79b70763d7f70eab05a4024884a41fc63becc1b4960568fcea9c5fa5bdc7501451b40e46b1216f1105	common_voice_mvy_42375283.mp3	e7bd5fc77e760c38b5b4d95a33e621a1a03e2088df1622a9551a9a99970c7592	تسیں لمنی مہ (کوراں کېں مہ) کل ہُون٘دیۡ۔		2	0	twenties				mvy	
a240aedfe3c626e32c6d3733420d69f8a2961368ed9b6f79b70763d7f70eab05a4024884a41fc63becc1b4960568fcea9c5fa5bdc7501451b40e46b1216f1105	common_voice_mvy_42375285.mp3	e349571cbe7544c28e4d47aac245ddfd6f28a8731c5acf916294865483171058	تن٘ڈوۡ سُوریۡ آں اسیں تپ ہِوان٘د مُت شاناں مزہ کیریۡ تُھو		2	0	twenties				mvy	
a240aedfe3c626e32c6d3733420d69f8a2961368ed9b6f79b70763d7f70eab05a4024884a41fc63becc1b4960568fcea9c5fa5bdc7501451b40e46b1216f1105	common_voice_mvy_42375286.mp3	bb665b13f5e3a07b9dde3cd9f3309466394774cd7c91428a43708747a3135f21	آں مہ پاتُو ڙھس ہُون٘دوۡ کھیں سِیں بانیۡ		2	0	twenties				mvy	
a240aedfe3c626e32c6d3733420d69f8a2961368ed9b6f79b70763d7f70eab05a4024884a41fc63becc1b4960568fcea9c5fa5bdc7501451b40e46b1216f1105	common_voice_mvy_42375287.mp3	d643714026572cb243eb9ab81cc45290bc2fb3db33ddcd2db48c99be5a700af5	اس مال سُریۡ لا گݩڈی آں دُوالشَیں ہریۡ وے نی دی		2	0	twenties				mvy	
a240aedfe3c626e32c6d3733420d69f8a2961368ed9b6f79b70763d7f70eab05a4024884a41fc63becc1b4960568fcea9c5fa5bdc7501451b40e46b1216f1105	common_voice_mvy_42375299.mp3	e4c7d015bc4dbcd4f41a6aebb617198f5a37d003cae5ff4237813f12740df029	ݜس سفری مہ چٸ ازمیختی (اِمتحانہ) ایلیۡ۔		2	0	twenties				mvy	
a240aedfe3c626e32c6d3733420d69f8a2961368ed9b6f79b70763d7f70eab05a4024884a41fc63becc1b4960568fcea9c5fa5bdc7501451b40e46b1216f1105	common_voice_mvy_42375300.mp3	d60e1988a42184d188ea1eb4847e1e7281a74224216c8a7ba9cdae705139d320	مئیں گناہ عفوہ کرہ چو مہ گناہگار		2	0	twenties				mvy	
a240aedfe3c626e32c6d3733420d69f8a2961368ed9b6f79b70763d7f70eab05a4024884a41fc63becc1b4960568fcea9c5fa5bdc7501451b40e46b1216f1105	common_voice_mvy_42375302.mp3	dafc9499281a574fe70ac52934ca0a693352eda748bfa4480759f2d7a64d356e	ٹاکُو مالَیں بھݩگارہ ہِن علاج		2	0	twenties				mvy	
a240aedfe3c626e32c6d3733420d69f8a2961368ed9b6f79b70763d7f70eab05a4024884a41fc63becc1b4960568fcea9c5fa5bdc7501451b40e46b1216f1105	common_voice_mvy_42375303.mp3	d310f30e4e1a4043cc963372448bb66390ed418c0d36e2d0872d776942229b67	سو زئ لا پیاز چن٘ڑیۡ را گیل گھݜِلیۡ کھیں فائدہ ہوتُھو۔		2	0	twenties				mvy	
a240aedfe3c626e32c6d3733420d69f8a2961368ed9b6f79b70763d7f70eab05a4024884a41fc63becc1b4960568fcea9c5fa5bdc7501451b40e46b1216f1105	common_voice_mvy_42375309.mp3	daa5923c69dbe6bdd698ac33ac58d005ecb566a97bc572d9dd71844fec0e187c	آژ اسے سو چو یادی ای یان٘س		3	0	twenties				mvy	
a240aedfe3c626e32c6d3733420d69f8a2961368ed9b6f79b70763d7f70eab05a4024884a41fc63becc1b4960568fcea9c5fa5bdc7501451b40e46b1216f1105	common_voice_mvy_42375316.mp3	e2aefec97bb98beb8b646c4a76a385ffbc1d1a943ad1d98c8dbf4b74008dfa8d	”آں وو دادُو پن٘ڑہۡ کرَیں ای یان٘س، تُو گولاں“		3	0	twenties				mvy	
a240aedfe3c626e32c6d3733420d69f8a2961368ed9b6f79b70763d7f70eab05a4024884a41fc63becc1b4960568fcea9c5fa5bdc7501451b40e46b1216f1105	common_voice_mvy_42375318.mp3	d5e3a18bb2bcf970cf716348e8d53529809c9070c6ce25beca9b4b985b8d022b	نِوان٘ز کران٘لو بِکسی مھُوں وَیں گھُریۡ لُوں اڅھک ہُوئ تھُو۔		2	0	twenties				mvy	
a240aedfe3c626e32c6d3733420d69f8a2961368ed9b6f79b70763d7f70eab05a4024884a41fc63becc1b4960568fcea9c5fa5bdc7501451b40e46b1216f1105	common_voice_mvy_42375324.mp3	e4b9e164a326abb30ced963d930336b6a7ad830329731dff246f395353fc6a43	قلمَیں طاقت تروالیں طاقتی نہ چئ تھی		2	0	twenties				mvy	
a240aedfe3c626e32c6d3733420d69f8a2961368ed9b6f79b70763d7f70eab05a4024884a41fc63becc1b4960568fcea9c5fa5bdc7501451b40e46b1216f1105	common_voice_mvy_42347469.mp3	013b458fffd5ea0786162b95e2dd62fbd48c4b3b5676a06492256f8db7267342	اېں گُھوں گناہ (اسلام نہ مُنکُر ہُوئ یاں گناہ) کراں بېن٘س۔		2	0	twenties				mvy	
a240aedfe3c626e32c6d3733420d69f8a2961368ed9b6f79b70763d7f70eab05a4024884a41fc63becc1b4960568fcea9c5fa5bdc7501451b40e46b1216f1105	common_voice_mvy_42347470.mp3	21ee9729acdb96b9ccfd60f0d03d0fdfe238e4c667172ac2b2187f8abe6bba1d	تے اېں پان٘د نھالالئ! اېں گِشے پان٘د پَشَیں یاں آن٘س؟		2	0	twenties				mvy	
a240aedfe3c626e32c6d3733420d69f8a2961368ed9b6f79b70763d7f70eab05a4024884a41fc63becc1b4960568fcea9c5fa5bdc7501451b40e46b1216f1105	common_voice_mvy_42375325.mp3	e72b04e3e33562d844ae51c8178e16095bfda741eb24f11e9f3774eb48e191fb	ڇا جُمعی (ہفتی) سِواں چارچاپېر گھېرہ رِنگائ۔		2	0	twenties				mvy	
a240aedfe3c626e32c6d3733420d69f8a2961368ed9b6f79b70763d7f70eab05a4024884a41fc63becc1b4960568fcea9c5fa5bdc7501451b40e46b1216f1105	common_voice_mvy_42375326.mp3	d2694ba1b28b090e83423bd33c7a19b241a015a53698bc49b700e0f99dcfaf25	ایک دُو دیس ݜے کرَیں ہِن اَیں جُوڑ ہوتھی۔		2	0	twenties				mvy	
a240aedfe3c626e32c6d3733420d69f8a2961368ed9b6f79b70763d7f70eab05a4024884a41fc63becc1b4960568fcea9c5fa5bdc7501451b40e46b1216f1105	common_voice_mvy_42375327.mp3	d4a2d08f2fb1c0e93c2f5c22e4c563dd928a261a9609a33837695b9a86da9fef	نہیۡری ماݜے سو جُدا بھېٹېل مُوݜ مارہ گَلے		2	0	twenties				mvy	
a240aedfe3c626e32c6d3733420d69f8a2961368ed9b6f79b70763d7f70eab05a4024884a41fc63becc1b4960568fcea9c5fa5bdc7501451b40e46b1216f1105	common_voice_mvy_42375333.mp3	e5b51589ae13fcff470d1626e61f2772fde29f1989644c7123ba368b89d8a7a1	آج دُنئ مہ کتُک کتابہ تھو آں کتک علماں ذخیرہ تُھو		3	0	twenties				mvy	
a240aedfe3c626e32c6d3733420d69f8a2961368ed9b6f79b70763d7f70eab05a4024884a41fc63becc1b4960568fcea9c5fa5bdc7501451b40e46b1216f1105	common_voice_mvy_42347480.mp3	253ee630f774d25a0fa7e08f7a9b28ba28b0941881609cb7ec20df7e6644eae9	بِڅاں کریا تاں مھال دالہ نہ ای یان٘س		2	0	twenties				mvy	
a240aedfe3c626e32c6d3733420d69f8a2961368ed9b6f79b70763d7f70eab05a4024884a41fc63becc1b4960568fcea9c5fa5bdc7501451b40e46b1216f1105	common_voice_mvy_42347490.mp3	0ea65919e68a9f85a397c7ecfad90b22112e0ff6595fe8324c7dc32b4d0f94e5	لَکھہ کوستاں مہ ڇا ماݜہ تھہ،		2	0	twenties				mvy	
a240aedfe3c626e32c6d3733420d69f8a2961368ed9b6f79b70763d7f70eab05a4024884a41fc63becc1b4960568fcea9c5fa5bdc7501451b40e46b1216f1105	common_voice_mvy_42347491.mp3	1f31303e48582a46cf8990dd3c9df8ed5fa47df9b2845e25f9bbf491c5082b6d	ݜېوں نہ علاوہ مریضاں		2	0	twenties				mvy	
a240aedfe3c626e32c6d3733420d69f8a2961368ed9b6f79b70763d7f70eab05a4024884a41fc63becc1b4960568fcea9c5fa5bdc7501451b40e46b1216f1105	common_voice_mvy_42347519.mp3	11e13bc2343fbb314ecba4510e3c30ea3da654f92e8562aa809dfb0362e1d7f9	ایک کھِن٘گیاؤ نھالُوں اېوں دُویُوں مہ		2	0	twenties				mvy	
a240aedfe3c626e32c6d3733420d69f8a2961368ed9b6f79b70763d7f70eab05a4024884a41fc63becc1b4960568fcea9c5fa5bdc7501451b40e46b1216f1105	common_voice_mvy_42347523.mp3	20523b23a9c2173136b74cf271963634439c5f56d9554ff6525301f5fcb9a66d	چے پاتیوں نِوان٘ز کران٘لہ نہ دُعا یی تے تسبیحات دھراں،		2	0	twenties				mvy	
a240aedfe3c626e32c6d3733420d69f8a2961368ed9b6f79b70763d7f70eab05a4024884a41fc63becc1b4960568fcea9c5fa5bdc7501451b40e46b1216f1105	common_voice_mvy_42347532.mp3	1b08774063adeb19d4713a44b5683deaa353393282ca5f289a5e0d4ff53e579b	ول ݜے آن٘س چےۡ سامٹَھیں میں مُوبائل تے مِیں تعلُق چو من٘ڑنئ آن٘س۔		2	0	twenties				mvy	
a240aedfe3c626e32c6d3733420d69f8a2961368ed9b6f79b70763d7f70eab05a4024884a41fc63becc1b4960568fcea9c5fa5bdc7501451b40e46b1216f1105	common_voice_mvy_42375342.mp3	dd632d2059b91a0b59e50c7d732946529614e17ccf4a35a6a2789c09a9a105c2	کاں ماسمہ چےۡ بِگی وجہۡ ہِن اِسکُلے نی اېں ہاں تُھو		2	0	twenties				mvy	
a240aedfe3c626e32c6d3733420d69f8a2961368ed9b6f79b70763d7f70eab05a4024884a41fc63becc1b4960568fcea9c5fa5bdc7501451b40e46b1216f1105	common_voice_mvy_42375343.mp3	b8d6e7efbb50aa2be8f8b75a2a1a06c2c499f72181d1da9cd3940b6bc850176c	تت شربت، تتوۡ وے یا تتیۡ چائ نہ ݜس مریض دُور رڇھی۔		2	0	twenties				mvy	
a240aedfe3c626e32c6d3733420d69f8a2961368ed9b6f79b70763d7f70eab05a4024884a41fc63becc1b4960568fcea9c5fa5bdc7501451b40e46b1216f1105	common_voice_mvy_42375345.mp3	d1b240927bfa40e4b29f06c8935ad040c9be21df04396cc58a83190932ef23e2	اسیں تصرُف مہ ڇا بلی تھی۔		2	0	twenties				mvy	
a240aedfe3c626e32c6d3733420d69f8a2961368ed9b6f79b70763d7f70eab05a4024884a41fc63becc1b4960568fcea9c5fa5bdc7501451b40e46b1216f1105	common_voice_mvy_42375350.mp3	e1093d8b6594f00a0af2cb34c6024196bb765fc399404bf8e8eba1073e997621	زُمُکاں مھو لا اېک گی څیز دھری تُھو نَیں۔		2	0	twenties				mvy	
a240aedfe3c626e32c6d3733420d69f8a2961368ed9b6f79b70763d7f70eab05a4024884a41fc63becc1b4960568fcea9c5fa5bdc7501451b40e46b1216f1105	common_voice_mvy_42347811.mp3	25abacd542e59d876a4690e799da99712f8b535c1d942e35bb1015bfac08f1eb	ماݜے تس مُوݜ مارَیں یاں کِریا اېک مُت ماش لُکھہ گِلیۡ ۔		2	0					mvy	
a240aedfe3c626e32c6d3733420d69f8a2961368ed9b6f79b70763d7f70eab05a4024884a41fc63becc1b4960568fcea9c5fa5bdc7501451b40e46b1216f1105	common_voice_mvy_42347876.mp3	03c78f673bc366d2fab1193c7dc1ec4dda5eda81e5cf2bf68e961a9e56b56de1	اُتھل تیں کھن٘ڑ آں گی سُگاؤ تیں فضا		2	0					mvy	
a240aedfe3c626e32c6d3733420d69f8a2961368ed9b6f79b70763d7f70eab05a4024884a41fc63becc1b4960568fcea9c5fa5bdc7501451b40e46b1216f1105	common_voice_mvy_42347887.mp3	0b4040e7cd996854793ef9e8e6641e483ddabce35ff6c4abb8a1cbbf783be69e	انساناں جِسِم چو زات تپُژ تُھو		2	0					mvy	
a240aedfe3c626e32c6d3733420d69f8a2961368ed9b6f79b70763d7f70eab05a4024884a41fc63becc1b4960568fcea9c5fa5bdc7501451b40e46b1216f1105	common_voice_mvy_42364141.mp3	98452360b716954f99660e9b3c98e59f53385d306b41a3bccf31125ef8efac17	نبی علیہ السلامیں عادت آنسِیۡ چے حَجاں دېسؤں مہ		2	0	twenties				mvy	
a240aedfe3c626e32c6d3733420d69f8a2961368ed9b6f79b70763d7f70eab05a4024884a41fc63becc1b4960568fcea9c5fa5bdc7501451b40e46b1216f1105	common_voice_mvy_42364143.mp3	9078f1028f7b53caafc1ebaf7854e9328831771776df5f58570a4a5e8e8a8e6b	عِبرانی ژیب سِڇھَین٘یاں حُکم کیریۡ		2	0	twenties				mvy	
a240aedfe3c626e32c6d3733420d69f8a2961368ed9b6f79b70763d7f70eab05a4024884a41fc63becc1b4960568fcea9c5fa5bdc7501451b40e46b1216f1105	common_voice_mvy_42364149.mp3	9a776e254a79151fcb25a607b0a647cfb160284a5cea4c914db47db1a408bc80	برطانیہ گتہ شروع نہ یُو اېناں مستقل مېمبر تُھو۔		2	0	twenties				mvy	
a240aedfe3c626e32c6d3733420d69f8a2961368ed9b6f79b70763d7f70eab05a4024884a41fc63becc1b4960568fcea9c5fa5bdc7501451b40e46b1216f1105	common_voice_mvy_42364169.mp3	7affb3b50d45a92026882282020066303a5c914639bc775220dc92efe0f4517f	گن چے عام خلکؤں دیناں علم نی ہُوئ یان٘س۔		2	0	twenties				mvy	
a240aedfe3c626e32c6d3733420d69f8a2961368ed9b6f79b70763d7f70eab05a4024884a41fc63becc1b4960568fcea9c5fa5bdc7501451b40e46b1216f1105	common_voice_mvy_42364172.mp3	7e38bae772d49b01948e57b5907f9eb5c2012d3989b2fdb942b3698761b8e098	زخمی مالَیں رچھا ہِن علاج		2	0	twenties				mvy	
a240aedfe3c626e32c6d3733420d69f8a2961368ed9b6f79b70763d7f70eab05a4024884a41fc63becc1b4960568fcea9c5fa5bdc7501451b40e46b1216f1105	common_voice_mvy_42364174.mp3	998f348a09bae71b512477f1b9abff3f52fae62a9409bac3d140d63e41c28b20	ملی زُوڑہۡ من٘ڈوۡ څابُون دھا اُوڅھہۡ گائ اېن٘سیۡ۔		2	0	twenties				mvy	
a240aedfe3c626e32c6d3733420d69f8a2961368ed9b6f79b70763d7f70eab05a4024884a41fc63becc1b4960568fcea9c5fa5bdc7501451b40e46b1216f1105	common_voice_mvy_42364175.mp3	8148351cecbebcfefcb85fdacf17a84fb8992d1b2ade025b3246b1ae3d4d497c	نبی علیہ السلام تمام انساَنوں کِراں اک گَھوں آں مثالی اُستاذ ہُونٚگل اِیلانٚس۔		2	0	twenties				mvy	
a240aedfe3c626e32c6d3733420d69f8a2961368ed9b6f79b70763d7f70eab05a4024884a41fc63becc1b4960568fcea9c5fa5bdc7501451b40e46b1216f1105	common_voice_mvy_42364176.mp3	92276d28c13ef1c0c134bef1699dc51d0779c6f514516c239be62e9ebc353abf	آں کوستاں مہ گھریۡماݜہ واں تعلیماں گی خاص انتظام نی تُھو۔		3	0	twenties				mvy	
a240aedfe3c626e32c6d3733420d69f8a2961368ed9b6f79b70763d7f70eab05a4024884a41fc63becc1b4960568fcea9c5fa5bdc7501451b40e46b1216f1105	common_voice_mvy_42364183.mp3	5e0c1f56321b4f8cb364a2d2e4d5504885fbecbf55cec27935ba5bf685a7ab28	اسیں پن٘دہۡ مہ بھئ اس پشا تُھو		2	0	twenties				mvy	
a240aedfe3c626e32c6d3733420d69f8a2961368ed9b6f79b70763d7f70eab05a4024884a41fc63becc1b4960568fcea9c5fa5bdc7501451b40e46b1216f1105	common_voice_mvy_42364185.mp3	78e26880dd3932ab3475760f32981124581607a41262f90666d75793e91e8721	کہ تُو گھُرِلوۡ نَیں کھیں،		2	0	twenties				mvy	
a240aedfe3c626e32c6d3733420d69f8a2961368ed9b6f79b70763d7f70eab05a4024884a41fc63becc1b4960568fcea9c5fa5bdc7501451b40e46b1216f1105	common_voice_mvy_42364196.mp3	66e0ac90aa06ff11076993f76e136bce3503487bce37e7154dcb3db2ed32ab5a	کھیں ݜسے سو علاقَیں رِواج بناں تھہ۔		2	1	twenties				mvy	
a240aedfe3c626e32c6d3733420d69f8a2961368ed9b6f79b70763d7f70eab05a4024884a41fc63becc1b4960568fcea9c5fa5bdc7501451b40e46b1216f1105	common_voice_mvy_42364218.mp3	95c8a36eace320eaf4c76ea3fbe902a82eaaa1185a53038d4bdffedb3c14f931	آں اسیں کِریا گی سزا نی دیُوژا تھی،		2	0	twenties				mvy	
a240aedfe3c626e32c6d3733420d69f8a2961368ed9b6f79b70763d7f70eab05a4024884a41fc63becc1b4960568fcea9c5fa5bdc7501451b40e46b1216f1105	common_voice_mvy_42364220.mp3	8cafd55126430adf9b74078d90f78e711f2530f636a1deb15179547b4839e211	ژھین٘لی لا شاہِدہ لن٘گھاؤ کھیں ایں سُون٘ݜ ہُوگے۔		2	0	twenties				mvy	
a240aedfe3c626e32c6d3733420d69f8a2961368ed9b6f79b70763d7f70eab05a4024884a41fc63becc1b4960568fcea9c5fa5bdc7501451b40e46b1216f1105	common_voice_mvy_42364230.mp3	9940a9e783106351a3d58a804dd0bbcd184a899f83e426fd774cf26c4ce0cc4e	اېک اُستا آں کاروباریں قصہ		2	0	twenties				mvy	
a240aedfe3c626e32c6d3733420d69f8a2961368ed9b6f79b70763d7f70eab05a4024884a41fc63becc1b4960568fcea9c5fa5bdc7501451b40e46b1216f1105	common_voice_mvy_42364232.mp3	8394e95bf57f911e1be03d7b840c6021c1d2ac44adc1d800e52ad97f8ddf411d	دنَیں کوَیں طاقت بِڅاں نی رٹاہاں تھی۔		2	0	twenties				mvy	
a240aedfe3c626e32c6d3733420d69f8a2961368ed9b6f79b70763d7f70eab05a4024884a41fc63becc1b4960568fcea9c5fa5bdc7501451b40e46b1216f1105	common_voice_mvy_42364271.mp3	921a782c3f620fbef814c34bacc584db1ac0b1fba45dead896fbb0b6780804f0	اسیں گی وجی تھی:		2	0	twenties				mvy	
a240aedfe3c626e32c6d3733420d69f8a2961368ed9b6f79b70763d7f70eab05a4024884a41fc63becc1b4960568fcea9c5fa5bdc7501451b40e46b1216f1105	common_voice_mvy_42364272.mp3	76e1a931370755d4c502d2b0329ca77d485fbcca7787a81207e998edb136732a	مرکب سو تُھو چے سو دُو یا اَلَیں چئی کلیۡمیُوں نہ سن٘دُژ		2	0	twenties				mvy	
a240aedfe3c626e32c6d3733420d69f8a2961368ed9b6f79b70763d7f70eab05a4024884a41fc63becc1b4960568fcea9c5fa5bdc7501451b40e46b1216f1105	common_voice_mvy_42364273.mp3	85f8341e2c46854b3236343cd5d271e28c06fccd09de72ca89d888d7484daca5	ڙِگیۡ پپَیں،مُزیں رن٘گَیں رُزی، ݜار نسُور،		2	0	twenties				mvy	
a240aedfe3c626e32c6d3733420d69f8a2961368ed9b6f79b70763d7f70eab05a4024884a41fc63becc1b4960568fcea9c5fa5bdc7501451b40e46b1216f1105	common_voice_mvy_42364295.mp3	982e013232c8fcde5609254139d4ca6d586db0174891fed6cd171a4829cc182f	مِیں مٹی نہ معلوم گتہ نېرؤں		2	0	twenties				mvy	
a240aedfe3c626e32c6d3733420d69f8a2961368ed9b6f79b70763d7f70eab05a4024884a41fc63becc1b4960568fcea9c5fa5bdc7501451b40e46b1216f1105	common_voice_mvy_42364297.mp3	8bdcc20f03555be01718dfa688df6bfb702f26580534fbf51d7120864ed06ba1	کھیں اُو نشیل کالژا تُھو نی ہول نَیں۔		2	0	twenties				mvy	
a240aedfe3c626e32c6d3733420d69f8a2961368ed9b6f79b70763d7f70eab05a4024884a41fc63becc1b4960568fcea9c5fa5bdc7501451b40e46b1216f1105	common_voice_mvy_42364338.mp3	9a1b33839400cc2baff33c9dc2c8816d872b572b83a6f03de568e0082831c31b	جِجال نہ اَس مرضیاں چے رن٘زُور زاں ہسپتالے ای تھو۔		2	0	twenties				mvy	
a240aedfe3c626e32c6d3733420d69f8a2961368ed9b6f79b70763d7f70eab05a4024884a41fc63becc1b4960568fcea9c5fa5bdc7501451b40e46b1216f1105	common_voice_mvy_42364342.mp3	982b32ff1c8bd010214cb604e50ae6e36e53267a8eea3e80e39e668e1e1d6c24	ݜے گِشےۡ بنم چےۡ مہ ایک مٹی کاں کریا بنم آن٘س۔		2	0	twenties				mvy	
a240aedfe3c626e32c6d3733420d69f8a2961368ed9b6f79b70763d7f70eab05a4024884a41fc63becc1b4960568fcea9c5fa5bdc7501451b40e46b1216f1105	common_voice_mvy_42364368.mp3	947c2b2f02de0a04048df2b2c7d8e5350b21655254c177d3db564a6d6d4d7b1b	آں بال الاؤ کرؤں گِران نی آن٘س۔		2	0	twenties				mvy	
a240aedfe3c626e32c6d3733420d69f8a2961368ed9b6f79b70763d7f70eab05a4024884a41fc63becc1b4960568fcea9c5fa5bdc7501451b40e46b1216f1105	common_voice_mvy_42364369.mp3	7e6fdf81ad2cddaf9b9e29fa8401ad728b3c7d123cafd2f176374e0b9065cc52	نِوان٘ز یی تے حَجاں شرطہ تے اَدمہ پُور ہون کھیں۔		2	0	twenties				mvy	
a240aedfe3c626e32c6d3733420d69f8a2961368ed9b6f79b70763d7f70eab05a4024884a41fc63becc1b4960568fcea9c5fa5bdc7501451b40e46b1216f1105	common_voice_mvy_42364537.mp3	7f4b7f710e1ff0ae73e0203d19c9f1f2ad0ebf257d04930af7b1b3f62a6e182e	اسی نہ پاتُو مُتیں لیکھیۡ کَنارٹو ڇِہېں بَیلوۡ۔		2	0	twenties				mvy	
a240aedfe3c626e32c6d3733420d69f8a2961368ed9b6f79b70763d7f70eab05a4024884a41fc63becc1b4960568fcea9c5fa5bdc7501451b40e46b1216f1105	common_voice_mvy_42364542.mp3	82dbe1eb7587ecab6c408b90dddc12b5c221b17dcbd4160143449c4efcfb71e7	اسیں کران٘لہ گے اِختیار ہُوئ تُھو چے کَل ایں کیر لہ کیر۔		2	0	twenties				mvy	
a240aedfe3c626e32c6d3733420d69f8a2961368ed9b6f79b70763d7f70eab05a4024884a41fc63becc1b4960568fcea9c5fa5bdc7501451b40e46b1216f1105	common_voice_mvy_42364545.mp3	97edfb50a21d8f38b01365c1844b54ccd240775592559f715e949b408dbcdaa1	(مطلب نبی علیہ الصلوة والسلام نہ بغیر ہُوندُوں تسے سریہ		2	0	twenties				mvy	
a240aedfe3c626e32c6d3733420d69f8a2961368ed9b6f79b70763d7f70eab05a4024884a41fc63becc1b4960568fcea9c5fa5bdc7501451b40e46b1216f1105	common_voice_mvy_42364546.mp3	8f06f2d1c93c9b745cb7f7733876922733da6c2aeacedfba275ede2e3d09fe34	سېں پوہُوگے چےۡ نبیؐ نِکئ تُھو۔		2	0	twenties				mvy	
a240aedfe3c626e32c6d3733420d69f8a2961368ed9b6f79b70763d7f70eab05a4024884a41fc63becc1b4960568fcea9c5fa5bdc7501451b40e46b1216f1105	common_voice_mvy_42364563.mp3	866639439e39dbfa3ead596e88c4e934967edf62674be19e02050f441c0a60b0	کلہۡ چے موسم چو گرم ہُون٘دوۡ کھیں		2	0	twenties				mvy	
a240aedfe3c626e32c6d3733420d69f8a2961368ed9b6f79b70763d7f70eab05a4024884a41fc63becc1b4960568fcea9c5fa5bdc7501451b40e46b1216f1105	common_voice_mvy_42364564.mp3	731d23b47c4b3876e73d5e60c182ebf9ff4e1318b3303dc6f364117317cc0066	کسی مژ چے بو تے بُوئ پلی بھېٹان٘س۔		2	0	twenties				mvy	
a240aedfe3c626e32c6d3733420d69f8a2961368ed9b6f79b70763d7f70eab05a4024884a41fc63becc1b4960568fcea9c5fa5bdc7501451b40e46b1216f1105	common_voice_mvy_42364587.mp3	944836734eb783af3fe9e1d0160a19122bc5932b1cf63524fcc1a7103aed2325	میں پُور علاقاں خلکؤں ݜُو عرض تُھو		2	0	twenties				mvy	
a240aedfe3c626e32c6d3733420d69f8a2961368ed9b6f79b70763d7f70eab05a4024884a41fc63becc1b4960568fcea9c5fa5bdc7501451b40e46b1216f1105	common_voice_mvy_42364592.mp3	8ccb364599d795731a0832a0c32309d24a803e1e716ea66f3b4d9ecf9ea59caf	ݜس مرض آں اسی نہ اما رڇھئین٘یاں علم ہُوندوۡ کھیں		2	0	twenties				mvy	
a240aedfe3c626e32c6d3733420d69f8a2961368ed9b6f79b70763d7f70eab05a4024884a41fc63becc1b4960568fcea9c5fa5bdc7501451b40e46b1216f1105	common_voice_mvy_42364611.mp3	75dcc9c5785838c0d3b56399a176cf79e25944dd4d741bcc48f1f6721eb82218	مِلیۡ مِلیۡ الُوئ پن٘داں چېرہ گھېن٘رہ وَیں پن٘دہۡ		3	0	twenties				mvy	
a240aedfe3c626e32c6d3733420d69f8a2961368ed9b6f79b70763d7f70eab05a4024884a41fc63becc1b4960568fcea9c5fa5bdc7501451b40e46b1216f1105	common_voice_mvy_42364612.mp3	966805ace6e8d0860a1de70681135123573dd6e0fd00e6f5121fe2a2a2bab287	اسیں وجہۡ نہ، نہ اِواں ݜِݜ شِلا تُھو آں نہ اِواں عقلہ لا اثر ہو تُھو۔		2	0	twenties				mvy	
a240aedfe3c626e32c6d3733420d69f8a2961368ed9b6f79b70763d7f70eab05a4024884a41fc63becc1b4960568fcea9c5fa5bdc7501451b40e46b1216f1105	common_voice_mvy_42364613.mp3	7a8efad741219ba3fa388c77c8d036cdb4456f300154bd61b663e48ace637c5e	اؤلادَیں تربیت مضمون رحمان اللہ استا صېبے لِکہ چھی		2	0	twenties				mvy	
a240aedfe3c626e32c6d3733420d69f8a2961368ed9b6f79b70763d7f70eab05a4024884a41fc63becc1b4960568fcea9c5fa5bdc7501451b40e46b1216f1105	common_voice_mvy_42364614.mp3	93521cfbced5f86491e26a75ce99849b029c5ea08ac565edbab6fbd11a821dba	بِتُس ایک لہ تَیں ژیب اؤن٘ݜَین٘یاں نقصان اُڇھاں بِگ تھو		2	0	twenties				mvy	
a240aedfe3c626e32c6d3733420d69f8a2961368ed9b6f79b70763d7f70eab05a4024884a41fc63becc1b4960568fcea9c5fa5bdc7501451b40e46b1216f1105	common_voice_mvy_42364616.mp3	9bc7839d45dbccef6a5fa6c0ba4e8c92f23826201ed010a5ba65ddb7bb81c0a3	نِوان٘ز مہ ماݜ کہ ݜے کمل یا څادر تل گیل		2	0	twenties				mvy	
a240aedfe3c626e32c6d3733420d69f8a2961368ed9b6f79b70763d7f70eab05a4024884a41fc63becc1b4960568fcea9c5fa5bdc7501451b40e46b1216f1105	common_voice_mvy_42364632.mp3	961b2e8308b80c5a2eb78f9761a8ad730fae08134ff17b8a9fff3b569028a25b	کوہستان ناں ہِن جو لیل ہُوئ تُھو چے اُو گِشے علاقہ تھی۔		3	0	twenties				mvy	
a240aedfe3c626e32c6d3733420d69f8a2961368ed9b6f79b70763d7f70eab05a4024884a41fc63becc1b4960568fcea9c5fa5bdc7501451b40e46b1216f1105	common_voice_mvy_42364634.mp3	772c3ad032e4f8423c45efb5c796f9802cc305b0ed3e233a09767a63b7d964fd	کسی نہ چے ہیُو دژان٘لے (خدائ پاکے) زاں بِھیالس؛		3	1	twenties				mvy	
a240aedfe3c626e32c6d3733420d69f8a2961368ed9b6f79b70763d7f70eab05a4024884a41fc63becc1b4960568fcea9c5fa5bdc7501451b40e46b1216f1105	common_voice_mvy_42364641.mp3	8493d7a9d30af14385ab07a1c8aec68318e3545e67e627ef1af76ccb00339211	ݜلہ صحابہ بھئ گلے نبی علیہ السلام نہ تعلیم حاصل کران٘س		2	0	twenties				mvy	
a240aedfe3c626e32c6d3733420d69f8a2961368ed9b6f79b70763d7f70eab05a4024884a41fc63becc1b4960568fcea9c5fa5bdc7501451b40e46b1216f1105	common_voice_mvy_42364652.mp3	904aca55bf8f969ef5d49a4b5adea55e3d881e98cf6523d04b42fba6164a8c3a	آں سِواں انکار کرَیں یاں باوجُود		2	0	twenties				mvy	
a240aedfe3c626e32c6d3733420d69f8a2961368ed9b6f79b70763d7f70eab05a4024884a41fc63becc1b4960568fcea9c5fa5bdc7501451b40e46b1216f1105	common_voice_mvy_42364653.mp3	8c806dac11e22855c2d64d392e7e508b4d01e7df2faa4b19dfba1ad06a205ad1	اُو ہسپہ بیماریاں دن چو فائدہ مند تُھو۔		3	0	twenties				mvy	
a240aedfe3c626e32c6d3733420d69f8a2961368ed9b6f79b70763d7f70eab05a4024884a41fc63becc1b4960568fcea9c5fa5bdc7501451b40e46b1216f1105	common_voice_mvy_42364654.mp3	9d4880e0cd52e7ed11bb00fa7daa85d8c87f09c5baf2e68663a85f4f648e4a62	ݜُو شاناں ہِوان بناتُھو مے سُوریۡ		2	0	twenties				mvy	
a240aedfe3c626e32c6d3733420d69f8a2961368ed9b6f79b70763d7f70eab05a4024884a41fc63becc1b4960568fcea9c5fa5bdc7501451b40e46b1216f1105	common_voice_mvy_42364683.mp3	9223c72f76c99fc08345ca88fa6bd83554967f0c75cbb97b8483a3f4894b90f3	بی تُھو گی نَیں“		2	0	twenties				mvy	
a240aedfe3c626e32c6d3733420d69f8a2961368ed9b6f79b70763d7f70eab05a4024884a41fc63becc1b4960568fcea9c5fa5bdc7501451b40e46b1216f1105	common_voice_mvy_42364684.mp3	967bdefceb87e4f00fa2d9786a45b89f5fc24cb486c95f252649a48699eca71a	ہیپاٹائٹس اے تے ای بیماری نہ اما رڇھؤں		2	0	twenties				mvy	
a240aedfe3c626e32c6d3733420d69f8a2961368ed9b6f79b70763d7f70eab05a4024884a41fc63becc1b4960568fcea9c5fa5bdc7501451b40e46b1216f1105	common_voice_mvy_42364685.mp3	7817c9c6f763ecb4165e73df971448a42698fc227050191ff59de81181135ca6	پَن٘ژؤں مُون٘ڈ اِستحسان تُھو		3	0	twenties				mvy	
a240aedfe3c626e32c6d3733420d69f8a2961368ed9b6f79b70763d7f70eab05a4024884a41fc63becc1b4960568fcea9c5fa5bdc7501451b40e46b1216f1105	common_voice_mvy_42364686.mp3	60b9f70ae37e31a639c02f66b75ef9eaa1dc9e8bb9b24a26a77f765817192426	ݜُو موقع لا مدَت کران٘لہ (انصاری) صحابی واں ہی اور ایلیۡ		2	0	twenties				mvy	
a240aedfe3c626e32c6d3733420d69f8a2961368ed9b6f79b70763d7f70eab05a4024884a41fc63becc1b4960568fcea9c5fa5bdc7501451b40e46b1216f1105	common_voice_mvy_42364687.mp3	8eda1d3c6ca883a8cf0597139fa253408383fd8df0e36840033c5203433ac6b6	پھېرٹوۡ یا سُونݜوۡ نی بنُژ		2	0	twenties				mvy	
a240aedfe3c626e32c6d3733420d69f8a2961368ed9b6f79b70763d7f70eab05a4024884a41fc63becc1b4960568fcea9c5fa5bdc7501451b40e46b1216f1105	common_voice_mvy_42364699.mp3	97f2e0e4e3486972799bf521189e663181b83d3b30d92673fd536492bee11536	آں تکبیر (پلانِنگ) سُگائ نېریں تُھو،		2	0	twenties				mvy	
a240aedfe3c626e32c6d3733420d69f8a2961368ed9b6f79b70763d7f70eab05a4024884a41fc63becc1b4960568fcea9c5fa5bdc7501451b40e46b1216f1105	common_voice_mvy_42364744.mp3	856625fd1f7ca95d7265005b34013ca7b067a6602166272d332c4c8e31a72488	اَسی مَہ مھولا واں چیرہ قول تھہ		2	0	twenties				mvy	
a240aedfe3c626e32c6d3733420d69f8a2961368ed9b6f79b70763d7f70eab05a4024884a41fc63becc1b4960568fcea9c5fa5bdc7501451b40e46b1216f1105	common_voice_mvy_42364745.mp3	88a6fdff67ae4442ee7a438f7dd3d6858c0c5e8d6101be25eb5fa1bc3509828f	چِٹے پاک کرہ چھی۔		2	0	twenties				mvy	
a240aedfe3c626e32c6d3733420d69f8a2961368ed9b6f79b70763d7f70eab05a4024884a41fc63becc1b4960568fcea9c5fa5bdc7501451b40e46b1216f1105	common_voice_mvy_42364747.mp3	9054b22419bedde799a4b4347676ca1025fb4cb1df5c31b3a9deb05ff7b01571	اللہ پاکے وحی ہِن نبی علیہ السلاماں کِریا تسیں خبر دِتیۡ۔		3	0	twenties				mvy	
a240aedfe3c626e32c6d3733420d69f8a2961368ed9b6f79b70763d7f70eab05a4024884a41fc63becc1b4960568fcea9c5fa5bdc7501451b40e46b1216f1105	common_voice_mvy_42364748.mp3	5fc0e6e0e2d2de1ef02192d2e7d0b46a9689c207807865748cccf97d4b23a163	”بسم اللہ“ بَنٶں سنت تھُو۔		2	0	twenties				mvy	
a240aedfe3c626e32c6d3733420d69f8a2961368ed9b6f79b70763d7f70eab05a4024884a41fc63becc1b4960568fcea9c5fa5bdc7501451b40e46b1216f1105	common_voice_mvy_42364755.mp3	82188aaee412b902998d1229f3a7d1965d79fdd0a51f422e27137b0fe77ee54e	تسیں وجہۡ ہِن علاقاں خلک جدید عصری تعلیم نہ محرُوم تُھو۔		2	0	twenties				mvy	
a240aedfe3c626e32c6d3733420d69f8a2961368ed9b6f79b70763d7f70eab05a4024884a41fc63becc1b4960568fcea9c5fa5bdc7501451b40e46b1216f1105	common_voice_mvy_42364756.mp3	73200f661e602468c2ddbf005d6a9f10140ad6a88a19179f41ab51e16bde692a	ہلیڙ ہِن گھلیں علاج		2	0	twenties				mvy	
a240aedfe3c626e32c6d3733420d69f8a2961368ed9b6f79b70763d7f70eab05a4024884a41fc63becc1b4960568fcea9c5fa5bdc7501451b40e46b1216f1105	common_voice_mvy_42364757.mp3	73e5480171140334fe57f6fa5d2c8183b6b55ad3e465aa0777140a8720601065	اللہ پاکے سامُوٹھیۡ وحی مہ انسان پورژائ		2	0	twenties				mvy	
a240aedfe3c626e32c6d3733420d69f8a2961368ed9b6f79b70763d7f70eab05a4024884a41fc63becc1b4960568fcea9c5fa5bdc7501451b40e46b1216f1105	common_voice_mvy_42364758.mp3	9759ae081dff124685bd589ea28ff95eb374c4a3b3d8c7fd88111f4198dd8e84	ارباب بیا تاں ہمزولئ دھا منہ آن٘س		2	0	twenties				mvy	
a240aedfe3c626e32c6d3733420d69f8a2961368ed9b6f79b70763d7f70eab05a4024884a41fc63becc1b4960568fcea9c5fa5bdc7501451b40e46b1216f1105	common_voice_mvy_42364759.mp3	8156bf47d5ca80050dc3708a561fb2bed016b8f6788eb2eae5e97c550775cd65	ولے قُرېشاں خلقؤں گتہ اسلام قبول نېریۡ۔		2	0	twenties				mvy	
a240aedfe3c626e32c6d3733420d69f8a2961368ed9b6f79b70763d7f70eab05a4024884a41fc63becc1b4960568fcea9c5fa5bdc7501451b40e46b1216f1105	common_voice_mvy_42364765.mp3	75bcb7ba80436d0600dc228316136ce8fd29f5cf1cb250678751e5c382afcb1f	گیس ہِن ساپوٹ ہویں خطرہ ہُوئ تھی		2	0	twenties				mvy	
a240aedfe3c626e32c6d3733420d69f8a2961368ed9b6f79b70763d7f70eab05a4024884a41fc63becc1b4960568fcea9c5fa5bdc7501451b40e46b1216f1105	common_voice_mvy_42364767.mp3	821cc0da36f0d5ceba28214fb5a9b34525b6430cad3b9c130ff8248620c32af9	تېرئ کمہۡ (سنت زوائد/ عادیہ):		2	0	twenties				mvy	
a240aedfe3c626e32c6d3733420d69f8a2961368ed9b6f79b70763d7f70eab05a4024884a41fc63becc1b4960568fcea9c5fa5bdc7501451b40e46b1216f1105	common_voice_mvy_42364768.mp3	5850d0c2926cc6f6ea082eb11ea6a7edf5571f2266f82bc47f7c47386ad7bb07	یُو اېن اېس سی، یُو اېناں ݜوْ گھئیں فیکٹر/ آرگنوں مہ ایک تھو۔		2	0	twenties				mvy	
a240aedfe3c626e32c6d3733420d69f8a2961368ed9b6f79b70763d7f70eab05a4024884a41fc63becc1b4960568fcea9c5fa5bdc7501451b40e46b1216f1105	common_voice_mvy_42364769.mp3	9bcfe115627bb596beb53111a43c4eadac7ce3ae6a4835e824a0d45d1c4ce6d4	بُٹوں احرام گن٘ڈے قربانیں مال دھا،		2	0	twenties				mvy	
a240aedfe3c626e32c6d3733420d69f8a2961368ed9b6f79b70763d7f70eab05a4024884a41fc63becc1b4960568fcea9c5fa5bdc7501451b40e46b1216f1105	common_voice_mvy_42362570.mp3	7313ea097d1cc1148dcb889aa31597d611e07a8fef098c8519175816aa276ed6	سېوں مہ اک علامہ اَیں پچؤں تھی۔		3	0	twenties				mvy	
a240aedfe3c626e32c6d3733420d69f8a2961368ed9b6f79b70763d7f70eab05a4024884a41fc63becc1b4960568fcea9c5fa5bdc7501451b40e46b1216f1105	common_voice_mvy_42362562.mp3	51dac775278a85405904390de4802932375ac968a759b663577f664da17aee81	شُو پُھوتیۡ انسان چاسَیں یاں ٹېم مہ رات پُوہان٘سں		2	0	twenties				mvy	
a240aedfe3c626e32c6d3733420d69f8a2961368ed9b6f79b70763d7f70eab05a4024884a41fc63becc1b4960568fcea9c5fa5bdc7501451b40e46b1216f1105	common_voice_mvy_42362560.mp3	73c4a9594f9c2cad4fa98d73001779669e0e6ec7560d815e1f8227d57c724315	جبرائیل امینے سامٹَھیں نبی علیہ السلام		2	0	twenties				mvy	
a240aedfe3c626e32c6d3733420d69f8a2961368ed9b6f79b70763d7f70eab05a4024884a41fc63becc1b4960568fcea9c5fa5bdc7501451b40e46b1216f1105	common_voice_mvy_42364803.mp3	8bb65e62f020d5176f3d7634baff4522869284b29021e0ace61c9c4bfc949532	ݜُو شاناں ایکوئ بیش دیس استمال کرَیں ہِن		2	0	twenties				mvy	
a240aedfe3c626e32c6d3733420d69f8a2961368ed9b6f79b70763d7f70eab05a4024884a41fc63becc1b4960568fcea9c5fa5bdc7501451b40e46b1216f1105	common_voice_mvy_42364804.mp3	931e6ff553c3aa0b2e149857f488a13fccf24fa932e351f7c33a523f0c6598d7	مَیں پورژِلوۡ شن٘دہ لا رال لن٘گَھیں ہِن سو گی اېن٘یۡ نَیں۔		2	0	twenties				mvy	
a240aedfe3c626e32c6d3733420d69f8a2961368ed9b6f79b70763d7f70eab05a4024884a41fc63becc1b4960568fcea9c5fa5bdc7501451b40e46b1216f1105	common_voice_mvy_42364808.mp3	72e87f4222544994fe595569760d3be00f07e55d91f127d81291c8303cb7451b	یونائٹڈ نیشن سیکورٹی کونسلاں پان٘ژ مُلکہ مستقل مېمبرہ تھو،		2	0	twenties				mvy	
a240aedfe3c626e32c6d3733420d69f8a2961368ed9b6f79b70763d7f70eab05a4024884a41fc63becc1b4960568fcea9c5fa5bdc7501451b40e46b1216f1105	common_voice_mvy_42364816.mp3	827f84c0a3c62b71b8a79ff152443bd2493ba3b198f67693c6cc86b1c6df2430	یا ݜے بِگ کرَیں ہِن نِوان٘ز شریۡ تھُو۔		2	0	twenties				mvy	
a240aedfe3c626e32c6d3733420d69f8a2961368ed9b6f79b70763d7f70eab05a4024884a41fc63becc1b4960568fcea9c5fa5bdc7501451b40e46b1216f1105	common_voice_mvy_42362549.mp3	543d63a64c6249bda0076f02bfe420e0f0d259c77736a2880054f460791b7860	نبی علیہ السلامے مسلماں واں کریا حبشے بېں اجازہ دِتیۡ۔		5	0	twenties				mvy	
a240aedfe3c626e32c6d3733420d69f8a2961368ed9b6f79b70763d7f70eab05a4024884a41fc63becc1b4960568fcea9c5fa5bdc7501451b40e46b1216f1105	common_voice_mvy_42362547.mp3	655297226c7db994841c3eb4a43bf2d5eb0a318cb4cb9ece285322add236ee8f	نِوان٘ز کیرُوں اڅھک ہُوئ تھُو۔		2	0	twenties				mvy	
a240aedfe3c626e32c6d3733420d69f8a2961368ed9b6f79b70763d7f70eab05a4024884a41fc63becc1b4960568fcea9c5fa5bdc7501451b40e46b1216f1105	common_voice_mvy_42362546.mp3	60605a1b217168d62e06f1f91d7673aa837c6c17c15e28d5da21b449d5574b8d	مجبُورِیں وجہۡ نہ تاں کمؤں لا بېں تھہ۔		3	0	twenties				mvy	
a240aedfe3c626e32c6d3733420d69f8a2961368ed9b6f79b70763d7f70eab05a4024884a41fc63becc1b4960568fcea9c5fa5bdc7501451b40e46b1216f1105	common_voice_mvy_42368679.mp3	a63c56947bf1d19caa7821f5f9780b81ff7d46ae98541340b3e49698eb9a8da5	نَیں کھیں بڅَیں صُلح ختُم؛		2	0	twenties				mvy	
a240aedfe3c626e32c6d3733420d69f8a2961368ed9b6f79b70763d7f70eab05a4024884a41fc63becc1b4960568fcea9c5fa5bdc7501451b40e46b1216f1105	common_voice_mvy_42368678.mp3	7b817b11d964ecab1dbd041cfa66dda371117e81bcdbd527c8e11028391ce446	ݜُو ول لا اِواں پُوروۡ ہیواند لن٘گھیان٘س۔		2	0	twenties				mvy	
a240aedfe3c626e32c6d3733420d69f8a2961368ed9b6f79b70763d7f70eab05a4024884a41fc63becc1b4960568fcea9c5fa5bdc7501451b40e46b1216f1105	common_voice_mvy_42364823.mp3	70fe31f00f05c79244bf34333b4277e50befe42bd22834f18f03f01efbe3afcb	تے خو مفُت تُھو بنہ نا		2	0	twenties				mvy	
a240aedfe3c626e32c6d3733420d69f8a2961368ed9b6f79b70763d7f70eab05a4024884a41fc63becc1b4960568fcea9c5fa5bdc7501451b40e46b1216f1105	common_voice_mvy_42364824.mp3	87251cf43d51011c14610c59f1dca85d81592b9f2c9dd5087d741dc8e0bc173e	گِشےۡ کھم مِیں بُوڇھ لہ ہرژِیان٘س۔		2	0	twenties				mvy	
a240aedfe3c626e32c6d3733420d69f8a2961368ed9b6f79b70763d7f70eab05a4024884a41fc63becc1b4960568fcea9c5fa5bdc7501451b40e46b1216f1105	common_voice_mvy_42364825.mp3	88081a6238f72d3b0b4e23b6f4065a75bbfd920eadd6411dc34691fcfd2d5f52	اسی نہ علاوہ تاں تے تاں لیکھہۡ واں صفائی یاں		3	0	twenties				mvy	
a240aedfe3c626e32c6d3733420d69f8a2961368ed9b6f79b70763d7f70eab05a4024884a41fc63becc1b4960568fcea9c5fa5bdc7501451b40e46b1216f1105	common_voice_mvy_42364829.mp3	976651271ca95aa2a0b2fb92cade75dc8c973cf0f7c7920acb6a5b140f0dd9e8	چاور صحابی حضرت مصعبؓ تبلیغ کران٘لوۡ سن٘دے،		2	0	twenties				mvy	
a240aedfe3c626e32c6d3733420d69f8a2961368ed9b6f79b70763d7f70eab05a4024884a41fc63becc1b4960568fcea9c5fa5bdc7501451b40e46b1216f1105	common_voice_mvy_42368675.mp3	8616da6fc97ade24cb2dc573d890fcb68d27d1fdde898bef8ef1cca5551cebac	اسے سزا یا قِصاص نی دیُوژا تھی۔		2	0	twenties				mvy	
a240aedfe3c626e32c6d3733420d69f8a2961368ed9b6f79b70763d7f70eab05a4024884a41fc63becc1b4960568fcea9c5fa5bdc7501451b40e46b1216f1105	common_voice_mvy_42362522.mp3	6163d502146bf6865e422189288ddd81c13a2f19e4543ee90e658d9ad75f2ab4	عامل بدل ہُوئیں وجہۡ نہ گی تبدیلی نی اے		2	0	twenties				mvy	
a240aedfe3c626e32c6d3733420d69f8a2961368ed9b6f79b70763d7f70eab05a4024884a41fc63becc1b4960568fcea9c5fa5bdc7501451b40e46b1216f1105	common_voice_mvy_42362519.mp3	6bc84032f200186fd55249c0afe44f085376bb7a01fdd9a7ba2e3f84b8a2a51e	ݜسیں کریا چے مسلماں ہُوگلے تاں خاندان نہ جدا ہُوندہۡ کھیں		2	0	twenties				mvy	
a240aedfe3c626e32c6d3733420d69f8a2961368ed9b6f79b70763d7f70eab05a4024884a41fc63becc1b4960568fcea9c5fa5bdc7501451b40e46b1216f1105	common_voice_mvy_42362518.mp3	72df9bde7e77bbf7b66f3573e5df4f54b862ff9a44335039bee86451f0c2013f	اس مرضی یاں رِن٘گؤں تے رِزؤں (خُور ہوں) گِشے تُھو؟		2	0	twenties				mvy	
a240aedfe3c626e32c6d3733420d69f8a2961368ed9b6f79b70763d7f70eab05a4024884a41fc63becc1b4960568fcea9c5fa5bdc7501451b40e46b1216f1105	common_voice_mvy_42362517.mp3	5d18a775a43c0c2b54eb107a9aff1b2a2d326ef80a35c30776803d27f86ad37c	پُھوتیُوں نہ اما رڇَھین٘یاں دارُو تاں بدنہ لا گھݜؤں/رِن٘گؤں پکار تُھو۔		2	0	twenties				mvy	
a240aedfe3c626e32c6d3733420d69f8a2961368ed9b6f79b70763d7f70eab05a4024884a41fc63becc1b4960568fcea9c5fa5bdc7501451b40e46b1216f1105	common_voice_mvy_42368643.mp3	b10c72c333839aea2888728da673aa243ea092b3bd114c87d825cc107d0b90d2	کھؤں (خُوراک) تیار ہو آں نِوان٘زی چو بُوڇھو ہو،		2	1	twenties				mvy	
a240aedfe3c626e32c6d3733420d69f8a2961368ed9b6f79b70763d7f70eab05a4024884a41fc63becc1b4960568fcea9c5fa5bdc7501451b40e46b1216f1105	common_voice_mvy_42368642.mp3	8651065bafbcc8478d05fe802055e8233cc0f1a0ccfcf5c91a64e7e72606d114	چام آں بال/ژاٹ بھَژَہ دَھیٶں تھُو۔		2	0	twenties				mvy	
a240aedfe3c626e32c6d3733420d69f8a2961368ed9b6f79b70763d7f70eab05a4024884a41fc63becc1b4960568fcea9c5fa5bdc7501451b40e46b1216f1105	common_voice_mvy_42364894.mp3	625272504372f3c70532d160553a788953d5f5152d04086f15dfc719151e0d9a	کہ تُس کسیں حُکمہ چور نی تھہ کھیں		2	0	twenties				mvy	
a240aedfe3c626e32c6d3733420d69f8a2961368ed9b6f79b70763d7f70eab05a4024884a41fc63becc1b4960568fcea9c5fa5bdc7501451b40e46b1216f1105	common_voice_mvy_42364895.mp3	923a58a1a091b33be29ae454bea8689adcca9457f0a10af2de4f7905d66a159d	کلیۡیاں سامان زئ لا پھت کرے اېں مدینہ منوّرہ نہ نِکا تھہ؛		2	0	twenties				mvy	
a240aedfe3c626e32c6d3733420d69f8a2961368ed9b6f79b70763d7f70eab05a4024884a41fc63becc1b4960568fcea9c5fa5bdc7501451b40e46b1216f1105	common_voice_mvy_42364896.mp3	9411b31e60a1c01659cfc2e7be93a0082ca698b724acc463c37e096df49669e0	آں نہ ݜے گُون٘ہېل ران٘گ آن٘س چے اِسکان٘ڑ ہو		2	0	twenties				mvy	
a240aedfe3c626e32c6d3733420d69f8a2961368ed9b6f79b70763d7f70eab05a4024884a41fc63becc1b4960568fcea9c5fa5bdc7501451b40e46b1216f1105	common_voice_mvy_42364912.mp3	95c7a0a35b3221fbe7288a38cbb9837bb758f08b9cfc2506351dbc886180b29d	زُوانیوں ڇیلیلواں تالا روئیں ہِن نِوان٘ز شریۡ تھُو۔		2	0	twenties				mvy	
a240aedfe3c626e32c6d3733420d69f8a2961368ed9b6f79b70763d7f70eab05a4024884a41fc63becc1b4960568fcea9c5fa5bdc7501451b40e46b1216f1105	common_voice_mvy_42364913.mp3	662a75bfcb42decf31e1521d23cb5caac3e35657652b3e01d67bff194f6160db	اُستائے بانیۡ چےۡ ݜس شُور مہ چےۡ کتک سکُون تُھو نا		2	0	twenties				mvy	
a240aedfe3c626e32c6d3733420d69f8a2961368ed9b6f79b70763d7f70eab05a4024884a41fc63becc1b4960568fcea9c5fa5bdc7501451b40e46b1216f1105	common_voice_mvy_42364915.mp3	733bd6c7042dba6eed32ad5e344b0d4b0b439e472d7dec8836d1a9c5f0c915f7	اس ٹقالی مضمون دھا حسین احمد فیضی څؤں مُوٹھِن ای تُھو		2	0	twenties				mvy	
a240aedfe3c626e32c6d3733420d69f8a2961368ed9b6f79b70763d7f70eab05a4024884a41fc63becc1b4960568fcea9c5fa5bdc7501451b40e46b1216f1105	common_voice_mvy_42364933.mp3	71895e655e77feb1ec24c2f95d36ace58a2a4c481ca23ff430b08cf70b6d19c0	تے (سو وختہ گی ہو تُھو؟)		2	0	twenties				mvy	
a240aedfe3c626e32c6d3733420d69f8a2961368ed9b6f79b70763d7f70eab05a4024884a41fc63becc1b4960568fcea9c5fa5bdc7501451b40e46b1216f1105	common_voice_mvy_42364942.mp3	9f049d3fe5a6e1854c1cacc2d233e06c1e4c0611fd69d4c69c58441224e9cb31	صرف ݜُو وجہۡ نہ چے سیں ادوس کرچھی بنے۔		2	0	twenties				mvy	
a240aedfe3c626e32c6d3733420d69f8a2961368ed9b6f79b70763d7f70eab05a4024884a41fc63becc1b4960568fcea9c5fa5bdc7501451b40e46b1216f1105	common_voice_mvy_42362474.mp3	6e136572236f89910b411920f56da94f063598afd6cc2cdbbe466789c2f6e084	اللہ پاکَیں طرفی نہ زېرئ ݜُون٘یالیۡ		2	0	twenties				mvy	
a240aedfe3c626e32c6d3733420d69f8a2961368ed9b6f79b70763d7f70eab05a4024884a41fc63becc1b4960568fcea9c5fa5bdc7501451b40e46b1216f1105	common_voice_mvy_42362472.mp3	61ce722f37df70f4cea46f1f3fd76c291987ab974bd043cccdac19739ad0f2b9	یبؤں مہ وے ای ڈولؤں دیتُوں تسیں ٹیم ہُویان٘س		2	0	twenties				mvy	
a240aedfe3c626e32c6d3733420d69f8a2961368ed9b6f79b70763d7f70eab05a4024884a41fc63becc1b4960568fcea9c5fa5bdc7501451b40e46b1216f1105	common_voice_mvy_42362466.mp3	6f9ff9402247503f8b654e3c2faa78ea28a68139b7a42fd4223f8f9355f05d70	تے اِواں ملݜیۡتُوب بِرژېلوۡ وے ہِن ہو تُھو		2	0	twenties				mvy	
a240aedfe3c626e32c6d3733420d69f8a2961368ed9b6f79b70763d7f70eab05a4024884a41fc63becc1b4960568fcea9c5fa5bdc7501451b40e46b1216f1105	common_voice_mvy_42362449.mp3	60cc2d48f293b0130923213d5c71dae4fec59cd9fef36f64f0631152b810a90d	اېک درز ہو تھی آں بُٹ زاں مُوٹھیُوں اولیۡرال ہو تھہ۔		2	0	twenties				mvy	
a240aedfe3c626e32c6d3733420d69f8a2961368ed9b6f79b70763d7f70eab05a4024884a41fc63becc1b4960568fcea9c5fa5bdc7501451b40e46b1216f1105	common_voice_mvy_42362442.mp3	709e5a5f014b7c47d2eae1b6614b6d2ed749340eacdfee7c0af466df8c161d1b	کتُک ٹېم مہ تلہ اولو آن٘س		2	0	twenties				mvy	
a240aedfe3c626e32c6d3733420d69f8a2961368ed9b6f79b70763d7f70eab05a4024884a41fc63becc1b4960568fcea9c5fa5bdc7501451b40e46b1216f1105	common_voice_mvy_42362423.mp3	722bd96f6249ddf7126227ec71350f3e69866a8636c40cf613dbe379514163e2	”پیشیں ہُوگے، بئ ژُن٘ڑوں چائ پُو تاں کمؤں نِکہ“		2	0	twenties				mvy	
a240aedfe3c626e32c6d3733420d69f8a2961368ed9b6f79b70763d7f70eab05a4024884a41fc63becc1b4960568fcea9c5fa5bdc7501451b40e46b1216f1105	common_voice_mvy_42362422.mp3	4fdc5ee2525aee532b4d0079902fa6114119e67ef58059b63bf60ccbcec6a55a	بُڇھئین٘راگ لہ بِس پورژِگ۔		2	0	twenties				mvy	
a240aedfe3c626e32c6d3733420d69f8a2961368ed9b6f79b70763d7f70eab05a4024884a41fc63becc1b4960568fcea9c5fa5bdc7501451b40e46b1216f1105	common_voice_mvy_42362395.mp3	614c1ebfc1e1efe1192b86e6eca184331ea53c93b2796bc28866297d6cf09f39	آں نہ چے سُون٘ݜ بلکے کم لَک پُھرژېل آن٘س۔		2	0	twenties				mvy	
a240aedfe3c626e32c6d3733420d69f8a2961368ed9b6f79b70763d7f70eab05a4024884a41fc63becc1b4960568fcea9c5fa5bdc7501451b40e46b1216f1105	common_voice_mvy_42362393.mp3	7221191d7016901e8f49e95df5b379f85f33e5ac09b5b6fbcb99402713660a19	رسولِ پاک علیہ سلام مرگلئی دھا ڇیلِلوۡ؛		2	0	twenties				mvy	
a240aedfe3c626e32c6d3733420d69f8a2961368ed9b6f79b70763d7f70eab05a4024884a41fc63becc1b4960568fcea9c5fa5bdc7501451b40e46b1216f1105	common_voice_mvy_42362392.mp3	2c911b81bbc2da95cfcf219d91331a140db72faa4fee949c759efdf6fffb66bc	ولے آژ تسیں سزُوئ اْی مِیں ہیُو ڙِھکے لَس۔		2	0	twenties				mvy	
a240aedfe3c626e32c6d3733420d69f8a2961368ed9b6f79b70763d7f70eab05a4024884a41fc63becc1b4960568fcea9c5fa5bdc7501451b40e46b1216f1105	common_voice_mvy_42362376.mp3	6f8fa3db67005c7826bc406b8db421bdc6a16e44f19bc0652e838c57ff598f70	کِلاٶ زکہ گلے تُو وے ملی یا ہا ملی		2	0	twenties				mvy	
a240aedfe3c626e32c6d3733420d69f8a2961368ed9b6f79b70763d7f70eab05a4024884a41fc63becc1b4960568fcea9c5fa5bdc7501451b40e46b1216f1105	common_voice_mvy_42362375.mp3	5cdc73d6bcaf2e37fa8c2ecf821e90d573ccedc5f85f8de04bd971ddead7c3f8	ݜتُک بِریائ چے صرف تیل دھرہۡ ،		2	0	twenties				mvy	
a240aedfe3c626e32c6d3733420d69f8a2961368ed9b6f79b70763d7f70eab05a4024884a41fc63becc1b4960568fcea9c5fa5bdc7501451b40e46b1216f1105	common_voice_mvy_42362374.mp3	4096aa4bcbf82c14e90c5363e4f80cc96d715b332e96ec9e45d54513587ee76b	نہ مہ زُمُک څېرے نِکئ تُھو		2	1	twenties				mvy	
a240aedfe3c626e32c6d3733420d69f8a2961368ed9b6f79b70763d7f70eab05a4024884a41fc63becc1b4960568fcea9c5fa5bdc7501451b40e46b1216f1105	common_voice_mvy_42362371.mp3	5f2ada6d56054047419c7ea14b97608a734b545ba2f07bb4529554102e26f721	اېک ٹکڑہ صفاں کور لا آں اَلُوۡئ ٹکڑہ مرواں کور لا بَیلیۡ۔		2	0	twenties				mvy	
a240aedfe3c626e32c6d3733420d69f8a2961368ed9b6f79b70763d7f70eab05a4024884a41fc63becc1b4960568fcea9c5fa5bdc7501451b40e46b1216f1105	common_voice_mvy_42362339.mp3	20b21f70dad4ccd218f29c31c645d55236c2c6fb153e66603cd002a7dd1713ff	ایں تے سُون٘ݜ کالژا تھہۡ چے		2	0	twenties				mvy	
a240aedfe3c626e32c6d3733420d69f8a2961368ed9b6f79b70763d7f70eab05a4024884a41fc63becc1b4960568fcea9c5fa5bdc7501451b40e46b1216f1105	common_voice_mvy_42362338.mp3	72a6428d8b4301e705b2fa34caf08c56ee87fea429eda475d4d1737eff2a5e1b	ایک ماݜَیں عِبادت کرَیں ہِن اسیں ذمہ واری پُوریۡ ہو تھی۔		2	0	twenties				mvy	
a240aedfe3c626e32c6d3733420d69f8a2961368ed9b6f79b70763d7f70eab05a4024884a41fc63becc1b4960568fcea9c5fa5bdc7501451b40e46b1216f1105	common_voice_mvy_42362337.mp3	6faee309392bb0ed7521f98c194c5ba2ba58f0ad294168c1cefb95e56aea08e7	سامُوٹھوۡ حصہ موصُوف آں پاتُو حصہ صفت ہو		4	0	twenties				mvy	
a240aedfe3c626e32c6d3733420d69f8a2961368ed9b6f79b70763d7f70eab05a4024884a41fc63becc1b4960568fcea9c5fa5bdc7501451b40e46b1216f1105	common_voice_mvy_42362336.mp3	6c83664f05ff83912d7dae133cbec93cd959ddc1f8c5b3089de2bbee0b839945	ݜے اِوَیں منافقی گتہ تلے ایلیۡ۔		2	0	twenties				mvy	
a240aedfe3c626e32c6d3733420d69f8a2961368ed9b6f79b70763d7f70eab05a4024884a41fc63becc1b4960568fcea9c5fa5bdc7501451b40e46b1216f1105	common_voice_mvy_42362323.mp3	3dbd55965a1c50241f69662d54e583d24ba0fa38e5f5432315353397919d659c	تحفظ آں مُلکہ واں اما مہ تعاون تُھو۔		2	0	twenties				mvy	
a240aedfe3c626e32c6d3733420d69f8a2961368ed9b6f79b70763d7f70eab05a4024884a41fc63becc1b4960568fcea9c5fa5bdc7501451b40e46b1216f1105	common_voice_mvy_42362318.mp3	640bcb4d70e4a74cc7313654fc18f2034575d0dcf7fce83195160aaeb9838c24	سبباں رٹان٘لو تسے بناں تھہ چے		2	0	twenties				mvy	
a240aedfe3c626e32c6d3733420d69f8a2961368ed9b6f79b70763d7f70eab05a4024884a41fc63becc1b4960568fcea9c5fa5bdc7501451b40e46b1216f1105	common_voice_mvy_42362317.mp3	5a581344315bce40b52497d65cc4cbe3f26c717ecda36c847fbad35c2f86e59e	اسیں زرت ہر کسی لا ڈاگ تھی۔		2	0	twenties				mvy	
a240aedfe3c626e32c6d3733420d69f8a2961368ed9b6f79b70763d7f70eab05a4024884a41fc63becc1b4960568fcea9c5fa5bdc7501451b40e46b1216f1105	common_voice_mvy_42362316.mp3	61ff0de86e36bddbdae458ac601e1d924a3667a589d132bde147ed42f6f348db	ہُگیاں تھتُوڑ فالجاں مریضاں دن		2	0	twenties				mvy	
a240aedfe3c626e32c6d3733420d69f8a2961368ed9b6f79b70763d7f70eab05a4024884a41fc63becc1b4960568fcea9c5fa5bdc7501451b40e46b1216f1105	common_voice_mvy_42362281.mp3	6e4fb165ddca43bb72d44784d53b1e06ec03184d658cca9514b3309413238ff6	سو توفَیں شُو قلاؤں لا بَٹہ تُرُوں کرَیں یاں مشین آن٘س۔		2	0	twenties				mvy	
a240aedfe3c626e32c6d3733420d69f8a2961368ed9b6f79b70763d7f70eab05a4024884a41fc63becc1b4960568fcea9c5fa5bdc7501451b40e46b1216f1105	common_voice_mvy_42362276.mp3	70eaea81fb825e461965f39fbac91d1680c8da9c0206a82179e81f124aa864e2	انسانے چےۡ کتک سکُون ملیۡ تُھو		2	0	twenties				mvy	
a240aedfe3c626e32c6d3733420d69f8a2961368ed9b6f79b70763d7f70eab05a4024884a41fc63becc1b4960568fcea9c5fa5bdc7501451b40e46b1216f1105	common_voice_mvy_42363602.mp3	737052f2f5bb27a8046f53a7bc9baaa473f3a102e29cc346bb8f395deab8f027	دَش وار تَصور کرا تُھو آں مِیں شَس وعدہ کِیریۡ		2	0	twenties				mvy	
a240aedfe3c626e32c6d3733420d69f8a2961368ed9b6f79b70763d7f70eab05a4024884a41fc63becc1b4960568fcea9c5fa5bdc7501451b40e46b1216f1105	common_voice_mvy_42362270.mp3	69b292f3dedec72cacf0a4f3e990796754e10b3f305023e403cd0a387be0226f	شرطہ تے ادمہ پُور آن٘س کھیں مول گھِنؤں		2	0	twenties				mvy	
a240aedfe3c626e32c6d3733420d69f8a2961368ed9b6f79b70763d7f70eab05a4024884a41fc63becc1b4960568fcea9c5fa5bdc7501451b40e46b1216f1105	common_voice_mvy_42362253.mp3	6de291ad13b1ccb35b7b0fa33ef7731013948d59d2b5574685813d45ab704b9a	عقل رڇھؤں شریعتیاں اہم آں ڇَیؤں مقصد تُھُو،		2	0	twenties				mvy	
a240aedfe3c626e32c6d3733420d69f8a2961368ed9b6f79b70763d7f70eab05a4024884a41fc63becc1b4960568fcea9c5fa5bdc7501451b40e46b1216f1105	common_voice_mvy_42362252.mp3	581e8893e5607d83dd3a583ba33b21cb4eedcb7cb9faad833e77475f2016e639	تیں رباں نؤں چو برکتی تُھو،		2	0	twenties				mvy	
a240aedfe3c626e32c6d3733420d69f8a2961368ed9b6f79b70763d7f70eab05a4024884a41fc63becc1b4960568fcea9c5fa5bdc7501451b40e46b1216f1105	common_voice_mvy_42362239.mp3	6fc485742186380bd37e231b966fa5971c4b783ab628c8e2cb7f0ecd082f6040	آں بېکتُک مژ مہ من٘ڑنَیں پوسٹؤں لا افسرہ گتہ رِن٘گی یان٘س۔		2	0	twenties				mvy	
a240aedfe3c626e32c6d3733420d69f8a2961368ed9b6f79b70763d7f70eab05a4024884a41fc63becc1b4960568fcea9c5fa5bdc7501451b40e46b1216f1105	common_voice_mvy_42362234.mp3	6ef1d179c9182e74ffca9d3abf614207dee62e749b85fe913892b6112b225388	دیساں مُخ آن٘س کھیں مال اُگلا دے لان٘س		2	0	twenties				mvy	
a240aedfe3c626e32c6d3733420d69f8a2961368ed9b6f79b70763d7f70eab05a4024884a41fc63becc1b4960568fcea9c5fa5bdc7501451b40e46b1216f1105	common_voice_mvy_42362213.mp3	67448bb178322834c61d0d3fcf6cb5f737bdf939ecd06735f1675fdc99f5e139	گِنہۡ چےۡ 'احزاب' حِزبَیں جمع تھی،		2	0	twenties				mvy	
a240aedfe3c626e32c6d3733420d69f8a2961368ed9b6f79b70763d7f70eab05a4024884a41fc63becc1b4960568fcea9c5fa5bdc7501451b40e46b1216f1105	common_voice_mvy_42362212.mp3	255e75f4a2f0aaa0570f751c7e3a0a1b47e2075484d39435d2dfd3b143f41fab	ہلالیں بابتی مہ بناں تھو چےۡ اُو کسیں ݜُون٘یں تھی نَیں		2	0	twenties				mvy	
a240aedfe3c626e32c6d3733420d69f8a2961368ed9b6f79b70763d7f70eab05a4024884a41fc63becc1b4960568fcea9c5fa5bdc7501451b40e46b1216f1105	common_voice_mvy_42362211.mp3	4006230c9976601433872274d90e6ed0b77d8bda90b63c0e1a4b5370ca343db3	ݜَیں خَطی سَیں مُلکہ وَیں حالاتاں مطابق		2	0	twenties				mvy	
a240aedfe3c626e32c6d3733420d69f8a2961368ed9b6f79b70763d7f70eab05a4024884a41fc63becc1b4960568fcea9c5fa5bdc7501451b40e46b1216f1105	common_voice_mvy_42362210.mp3	6f0bb2c04d4a6556488318f62334e1b8fc238b3ff8282a1df366901c1c4d4e5e	اسی مہ کؤں کسی مِلیۡ ژھان٘ل کر ہَیں تُھو،		2	0	twenties				mvy	
a240aedfe3c626e32c6d3733420d69f8a2961368ed9b6f79b70763d7f70eab05a4024884a41fc63becc1b4960568fcea9c5fa5bdc7501451b40e46b1216f1105	common_voice_mvy_42362209.mp3	69573c448fe3f30bb5a3060922ff568092aea29b5e0e9ab83864aec6cc7af88b	اِسکُلی بالٹو تے ماٹی واں کریا انٹرنیٹ تے موبائلاں استعمال ہِن		2	0	twenties				mvy	
a240aedfe3c626e32c6d3733420d69f8a2961368ed9b6f79b70763d7f70eab05a4024884a41fc63becc1b4960568fcea9c5fa5bdc7501451b40e46b1216f1105	common_voice_mvy_42362194.mp3	71440f4707cdca8537e477b1487fbb851a674800793f5aa352b75bfc5e424098	چےۡ بِکسے تسیں شاگڑہ ݜتک چو چِن٘داں		2	0	twenties				mvy	
a240aedfe3c626e32c6d3733420d69f8a2961368ed9b6f79b70763d7f70eab05a4024884a41fc63becc1b4960568fcea9c5fa5bdc7501451b40e46b1216f1105	common_voice_mvy_42362193.mp3	542c480c39eff9999b88a6ac37706a08eb725016d912652aa7d92a4e6bfd1a40	معوذ تے معاذے کُورِی دِیچھی گزار		3	0	twenties				mvy	
a240aedfe3c626e32c6d3733420d69f8a2961368ed9b6f79b70763d7f70eab05a4024884a41fc63becc1b4960568fcea9c5fa5bdc7501451b40e46b1216f1105	common_voice_mvy_42362192.mp3	71be7bb0c61a0f8cb1d40ca8624af1caad083e7f10ccdaacff15c782ece88eda	خو گتہ ہُم اېوں مہ اېک پڑدا تُھو		2	0	twenties				mvy	
a240aedfe3c626e32c6d3733420d69f8a2961368ed9b6f79b70763d7f70eab05a4024884a41fc63becc1b4960568fcea9c5fa5bdc7501451b40e46b1216f1105	common_voice_mvy_42362191.mp3	6fd299505197b22888f3e8eb175ce6dcd6ede872a31f24b57c310fbe1c973326	چے ایں قانُون شارہ چھی گی نَیں۔		2	0	twenties				mvy	
a240aedfe3c626e32c6d3733420d69f8a2961368ed9b6f79b70763d7f70eab05a4024884a41fc63becc1b4960568fcea9c5fa5bdc7501451b40e46b1216f1105	common_voice_mvy_42364946.mp3	9bb5cf41f8e795ede8bcb516f5db42faa4934175d3adcece7b58faaf37dd607b	آں ڇھیر بوتلو مہ گلے زرتیاں وخ		2	0	twenties				mvy	
a240aedfe3c626e32c6d3733420d69f8a2961368ed9b6f79b70763d7f70eab05a4024884a41fc63becc1b4960568fcea9c5fa5bdc7501451b40e46b1216f1105	common_voice_mvy_42362080.mp3	4db492a25274d5737ba2098bfa72e7a674d9d485dbad423858ff386407319d27	مٹی وے پورئن٘یاں کریا تَیں کؤرٹُو منی کیریۡ کھیں		2	0	twenties				mvy	
a240aedfe3c626e32c6d3733420d69f8a2961368ed9b6f79b70763d7f70eab05a4024884a41fc63becc1b4960568fcea9c5fa5bdc7501451b40e46b1216f1105	common_voice_mvy_42364979.mp3	a1c49dc8032d1a67af98113dde71f5cf28bd2f0edfda17e65dbf0e0d537864ba	ݜَیں زن٘گلؤں مژ ہر قسمَیں لکئ آں گئ تھی۔		2	0	twenties				mvy	
a240aedfe3c626e32c6d3733420d69f8a2961368ed9b6f79b70763d7f70eab05a4024884a41fc63becc1b4960568fcea9c5fa5bdc7501451b40e46b1216f1105	common_voice_mvy_42364980.mp3	79e6dde4e87bfcad63e2001e93cc7cc3c53ac81c744c9d4bfc61ee5c8c614373	سامُوٹھ تکبیر فرض تھُو۔		2	0	twenties				mvy	
a240aedfe3c626e32c6d3733420d69f8a2961368ed9b6f79b70763d7f70eab05a4024884a41fc63becc1b4960568fcea9c5fa5bdc7501451b40e46b1216f1105	common_voice_mvy_42365007.mp3	8054408354be7c17cfaf8d50a062e70443537e1692ba0d16a6ae61ecaae98a51	ہُویں، تُس وڑیا لا کتُک قرآن بنہاں تھہ کھیں بنی۔		2	0	twenties				mvy	
a240aedfe3c626e32c6d3733420d69f8a2961368ed9b6f79b70763d7f70eab05a4024884a41fc63becc1b4960568fcea9c5fa5bdc7501451b40e46b1216f1105	common_voice_mvy_42365008.mp3	9b3835617b9f7eb64648042036c6bb168c6e5e944556ecfa5d1c4be09fb2540d	کدُوں وے تے شڑشماں تیل اکٹھِرا گلے		2	0	twenties				mvy	
a240aedfe3c626e32c6d3733420d69f8a2961368ed9b6f79b70763d7f70eab05a4024884a41fc63becc1b4960568fcea9c5fa5bdc7501451b40e46b1216f1105	common_voice_mvy_42365009.mp3	9dab777f529541e29708b3cc056798cf0793525fe08a2e483d3645211e2a0f46	آج گی ذلیل ہوگے دِیناں دُشمنہ		2	0	twenties				mvy	
a240aedfe3c626e32c6d3733420d69f8a2961368ed9b6f79b70763d7f70eab05a4024884a41fc63becc1b4960568fcea9c5fa5bdc7501451b40e46b1216f1105	common_voice_mvy_42365033.mp3	75120a0816dcd97e119795a92cae9c3c7440243f920fdd140e20ba6503327d38	ڇھیراں ہاٶ اکٹھی کِݜی گېل کھیائ کھیں بادی دڑی ختم ہوتھی۔		2	0	twenties				mvy	
a240aedfe3c626e32c6d3733420d69f8a2961368ed9b6f79b70763d7f70eab05a4024884a41fc63becc1b4960568fcea9c5fa5bdc7501451b40e46b1216f1105	common_voice_mvy_42365034.mp3	92df7cbbaa48d74621379b67488e37ac217e664d69420ede24e9e99e9cc931f4	ݜُو بازاں شان لہ کرہ گِلی حملہ		2	0	twenties				mvy	
a240aedfe3c626e32c6d3733420d69f8a2961368ed9b6f79b70763d7f70eab05a4024884a41fc63becc1b4960568fcea9c5fa5bdc7501451b40e46b1216f1105	common_voice_mvy_42365036.mp3	9d56d6d53a7087937d85814ef4b1fe2d27f38989c482fb2e677a97002dec86dc	رن٘گہ مہ نہ چُنَیں شُوۡ پن٘ڈروۡ آن٘س		2	0	twenties				mvy	
a240aedfe3c626e32c6d3733420d69f8a2961368ed9b6f79b70763d7f70eab05a4024884a41fc63becc1b4960568fcea9c5fa5bdc7501451b40e46b1216f1105	common_voice_mvy_42365076.mp3	5bf4d9f1127c6c9f8faf0ce9c4bd055c2f6242473061543777e71bdba0fc6af7	سجدے بیں نہ مُوٹھیوں پھیں		2	0	twenties				mvy	
a240aedfe3c626e32c6d3733420d69f8a2961368ed9b6f79b70763d7f70eab05a4024884a41fc63becc1b4960568fcea9c5fa5bdc7501451b40e46b1216f1105	common_voice_mvy_42365077.mp3	9aac6d664d655094147e1fddb23a32ce3d1b65f73f02a3c0c9e2d85ac7bdd0e5	عامل تسے بناں تھہ چے تسیں وجہۡ نہ		2	0	twenties				mvy	
a240aedfe3c626e32c6d3733420d69f8a2961368ed9b6f79b70763d7f70eab05a4024884a41fc63becc1b4960568fcea9c5fa5bdc7501451b40e46b1216f1105	common_voice_mvy_42365082.mp3	9de37d52b1debcb40b250353eff2865ecc8e79902875dd6156869538d29ecb63	آں ڇبیش کالؤں نہ بُوی ژرہۡ واں کِریا		2	0	twenties				mvy	
a240aedfe3c626e32c6d3733420d69f8a2961368ed9b6f79b70763d7f70eab05a4024884a41fc63becc1b4960568fcea9c5fa5bdc7501451b40e46b1216f1105	common_voice_mvy_42365084.mp3	a0061db14178ac33622f67048669f9020ceac5c84b1f13e556a2d26b005f1c65	ایوۡں لا لُوں آں کݜِیں مرچکیں دُھڑہۡ تالُو گلے بھاں مہ گلی		2	0	twenties				mvy	
a240aedfe3c626e32c6d3733420d69f8a2961368ed9b6f79b70763d7f70eab05a4024884a41fc63becc1b4960568fcea9c5fa5bdc7501451b40e46b1216f1105	common_voice_mvy_42365095.mp3	9b8965d360c2a8c31ac60b742877fa63412b4461a1d8eff56ed0d405e65a7fd4	سیں بے ݜلہ ذکر کرا تھہ۔		2	0	twenties				mvy	
a240aedfe3c626e32c6d3733420d69f8a2961368ed9b6f79b70763d7f70eab05a4024884a41fc63becc1b4960568fcea9c5fa5bdc7501451b40e46b1216f1105	common_voice_mvy_42365155.mp3	a0ec93263d8d6e6f22e1bbb81fa03c718a374134408d3f9e7b0cac08a872bfb4	نبی علیہ السَلاماں اندازِ تعلیم تے تربیت آں تسئِیں تبدیلِیاں اثرات		2	0	twenties				mvy	
a240aedfe3c626e32c6d3733420d69f8a2961368ed9b6f79b70763d7f70eab05a4024884a41fc63becc1b4960568fcea9c5fa5bdc7501451b40e46b1216f1105	common_voice_mvy_42365157.mp3	918d9d7a0cc4fcee94398bd4713b57179ba77a0f0650165bb20f4f988f30ed7e	چے تسی وجہۡ نہ نِوان٘ز نہ تسُور مُت کھِن٘گ بے،		2	0	twenties				mvy	
a240aedfe3c626e32c6d3733420d69f8a2961368ed9b6f79b70763d7f70eab05a4024884a41fc63becc1b4960568fcea9c5fa5bdc7501451b40e46b1216f1105	common_voice_mvy_42365159.mp3	a10208d3f0599a3a942638dc165e38be429355a7a4c6675edb420b7c7d89a5a1	سامُوٹھوۡ مُوں اسم ہو		2	0	twenties				mvy	
a240aedfe3c626e32c6d3733420d69f8a2961368ed9b6f79b70763d7f70eab05a4024884a41fc63becc1b4960568fcea9c5fa5bdc7501451b40e46b1216f1105	common_voice_mvy_42361833.mp3	6994b5548a1262e5e880af00eb65d5c6bfcccd4b292f41745b28e9cf34efd663	گازریاں حلوا یا مغز ماݜی گلے تس وخ نا وخ کھا		2	0	twenties				mvy	
a240aedfe3c626e32c6d3733420d69f8a2961368ed9b6f79b70763d7f70eab05a4024884a41fc63becc1b4960568fcea9c5fa5bdc7501451b40e46b1216f1105	common_voice_mvy_42361827.mp3	4910420f858e7db9bbd78da4d02b1297de1add05628d4ba987c2d99144ab3220	تَلاں پتَیں سُوَرلی سو زئ لا اُلی ہُوندیۡ		2	0	twenties				mvy	
a240aedfe3c626e32c6d3733420d69f8a2961368ed9b6f79b70763d7f70eab05a4024884a41fc63becc1b4960568fcea9c5fa5bdc7501451b40e46b1216f1105	common_voice_mvy_42361811.mp3	5f305cd33c450f3cbcde5d7352cc6e5ba301454be97b636b113a3ad835044b47	زن٘گلہ نہ منی روان تُھو کُلائ وَیں		2	0	twenties				mvy	
a240aedfe3c626e32c6d3733420d69f8a2961368ed9b6f79b70763d7f70eab05a4024884a41fc63becc1b4960568fcea9c5fa5bdc7501451b40e46b1216f1105	common_voice_mvy_42361807.mp3	6c4f9b9c985f5a3a694ee4258f80612e6f3006dbef85f6c8c79d20884b42fde1	نبی علیہ السلامے سورتِ سجدَیں ساموٹھیۡ اَیاتہ بانیۡ		2	0	twenties				mvy	
a240aedfe3c626e32c6d3733420d69f8a2961368ed9b6f79b70763d7f70eab05a4024884a41fc63becc1b4960568fcea9c5fa5bdc7501451b40e46b1216f1105	common_voice_mvy_42361802.mp3	5619aaca9c74576c67cf7dff5bb346d2b267484599085e4384d4b1cea86f7bcf	مریض کہ ہُبی مہ تُھو		2	0	twenties				mvy	
a240aedfe3c626e32c6d3733420d69f8a2961368ed9b6f79b70763d7f70eab05a4024884a41fc63becc1b4960568fcea9c5fa5bdc7501451b40e46b1216f1105	common_voice_mvy_42361775.mp3	2e9e4cca8953bba95fdf2dc1a2ae334ab36eaafaec580c05296cce782312e3b1	اؤلاد لہ اؤلاد تی نہ گِلا کراتھی		2	0	twenties				mvy	
a240aedfe3c626e32c6d3733420d69f8a2961368ed9b6f79b70763d7f70eab05a4024884a41fc63becc1b4960568fcea9c5fa5bdc7501451b40e46b1216f1105	common_voice_mvy_42361769.mp3	61eb7400599509bc2984d31a865ffd081dc5dabc9e42a1c42cd4694c3b101a36	با: وو پُھن٘ڈُو بنہ مہ تےقُربان!		2	0	twenties				mvy	
a240aedfe3c626e32c6d3733420d69f8a2961368ed9b6f79b70763d7f70eab05a4024884a41fc63becc1b4960568fcea9c5fa5bdc7501451b40e46b1216f1105	common_voice_mvy_42361767.mp3	2d85da0eb1572fe3800765f5cf1fe69a98ae21475f72ab70fd0dd06731e6707f	کھالیۡ زئ لا گھݜِلیۡ کھیں جُوڑ ہوتھی۔		2	0	twenties				mvy	
a240aedfe3c626e32c6d3733420d69f8a2961368ed9b6f79b70763d7f70eab05a4024884a41fc63becc1b4960568fcea9c5fa5bdc7501451b40e46b1216f1105	common_voice_mvy_42361755.mp3	69fe4ba2bf10381fd0244dc190ab118c196ea2ae4a605920bf002fef0906caf2	تسی نہ سو گِرانی ختُم ہو آں ہَسانی اے		2	0	twenties				mvy	
a240aedfe3c626e32c6d3733420d69f8a2961368ed9b6f79b70763d7f70eab05a4024884a41fc63becc1b4960568fcea9c5fa5bdc7501451b40e46b1216f1105	common_voice_mvy_42361724.mp3	4bc8940233488e66ed819e28d051031d5fcb368e98a20c3eb86080c1f8382827	قصہ گئ گئ		2	0	twenties				mvy	
a240aedfe3c626e32c6d3733420d69f8a2961368ed9b6f79b70763d7f70eab05a4024884a41fc63becc1b4960568fcea9c5fa5bdc7501451b40e46b1216f1105	common_voice_mvy_42361723.mp3	5c8b4b9a6cc7f372706500c7d48307fac6a380eb8df2fcb93053df800575e79f	کہ کام نشیل ہون٘د کھیں تسیں معنہ ݜُو ہو تھی۔		2	0	twenties				mvy	
a240aedfe3c626e32c6d3733420d69f8a2961368ed9b6f79b70763d7f70eab05a4024884a41fc63becc1b4960568fcea9c5fa5bdc7501451b40e46b1216f1105	common_voice_mvy_42361717.mp3	68a37a89e4432f4fef183487ac171433cb193387c0528f933edadb94fd236cf7	آں سُوئ گیس بھا مہ استعمال کیرُوں گتہ		2	0	twenties				mvy	
a240aedfe3c626e32c6d3733420d69f8a2961368ed9b6f79b70763d7f70eab05a4024884a41fc63becc1b4960568fcea9c5fa5bdc7501451b40e46b1216f1105	common_voice_mvy_42361681.mp3	2d33ea6fea608ad6099d828e0f4b200ecdaa81c43ccc3215188072ec95e94890	چُپ مادے		2	0	twenties				mvy	
a240aedfe3c626e32c6d3733420d69f8a2961368ed9b6f79b70763d7f70eab05a4024884a41fc63becc1b4960568fcea9c5fa5bdc7501451b40e46b1216f1105	common_voice_mvy_42361678.mp3	632532285e21e46e656629cf94319dad4d4882b76cb1eeb7058cee59a121817d	اَس لِبڑی دُو گېن٘ٹی ݜے پھت کرے تے اس چقڑ جگہ مہ گلی۔		2	0	twenties				mvy	
a240aedfe3c626e32c6d3733420d69f8a2961368ed9b6f79b70763d7f70eab05a4024884a41fc63becc1b4960568fcea9c5fa5bdc7501451b40e46b1216f1105	common_voice_mvy_42361677.mp3	5d0da6b61c32b46331981833fe885381cc89cbd3d2f456d253fd6b962a868d4e	ابوجہلَیں حملہ ہِن حضرت سمیہ رض شھید ہُون٘دیۡ؛		2	0	twenties				mvy	
a240aedfe3c626e32c6d3733420d69f8a2961368ed9b6f79b70763d7f70eab05a4024884a41fc63becc1b4960568fcea9c5fa5bdc7501451b40e46b1216f1105	common_voice_mvy_42361536.mp3	60d17fbbdea5d1e75670667b882c47bba1ce838fcfdb06b940ef7f39a939fbd9	قِراتی مہ ݜے غلطی کرؤں چے		2	0	twenties				mvy	
a240aedfe3c626e32c6d3733420d69f8a2961368ed9b6f79b70763d7f70eab05a4024884a41fc63becc1b4960568fcea9c5fa5bdc7501451b40e46b1216f1105	common_voice_mvy_42361535.mp3	64f6baac5db3fdac1b9579a9213f985ef59d9202ccabdf8aeb7a4cfcafa350d4	ہر قسمَیں سبزی کَھیں ملی ملی ہفتہ مژ		2	0	twenties				mvy	
a240aedfe3c626e32c6d3733420d69f8a2961368ed9b6f79b70763d7f70eab05a4024884a41fc63becc1b4960568fcea9c5fa5bdc7501451b40e46b1216f1105	common_voice_mvy_42361523.mp3	6010446d5bd62fce079488ec7aa894955174775e20c3366ed701005dc3625cd8	”کسی وات“		2	0	twenties				mvy	
a240aedfe3c626e32c6d3733420d69f8a2961368ed9b6f79b70763d7f70eab05a4024884a41fc63becc1b4960568fcea9c5fa5bdc7501451b40e46b1216f1105	common_voice_mvy_42361516.mp3	2af3006ef6ae9e469899a8112778fa0074da32bcaa51cd7116958a4d8ae7de43	اَس وجہۡ ہِن نبی پاک چو خوشال ہُون٘دوۡ۔		2	0	twenties				mvy	
a240aedfe3c626e32c6d3733420d69f8a2961368ed9b6f79b70763d7f70eab05a4024884a41fc63becc1b4960568fcea9c5fa5bdc7501451b40e46b1216f1105	common_voice_mvy_42361514.mp3	67d36bc22bbfedfff12d97eeaa1c5ac66eb91821a2f1b1b03ed17dc648745707	کسیں قُدرت ہُون٘دوں سو خداں ناں لا		2	0	twenties				mvy	
a240aedfe3c626e32c6d3733420d69f8a2961368ed9b6f79b70763d7f70eab05a4024884a41fc63becc1b4960568fcea9c5fa5bdc7501451b40e46b1216f1105	common_voice_mvy_42361508.mp3	5fcfb97a45b2e0fa677c4b739c0d6d8fffbb58a6603e96db17ad4f228773366c	مسح بِلژیل ہا ایک اَدمہ (ݜِݜہ) لا دیوں تھُو۔		2	0	twenties				mvy	
a240aedfe3c626e32c6d3733420d69f8a2961368ed9b6f79b70763d7f70eab05a4024884a41fc63becc1b4960568fcea9c5fa5bdc7501451b40e46b1216f1105	common_voice_mvy_42361506.mp3	6060ad6825d92d977c6bba4e2844d70f080db4568d179bdb4945c8fb3cad5e16	ݜُو زائ مکہ یی تے مدیناں مژھولہ مہ تھی آں رابغ کَچھ تھی۔		3	0	twenties				mvy	
a240aedfe3c626e32c6d3733420d69f8a2961368ed9b6f79b70763d7f70eab05a4024884a41fc63becc1b4960568fcea9c5fa5bdc7501451b40e46b1216f1105	common_voice_mvy_42361505.mp3	6cb0d21ee39b230294b127f1bc5e2a6f801c08beaeb465bdfe33792a81811668	آں کؤں چے تاں ربہ مُوٹھی اُولی ہوئیں نہ بھیل کھیں،		2	0	twenties				mvy	
a240aedfe3c626e32c6d3733420d69f8a2961368ed9b6f79b70763d7f70eab05a4024884a41fc63becc1b4960568fcea9c5fa5bdc7501451b40e46b1216f1105	common_voice_mvy_42361504.mp3	67302adab2e05789bce1003f70154d0191c5ea8851087106d501c5e4b7389816	ڇَییں ہِجریں حسن حُسېن مہ، غزوہ اُحُد ہُون٘دیۡ۔		2	0	twenties				mvy	
a240aedfe3c626e32c6d3733420d69f8a2961368ed9b6f79b70763d7f70eab05a4024884a41fc63becc1b4960568fcea9c5fa5bdc7501451b40e46b1216f1105	common_voice_mvy_42361492.mp3	60a1022efdb698f4b18dfd31f3d2a942d29512b378745ab78c681aab40c29ea1	اگر کہ ای گے کھیں دُویں وار پُویائ۔		2	0	twenties				mvy	
a240aedfe3c626e32c6d3733420d69f8a2961368ed9b6f79b70763d7f70eab05a4024884a41fc63becc1b4960568fcea9c5fa5bdc7501451b40e46b1216f1105	common_voice_mvy_42361489.mp3	6052577ccda0d0c26ac6437f625ae494c6af50dbb9e335bba32611d6b89ee7a2	سئیں ربڑا چھے چو زاں مصطفٰے		2	0	twenties				mvy	
a240aedfe3c626e32c6d3733420d69f8a2961368ed9b6f79b70763d7f70eab05a4024884a41fc63becc1b4960568fcea9c5fa5bdc7501451b40e46b1216f1105	common_voice_mvy_42361483.mp3	678fc58ae07554c19f4d71d6186d61141ba3df65a1ecea2fcdb5f6eb80c572a3	کا ملیۡ تِلیۡ لُوں گُو کھاتُھو۔		2	0	twenties				mvy	
a240aedfe3c626e32c6d3733420d69f8a2961368ed9b6f79b70763d7f70eab05a4024884a41fc63becc1b4960568fcea9c5fa5bdc7501451b40e46b1216f1105	common_voice_mvy_42361466.mp3	5d8f5c61c52f5b5a6a8b8ac0d6c1dab68cfdeda829d0cfbeff6fff371874f584	نَفع تے نُقصان بھژدہ وَیں خَطرہ ہُون٘دُوں		2	0	twenties				mvy	
a240aedfe3c626e32c6d3733420d69f8a2961368ed9b6f79b70763d7f70eab05a4024884a41fc63becc1b4960568fcea9c5fa5bdc7501451b40e46b1216f1105	common_voice_mvy_42361462.mp3	63e569074ddda73626893b783be00eeff133171589af0aa1b9d018b6c0ef2085	ݜِݜَیں دڑ تے چکرَیں علاج وڑیا تھی		2	0	twenties				mvy	
a240aedfe3c626e32c6d3733420d69f8a2961368ed9b6f79b70763d7f70eab05a4024884a41fc63becc1b4960568fcea9c5fa5bdc7501451b40e46b1216f1105	common_voice_mvy_42361460.mp3	69c7bbbb48cba4c8fed3f84f23ba322ba9a744293add5d8dcb2d621fa2ce4273	چے نہ اېں مُوٹھُو بے ہاں آں نہ پاتُو اے ہاں۔		2	0	twenties				mvy	
a240aedfe3c626e32c6d3733420d69f8a2961368ed9b6f79b70763d7f70eab05a4024884a41fc63becc1b4960568fcea9c5fa5bdc7501451b40e46b1216f1105	common_voice_mvy_42365180.mp3	68b228b50c6ff81234ecb2d43d7d1a34bf5c1e781613b7db809d16f84fb3a7db	ولے بے سېوں تاں پڑان٘لہ واں دن وڑیا آں		2	0	twenties				mvy	
a240aedfe3c626e32c6d3733420d69f8a2961368ed9b6f79b70763d7f70eab05a4024884a41fc63becc1b4960568fcea9c5fa5bdc7501451b40e46b1216f1105	common_voice_mvy_42365181.mp3	977c1c2e9d566edd79109d1a03a3463a581218e96c4c128b307eade0735c7e59	سِیں پاتُو ݜاک مرک کرے پُھٹ کیریۡ		2	0	twenties				mvy	
a240aedfe3c626e32c6d3733420d69f8a2961368ed9b6f79b70763d7f70eab05a4024884a41fc63becc1b4960568fcea9c5fa5bdc7501451b40e46b1216f1105	common_voice_mvy_42365228.mp3	a2fea99a500be57de357965fddc2d6bdf27f52d99c96d53391fb5fea07955e4a	کؤں ماݜاں مُوڙ دژیۡ لُوں تسیں کریا		2	0	twenties				mvy	
a240aedfe3c626e32c6d3733420d69f8a2961368ed9b6f79b70763d7f70eab05a4024884a41fc63becc1b4960568fcea9c5fa5bdc7501451b40e46b1216f1105	common_voice_mvy_42365229.mp3	890afbd4b2907acb7881c4eecccef90c8e590950c9ed89336e3f25cc967548f3	ایا څَیں ݜس اگار لا گولہ تصُور کرچھی، کس چے تُس گُیاں تھہ؟		2	0	twenties				mvy	
a240aedfe3c626e32c6d3733420d69f8a2961368ed9b6f79b70763d7f70eab05a4024884a41fc63becc1b4960568fcea9c5fa5bdc7501451b40e46b1216f1105	common_voice_mvy_42365236.mp3	8ef689039b2ea3f3c4582fc4d3c3de455e4ada156666bc900a8d14e6eb9f2e9f	چېرہ گھېن٘رہ (جمہور امامہ) بناں تھو		2	0	twenties				mvy	
a240aedfe3c626e32c6d3733420d69f8a2961368ed9b6f79b70763d7f70eab05a4024884a41fc63becc1b4960568fcea9c5fa5bdc7501451b40e46b1216f1105	common_voice_mvy_42365252.mp3	9fdaea437351dc34e2695416f4d797f7b0df4cd7ebd0f6fabded14354f33ff7d	سېوں من٘ڈاں اؤن٘زہ واں تا لا سُوریۡ دېں،		2	1	twenties				mvy	
a240aedfe3c626e32c6d3733420d69f8a2961368ed9b6f79b70763d7f70eab05a4024884a41fc63becc1b4960568fcea9c5fa5bdc7501451b40e46b1216f1105	common_voice_mvy_42365256.mp3	79998e76c5076ee2b202e8ee27fa615b8b89736799881080dd76c46bcd688df0	جسماں ہر زخماں کریا کھن٘ڑؤں لا مِلَیں والا		2	0	twenties				mvy	
a240aedfe3c626e32c6d3733420d69f8a2961368ed9b6f79b70763d7f70eab05a4024884a41fc63becc1b4960568fcea9c5fa5bdc7501451b40e46b1216f1105	common_voice_mvy_42365259.mp3	743962721be42dc5603345a76c209a07bc9fccc1345fc1943a66c86a4584af27	چے کلہۡ ہاریۡ اڅَھکیۡ تِلا ثالیۡگر (جج) مُوٹھی ثابِت نی ہو،		2	0	twenties				mvy	
a240aedfe3c626e32c6d3733420d69f8a2961368ed9b6f79b70763d7f70eab05a4024884a41fc63becc1b4960568fcea9c5fa5bdc7501451b40e46b1216f1105	common_voice_mvy_42365260.mp3	8fc0f668b9521a7cbb9f47b76ff27d568ae9fe9c8b389e2cc3dae8f7b62a4ef2	دُنَیں بالکل بدل ہُوئیں شروع ہُو تھی		2	0	twenties				mvy	
a240aedfe3c626e32c6d3733420d69f8a2961368ed9b6f79b70763d7f70eab05a4024884a41fc63becc1b4960568fcea9c5fa5bdc7501451b40e46b1216f1105	common_voice_mvy_42365263.mp3	94fe2ad8a59f9aef039ffa55c5ecc9bd59d30c3c3130e1dadeaa62d6528099e5	تسے دینی بلی پشے مثلاً محرم کؤں تُھو		2	0	twenties				mvy	
a240aedfe3c626e32c6d3733420d69f8a2961368ed9b6f79b70763d7f70eab05a4024884a41fc63becc1b4960568fcea9c5fa5bdc7501451b40e46b1216f1105	common_voice_mvy_42365271.mp3	9be082779bb4abbc6c33f47af4193f8d989b007eeb243e48ebe26a4b2f7eefc7	کھیں تسیں کریا نیل دان٘ڑیالاں وے نھیلے کم کم روزانہ پُویائ۔		2	0	twenties				mvy	
a240aedfe3c626e32c6d3733420d69f8a2961368ed9b6f79b70763d7f70eab05a4024884a41fc63becc1b4960568fcea9c5fa5bdc7501451b40e46b1216f1105	common_voice_mvy_42365272.mp3	9be6a76b57c130bc5687d903d77b9946cd66b44403bef2e908280340da89e644	چے کاں کمؤں لا زندگی آں مُعاشرہ کُوریۡ تھی		2	0	twenties				mvy	
a240aedfe3c626e32c6d3733420d69f8a2961368ed9b6f79b70763d7f70eab05a4024884a41fc63becc1b4960568fcea9c5fa5bdc7501451b40e46b1216f1105	common_voice_mvy_42365273.mp3	a0474e0e6742a615efc52a0bf05a4a829945681f48f3b6cd0eed8b59b80709e5	کنڈوہ لا ڇیلی ݜے سئ لک کیریۡ کھیں		2	0	twenties				mvy	
a240aedfe3c626e32c6d3733420d69f8a2961368ed9b6f79b70763d7f70eab05a4024884a41fc63becc1b4960568fcea9c5fa5bdc7501451b40e46b1216f1105	common_voice_mvy_42365304.mp3	885f8d3be0486fab5f021797c6cc8bf3c2c1604e0a9e93cb44a8553065ef63de	وے مہ دھیال آں چُن٘ڑیۡ رال بادامہ دش کُلہۡ سُگو باریک ٹکے		2	0	twenties				mvy	
a240aedfe3c626e32c6d3733420d69f8a2961368ed9b6f79b70763d7f70eab05a4024884a41fc63becc1b4960568fcea9c5fa5bdc7501451b40e46b1216f1105	common_voice_mvy_42365313.mp3	a0875c9ddb8b0c024e1e2bd9c1cbfb70c834e99dcddd00fce6097effa74392bf	چےۡ ٹکنالوجی زندگیاں ہر اک شعبہ متاثر کیریۡ تھی		2	0	twenties				mvy	
a240aedfe3c626e32c6d3733420d69f8a2961368ed9b6f79b70763d7f70eab05a4024884a41fc63becc1b4960568fcea9c5fa5bdc7501451b40e46b1216f1105	common_voice_mvy_42365344.mp3	5f087c2a4235c42fbfd84de9cebf09d3d98eacd0092c4faac52f7806a9f30e88	ادُوس مہ پان٘ژ کمہۡ اسلام اَڅھَک کالیۡ تھُو(ادُوساں مکروہات)		2	0	twenties				mvy	
a240aedfe3c626e32c6d3733420d69f8a2961368ed9b6f79b70763d7f70eab05a4024884a41fc63becc1b4960568fcea9c5fa5bdc7501451b40e46b1216f1105	common_voice_mvy_42365349.mp3	932f0dc07a0f13ac125cb01f249f547940830ac32daf88ee64f0797880ef4d3c	مہ بئ گی کرم یا ݜِݜ دھیا گی کرم		2	0	twenties				mvy	
a240aedfe3c626e32c6d3733420d69f8a2961368ed9b6f79b70763d7f70eab05a4024884a41fc63becc1b4960568fcea9c5fa5bdc7501451b40e46b1216f1105	common_voice_mvy_42365351.mp3	a37c326b1f2ce278f6b434a3db9f5ded42e8785b02a23ea3c0d8fd3f445f92dd	چے تسیں ہر لفظَیں ایک خاص مطلب ہُوئ تھی		2	0	twenties				mvy	
a240aedfe3c626e32c6d3733420d69f8a2961368ed9b6f79b70763d7f70eab05a4024884a41fc63becc1b4960568fcea9c5fa5bdc7501451b40e46b1216f1105	common_voice_mvy_42365353.mp3	8567a0195e54a238da9c623ee3240309c4cfc3c7c2d69becfaaa34c93837075c	کہ بِگ رٹان٘لو (مانِع) نی ایل کھیں		2	0	twenties				mvy	
a240aedfe3c626e32c6d3733420d69f8a2961368ed9b6f79b70763d7f70eab05a4024884a41fc63becc1b4960568fcea9c5fa5bdc7501451b40e46b1216f1105	common_voice_mvy_42365404.mp3	9012d9c90cded2a85b1883e459c89060876f5be7ab6c9935bb5ef5ff7b3a49d0	کیالو نِوان٘زاں کران٘لاں کِریا ݜیں بھژدہ دُو بنؤں سُنّت تھُو۔		2	0	twenties				mvy	
a240aedfe3c626e32c6d3733420d69f8a2961368ed9b6f79b70763d7f70eab05a4024884a41fc63becc1b4960568fcea9c5fa5bdc7501451b40e46b1216f1105	common_voice_mvy_42365405.mp3	8be807112af060e1f5395f940730a30e300e3547860a5d1d9388d05bb2bffe00	نبی علیہ سلاماں پیدا ہویں نہ کم لک یُوۡن٘ہہۡ موٹھیُوں،		2	0	twenties				mvy	
a240aedfe3c626e32c6d3733420d69f8a2961368ed9b6f79b70763d7f70eab05a4024884a41fc63becc1b4960568fcea9c5fa5bdc7501451b40e46b1216f1105	common_voice_mvy_42365406.mp3	9c98d31a52377d0574e95661e8b4fea7556544293d28a771c3b8593e4587fd34	اللہ پاکاں وطنؤں مہ بئ تے ڙُوہہۡ خوش بی تُھو“۔		2	0	twenties				mvy	
a240aedfe3c626e32c6d3733420d69f8a2961368ed9b6f79b70763d7f70eab05a4024884a41fc63becc1b4960568fcea9c5fa5bdc7501451b40e46b1216f1105	common_voice_mvy_42367884.mp3	b604fef15a0224a7acb0afcb10bb904d97b3fd004143758bfcf60bea42a78921	کسی مہ چے وے ایں کمی ای گے		2	0	twenties				mvy	
a240aedfe3c626e32c6d3733420d69f8a2961368ed9b6f79b70763d7f70eab05a4024884a41fc63becc1b4960568fcea9c5fa5bdc7501451b40e46b1216f1105	common_voice_mvy_42365408.mp3	a324b6afa3663d6dc4a93ee004395b72ec5d45815cb28b75c4516ee9e5762d7b	تُوۡ کل بَݜَت ۔		2	0	twenties				mvy	
a240aedfe3c626e32c6d3733420d69f8a2961368ed9b6f79b70763d7f70eab05a4024884a41fc63becc1b4960568fcea9c5fa5bdc7501451b40e46b1216f1105	common_voice_mvy_42367883.mp3	b0147d0605c0d66fd2fbbd52ceec9a883a64a1655c2c67fe7ce956b38269c0c4	بُوٹی ہامژ کِݜی پېڑلو کرے مالے کھیَیں ہِن کھانگیۡ کم ہوتھی۔		2	0	twenties				mvy	
a240aedfe3c626e32c6d3733420d69f8a2961368ed9b6f79b70763d7f70eab05a4024884a41fc63becc1b4960568fcea9c5fa5bdc7501451b40e46b1216f1105	common_voice_mvy_42367877.mp3	b033a35eabccb195cc61c701e79df40d52940a2693d33165d0352adb2fcd44a9	اسی نہ پتَیں قُرېشاں سردار عُتبے مشورہ ہِن		2	0	twenties				mvy	
a240aedfe3c626e32c6d3733420d69f8a2961368ed9b6f79b70763d7f70eab05a4024884a41fc63becc1b4960568fcea9c5fa5bdc7501451b40e46b1216f1105	common_voice_mvy_42367876.mp3	8c6420e46776b913c85a9b2c5f0da485c7a99abb58cd3356df001b29f3e645c3	کہ ماݜ اوک زُمُک مُولا لُوں قیاساً لہ پکار تھی		3	0	twenties				mvy	
a240aedfe3c626e32c6d3733420d69f8a2961368ed9b6f79b70763d7f70eab05a4024884a41fc63becc1b4960568fcea9c5fa5bdc7501451b40e46b1216f1105	common_voice_mvy_42367853.mp3	ad3e522f61819e03a1ba5b7e787ff5bc9fe0dc41e90c7095a8e4799c7f658ae2	کم لک منافقَیں مِلی بئ یان٘س،		2	0	twenties				mvy	
a240aedfe3c626e32c6d3733420d69f8a2961368ed9b6f79b70763d7f70eab05a4024884a41fc63becc1b4960568fcea9c5fa5bdc7501451b40e46b1216f1105	common_voice_mvy_42367852.mp3	a076b497b8f4f1f3ed57592388ea2bd0bb7a756524f4d3070f845105c3693c71	ݜسیں دن بُوٹی گرم وے ہِن کھیائ		2	0	twenties				mvy	
a240aedfe3c626e32c6d3733420d69f8a2961368ed9b6f79b70763d7f70eab05a4024884a41fc63becc1b4960568fcea9c5fa5bdc7501451b40e46b1216f1105	common_voice_mvy_42365455.mp3	a03bba1683fcd1b82f047b583ca39a46cfe51cb58c399a1af1a80dac38f8696f	”ہجو لکھ“		2	0	twenties				mvy	
a240aedfe3c626e32c6d3733420d69f8a2961368ed9b6f79b70763d7f70eab05a4024884a41fc63becc1b4960568fcea9c5fa5bdc7501451b40e46b1216f1105	common_voice_mvy_42365459.mp3	8e652cf615e9a0e83206c34dfbd9ca6480962fb6530e48073480431034238621	نبیؐ علیہ سلامے بانیۡ چےۡ ہُویں میں ژؤن٘دُن تے مرگ څؤں مِلیۡ تُھو (پروا نېری)۔		2	0	twenties				mvy	
a240aedfe3c626e32c6d3733420d69f8a2961368ed9b6f79b70763d7f70eab05a4024884a41fc63becc1b4960568fcea9c5fa5bdc7501451b40e46b1216f1105	common_voice_mvy_42365462.mp3	a303468b4a47c4b3dc97c8e7b094ac511aa5d7c7570e9aab06d2f1ccad6fc3b3	صحابی سو بے کؤں تُھو چے		2	0	twenties				mvy	
a240aedfe3c626e32c6d3733420d69f8a2961368ed9b6f79b70763d7f70eab05a4024884a41fc63becc1b4960568fcea9c5fa5bdc7501451b40e46b1216f1105	common_voice_mvy_42365472.mp3	9a4aaaa14f845909cdc7327c2c9a48ce0965d8ca13992dbcd590771836050b9c	تُو صرف می اما مِلیۡ ہرہ۔		2	0	twenties				mvy	
a240aedfe3c626e32c6d3733420d69f8a2961368ed9b6f79b70763d7f70eab05a4024884a41fc63becc1b4960568fcea9c5fa5bdc7501451b40e46b1216f1105	common_voice_mvy_42367851.mp3	a4aeaf0cdc82deedcb81936e72fc89fbeba789824ba5f3451965ca8837384107	مال ڇھی بېں کِلائ ہِن علاج		2	0	twenties				mvy	
a240aedfe3c626e32c6d3733420d69f8a2961368ed9b6f79b70763d7f70eab05a4024884a41fc63becc1b4960568fcea9c5fa5bdc7501451b40e46b1216f1105	common_voice_mvy_42367847.mp3	a46614ef71adc3f0fb311b93f895b19506a5dd228a88a2494adef3f6c3cca4ac	نَیں کھیں قَیمَتِیاں دِیس تُھو،		2	0	twenties				mvy	
a240aedfe3c626e32c6d3733420d69f8a2961368ed9b6f79b70763d7f70eab05a4024884a41fc63becc1b4960568fcea9c5fa5bdc7501451b40e46b1216f1105	common_voice_mvy_42367843.mp3	b065dc0a1c761648ff7cdfc781a640b999397e467cce8b3dfd217dea13bd6977	اسلام مہ گتہ ماسمہ وَیں تربیتی لا چو زُور دیچھی۔		2	0	twenties				mvy	
a240aedfe3c626e32c6d3733420d69f8a2961368ed9b6f79b70763d7f70eab05a4024884a41fc63becc1b4960568fcea9c5fa5bdc7501451b40e46b1216f1105	common_voice_mvy_42367837.mp3	b31492ec50742fa75a2ae04c152d084f3e4f8353aecd96fe002a2065484757e1	ݜَیں دُویُوں نہ بېل نی ہُوئ تھُو،		2	0	twenties				mvy	
a240aedfe3c626e32c6d3733420d69f8a2961368ed9b6f79b70763d7f70eab05a4024884a41fc63becc1b4960568fcea9c5fa5bdc7501451b40e46b1216f1105	common_voice_mvy_42367835.mp3	b53ed5ae0781bcef6c83497e82a9307656ac8a032a6da9ee3d35b226748e2f01	آں نہ دُنئ مہ امناں کریا اسیں گی تعریفاں قابل کِردار تُھو۔		2	0	twenties				mvy	
a240aedfe3c626e32c6d3733420d69f8a2961368ed9b6f79b70763d7f70eab05a4024884a41fc63becc1b4960568fcea9c5fa5bdc7501451b40e46b1216f1105	common_voice_mvy_42365477.mp3	98b8b60cf0b8dfb5c28dc67986c98307aef85c4afec3bebee3b373ef81309690	”مٹُو پردیسی واں کریا ہی مہ زائ دگلے		2	0	twenties				mvy	
a240aedfe3c626e32c6d3733420d69f8a2961368ed9b6f79b70763d7f70eab05a4024884a41fc63becc1b4960568fcea9c5fa5bdc7501451b40e46b1216f1105	common_voice_mvy_42367828.mp3	936bd3c5b8fe8edbda634fe5a88575e74303e8959b37d5ba1a6de21aa3b16b92	ݜے چےۡ ڇا دېس مُوٹھن جُماتھی مُوٹھیُوں اُلی ہُو		2	0	twenties				mvy	
a240aedfe3c626e32c6d3733420d69f8a2961368ed9b6f79b70763d7f70eab05a4024884a41fc63becc1b4960568fcea9c5fa5bdc7501451b40e46b1216f1105	common_voice_mvy_42367813.mp3	aa8174ba216a89b99d8f611af35d4be6befcd7c7eeeda512687426cfc85a4b80	اعزاز مژ ربے تی گے دی چھی کوثر		2	0	twenties				mvy	
a240aedfe3c626e32c6d3733420d69f8a2961368ed9b6f79b70763d7f70eab05a4024884a41fc63becc1b4960568fcea9c5fa5bdc7501451b40e46b1216f1105	common_voice_mvy_42365483.mp3	9e83ba7c3f2cff3929fdd5fe1f0adb709337f5d36c8ee13a69be1a86469abaac	ڈاکٹرہ گے ہر گِشے بݜ ہو۔		3	0	twenties				mvy	
a240aedfe3c626e32c6d3733420d69f8a2961368ed9b6f79b70763d7f70eab05a4024884a41fc63becc1b4960568fcea9c5fa5bdc7501451b40e46b1216f1105	common_voice_mvy_42367811.mp3	a41410e403cbcb7bd7600fa3f18b53cf8914e81b19c87e3f140d11852b138ae5	کُل جہان کرہ چھے پیدا		3	0	twenties				mvy	
a240aedfe3c626e32c6d3733420d69f8a2961368ed9b6f79b70763d7f70eab05a4024884a41fc63becc1b4960568fcea9c5fa5bdc7501451b40e46b1216f1105	common_voice_mvy_42365485.mp3	82c00ddf40fd1835114723ea51bdd16f49b7b54eb90b6e42bdb63ca98f6a7caf	چے سو اېوں اېکٹھی ہوئیں پھت نېریۡ تُھو۔		2	0	twenties				mvy	
a240aedfe3c626e32c6d3733420d69f8a2961368ed9b6f79b70763d7f70eab05a4024884a41fc63becc1b4960568fcea9c5fa5bdc7501451b40e46b1216f1105	common_voice_mvy_42367810.mp3	a2643ff8df947d7e41d347efbebb8be6ad14f5b7b39b5381b824d41494e041c4	ولے قلمَیں وار مُستقل آں چئ دُور ہاریۡ ہُوئ تھی۔		2	0	twenties				mvy	
a240aedfe3c626e32c6d3733420d69f8a2961368ed9b6f79b70763d7f70eab05a4024884a41fc63becc1b4960568fcea9c5fa5bdc7501451b40e46b1216f1105	common_voice_mvy_42367796.mp3	b5d74f241ef8c27ab01dbe74cf0d4909ab9845fee2906c41cad909da7a120c3e	چےۡ کُولیاں کھاڑ کِھن٘گِروۡ تُھو مہ اُن٘دہ سبق نی بنم تُھو۔		2	0	twenties				mvy	
a240aedfe3c626e32c6d3733420d69f8a2961368ed9b6f79b70763d7f70eab05a4024884a41fc63becc1b4960568fcea9c5fa5bdc7501451b40e46b1216f1105	common_voice_mvy_42365492.mp3	9b17991e5e4b431c2f6aa79193954a1763de546553c5c37996e6b654217deb63	ہُوۡیں قُرېشاں کِریا پریۡشانی ہُون٘دیۡ،		2	0	twenties				mvy	
a240aedfe3c626e32c6d3733420d69f8a2961368ed9b6f79b70763d7f70eab05a4024884a41fc63becc1b4960568fcea9c5fa5bdc7501451b40e46b1216f1105	common_voice_mvy_42365499.mp3	a4109e3c819c4c42cfe4bd32349341312f0adea7ae25708efdce2bfa99f87b9d	بِگ کمہۡ نہ گھُرئن٘یاں حُکم کېر ولے، سو لازمی نی ہو۔		2	0	twenties				mvy	
a240aedfe3c626e32c6d3733420d69f8a2961368ed9b6f79b70763d7f70eab05a4024884a41fc63becc1b4960568fcea9c5fa5bdc7501451b40e46b1216f1105	common_voice_mvy_42365500.mp3	8018a14e3a0dc95c03c6fd660c1f01073dffddf40f76c67d7c9734b969a482a2	آں کؤں ݜَس بیماری مژ مُبتلا تُھو		2	0	twenties				mvy	
a240aedfe3c626e32c6d3733420d69f8a2961368ed9b6f79b70763d7f70eab05a4024884a41fc63becc1b4960568fcea9c5fa5bdc7501451b40e46b1216f1105	common_voice_mvy_42365556.mp3	8da0dff321565bb5b6da62a390f5a6ea27687271e1bc10e0f5fb93504a3dd0ed	دُنئ مژ ݜُو وخ ایک اندازاں مطابق		2	0	twenties				mvy	
a240aedfe3c626e32c6d3733420d69f8a2961368ed9b6f79b70763d7f70eab05a4024884a41fc63becc1b4960568fcea9c5fa5bdc7501451b40e46b1216f1105	common_voice_mvy_42367791.mp3	b58a26807914d1f752107c5951dbc1fa0cf496b8fb988e5660e387e68e68d581	کسیں کسیں لہ بہز کیریۡ تُھو		2	0	twenties				mvy	
a240aedfe3c626e32c6d3733420d69f8a2961368ed9b6f79b70763d7f70eab05a4024884a41fc63becc1b4960568fcea9c5fa5bdc7501451b40e46b1216f1105	common_voice_mvy_42367760.mp3	a1db9aeca9a7fd52b8624cd023b55f6aea8748a61be3017b9c01748384c757f1	چے سو سِویں من٘ڑنَیں تربیت کېر		3	0	twenties				mvy	
a240aedfe3c626e32c6d3733420d69f8a2961368ed9b6f79b70763d7f70eab05a4024884a41fc63becc1b4960568fcea9c5fa5bdc7501451b40e46b1216f1105	common_voice_mvy_42367758.mp3	a364951824ad3c66ca7266edd475e6cef5e0302919c87a92c0273e132ad89e7e	اِنسانیتیاں خلاف ورانی (جرم)، نسل کُشی تے مُت۔		2	0	twenties				mvy	
a240aedfe3c626e32c6d3733420d69f8a2961368ed9b6f79b70763d7f70eab05a4024884a41fc63becc1b4960568fcea9c5fa5bdc7501451b40e46b1216f1105	common_voice_mvy_42380445.mp3	fe4551ceb8ea21845e1971e29f6a67f1084d48b4f3ec3d6d36971a32a61c0e89	ݜُو مے بَر لیل ہُوئ تھی،		3	1	twenties				mvy	
a240aedfe3c626e32c6d3733420d69f8a2961368ed9b6f79b70763d7f70eab05a4024884a41fc63becc1b4960568fcea9c5fa5bdc7501451b40e46b1216f1105	common_voice_mvy_42365610.mp3	a55b9c13b8d5e96164243c6b334624b54ca5b8b503f65a87e362ede48e868f0e	دش یا پݩژلش تولی نھیلے پاݩژ تولی ماݜی ملیۡ ملا		2	0	twenties				mvy	
a240aedfe3c626e32c6d3733420d69f8a2961368ed9b6f79b70763d7f70eab05a4024884a41fc63becc1b4960568fcea9c5fa5bdc7501451b40e46b1216f1105	common_voice_mvy_42365611.mp3	6d467cbb356bab964abef9fd42d9ef103ceab18c3a17d532b27aa462fe819a99	کو ڇہ پرہ تاؤں نہ څابُون اَیں بئ تھی،		2	0	twenties				mvy	
a240aedfe3c626e32c6d3733420d69f8a2961368ed9b6f79b70763d7f70eab05a4024884a41fc63becc1b4960568fcea9c5fa5bdc7501451b40e46b1216f1105	common_voice_mvy_42365617.mp3	8ff3f972fd11fa6f42e729c9c3e5dd5bf8c2126cbe8af98bcbb3c819eb839442	سامُوٹھھ درؤں (باب) حُکُم تے اسیں قِسمہ		2	0	twenties				mvy	
a240aedfe3c626e32c6d3733420d69f8a2961368ed9b6f79b70763d7f70eab05a4024884a41fc63becc1b4960568fcea9c5fa5bdc7501451b40e46b1216f1105	common_voice_mvy_42365665.mp3	a2e42956a0513f30b598f20b32f8ff780d25cc1b6be2524491f5910b0d87727f	چےۡ اَس خاپیری مہ گتہ گِشے پشا تُھو۔		2	0	twenties				mvy	
a240aedfe3c626e32c6d3733420d69f8a2961368ed9b6f79b70763d7f70eab05a4024884a41fc63becc1b4960568fcea9c5fa5bdc7501451b40e46b1216f1105	common_voice_mvy_42365667.mp3	a304ceb20e0836ac6f8c019e998d92b81e96c22321ad71175d545bb8223c7f83	”آں او مٹُو،گی کیریان٘س ݜِݜ دھیایان٘س ای“		2	0	twenties				mvy	
a240aedfe3c626e32c6d3733420d69f8a2961368ed9b6f79b70763d7f70eab05a4024884a41fc63becc1b4960568fcea9c5fa5bdc7501451b40e46b1216f1105	common_voice_mvy_42365673.mp3	a3c325d91589ba2ec44785ae4cabf072bcc2b3e3c649f0248b850cd055c4002d	کمزُور لک سٹیرائیڈَیں کُتھیۡ ٹُو		2	1	twenties				mvy	
a240aedfe3c626e32c6d3733420d69f8a2961368ed9b6f79b70763d7f70eab05a4024884a41fc63becc1b4960568fcea9c5fa5bdc7501451b40e46b1216f1105	common_voice_mvy_42365674.mp3	87e6bc02a40c2c3c6fdbf28a554db96117609208182e363dc619f05c364d05d3	کلہۡ کلہۡ تاں مقرر وخ آں مقدار نہ چئ ہُوئ تھی		2	0	twenties				mvy	
a240aedfe3c626e32c6d3733420d69f8a2961368ed9b6f79b70763d7f70eab05a4024884a41fc63becc1b4960568fcea9c5fa5bdc7501451b40e46b1216f1105	common_voice_mvy_42365727.mp3	9f67c399c447ece7514c930c91aaf852e5b461c11cb7eb4373184d3e7dc1a582	وریں دڑ ہُوگے کھیں اسیں پُھݩڈہۡ چپَیں ہِن آرام اےتھی۔		2	0	twenties				mvy	
a240aedfe3c626e32c6d3733420d69f8a2961368ed9b6f79b70763d7f70eab05a4024884a41fc63becc1b4960568fcea9c5fa5bdc7501451b40e46b1216f1105	common_voice_mvy_42365748.mp3	a46f7fd034b67cd28382f5bd6c9300abd0748862f1e5c9b2abe7e49785f53a6d	روزہ سو شاناں دھؤں تُھو گِشے حُکم ہُو تُھو		2	0	twenties				mvy	
a240aedfe3c626e32c6d3733420d69f8a2961368ed9b6f79b70763d7f70eab05a4024884a41fc63becc1b4960568fcea9c5fa5bdc7501451b40e46b1216f1105	common_voice_mvy_42365751.mp3	834fc1bbccd9f977da1681c861a1294d8c414b80e18698b537e38c0e57053e95	اِمامتی مہ پاتیوں نِوان٘ز کران٘لاں تاں گھین٘رہ		2	1	twenties				mvy	
a240aedfe3c626e32c6d3733420d69f8a2961368ed9b6f79b70763d7f70eab05a4024884a41fc63becc1b4960568fcea9c5fa5bdc7501451b40e46b1216f1105	common_voice_mvy_42365768.mp3	8da398597211b932b8555d58cdcab98bf8ef4e8b10fa7feb0078f50519dfd7c5	خو ݜسی نہ بِتُس شِدیۡ تھہ چے		2	0	twenties				mvy	
a240aedfe3c626e32c6d3733420d69f8a2961368ed9b6f79b70763d7f70eab05a4024884a41fc63becc1b4960568fcea9c5fa5bdc7501451b40e46b1216f1105	common_voice_mvy_42365769.mp3	9d25322d6ff6b898914b870c57a946b63dea308679f313122009a410c4c7799e	وختی بلال ایک کاشُک کھہ، انشاءاللہ نفع ہوتُھو۔		2	0	twenties				mvy	
a240aedfe3c626e32c6d3733420d69f8a2961368ed9b6f79b70763d7f70eab05a4024884a41fc63becc1b4960568fcea9c5fa5bdc7501451b40e46b1216f1105	common_voice_mvy_42365771.mp3	7bd1728e408443aa860d1060a0bbaaa613fa91294cfe725c3f351150f1f71e72	کہ بے مری ماڅھ آں ہڑہ ہون٘د کھی تے زاں اُتھیا تھی؟		2	0	twenties				mvy	
a240aedfe3c626e32c6d3733420d69f8a2961368ed9b6f79b70763d7f70eab05a4024884a41fc63becc1b4960568fcea9c5fa5bdc7501451b40e46b1216f1105	common_voice_mvy_42365779.mp3	8ecb859c842f51132556d038298c868359c22a4d6b09af75a9cccdf449943727	ݜس چارچاپېرہ دشُوئ بیش نہ دُوبِیۡش دِېسؤں ہاریۡ آن٘س۔		2	0	twenties				mvy	
a240aedfe3c626e32c6d3733420d69f8a2961368ed9b6f79b70763d7f70eab05a4024884a41fc63becc1b4960568fcea9c5fa5bdc7501451b40e46b1216f1105	common_voice_mvy_42365781.mp3	983464ce0044f73b1e41a9df30d0eddd92d55a027d78bbfcde30eb84ab47f54f	ݜُو مقصدیاں کِریا نبیؐ اے تاں اېک مُہر گتہ سَن٘دے لس،		2	1	twenties				mvy	
a240aedfe3c626e32c6d3733420d69f8a2961368ed9b6f79b70763d7f70eab05a4024884a41fc63becc1b4960568fcea9c5fa5bdc7501451b40e46b1216f1105	common_voice_mvy_42365798.mp3	96f3e85e41bb66f9d718656a9303a6ca4ad4272a30e0d816713e49a8ed9aa3fe	ماݜی ملا گلے کھٶں چو من٘ڑنئی تُھو۔		2	0	twenties				mvy	
a240aedfe3c626e32c6d3733420d69f8a2961368ed9b6f79b70763d7f70eab05a4024884a41fc63becc1b4960568fcea9c5fa5bdc7501451b40e46b1216f1105	common_voice_mvy_42365803.mp3	98e57d01ea3a21c45b868641a2cadd98998b48b4a2aaf3ca7a9bfb2d80448e3e	اسی لا پُور پُور کِتابہ لِکُژاں تھہ		2	0	twenties				mvy	
a240aedfe3c626e32c6d3733420d69f8a2961368ed9b6f79b70763d7f70eab05a4024884a41fc63becc1b4960568fcea9c5fa5bdc7501451b40e46b1216f1105	common_voice_mvy_42365818.mp3	9bc07247d94e29534aaa5f033c29dbde7bfeece7fb7f0a993ad7da139631e050	آں کُلہۡ مِلیۡ بُھوس (چاؤلاں یا گُون٘واں کُلہۡ لا تل چے کؤں بُھوس لک ہُوئ تُھو)،		2	0	twenties				mvy	
a240aedfe3c626e32c6d3733420d69f8a2961368ed9b6f79b70763d7f70eab05a4024884a41fc63becc1b4960568fcea9c5fa5bdc7501451b40e46b1216f1105	common_voice_mvy_42365820.mp3	84e2dfcc4abdde00d7e965cc969f8306255839a20b83a394187cd8bda808c7a8	دعوتیں تیاری یاں بان آں تَیں ٹبرِیاں دُوۡبیۡش کَچھاں ماݜہ		2	0	twenties				mvy	
a240aedfe3c626e32c6d3733420d69f8a2961368ed9b6f79b70763d7f70eab05a4024884a41fc63becc1b4960568fcea9c5fa5bdc7501451b40e46b1216f1105	common_voice_mvy_42365821.mp3	896bb05fdf422601f39b3937d7aa6123302ae87637891e35ad68c01af24c33df	چے بِڅَیں ہُویں عقل تے دانشَیں آنڇھیُوں ہِن نھالؤں ہو تُھو۔		3	0	twenties				mvy	
a240aedfe3c626e32c6d3733420d69f8a2961368ed9b6f79b70763d7f70eab05a4024884a41fc63becc1b4960568fcea9c5fa5bdc7501451b40e46b1216f1105	common_voice_mvy_42365826.mp3	970333f3b4490901b6e24273b5d363fd6a18adaf122a75677d52630c042dedc8	مکّاں کاپھرؤں عثمانؓ قېد کیریۡ		2	0	twenties				mvy	
a240aedfe3c626e32c6d3733420d69f8a2961368ed9b6f79b70763d7f70eab05a4024884a41fc63becc1b4960568fcea9c5fa5bdc7501451b40e46b1216f1105	common_voice_mvy_42365866.mp3	a3446682c0af58093fdfd1559d4d53503383b852d00f393538de8f0b5c9f2544	اَیں پچِلیۡ کھیں تسے پکار تھی چے		2	0	twenties				mvy	
a240aedfe3c626e32c6d3733420d69f8a2961368ed9b6f79b70763d7f70eab05a4024884a41fc63becc1b4960568fcea9c5fa5bdc7501451b40e46b1216f1105	common_voice_mvy_42365867.mp3	9e017d3b889b2f8c920dd2f3dbf71995a9b90713de864bac9cdfc918f9efe569	دُو سیر گازریۡ بلال لا وے مژ گلے پھت کری۔		2	0	twenties				mvy	
a240aedfe3c626e32c6d3733420d69f8a2961368ed9b6f79b70763d7f70eab05a4024884a41fc63becc1b4960568fcea9c5fa5bdc7501451b40e46b1216f1105	common_voice_mvy_42365872.mp3	5c6b02a379f9d31703005e8c5cd04b4e899c2273e52caf072db016a88ea32279	آں څاں دن ݜُوںوَیں یاں، نھالَیں یاں آں پورژَیں یاں توفیق دی چھی؛		2	0	twenties				mvy	
a240aedfe3c626e32c6d3733420d69f8a2961368ed9b6f79b70763d7f70eab05a4024884a41fc63becc1b4960568fcea9c5fa5bdc7501451b40e46b1216f1105	common_voice_mvy_42365894.mp3	a510ab769eea8ccae5ca2d3a3ab4831dd066d9da39b082636b1e4be3b5e8ab71	روݜ لاپقُّو پھلَیں لا ہو تھی (دُسُق)؛		2	0	twenties				mvy	
a240aedfe3c626e32c6d3733420d69f8a2961368ed9b6f79b70763d7f70eab05a4024884a41fc63becc1b4960568fcea9c5fa5bdc7501451b40e46b1216f1105	common_voice_mvy_42365897.mp3	a07404105d5df44c38beccc0f808a7c52a54edfa16d446e501a09dd1dd9fc518	اُو چو ژن٘ڑُوں پن٘ڈر رات گتہ آں لُوہ رات گتہ کم کیریۡ تُھو۔		2	0	twenties				mvy	
a240aedfe3c626e32c6d3733420d69f8a2961368ed9b6f79b70763d7f70eab05a4024884a41fc63becc1b4960568fcea9c5fa5bdc7501451b40e46b1216f1105	common_voice_mvy_42365899.mp3	98f30991b359d988cd8a96b354b14eeb18a299ddf6b222087b5cc4a881468cfd	”ملاݜیۡ گِنہۡ ہو اُو لہ مِیں سزُوئ تھی گِلتہ نہ ای تھی“		2	0	twenties				mvy	
a240aedfe3c626e32c6d3733420d69f8a2961368ed9b6f79b70763d7f70eab05a4024884a41fc63becc1b4960568fcea9c5fa5bdc7501451b40e46b1216f1105	common_voice_mvy_42365900.mp3	94081f404355604395317cbefb4e9d119ea37235fee9c3ed7371cf88ff35f8ea	ہِلاک چینی چپہ گلے سو زخمہ لا دے		2	0	twenties				mvy	
a240aedfe3c626e32c6d3733420d69f8a2961368ed9b6f79b70763d7f70eab05a4024884a41fc63becc1b4960568fcea9c5fa5bdc7501451b40e46b1216f1105	common_voice_mvy_42380438.mp3	f36cb304212191d8313ef7e48cf448ea32355761ef2dc3d24407c375cd69be59	ہلالیں مژ ݜے ڈھمب ہار نِکا تھی		2	0	twenties				mvy	
a240aedfe3c626e32c6d3733420d69f8a2961368ed9b6f79b70763d7f70eab05a4024884a41fc63becc1b4960568fcea9c5fa5bdc7501451b40e46b1216f1105	common_voice_mvy_42380437.mp3	0e315c25acceb4cfe77ba2e74dbdb82442addbbef292ff858d18514b562ba466	ایک یُون٘ہہۡ نہ کدُوں بیُو		3	0	twenties				mvy	
a240aedfe3c626e32c6d3733420d69f8a2961368ed9b6f79b70763d7f70eab05a4024884a41fc63becc1b4960568fcea9c5fa5bdc7501451b40e46b1216f1105	common_voice_mvy_42380434.mp3	964f1bf9dd94eb13a1f6f87a780f3f61ff2ee8d6ddff75a90d3c7a9c2913634f	گتہ تِیں ملاقاتے اېم ݜُو تھی چاہت		4	0	twenties				mvy	
a240aedfe3c626e32c6d3733420d69f8a2961368ed9b6f79b70763d7f70eab05a4024884a41fc63becc1b4960568fcea9c5fa5bdc7501451b40e46b1216f1105	common_voice_mvy_42380424.mp3	eecbaf2af6d7936a65a6091727a730da04544207f42c2ee19ed7bdc0b536ae4b	کاپھرہ (دین نہ مُنکُرہ) دین قبلان٘لاں دن بناں تھہ		2	0	twenties				mvy	
a240aedfe3c626e32c6d3733420d69f8a2961368ed9b6f79b70763d7f70eab05a4024884a41fc63becc1b4960568fcea9c5fa5bdc7501451b40e46b1216f1105	common_voice_mvy_42380423.mp3	f87524b0c2aa85536697f654bd91e49bcffd8c6b10429dbfccc0440bcf2f4e4a	بُٹیۡ غزوی ساتُوئ بیش تھی؛		2	0	twenties				mvy	
a240aedfe3c626e32c6d3733420d69f8a2961368ed9b6f79b70763d7f70eab05a4024884a41fc63becc1b4960568fcea9c5fa5bdc7501451b40e46b1216f1105	common_voice_mvy_42380422.mp3	fa8eac1d0a86518069e570815b0b8982c5f41cbd47dc9cacdef6e30b862e9b75	می پشی گیل تَیں اگُورٹو مُوٹُھو کیریۡ۔		2	0	twenties				mvy	
a240aedfe3c626e32c6d3733420d69f8a2961368ed9b6f79b70763d7f70eab05a4024884a41fc63becc1b4960568fcea9c5fa5bdc7501451b40e46b1216f1105	common_voice_mvy_42382139.mp3	f6b0aa6df8ab7f5318b8c3ea5c912113cc3950dd228907f8f997e4d5d6c3ba30	اسی بہ بېل نِوان٘ز نی ہُوئ تُھو۔		2	0	twenties				mvy	
a240aedfe3c626e32c6d3733420d69f8a2961368ed9b6f79b70763d7f70eab05a4024884a41fc63becc1b4960568fcea9c5fa5bdc7501451b40e46b1216f1105	common_voice_mvy_42382147.mp3	1274c8a14432b0841371361b8fa1b67e540b0f066fdcdb6fd771c5bba5699822	آں تَسی مِلیۡ بَنِیلیۡ مُوحبَتِں بَلی یادِی کَرے رُوں اِی یان٘س،		2	0	twenties				mvy	
a240aedfe3c626e32c6d3733420d69f8a2961368ed9b6f79b70763d7f70eab05a4024884a41fc63becc1b4960568fcea9c5fa5bdc7501451b40e46b1216f1105	common_voice_mvy_42382155.mp3	dbb96d9f6dfa7b8697b70f186e76ad71c8c4191561b232b33f43a7df28d461b5	پھِن٘بلی یاں ایک گھوں گڑوۡ دھیا گلے		2	0	twenties				mvy	
a240aedfe3c626e32c6d3733420d69f8a2961368ed9b6f79b70763d7f70eab05a4024884a41fc63becc1b4960568fcea9c5fa5bdc7501451b40e46b1216f1105	common_voice_mvy_42382181.mp3	d8b205c6e55c91e33777ac30e9e3cd96b5510c4716ab36cabaa76cee9627e3a0	وختی لا پُولیۡ کھیں ہِلاک استمال نہ پتَیں کھانگیۡ دُور ہوتھی۔		2	0	twenties				mvy	
a240aedfe3c626e32c6d3733420d69f8a2961368ed9b6f79b70763d7f70eab05a4024884a41fc63becc1b4960568fcea9c5fa5bdc7501451b40e46b1216f1105	common_voice_mvy_42382219.mp3	f6abfafff38a45d87266fd669306f86f3096161409bd2642f46e730af3f6a0bf	اسی ملی ہیُوں، ادرکاں سِرکہ آں پودیناں پن٘ڑٹو گلے پھت کری		2	0	twenties				mvy	
a240aedfe3c626e32c6d3733420d69f8a2961368ed9b6f79b70763d7f70eab05a4024884a41fc63becc1b4960568fcea9c5fa5bdc7501451b40e46b1216f1105	common_voice_mvy_42382225.mp3	ee6b9b8d9051bc7d37122c8c8c5d17a90910ea604e41fbabcff8ec22ddbfe408	آں زِن٘دگی لَن٘گَھیں یاں ولی سِڇھیائ۔		2	0	twenties				mvy	
a240aedfe3c626e32c6d3733420d69f8a2961368ed9b6f79b70763d7f70eab05a4024884a41fc63becc1b4960568fcea9c5fa5bdc7501451b40e46b1216f1105	common_voice_mvy_42382243.mp3	1a229e47ad6d6f341ffbd7ff5366a48dfa7c9d73a1746746c5a8728980353c1a	ݜُو وجہۡ ہِن خلکاں اَس ہُخیارؤں مہ نی کالاں تھہ۔		2	0	twenties				mvy	
a240aedfe3c626e32c6d3733420d69f8a2961368ed9b6f79b70763d7f70eab05a4024884a41fc63becc1b4960568fcea9c5fa5bdc7501451b40e46b1216f1105	common_voice_mvy_42382249.mp3	fa641a4b23482d0f5ebe378636369c3b94b40469678992ec275e9491472d5219	حُکماں رٹان٘لویں معنہ ݜُو تھی		2	0	twenties				mvy	
a240aedfe3c626e32c6d3733420d69f8a2961368ed9b6f79b70763d7f70eab05a4024884a41fc63becc1b4960568fcea9c5fa5bdc7501451b40e46b1216f1105	common_voice_mvy_42382251.mp3	e3ad7ad2e4aaddcc99e1aa5bdb650caf6ba6f8ea71f55c83a4eb3c6a14270789	سین اے لکھہ سَیَضرِبُ		2	0	twenties				mvy	
a240aedfe3c626e32c6d3733420d69f8a2961368ed9b6f79b70763d7f70eab05a4024884a41fc63becc1b4960568fcea9c5fa5bdc7501451b40e46b1216f1105	common_voice_mvy_42380180.mp3	f7c89dcfd411c89de22c2ad415c7467801c9daed44d9c1e64aacf1dd2528dafe	ہمیش ݜس چِن٘ڑیں چن٘ڑاں اور تُھو		2	0	twenties				mvy	
a240aedfe3c626e32c6d3733420d69f8a2961368ed9b6f79b70763d7f70eab05a4024884a41fc63becc1b4960568fcea9c5fa5bdc7501451b40e46b1216f1105	common_voice_mvy_42380179.mp3	ee2b98d8e51d1dbfd0d354e159bc35232d6f5296af06f229f409feca19d966e4	ایں بھژدہ چے زیات خپا ہون٘س۔		2	0	twenties				mvy	
a240aedfe3c626e32c6d3733420d69f8a2961368ed9b6f79b70763d7f70eab05a4024884a41fc63becc1b4960568fcea9c5fa5bdc7501451b40e46b1216f1105	common_voice_mvy_42380177.mp3	ec80879ccbf7b519c1e960ca0195afc36845a33835a5407b1f70499f1f57e7d2	اېک تجارتی کَنارَیں (قافلہ) شام نہ پاتُو اېں ای خبر ملِلیۡ۔		2	0	twenties				mvy	
a240aedfe3c626e32c6d3733420d69f8a2961368ed9b6f79b70763d7f70eab05a4024884a41fc63becc1b4960568fcea9c5fa5bdc7501451b40e46b1216f1105	common_voice_mvy_42380161.mp3	f67610323d83b5ee12484d9bbe6261628f71b66a32130c82590d3ddbb70daafc	کسیں کھانگیۡ ایلُوں یا سینہ خراب ہُون٘دوں تسے		2	0	twenties				mvy	
a240aedfe3c626e32c6d3733420d69f8a2961368ed9b6f79b70763d7f70eab05a4024884a41fc63becc1b4960568fcea9c5fa5bdc7501451b40e46b1216f1105	common_voice_mvy_42382258.mp3	14b37b5b07b0c67a178fef352c59a5bf2131db067cbb19a765109593441842ef	عام خلقوں ملیۡ گی طریۡقہ لا پیش اېوں تُھو		2	0	twenties				mvy	
a240aedfe3c626e32c6d3733420d69f8a2961368ed9b6f79b70763d7f70eab05a4024884a41fc63becc1b4960568fcea9c5fa5bdc7501451b40e46b1216f1105	common_voice_mvy_42380157.mp3	fa8f1e65c4f413a47c5f4e6ec75c3c46c0913cdfad441ecb5e4332631e436765	آں فورًا قریبی ڈاگدرے/ ہسپتالے ڇېلیائ۔		2	0	twenties				mvy	
a240aedfe3c626e32c6d3733420d69f8a2961368ed9b6f79b70763d7f70eab05a4024884a41fc63becc1b4960568fcea9c5fa5bdc7501451b40e46b1216f1105	common_voice_mvy_42382266.mp3	e14a8b0efe4b54205432a92d88dfc707a4c56fb364ce17ed5f836da52fc2c82c	معراجے اماں گائے ہری کیر عزت		2	0	twenties				mvy	
a240aedfe3c626e32c6d3733420d69f8a2961368ed9b6f79b70763d7f70eab05a4024884a41fc63becc1b4960568fcea9c5fa5bdc7501451b40e46b1216f1105	common_voice_mvy_42380154.mp3	bcb28a8335ca9b9d57b56097326edf60ac2e477c7efb1f3f45e965a9ad3a9f87	مڅھئیں مال ہوگا شان تئیں شاہانہ		2	0	twenties				mvy	
a240aedfe3c626e32c6d3733420d69f8a2961368ed9b6f79b70763d7f70eab05a4024884a41fc63becc1b4960568fcea9c5fa5bdc7501451b40e46b1216f1105	common_voice_mvy_42380153.mp3	ff4f546053213a4438317e82a18813e10629a796072169fb82f2325239b1a7c5	آں تسیں طرفی تُس بُٹ جمع کرژا تھو		2	0	twenties				mvy	
a240aedfe3c626e32c6d3733420d69f8a2961368ed9b6f79b70763d7f70eab05a4024884a41fc63becc1b4960568fcea9c5fa5bdc7501451b40e46b1216f1105	common_voice_mvy_42380152.mp3	c282297c96bbf791918133b5d42d7bf8492a49b1641fabc270e78584fb9a5052	پاتُو گُھران٘س پېریۡ واں اېک ڈلے اِسلام قبلاؤ۔		2	0	twenties				mvy	
a240aedfe3c626e32c6d3733420d69f8a2961368ed9b6f79b70763d7f70eab05a4024884a41fc63becc1b4960568fcea9c5fa5bdc7501451b40e46b1216f1105	common_voice_mvy_42382267.mp3	0feccdfde07b347e7bfe93b0476f54039c80c3c2409e329e235aaca983052e7e	مے پتہۡ نی ای تھی چےۡ مِیں ݜِݜ دھیَیں یاں ٹېم کؤں ای تُھو۔		2	0	twenties				mvy	
a240aedfe3c626e32c6d3733420d69f8a2961368ed9b6f79b70763d7f70eab05a4024884a41fc63becc1b4960568fcea9c5fa5bdc7501451b40e46b1216f1105	common_voice_mvy_42382285.mp3	07738fea971814ff41bbcdff8cfd0daa00d1ca26093c699c03d75f44bf7fd37c	کُچُرَیں شُو اولیۡ را گیل تل بھیؤں اڅھکاݜ تھُو۔		2	0	twenties				mvy	
a240aedfe3c626e32c6d3733420d69f8a2961368ed9b6f79b70763d7f70eab05a4024884a41fc63becc1b4960568fcea9c5fa5bdc7501451b40e46b1216f1105	common_voice_mvy_42382286.mp3	0d7bfd04490dfb4a60edffa82aaa25c89f39be401c7ff3cb0860ae1cd38b460a	دشُوئ بیش کالہ سیں مُدرِسی مہ لن٘گھالان٘س		2	0	twenties				mvy	
a240aedfe3c626e32c6d3733420d69f8a2961368ed9b6f79b70763d7f70eab05a4024884a41fc63becc1b4960568fcea9c5fa5bdc7501451b40e46b1216f1105	common_voice_mvy_42382287.mp3	1d4b5483e04a10a75ebe49c3f7a39e684a16b6c9ddaef11db509ecbfd12d4eb2	ماشاءاللہ - چو سُگاؤ کتاب تُھو۔		2	0	twenties				mvy	
a240aedfe3c626e32c6d3733420d69f8a2961368ed9b6f79b70763d7f70eab05a4024884a41fc63becc1b4960568fcea9c5fa5bdc7501451b40e46b1216f1105	common_voice_mvy_42380126.mp3	f81ff02238908429cde48894110d191f94cb3558c776677fe374e5ce38ac0969	نہ اېوں گے وصیتیاں ٹېم ہو تُھو آں نہ پاتُو بھئ بېہاں تھہ		3	0	twenties				mvy	
a240aedfe3c626e32c6d3733420d69f8a2961368ed9b6f79b70763d7f70eab05a4024884a41fc63becc1b4960568fcea9c5fa5bdc7501451b40e46b1216f1105	common_voice_mvy_42380120.mp3	017c097ee2447252456f8fef11208f437d69809283510b8564b88eac58a8daa6	علم نحو سو علم تُھو چے		2	0	twenties				mvy	
a240aedfe3c626e32c6d3733420d69f8a2961368ed9b6f79b70763d7f70eab05a4024884a41fc63becc1b4960568fcea9c5fa5bdc7501451b40e46b1216f1105	common_voice_mvy_42380116.mp3	fdac4cb31d962f415744b4e08ba279cf6040ebf34613f851fa7d082721dba07a	توفیق رڇھَیں والا ماݜاں دَن		2	0	twenties				mvy	
a240aedfe3c626e32c6d3733420d69f8a2961368ed9b6f79b70763d7f70eab05a4024884a41fc63becc1b4960568fcea9c5fa5bdc7501451b40e46b1216f1105	common_voice_mvy_42380077.mp3	f5dc9bb163cf33551df2a3e7464cbbe956aeb3c8a194f2cdcc77c3c866c04f29	چے اېں (کھن٘ڑہ) رِزیلیۡ دُھڑہۡ سن٘دژا تھہ۔		2	0	twenties				mvy	
a240aedfe3c626e32c6d3733420d69f8a2961368ed9b6f79b70763d7f70eab05a4024884a41fc63becc1b4960568fcea9c5fa5bdc7501451b40e46b1216f1105	common_voice_mvy_42380075.mp3	fe3cfd093a3a437583e66487271484664f7fd9e1a6c5d3e18eb2a4ada7f913b3	تُوں گی گی سم کمہۡ کرے پھېں نہ ڇِہېو کھیں،		2	0	twenties				mvy	
a240aedfe3c626e32c6d3733420d69f8a2961368ed9b6f79b70763d7f70eab05a4024884a41fc63becc1b4960568fcea9c5fa5bdc7501451b40e46b1216f1105	common_voice_mvy_42380071.mp3	d03fe2e2a73ef553e99ab12b9f54b121dd90dbfd5ee7f3d2fa04d248d430c82c	سم کردارَیں (باکردار) آں سُگائ گھریں ہو تھی۔		3	0	twenties				mvy	
a240aedfe3c626e32c6d3733420d69f8a2961368ed9b6f79b70763d7f70eab05a4024884a41fc63becc1b4960568fcea9c5fa5bdc7501451b40e46b1216f1105	common_voice_mvy_42380069.mp3	e313f75a2cbdea9a03603b089d945d7ec14b0758daba1ed328824c3c73c49200	کلہۡ وے بِرژی چؤرؤں حصہ دھری گا		2	0	twenties				mvy	
a240aedfe3c626e32c6d3733420d69f8a2961368ed9b6f79b70763d7f70eab05a4024884a41fc63becc1b4960568fcea9c5fa5bdc7501451b40e46b1216f1105	common_voice_mvy_42380068.mp3	f91585af30fd9825ea983f6720bbb333a0147261b8220cc88f12b7a17709e22f	چے سَیں می مِلیۡ اُولی ہُو تھہ		2	0	twenties				mvy	
a240aedfe3c626e32c6d3733420d69f8a2961368ed9b6f79b70763d7f70eab05a4024884a41fc63becc1b4960568fcea9c5fa5bdc7501451b40e46b1216f1105	common_voice_mvy_42380021.mp3	f47e14790b59d02999509b9df01e0e11a5b4046894589202f2eef5eebc729b66	آں زاں مھال دالہ گتہ (اُتھیا تھی)؟		2	0	twenties				mvy	
a240aedfe3c626e32c6d3733420d69f8a2961368ed9b6f79b70763d7f70eab05a4024884a41fc63becc1b4960568fcea9c5fa5bdc7501451b40e46b1216f1105	common_voice_mvy_42379975.mp3	ff66af966eb41896bafde4f6ac8012b01927e0893b99aaedb75f2708a9439ae5	سو دېس، زُمُک یی تے کھن٘ڑہۡ جھڑقُژا تھہ		2	0	twenties				mvy	
a240aedfe3c626e32c6d3733420d69f8a2961368ed9b6f79b70763d7f70eab05a4024884a41fc63becc1b4960568fcea9c5fa5bdc7501451b40e46b1216f1105	common_voice_mvy_42379958.mp3	05fd07d4d8050cd9cec1919b743f71f220cf8dc723ead07dfb558ae56deb6058	مولی یاں پٹہۡ باریک پیݜی سرکہ ملی ملا گلے		2	0	twenties				mvy	
a240aedfe3c626e32c6d3733420d69f8a2961368ed9b6f79b70763d7f70eab05a4024884a41fc63becc1b4960568fcea9c5fa5bdc7501451b40e46b1216f1105	common_voice_mvy_42396081.mp3	92cc9fcaf71e8272c8f38113206bd221573c5fba2a464fd32f56fe1b60fe23f8	ہُم معدَیں مرضی ختم ہوں تھی۔		2	0	twenties				mvy	
a240aedfe3c626e32c6d3733420d69f8a2961368ed9b6f79b70763d7f70eab05a4024884a41fc63becc1b4960568fcea9c5fa5bdc7501451b40e46b1216f1105	common_voice_mvy_42379957.mp3	ec42632f969344811f46ce8d84413207f75c09c9defa9e65777b2c993e15c688	تسی مہ ہسانی یاں حُکمہ رِن٘گا تھُو۔		2	0	twenties				mvy	
a240aedfe3c626e32c6d3733420d69f8a2961368ed9b6f79b70763d7f70eab05a4024884a41fc63becc1b4960568fcea9c5fa5bdc7501451b40e46b1216f1105	common_voice_mvy_42396085.mp3	a1ee287927c0444bc2963fe54aa7128530f50ac704b54ef58e0033731ecac803	سجدہ مہ ٹھُن٘گُریۡ رِزَیں ہِن اڅھک ہُوئ تھُو۔		3	0	twenties				mvy	
a240aedfe3c626e32c6d3733420d69f8a2961368ed9b6f79b70763d7f70eab05a4024884a41fc63becc1b4960568fcea9c5fa5bdc7501451b40e46b1216f1105	common_voice_mvy_42396089.mp3	9b7ffb0da97a4521ab20a453417d5e98c5200ecbed974da826ddfea32da9b4ae	گھریۡماݜہ واں کریا اس بلی یاں چو احتیاط کرؤں پکار تُھو		3	0	twenties				mvy	
a240aedfe3c626e32c6d3733420d69f8a2961368ed9b6f79b70763d7f70eab05a4024884a41fc63becc1b4960568fcea9c5fa5bdc7501451b40e46b1216f1105	common_voice_mvy_42396097.mp3	9ae82c011b6b01c9d6b337c254e3227eb77fc1793855186c407162d0a569f54c	تسی نہ ہتہۡ ڙھُویں نی نِکاں یا نھیلؤں گِران ہو اڅھکاݜ تھُو۔		2	1	twenties				mvy	
a240aedfe3c626e32c6d3733420d69f8a2961368ed9b6f79b70763d7f70eab05a4024884a41fc63becc1b4960568fcea9c5fa5bdc7501451b40e46b1216f1105	common_voice_mvy_42379952.mp3	f89322ac67d520a3bd0f0dbfa28e77382f75876159f0f45758b943af83f276b0	تے بُٹیۡ گھریں وَیں اجازتی ہِن عائشہ مھالیۡیاں رض بہی ایلوۡ۔		2	0	twenties				mvy	
a240aedfe3c626e32c6d3733420d69f8a2961368ed9b6f79b70763d7f70eab05a4024884a41fc63becc1b4960568fcea9c5fa5bdc7501451b40e46b1216f1105	common_voice_mvy_42396103.mp3	7d84623b1fba6bd472fd2fc38a1f25198960598c8c419da83c40f2c288cb4ffd	چےۡ قُریشواں گھېں گھېں گھېن٘رہ مرَیں یاں آن٘س		3	0	twenties				mvy	
a240aedfe3c626e32c6d3733420d69f8a2961368ed9b6f79b70763d7f70eab05a4024884a41fc63becc1b4960568fcea9c5fa5bdc7501451b40e46b1216f1105	common_voice_mvy_42396104.mp3	3184e6ddb9e5581c9f3c0a81240be86972e6b0b36f53e66a4e48f172d1aa9ecd	(امام ابو حنیفہ) پن٘دہۡ لا سِڇھاتُھو۔		2	0	twenties				mvy	
a240aedfe3c626e32c6d3733420d69f8a2961368ed9b6f79b70763d7f70eab05a4024884a41fc63becc1b4960568fcea9c5fa5bdc7501451b40e46b1216f1105	common_voice_mvy_42396105.mp3	5a9466b313ac2156727114a1632a5f7146fd5cdfd4826485fdeba6727e36eece	نَیں کھیں سو مَرا تھُو کھیں سو کُفراں کلیۡماں بان		2	0	twenties				mvy	
a240aedfe3c626e32c6d3733420d69f8a2961368ed9b6f79b70763d7f70eab05a4024884a41fc63becc1b4960568fcea9c5fa5bdc7501451b40e46b1216f1105	common_voice_mvy_42396111.mp3	954f647c9c0bfce4797215814701e7108b76dac7b1227447cf798bdefa46871e	ݜُو پلاسمُوڈیَم واپس پُھوتیۡیاں جسمے بئ		2	0	twenties				mvy	
a240aedfe3c626e32c6d3733420d69f8a2961368ed9b6f79b70763d7f70eab05a4024884a41fc63becc1b4960568fcea9c5fa5bdc7501451b40e46b1216f1105	common_voice_mvy_42396113.mp3	98b98fe99c8c8c8e0d03b2defca99788da03d5c9ef9bc15ba26b66fdcda9754b	کلَیں مالَیں کھانگیۡ ایلُوں کھیں		3	0	twenties				mvy	
a240aedfe3c626e32c6d3733420d69f8a2961368ed9b6f79b70763d7f70eab05a4024884a41fc63becc1b4960568fcea9c5fa5bdc7501451b40e46b1216f1105	common_voice_mvy_42379946.mp3	05e701d25ce72f7872e79d094fe3968d45d39d8b9e81cd775bc8a5792efa0414	ݜِݜہ لا آں کُھرؤں لا بلژیلیۡ ٹپیۡ گلی آں بار بار بدلاں بئ۔		2	0	twenties				mvy	
a240aedfe3c626e32c6d3733420d69f8a2961368ed9b6f79b70763d7f70eab05a4024884a41fc63becc1b4960568fcea9c5fa5bdc7501451b40e46b1216f1105	common_voice_mvy_42396132.mp3	7e5e545cf1e895b8b924c05a5a7e0f6b88b0aa5e6d3bb46cdd3b0f592b840f14	چےۡ سېں تاں سو کام سُکھیݜیاری ہن زئ ڇېلیاہاں		3	0	twenties				mvy	
a240aedfe3c626e32c6d3733420d69f8a2961368ed9b6f79b70763d7f70eab05a4024884a41fc63becc1b4960568fcea9c5fa5bdc7501451b40e46b1216f1105	common_voice_mvy_42396141.mp3	785e5d5dbb838ad258d3a7483949837a3a6f7131d37566e0a5d0b60fd9b6925b	بالخؤں لا کھِن٘گی ݜیا بھېٹېل ہو تھہ۔		2	0	twenties				mvy	
a240aedfe3c626e32c6d3733420d69f8a2961368ed9b6f79b70763d7f70eab05a4024884a41fc63becc1b4960568fcea9c5fa5bdc7501451b40e46b1216f1105	common_voice_mvy_42396142.mp3	82d158130a1194ff849279e0869c700aa81e6f9ed1776d3f50146fe75b83f362	دُو ماݜہ یا گھریۡماݜہ اماں مہ نشی گے		2	0	twenties				mvy	
a240aedfe3c626e32c6d3733420d69f8a2961368ed9b6f79b70763d7f70eab05a4024884a41fc63becc1b4960568fcea9c5fa5bdc7501451b40e46b1216f1105	common_voice_mvy_42396144.mp3	75dfb946cc4d58ad9bbad52b9cb287c788e2b9d6cc4f014d9e33f7436dda6e99	دُویُوں مُون٘ڈ رِواجہ تھو،		2	0	twenties				mvy	
a240aedfe3c626e32c6d3733420d69f8a2961368ed9b6f79b70763d7f70eab05a4024884a41fc63becc1b4960568fcea9c5fa5bdc7501451b40e46b1216f1105	common_voice_mvy_42396146.mp3	9cb421ea88afb82baee09992afa42f5263563c739061752142c1c495f78337df	کہ ݜُو کام ہَرؤں اؤں یا معاملات واں بارہ مہ آن٘س۔		2	0	twenties				mvy	
a240aedfe3c626e32c6d3733420d69f8a2961368ed9b6f79b70763d7f70eab05a4024884a41fc63becc1b4960568fcea9c5fa5bdc7501451b40e46b1216f1105	common_voice_mvy_42396154.mp3	807fd388e3e8049c01a697ae60128fb37586462f366173370238002c1e7a8a57	یرقان بیماری مژ مریضاں کریا گازریاں شربت دیس مہ پاݩژ یا ݜو وار پویائ		2	0	twenties				mvy	
a240aedfe3c626e32c6d3733420d69f8a2961368ed9b6f79b70763d7f70eab05a4024884a41fc63becc1b4960568fcea9c5fa5bdc7501451b40e46b1216f1105	common_voice_mvy_42396179.mp3	6c45dca4c59f03f71b27161811d13480faa1acffc30796c4ef13b4cc8839363f	آں تسی نہ تُس تاں ڇُن٘ہُلوۡ مہ (اگار) لپ کراں تھہ		2	0	twenties				mvy	
a240aedfe3c626e32c6d3733420d69f8a2961368ed9b6f79b70763d7f70eab05a4024884a41fc63becc1b4960568fcea9c5fa5bdc7501451b40e46b1216f1105	common_voice_mvy_42396186.mp3	8d2df58c6113a0cea8a671de23368461c70d3717b675bc339faa837fac58e3d3	اُو مُلک آژ نہ پان٘ژ کم ڇبِش کالہ مُوٹھیۡ نہ یُو اېن ایس سی یاں مستقل مېمبر تُھو		2	0	twenties				mvy	
a240aedfe3c626e32c6d3733420d69f8a2961368ed9b6f79b70763d7f70eab05a4024884a41fc63becc1b4960568fcea9c5fa5bdc7501451b40e46b1216f1105	common_voice_mvy_42396188.mp3	9f4d59e7a089e6c17b955ec69689fece137e30efca0798a79c0c9c7f5f03e76a	کہ سو ہیُو دژان٘لے مے نقصان ڇېلیالُوں		2	0	twenties				mvy	
a240aedfe3c626e32c6d3733420d69f8a2961368ed9b6f79b70763d7f70eab05a4024884a41fc63becc1b4960568fcea9c5fa5bdc7501451b40e46b1216f1105	common_voice_mvy_42396189.mp3	9dfe753bf5f265410ed8ea362d5b96b8464d23a35c8cb51aad32356f444ade1e	اَس قانُون مہ خلک تَیں رواج یا مذہب		2	0	twenties				mvy	
a240aedfe3c626e32c6d3733420d69f8a2961368ed9b6f79b70763d7f70eab05a4024884a41fc63becc1b4960568fcea9c5fa5bdc7501451b40e46b1216f1105	common_voice_mvy_42396229.mp3	5ce0b1e3e8ec6e1653434eeec60cd76f1f2173e40f8d25fb15183509fabe4aa4	آں معدہ ہم ٹھیک ہو تھی۔		2	0	twenties				mvy	
a240aedfe3c626e32c6d3733420d69f8a2961368ed9b6f79b70763d7f70eab05a4024884a41fc63becc1b4960568fcea9c5fa5bdc7501451b40e46b1216f1105	common_voice_mvy_42396230.mp3	6ddec5c07cb9d971787f3d444403c9bff74e79dd21045fa7db18881062f60ffe	کھیں بِڅَیں تاں اېں والا نسلہ وَیں تربیتی لا خاص توجہ دېوں پکار تُھو۔		2	0	twenties				mvy	
a240aedfe3c626e32c6d3733420d69f8a2961368ed9b6f79b70763d7f70eab05a4024884a41fc63becc1b4960568fcea9c5fa5bdc7501451b40e46b1216f1105	common_voice_mvy_42396233.mp3	67edbb6ff97efe2c5b657736153297ce88f37bb5f1d978e8b21bb1c0f97ab3f4	سجدہ یی تے قَیدہ (قاعِدہ) نہ بُی ہون٘دُوں،		3	0	twenties				mvy	
a240aedfe3c626e32c6d3733420d69f8a2961368ed9b6f79b70763d7f70eab05a4024884a41fc63becc1b4960568fcea9c5fa5bdc7501451b40e46b1216f1105	common_voice_mvy_42396235.mp3	7668b8f643a983a3db4db8df93bb0ec6a00e86e7193dabd86540544902ae2013	سو ݜس کمہۡ لہ مجبُور ہول ہو۔		2	0	twenties				mvy	
a240aedfe3c626e32c6d3733420d69f8a2961368ed9b6f79b70763d7f70eab05a4024884a41fc63becc1b4960568fcea9c5fa5bdc7501451b40e46b1216f1105	common_voice_mvy_42396236.mp3	524965eeafd5ebfc1ad62eae5071a2ede49e0ed26668baea67c318dfafe42f8b	ہِجرتیِاں ݜویؤں کالہ لا عُمراں کِریا سفر ہُون٘دوۡ۔		2	0	twenties				mvy	
a240aedfe3c626e32c6d3733420d69f8a2961368ed9b6f79b70763d7f70eab05a4024884a41fc63becc1b4960568fcea9c5fa5bdc7501451b40e46b1216f1105	common_voice_mvy_42396237.mp3	8c693aab9af8a4d01b073f4a0895cdb2de72d1aff8b4bad2a83a7ed345ecf885	اللہ پاکَیں کھِن٘گی نہ تُھو۔		2	0	twenties				mvy	
a240aedfe3c626e32c6d3733420d69f8a2961368ed9b6f79b70763d7f70eab05a4024884a41fc63becc1b4960568fcea9c5fa5bdc7501451b40e46b1216f1105	common_voice_mvy_42396244.mp3	5b739b2e77f9eef9a22baa917fe2d19750eccca69317c65cb1bd26efae188241	ݜیں کمہۡ کرَیں ہِن نِوان٘ز شریۡ تھُو		3	0	twenties				mvy	
a240aedfe3c626e32c6d3733420d69f8a2961368ed9b6f79b70763d7f70eab05a4024884a41fc63becc1b4960568fcea9c5fa5bdc7501451b40e46b1216f1105	common_voice_mvy_42396245.mp3	81510d420727d46ef5a7d7837a4769150ca53ee2d6461ad3f4e1f9934f9fba7a	دُویُوں سو تُھو چے تسیں حَد معلوم نی ہو۔		2	0	twenties				mvy	
a240aedfe3c626e32c6d3733420d69f8a2961368ed9b6f79b70763d7f70eab05a4024884a41fc63becc1b4960568fcea9c5fa5bdc7501451b40e46b1216f1105	common_voice_mvy_42396246.mp3	6d04544b54248854f27d034a96a66b81a31c2aa7aed0a20b51b380a762930374	شرط یی تے ادمہ مہ ایک شاناں بال ݜُو تھی		2	0	twenties				mvy	
a240aedfe3c626e32c6d3733420d69f8a2961368ed9b6f79b70763d7f70eab05a4024884a41fc63becc1b4960568fcea9c5fa5bdc7501451b40e46b1216f1105	common_voice_mvy_42396247.mp3	4744e79a6584c4dec68dd7740139bf64a9d228114a8f046ac52c0db45393b564	چے گازریۡیاں حلوا خالص گھِلہ مژ کرے دیس مہ ڇا وار کھے۔		2	0	twenties				mvy	
a240aedfe3c626e32c6d3733420d69f8a2961368ed9b6f79b70763d7f70eab05a4024884a41fc63becc1b4960568fcea9c5fa5bdc7501451b40e46b1216f1105	common_voice_mvy_42396254.mp3	7efa9dd9922920e135b9e4931b2dc633b4cd370d5bfa3f236d8f6d538f36c5ac	اصولی بناں تھہ چے		2	0	twenties				mvy	
a240aedfe3c626e32c6d3733420d69f8a2961368ed9b6f79b70763d7f70eab05a4024884a41fc63becc1b4960568fcea9c5fa5bdc7501451b40e46b1216f1105	common_voice_mvy_42396255.mp3	89bddf0bf1b274f345b742af7ce013e1fa32192f389ab2521bb01be7ad823477	آں اُو بِڅَیں گھئیں بدقسمتی تھی		2	0	twenties				mvy	
a240aedfe3c626e32c6d3733420d69f8a2961368ed9b6f79b70763d7f70eab05a4024884a41fc63becc1b4960568fcea9c5fa5bdc7501451b40e46b1216f1105	common_voice_mvy_42396256.mp3	8d9dd7198697f2c1fad67fad605df4b8036eaebe186ccf51e21a63635adf5d94	آں مری مہ ݜژان٘لو کھؤں		2	0	twenties				mvy	
a240aedfe3c626e32c6d3733420d69f8a2961368ed9b6f79b70763d7f70eab05a4024884a41fc63becc1b4960568fcea9c5fa5bdc7501451b40e46b1216f1105	common_voice_mvy_42396258.mp3	91ebf22ed326b8580d7f7f08b1f483f59fe1c091621830bffb472cdc186e4e63	دُوسقیاں خلکَیں (خدائ پاکَیں مِٹھیُوں نہ) دُوری تھی۔		2	0	twenties				mvy	
a240aedfe3c626e32c6d3733420d69f8a2961368ed9b6f79b70763d7f70eab05a4024884a41fc63becc1b4960568fcea9c5fa5bdc7501451b40e46b1216f1105	common_voice_mvy_42396264.mp3	9e801d20bac2189e61945268c16546cd7387bc6a78f1f4acb78c7f2fbca44e19	آں سمکمؤں مہ سِواں ساتھ دی۔		2	0	twenties				mvy	
a240aedfe3c626e32c6d3733420d69f8a2961368ed9b6f79b70763d7f70eab05a4024884a41fc63becc1b4960568fcea9c5fa5bdc7501451b40e46b1216f1105	common_voice_mvy_42396267.mp3	6a51151452d295b400409c03ec92ce5cb359b6593aa12aea357909db63a6a702	یائے بانیۡ ”او پُڇُو گڑُو اوک پن٘ڑہۡ اؤں آن٘س،		2	0	twenties				mvy	
a240aedfe3c626e32c6d3733420d69f8a2961368ed9b6f79b70763d7f70eab05a4024884a41fc63becc1b4960568fcea9c5fa5bdc7501451b40e46b1216f1105	common_voice_mvy_42396700.mp3	afbbb4c3c337bf268003a0b3ecc04297546e9c5fb36c82e02aae1116ffcbbf68	ݜَیں مشکلات ترقی تے خوشحالی یاں پن٘دہۡ مہ رُکاوٹ تھو.		2	0	twenties				mvy	
a240aedfe3c626e32c6d3733420d69f8a2961368ed9b6f79b70763d7f70eab05a4024884a41fc63becc1b4960568fcea9c5fa5bdc7501451b40e46b1216f1105	common_voice_mvy_42396702.mp3	a5c28d2352dc5e8f3f6884588a6c9f7a56cee7ebec3c0bb6321697124b4479ec	ݜَس موقع لا سورة توبہ ایں کموک حُکمہ		2	1	twenties				mvy	
a240aedfe3c626e32c6d3733420d69f8a2961368ed9b6f79b70763d7f70eab05a4024884a41fc63becc1b4960568fcea9c5fa5bdc7501451b40e46b1216f1105	common_voice_mvy_42396703.mp3	a80b486a0df25bce8af10b14d04db57dcb4f3b7bb73487a7b02a424e467bd0cb	(جنتیاں خلکؤں نہ تېرئ) نہ ماݜؤں آں نہ پېریؤں ہا چک کرېل ہو تُھو۔		2	0	twenties				mvy	
a240aedfe3c626e32c6d3733420d69f8a2961368ed9b6f79b70763d7f70eab05a4024884a41fc63becc1b4960568fcea9c5fa5bdc7501451b40e46b1216f1105	common_voice_mvy_42379866.mp3	f12779a62255d3404b7caa5235961084bfc284e78ad06b6f04a88a7aba99b9bd	مرا تُھو آں دڑ ہم کم ہوتھی۔		2	0	twenties				mvy	
a240aedfe3c626e32c6d3733420d69f8a2961368ed9b6f79b70763d7f70eab05a4024884a41fc63becc1b4960568fcea9c5fa5bdc7501451b40e46b1216f1105	common_voice_mvy_42396708.mp3	9e24b7eda746c91246c8f5ae9fa7cebd144eef3523b980ec335d66f8b7543fe7	دینی بلیُوں لا سختی ہِن عمل کراں تھہ۔		2	0	twenties				mvy	
a240aedfe3c626e32c6d3733420d69f8a2961368ed9b6f79b70763d7f70eab05a4024884a41fc63becc1b4960568fcea9c5fa5bdc7501451b40e46b1216f1105	common_voice_mvy_42396713.mp3	7f1993469d7b20030cebb6e925c9241b12a6af233e628b49c9970be341cf876d	اُصولَیں معنہ ݜے گھېن٘رہ قانُون چے		2	0	twenties				mvy	
a240aedfe3c626e32c6d3733420d69f8a2961368ed9b6f79b70763d7f70eab05a4024884a41fc63becc1b4960568fcea9c5fa5bdc7501451b40e46b1216f1105	common_voice_mvy_42396714.mp3	884382bb7faa1c379ec4677ad98085acaf6c4702f0f558fdd552472e481d8e8b	آں ٹھاٹی (شان) والا تے عِزتِیاں خواند تیں رب ہمېشہ دھرا تُھو۔		2	0	twenties				mvy	
a240aedfe3c626e32c6d3733420d69f8a2961368ed9b6f79b70763d7f70eab05a4024884a41fc63becc1b4960568fcea9c5fa5bdc7501451b40e46b1216f1105	common_voice_mvy_42396723.mp3	9c94c533bb0ef7a8d5edecd4b0a44cb18bb226fc29832ca6a90b0b21f04632e3	ان٘گُوْئ وَیں پھُٹیۡ کُوٹھؤں ہاریۡ ڇیلیؤں سُنّت تھُو۔		2	0	twenties				mvy	
a240aedfe3c626e32c6d3733420d69f8a2961368ed9b6f79b70763d7f70eab05a4024884a41fc63becc1b4960568fcea9c5fa5bdc7501451b40e46b1216f1105	common_voice_mvy_42396724.mp3	779f70ee3d90b2dcd3b97fcb86aceb4d3ee46726e1f6bab78597db415f974bed	پَن٘ژؤں نشہ تھی؛		2	0	twenties				mvy	
a240aedfe3c626e32c6d3733420d69f8a2961368ed9b6f79b70763d7f70eab05a4024884a41fc63becc1b4960568fcea9c5fa5bdc7501451b40e46b1216f1105	common_voice_mvy_42396761.mp3	ac27fc24c2c6883f8c32c968d13e17c923883bc1476472e415fbbc2fae0e1fca	استازہ تاں شاگڑہ خیالی سېل لا ہرہ ہاں تھو۔		2	0	twenties				mvy	
a240aedfe3c626e32c6d3733420d69f8a2961368ed9b6f79b70763d7f70eab05a4024884a41fc63becc1b4960568fcea9c5fa5bdc7501451b40e46b1216f1105	common_voice_mvy_42396766.mp3	83e13a32ab49f849f29a1a34ff32be8a85d0da5ae00c785833132921e4d52dc4	کہ بِگ اڅھکیۡ عادت پکی ہُوگے کھیں نُل گتہ ہُوئ تُھو		2	0	twenties				mvy	
a240aedfe3c626e32c6d3733420d69f8a2961368ed9b6f79b70763d7f70eab05a4024884a41fc63becc1b4960568fcea9c5fa5bdc7501451b40e46b1216f1105	common_voice_mvy_42379864.mp3	fa909dd28cc5d28347834e9e3b320fe9e470cfb1d76e6ca9aa1a9d7c7537b369	ݜے سو بچ ہُون٘دوۡ۔		2	0	twenties				mvy	
a240aedfe3c626e32c6d3733420d69f8a2961368ed9b6f79b70763d7f70eab05a4024884a41fc63becc1b4960568fcea9c5fa5bdc7501451b40e46b1216f1105	common_voice_mvy_42379863.mp3	03dcea0310801370b34a1e02292cd0a18e73e5526e538ec8660bf1ab45a85f9b	کَچھ بُٹ ماݜہ ݜُواں تسی ہِن ہُم ادُوس شریۡ تھُو۔		2	0	twenties				mvy	
a240aedfe3c626e32c6d3733420d69f8a2961368ed9b6f79b70763d7f70eab05a4024884a41fc63becc1b4960568fcea9c5fa5bdc7501451b40e46b1216f1105	common_voice_mvy_42379860.mp3	eea594e2c5fc04c45294edfb7ed1ccd876f9d9afc460ccec1d628bfa52106ee9	مے ݜے لیل ہُوگے چےۡ ہی یاں نؤں دی دی		2	0	twenties				mvy	
a240aedfe3c626e32c6d3733420d69f8a2961368ed9b6f79b70763d7f70eab05a4024884a41fc63becc1b4960568fcea9c5fa5bdc7501451b40e46b1216f1105	common_voice_mvy_42379850.mp3	e490936cfbbd627666094ccb074ab7fa9528f480631f3d4b139c909627764dc1	ݜے یہودی مدینہ نہ چُھٹ ہو نِکسہۡ۔		2	0	twenties				mvy	
a240aedfe3c626e32c6d3733420d69f8a2961368ed9b6f79b70763d7f70eab05a4024884a41fc63becc1b4960568fcea9c5fa5bdc7501451b40e46b1216f1105	common_voice_mvy_42379841.mp3	f87af8fcddd797ecf3c13a9b7ef73cebdc79b2f36e37f1c072775aa41512ec86	سو چو پاک تھُو،		2	0	twenties				mvy	
a240aedfe3c626e32c6d3733420d69f8a2961368ed9b6f79b70763d7f70eab05a4024884a41fc63becc1b4960568fcea9c5fa5bdc7501451b40e46b1216f1105	common_voice_mvy_42366914.mp3	6e5521ed9f33a59e5210cac6ceeaeffd322185bf1382bcf1c64ebe877b0143a9	خو اسماناں رن٘گ آژ نیل نی آن٘س بلکے لُوہوۡ پُھت آنس۔		2	0	twenties				mvy	
a240aedfe3c626e32c6d3733420d69f8a2961368ed9b6f79b70763d7f70eab05a4024884a41fc63becc1b4960568fcea9c5fa5bdc7501451b40e46b1216f1105	common_voice_mvy_42396774.mp3	50488b18bbe1e705a444aa88439cd73db18647335875e8726984e57ed3fd9007	احتیاط ہِن چلاؤ کھیں دش دیس وَیں پان٘ژ شل رُپئ بیں تھی		2	0	twenties				mvy	
a240aedfe3c626e32c6d3733420d69f8a2961368ed9b6f79b70763d7f70eab05a4024884a41fc63becc1b4960568fcea9c5fa5bdc7501451b40e46b1216f1105	common_voice_mvy_42396808.mp3	afce32bb1161ee28218a2d1b9085932f9f548fa81641afbf2aaf9bba2f42ccf0	بےۡ لمٶں پو ہوۡگ تھو شو ناں!		2	1	twenties				mvy	
a240aedfe3c626e32c6d3733420d69f8a2961368ed9b6f79b70763d7f70eab05a4024884a41fc63becc1b4960568fcea9c5fa5bdc7501451b40e46b1216f1105	common_voice_mvy_42396809.mp3	6d1a693d9c2ae75823766fd49d48c60f3cfaae9ba9879a7ec84c5d4f5401c9ac	ݜلہ ہاریۡ چےۡ دَراں تے چوکاٹہ ہُم نھېلے ہرِلیۡ۔		2	0	twenties				mvy	
a240aedfe3c626e32c6d3733420d69f8a2961368ed9b6f79b70763d7f70eab05a4024884a41fc63becc1b4960568fcea9c5fa5bdc7501451b40e46b1216f1105	common_voice_mvy_42396835.mp3	a58e15be99e3de654163fde36d22196fc2baf4de9c45d442f43bbfba9c66340e	کلہۡ مالَیں ایک بیماری چے تسے رات اُتھٶں بناں تھہ۔		2	0	twenties				mvy	
a240aedfe3c626e32c6d3733420d69f8a2961368ed9b6f79b70763d7f70eab05a4024884a41fc63becc1b4960568fcea9c5fa5bdc7501451b40e46b1216f1105	common_voice_mvy_42396855.mp3	a5ec5a8cf207476d39f24facba87a1b2761647232a444ff9e3d838155495b94c	حرامے قطَیں شُو، اُو سو حکم تُھو چے		2	0	twenties				mvy	
a240aedfe3c626e32c6d3733420d69f8a2961368ed9b6f79b70763d7f70eab05a4024884a41fc63becc1b4960568fcea9c5fa5bdc7501451b40e46b1216f1105	common_voice_mvy_42379838.mp3	dc59536286f5156c2c4ca7cc27e332c0bfbd8653fa72c17f1edec888d692c8aa	کلہۡ چے مرَیں والَیں سہہۡ اُکئیلیۡ ہُوئ تھی		2	0	twenties				mvy	
a240aedfe3c626e32c6d3733420d69f8a2961368ed9b6f79b70763d7f70eab05a4024884a41fc63becc1b4960568fcea9c5fa5bdc7501451b40e46b1216f1105	common_voice_mvy_42379809.mp3	f71ccbd6e250b7556f0d9132f952153f3cfd642f6202f46bb2b91b31eae3e3f7	ہلالیُوں بِگی ڈُوب ہویں شروع ہُون٘دیۡ		2	0	twenties				mvy	
a240aedfe3c626e32c6d3733420d69f8a2961368ed9b6f79b70763d7f70eab05a4024884a41fc63becc1b4960568fcea9c5fa5bdc7501451b40e46b1216f1105	common_voice_mvy_42366915.mp3	a6a64bcdbce89c60d674f593784ce34103f5b0aa56889e23d137c77b80bec5fd	اسیں کِھن٘گی نہ مُت کؤں ادا نېرہَیں تُھو۔		2	0	twenties				mvy	
a240aedfe3c626e32c6d3733420d69f8a2961368ed9b6f79b70763d7f70eab05a4024884a41fc63becc1b4960568fcea9c5fa5bdc7501451b40e46b1216f1105	common_voice_mvy_42366919.mp3	21ed49af07fea84fb833eae2645bc37fcda851563e119d560ba289614161aa70	کؤں مالاں دُن٘ڑہۡ بھاݜژی گے کھیں		2	0	twenties				mvy	
a240aedfe3c626e32c6d3733420d69f8a2961368ed9b6f79b70763d7f70eab05a4024884a41fc63becc1b4960568fcea9c5fa5bdc7501451b40e46b1216f1105	common_voice_mvy_42379803.mp3	e3a6e3820bb6a8eec1285422c69a2a242edf6e87ad4a3ad53da2126ffe191924	جسم خُود بخُود تُوی ہُوی تُھو۔		2	0	twenties				mvy	
a240aedfe3c626e32c6d3733420d69f8a2961368ed9b6f79b70763d7f70eab05a4024884a41fc63becc1b4960568fcea9c5fa5bdc7501451b40e46b1216f1105	common_voice_mvy_42379802.mp3	05c471f459fe2db46f5f991a70fb1bba62427bf63dbb2d8e59d45dbedcd55fc9	آں مژ مہ بِگلاں پیڇی یاں پُوڇ علم جان ای گا۔		2	0	twenties				mvy	
a240aedfe3c626e32c6d3733420d69f8a2961368ed9b6f79b70763d7f70eab05a4024884a41fc63becc1b4960568fcea9c5fa5bdc7501451b40e46b1216f1105	common_voice_mvy_42379365.mp3	f325474670e4a744375c35e46dba9c7d2e7b7a1479b27a7b2fe3f8817dfe1917	نیڙ بېن٘یاں وخ گھلی لا دگلے ٹِپیۡ ہِن		2	0	twenties				mvy	
a240aedfe3c626e32c6d3733420d69f8a2961368ed9b6f79b70763d7f70eab05a4024884a41fc63becc1b4960568fcea9c5fa5bdc7501451b40e46b1216f1105	common_voice_mvy_42379364.mp3	fa9881e06ba1130f25ea5787c7afbbee0f45485c18a0aab2cbf1d2b2e028e074	آں نہ اِواں کؤں مُچان٘لو ہو تھو۔		2	1	twenties				mvy	
a240aedfe3c626e32c6d3733420d69f8a2961368ed9b6f79b70763d7f70eab05a4024884a41fc63becc1b4960568fcea9c5fa5bdc7501451b40e46b1216f1105	common_voice_mvy_42366924.mp3	a9645836e2ccc48a0457add61b5b8fbc1963cbfd0b347ff3bc1deded0fcb4ad8	یا میراثاں گی قانون ہو تُھو		2	0	twenties				mvy	
a240aedfe3c626e32c6d3733420d69f8a2961368ed9b6f79b70763d7f70eab05a4024884a41fc63becc1b4960568fcea9c5fa5bdc7501451b40e46b1216f1105	common_voice_mvy_42379362.mp3	f941da81773b57365ee7a2c612d952e313a5133130f93a2819e534d24453cb6f	غیر مفید تسے بناں تھہ چے		2	0	twenties				mvy	
a240aedfe3c626e32c6d3733420d69f8a2961368ed9b6f79b70763d7f70eab05a4024884a41fc63becc1b4960568fcea9c5fa5bdc7501451b40e46b1216f1105	common_voice_mvy_42379361.mp3	fefb37642ae79e02363d822bf576dca190231d51f51221b573e60ccb0c905b97	اُو قران تے سنتی نہ پاتی ڇیؤں مُون٘ڈ تُھو		2	0	twenties				mvy	
a240aedfe3c626e32c6d3733420d69f8a2961368ed9b6f79b70763d7f70eab05a4024884a41fc63becc1b4960568fcea9c5fa5bdc7501451b40e46b1216f1105	common_voice_mvy_42366928.mp3	a79fdbc938db992e8c39dbb05faa42c52af635851a51e2e5df846c736bf2fc0f	اُو وتے سو (مرگہ نہ پاتیۡ زِندگی) ہو تھی		2	0	twenties				mvy	
a240aedfe3c626e32c6d3733420d69f8a2961368ed9b6f79b70763d7f70eab05a4024884a41fc63becc1b4960568fcea9c5fa5bdc7501451b40e46b1216f1105	common_voice_mvy_42379345.mp3	05b10164daef106736aa0a564db2b92de7a819227e54f0c337ad87297d112449	ساوات دلیلاں نؤں تُھو اِستِصحاب		2	0	twenties				mvy	
a240aedfe3c626e32c6d3733420d69f8a2961368ed9b6f79b70763d7f70eab05a4024884a41fc63becc1b4960568fcea9c5fa5bdc7501451b40e46b1216f1105	common_voice_mvy_42379344.mp3	a8e5177ab57024ec0e18b09cf3f65d2629cc5a262f231840191396508fa1ef81	تسے مِلَیں یَاں بَانیۡ کِھیں سِیں بَھانہ کِیریۡ،		2	0	twenties				mvy	
a240aedfe3c626e32c6d3733420d69f8a2961368ed9b6f79b70763d7f70eab05a4024884a41fc63becc1b4960568fcea9c5fa5bdc7501451b40e46b1216f1105	common_voice_mvy_42379343.mp3	d9d2bb0eedfd90b4682645572e09dfa5f98927df0e67b358456be191584a3c65	ڇیؤں درؤں (باب) تُھو چھال حُکُم تے اسیں قِسمہ		2	0	twenties				mvy	
a240aedfe3c626e32c6d3733420d69f8a2961368ed9b6f79b70763d7f70eab05a4024884a41fc63becc1b4960568fcea9c5fa5bdc7501451b40e46b1216f1105	common_voice_mvy_42379342.mp3	fa5e65fbdf4d7b355994ce495d95fde0703275b6094f5913ee1c040bab5fe993	اِواں کِریا، رال گتہ اېک نخوۡ تھی؛		2	0	twenties				mvy	
a240aedfe3c626e32c6d3733420d69f8a2961368ed9b6f79b70763d7f70eab05a4024884a41fc63becc1b4960568fcea9c5fa5bdc7501451b40e46b1216f1105	common_voice_mvy_42379330.mp3	f5892335565da752d01294b069321dae8d85f5049a5edd0a28e9113a73656a07	تازہ دان٘ڑیالاں رس نھیلہ گلے		2	0	twenties				mvy	
a240aedfe3c626e32c6d3733420d69f8a2961368ed9b6f79b70763d7f70eab05a4024884a41fc63becc1b4960568fcea9c5fa5bdc7501451b40e46b1216f1105	common_voice_mvy_42379329.mp3	d638c6e3565cf3e396150b5fa3d6083acd9cdc022f8f67932b1bd4302008aee2	اسیں گرمائش ختم ہوتھی۔		2	0	twenties				mvy	
a240aedfe3c626e32c6d3733420d69f8a2961368ed9b6f79b70763d7f70eab05a4024884a41fc63becc1b4960568fcea9c5fa5bdc7501451b40e46b1216f1105	common_voice_mvy_42366950.mp3	aae2947e621abb278e41ebe1955ede5f548f5cfe89b233f680de3fc453013fe1	بارہ مہ قَدَر بال بانیۡ تُھو۔		2	0	twenties				mvy	
a240aedfe3c626e32c6d3733420d69f8a2961368ed9b6f79b70763d7f70eab05a4024884a41fc63becc1b4960568fcea9c5fa5bdc7501451b40e46b1216f1105	common_voice_mvy_42379327.mp3	fc4622192bd080f1d4cbd280d962c35378a4ca10ea5b8aca212c002e85a24751	اَس مرضی لا قابُو ڇؤں چو ہسانی ہو تُھو		2	0	twenties				mvy	
a240aedfe3c626e32c6d3733420d69f8a2961368ed9b6f79b70763d7f70eab05a4024884a41fc63becc1b4960568fcea9c5fa5bdc7501451b40e46b1216f1105	common_voice_mvy_42379326.mp3	ee43c223b3d1b099e3b7bddd5143472af6a01db0e6f5d1c703f874bbd17f1bcd	لازمی کمہۡ (فرض)گھِن٘ل تھو؟		2	0	twenties				mvy	
a240aedfe3c626e32c6d3733420d69f8a2961368ed9b6f79b70763d7f70eab05a4024884a41fc63becc1b4960568fcea9c5fa5bdc7501451b40e46b1216f1105	common_voice_mvy_42379309.mp3	fcbc4f651517cb83811c112ab166213e6d061ba7998a881aabe9ca82de67b22a	چے اسیں سامُوٹھ باٹ چؤر بِش کالہ مُوٹھیُوں بھیا چھی۔		2	0	twenties				mvy	
a240aedfe3c626e32c6d3733420d69f8a2961368ed9b6f79b70763d7f70eab05a4024884a41fc63becc1b4960568fcea9c5fa5bdc7501451b40e46b1216f1105	common_voice_mvy_42379308.mp3	f4b322926a213ef8c6ec1e05eeb35378a3668d5bd1e77e6674ee6cf8491a578c	بُٹؤں نہ سامٹَھیں اللہ پاک خوشال کرؤں،		2	0	twenties				mvy	
a240aedfe3c626e32c6d3733420d69f8a2961368ed9b6f79b70763d7f70eab05a4024884a41fc63becc1b4960568fcea9c5fa5bdc7501451b40e46b1216f1105	common_voice_mvy_42379307.mp3	f63bb8243bbe7e9bd599fac3ce73199b943647931002f18e020c154a6193df52	پھت کرٶں اڅھَک (گناہ) ہُوئ تھُو۔		2	0	twenties				mvy	
a240aedfe3c626e32c6d3733420d69f8a2961368ed9b6f79b70763d7f70eab05a4024884a41fc63becc1b4960568fcea9c5fa5bdc7501451b40e46b1216f1105	common_voice_mvy_42379290.mp3	e98936767d91e5bcc2c6a5dee5ce116683474edb593fcdbdb57ec1ac61ffea41	آں نسل مُوٹُھو بَیؤں تُھو۔		2	0	twenties				mvy	
a240aedfe3c626e32c6d3733420d69f8a2961368ed9b6f79b70763d7f70eab05a4024884a41fc63becc1b4960568fcea9c5fa5bdc7501451b40e46b1216f1105	common_voice_mvy_42379279.mp3	0722944d47ec0a9ab640adc5844f343f65f725e996121704b13ca0cb1589f2de	ولے ݜُو قَصہ تھی مِیں تے مِیں موبائلَیں ارگٹیۡ موحبتیں،		2	0	twenties				mvy	
a240aedfe3c626e32c6d3733420d69f8a2961368ed9b6f79b70763d7f70eab05a4024884a41fc63becc1b4960568fcea9c5fa5bdc7501451b40e46b1216f1105	common_voice_mvy_42379278.mp3	e288824d464f8ff1b67c92fc7acd0536ecb363c72aad86af386b569bda8802fd	سِوَیں نی قبلالیۡ کھیں		2	0	twenties				mvy	
a240aedfe3c626e32c6d3733420d69f8a2961368ed9b6f79b70763d7f70eab05a4024884a41fc63becc1b4960568fcea9c5fa5bdc7501451b40e46b1216f1105	common_voice_mvy_42379277.mp3	d1d814a24b2e25b4b70fb6d792d6ffac1735258bc9205eef70cfe6f17c330640	آں ݜُو شاناں حضرت بلال، حضرت عمر بن عنبسہ، خالد بن سعد،		2	0	twenties				mvy	
a240aedfe3c626e32c6d3733420d69f8a2961368ed9b6f79b70763d7f70eab05a4024884a41fc63becc1b4960568fcea9c5fa5bdc7501451b40e46b1216f1105	common_voice_mvy_42379273.mp3	06cb34f59902adb48ebb85b8901f7221ae2c259976debc189b5d46648a48def3	آں اسی مہ مسلماں وَیں دُوئیں بٹھیُوں نہ چئ آبادی تھی،		2	0	twenties				mvy	
a240aedfe3c626e32c6d3733420d69f8a2961368ed9b6f79b70763d7f70eab05a4024884a41fc63becc1b4960568fcea9c5fa5bdc7501451b40e46b1216f1105	common_voice_mvy_42379247.mp3	f60a03285333a2419f50ccb1b84f8f3a802deba47bfbabb4cf54496a805b0ade	ݜُو نِوان٘ز ہِن بیکسے تکلیف دیوں		2	0	twenties				mvy	
a240aedfe3c626e32c6d3733420d69f8a2961368ed9b6f79b70763d7f70eab05a4024884a41fc63becc1b4960568fcea9c5fa5bdc7501451b40e46b1216f1105	common_voice_mvy_42379245.mp3	039c9c8203af21fb567958a1686b698e3d1e2b79ad00e2da166e01060271b73e	آں مہ اُن٘دہ ای بلیُوں ݜژی تُھو		2	0	twenties				mvy	
a240aedfe3c626e32c6d3733420d69f8a2961368ed9b6f79b70763d7f70eab05a4024884a41fc63becc1b4960568fcea9c5fa5bdc7501451b40e46b1216f1105	common_voice_mvy_42379237.mp3	fc7e3d9f03c5412f656a16356c4a284a140970fa9957facd50419eb0a463b06b	اسی مہ شرعی مَسلاں حل نھالژا تُھو		2	0	twenties				mvy	
a240aedfe3c626e32c6d3733420d69f8a2961368ed9b6f79b70763d7f70eab05a4024884a41fc63becc1b4960568fcea9c5fa5bdc7501451b40e46b1216f1105	common_voice_mvy_42379236.mp3	046d07dcf381d45f667066c08c46dbcd13cc6c7a55ee26b67b41a0373dd60619	مِٹھوۡ کھؤں (رِزق) آں مزیُوں دی پون٘شېلوۡ باغ ہو تُھو۔		2	0	twenties				mvy	
a240aedfe3c626e32c6d3733420d69f8a2961368ed9b6f79b70763d7f70eab05a4024884a41fc63becc1b4960568fcea9c5fa5bdc7501451b40e46b1216f1105	common_voice_mvy_42396860.mp3	91ca6af5e4a041e98ef2489d52d06714d383dbf5fcd5665adb90f9538e2785ef	اسی مہ دیل کمہۡ وؤں مہ کالا تھُو۔		2	0	twenties				mvy	
a240aedfe3c626e32c6d3733420d69f8a2961368ed9b6f79b70763d7f70eab05a4024884a41fc63becc1b4960568fcea9c5fa5bdc7501451b40e46b1216f1105	common_voice_mvy_42396861.mp3	6e27ce1c143ce7c40056fe12381011e02a49545d8d2144110bedbd18013ff01f	نِکہاں تھو کھیں نِکا،		2	0	twenties				mvy	
a240aedfe3c626e32c6d3733420d69f8a2961368ed9b6f79b70763d7f70eab05a4024884a41fc63becc1b4960568fcea9c5fa5bdc7501451b40e46b1216f1105	common_voice_mvy_42396863.mp3	a0231612473694b80b21a3c0aca9625ff1c8586e592640fc61003754175189ef	مُت قانُونؤں من٘ژ محفوظ کرژی تھہ۔		2	1	twenties				mvy	
a240aedfe3c626e32c6d3733420d69f8a2961368ed9b6f79b70763d7f70eab05a4024884a41fc63becc1b4960568fcea9c5fa5bdc7501451b40e46b1216f1105	common_voice_mvy_42396887.mp3	89ab27e9084d4b2efb3eab8afcf3c93f4ffe0ee42bf3e2b912d3c445cb3d22dd	آں ادم نی ہون٘د کھیں		2	0	twenties				mvy	
a240aedfe3c626e32c6d3733420d69f8a2961368ed9b6f79b70763d7f70eab05a4024884a41fc63becc1b4960568fcea9c5fa5bdc7501451b40e46b1216f1105	common_voice_mvy_42396889.mp3	b0d1109b28af2764ac1f5eea2f1ccb2d718ace8fa0deeb85069e493c9613d9ce	اڑیۡ نہ چئ مرض امَیں قابُو ہو تھی۔		2	0	twenties				mvy	
a240aedfe3c626e32c6d3733420d69f8a2961368ed9b6f79b70763d7f70eab05a4024884a41fc63becc1b4960568fcea9c5fa5bdc7501451b40e46b1216f1105	common_voice_mvy_42396934.mp3	a3f6a373cc75321b763d7a9fc8f721802ad5e6f7334f93c8ed8b6e5a54d47f1e	ݜیں بُٹیۡ بلیوں لا تَل،		3	0	twenties				mvy	
a240aedfe3c626e32c6d3733420d69f8a2961368ed9b6f79b70763d7f70eab05a4024884a41fc63becc1b4960568fcea9c5fa5bdc7501451b40e46b1216f1105	common_voice_mvy_42396935.mp3	a69d0d0d5e0a4c8f44790f5ae7657e5febf6c49598458b2478e8e545836daff0	چے چشمی وَیں زرت نی ہوتھی۔		2	0	twenties				mvy	
a240aedfe3c626e32c6d3733420d69f8a2961368ed9b6f79b70763d7f70eab05a4024884a41fc63becc1b4960568fcea9c5fa5bdc7501451b40e46b1216f1105	common_voice_mvy_42379235.mp3	c907ad1d3d760bf860b94a07e3c2a118a733ac24dd295f9c1af75f28db4ba9ff	تے تُس، اپان٘دُو بېن٘لہ (گُمراہ) (دین نہ) منکُرؤں،		2	0	twenties				mvy	
a240aedfe3c626e32c6d3733420d69f8a2961368ed9b6f79b70763d7f70eab05a4024884a41fc63becc1b4960568fcea9c5fa5bdc7501451b40e46b1216f1105	common_voice_mvy_42379229.mp3	d415057a1dc67f747c4535877d293a37b4f7809f12ea311dea1f33d9393080ce	تے چےۡ اُو سېوں بھِیے کاں چے رُشتا ہِن ژن٘دہۡ تھہ،		3	0	twenties				mvy	
a240aedfe3c626e32c6d3733420d69f8a2961368ed9b6f79b70763d7f70eab05a4024884a41fc63becc1b4960568fcea9c5fa5bdc7501451b40e46b1216f1105	common_voice_mvy_42366964.mp3	a4317bc8b3cf848c799e99b853bb7f0acce9b721a029ec2fdcf1c94d96d9a73f	آں پلیل/ سِرّی نِوانزٶں (اَلحمدُ شریف آں سورت ہِیور بنٶں)		2	0	twenties				mvy	
a240aedfe3c626e32c6d3733420d69f8a2961368ed9b6f79b70763d7f70eab05a4024884a41fc63becc1b4960568fcea9c5fa5bdc7501451b40e46b1216f1105	common_voice_mvy_42366966.mp3	9a784aebc96173a50162b0c89c235ffc8f243e3d9040c85f4823f263481bdf34	خو مے پاتُو گُھری اېوں آن٘س۔		2	0	twenties				mvy	
a240aedfe3c626e32c6d3733420d69f8a2961368ed9b6f79b70763d7f70eab05a4024884a41fc63becc1b4960568fcea9c5fa5bdc7501451b40e46b1216f1105	common_voice_mvy_42397043.mp3	a4ea2e576d7938efed1b3b9c1fc3813bf8a9a0596993c2d455063e0297741ba1	معداں دن فائدہ ہوتُھو۔		3	0	twenties				mvy	
a240aedfe3c626e32c6d3733420d69f8a2961368ed9b6f79b70763d7f70eab05a4024884a41fc63becc1b4960568fcea9c5fa5bdc7501451b40e46b1216f1105	common_voice_mvy_42397044.mp3	5bab81cf3d1a8c2dcf0dd22c6ca57ec7203bbf059b2d6f1755f7cb9d7e90010f	(سو وخت بنژا تھی)،		2	0	twenties				mvy	
a240aedfe3c626e32c6d3733420d69f8a2961368ed9b6f79b70763d7f70eab05a4024884a41fc63becc1b4960568fcea9c5fa5bdc7501451b40e46b1216f1105	common_voice_mvy_42397047.mp3	a34dc3645e38325e3fcdc6ddd65e23c766c9513ff08cc06bffd37240f6d165e0	اں کرؤ واں کریا وُچ پُچ نہِرہۡ		2	0	twenties				mvy	
a240aedfe3c626e32c6d3733420d69f8a2961368ed9b6f79b70763d7f70eab05a4024884a41fc63becc1b4960568fcea9c5fa5bdc7501451b40e46b1216f1105	common_voice_mvy_42397050.mp3	a66a6f1c7016dcf0811c592e1a710fb2331990987ce4c57ac8289a8ebfa0e239	گی شک نی تھی چےۡ آژُکیۡ انفارمېشن ٹیکنالوجی یاں زندگی یاں ہر کام		2	1	twenties				mvy	
a240aedfe3c626e32c6d3733420d69f8a2961368ed9b6f79b70763d7f70eab05a4024884a41fc63becc1b4960568fcea9c5fa5bdc7501451b40e46b1216f1105	common_voice_mvy_42397051.mp3	a7b39f8c107debd9a07dd7215e0e8394781990b34d279b5c930f7d71a5e033b8	ککی مُوٹھیُون مہ چو لیکھوۡ گَھیں ہُو تُھو۔		2	0	twenties				mvy	
a240aedfe3c626e32c6d3733420d69f8a2961368ed9b6f79b70763d7f70eab05a4024884a41fc63becc1b4960568fcea9c5fa5bdc7501451b40e46b1216f1105	common_voice_mvy_42397054.mp3	6726faee6402e8316cf9b851729dce13aec29c238005ec1046ce242efad62572	ژیب پچیۡ تھی۔		2	0	twenties				mvy	
a240aedfe3c626e32c6d3733420d69f8a2961368ed9b6f79b70763d7f70eab05a4024884a41fc63becc1b4960568fcea9c5fa5bdc7501451b40e46b1216f1105	common_voice_mvy_42397056.mp3	791da21f6cda8dbbef45bb418bac1b45588cddfc7355f156f2391d4f3420a21b	چے بے خلکؤں اس مرضیں وجہۡ،		2	0	twenties				mvy	
a240aedfe3c626e32c6d3733420d69f8a2961368ed9b6f79b70763d7f70eab05a4024884a41fc63becc1b4960568fcea9c5fa5bdc7501451b40e46b1216f1105	common_voice_mvy_42397057.mp3	9e966b891ebbffc386709c14e5350029dca5f196e4cd494100483b9a4221b086	بېکسیں اڅھکیۡ خُویں وَیں نھالُوں اُو تُور ہو تُھو۔		2	0	twenties				mvy	
a240aedfe3c626e32c6d3733420d69f8a2961368ed9b6f79b70763d7f70eab05a4024884a41fc63becc1b4960568fcea9c5fa5bdc7501451b40e46b1216f1105	common_voice_mvy_42397058.mp3	75b6abaa116a3de7369c8e03c514b65e0a1d13e6dc9903c7d3344a750c897e65	کَھٹوں وَخ مَز نہ صِرف ُپور عربئیں قسمت بدلال آنٚس		2	0	twenties				mvy	
a240aedfe3c626e32c6d3733420d69f8a2961368ed9b6f79b70763d7f70eab05a4024884a41fc63becc1b4960568fcea9c5fa5bdc7501451b40e46b1216f1105	common_voice_mvy_42397060.mp3	9c77a14ec25b7d38c687faff5760648674b4c59738b538e6faa9be255b06fccc	اللہ پاک بِڅاں بُٹؤں لا تاں رحم کیر		2	0	twenties				mvy	
a240aedfe3c626e32c6d3733420d69f8a2961368ed9b6f79b70763d7f70eab05a4024884a41fc63becc1b4960568fcea9c5fa5bdc7501451b40e46b1216f1105	common_voice_mvy_42397061.mp3	86469bc83f7cb083297d2cb281848ec207d9a1ce0d4c377dc3beea62bff699f9	نِوان٘ز مہ زوڑ بوئ یا جم کیرُوں اڅھک ہُوئ تھُو۔		2	0	twenties				mvy	
a240aedfe3c626e32c6d3733420d69f8a2961368ed9b6f79b70763d7f70eab05a4024884a41fc63becc1b4960568fcea9c5fa5bdc7501451b40e46b1216f1105	common_voice_mvy_42397063.mp3	4e7d69422b32cc64068467b2733c8c7ad91b81a114e40c1394bdb976f8d06528	اِوَیں زندگی ݜلہ ختم ہُون٘دیۡ		2	0	twenties				mvy	
a240aedfe3c626e32c6d3733420d69f8a2961368ed9b6f79b70763d7f70eab05a4024884a41fc63becc1b4960568fcea9c5fa5bdc7501451b40e46b1216f1105	common_voice_mvy_42397064.mp3	5440edb35ce04bd6d1df5eff88f31921cf56063c3775dba154e244435e2828ed	آخرہ مہ گورېلو پاݩژ تولی چُکوۡ ڇھیر ملا مریضاں کریا لوݩکیائ۔		3	0	twenties				mvy	
a240aedfe3c626e32c6d3733420d69f8a2961368ed9b6f79b70763d7f70eab05a4024884a41fc63becc1b4960568fcea9c5fa5bdc7501451b40e46b1216f1105	common_voice_mvy_42366967.mp3	ab65bc00045733c80b78db8ead8fe02725396c39436e3bc931d6ae9b21bdda03	ݜیں بُٹ اِجتہاد تے تقلیداں مِثالہ تھہ۔		2	0	twenties				mvy	
a240aedfe3c626e32c6d3733420d69f8a2961368ed9b6f79b70763d7f70eab05a4024884a41fc63becc1b4960568fcea9c5fa5bdc7501451b40e46b1216f1105	common_voice_mvy_42366969.mp3	8447cbdcf90bfd53c01fdc317ed74760c1227ba9195729a6260605b7b771cabf	گازریۡ ہِن ماسُم پیدا ہویں مہ گتہ ہسانی ای تھی۔		2	0	twenties				mvy	
a240aedfe3c626e32c6d3733420d69f8a2961368ed9b6f79b70763d7f70eab05a4024884a41fc63becc1b4960568fcea9c5fa5bdc7501451b40e46b1216f1105	common_voice_mvy_42366970.mp3	a0899f7017b972c35f21f71518b970adc0309dda4ee339513f640306dc516c05	چے کاں قُرانَیں ݜُون٘واں تھہ،		2	0	twenties				mvy	
a240aedfe3c626e32c6d3733420d69f8a2961368ed9b6f79b70763d7f70eab05a4024884a41fc63becc1b4960568fcea9c5fa5bdc7501451b40e46b1216f1105	common_voice_mvy_42366971.mp3	a5b7b84d97be479f8e51f50606b91ffeb24d4457b44de512a297e51131e544af	کؤں چے حُکمتی لِکېل ہُوئ تُھو۔		2	0	twenties				mvy	
a240aedfe3c626e32c6d3733420d69f8a2961368ed9b6f79b70763d7f70eab05a4024884a41fc63becc1b4960568fcea9c5fa5bdc7501451b40e46b1216f1105	common_voice_mvy_42379228.mp3	ff996f397a5c5c313932b4cbad2457034ba78ba98d370f765ad591bffd40c1d8	گی بال پَکیۡیار ہِن ثابت تھی کھیں سو بحال دھر۔		2	0	twenties				mvy	
a240aedfe3c626e32c6d3733420d69f8a2961368ed9b6f79b70763d7f70eab05a4024884a41fc63becc1b4960568fcea9c5fa5bdc7501451b40e46b1216f1105	common_voice_mvy_42366982.mp3	a8a2c13ab599a5a524471d39c19b37c0571cc98d31a5d6d845042db33b9bb876	اېوں ٹھن٘گ کرے ہن٘گس پاتُو گُھرم۔		2	0	twenties				mvy	
a240aedfe3c626e32c6d3733420d69f8a2961368ed9b6f79b70763d7f70eab05a4024884a41fc63becc1b4960568fcea9c5fa5bdc7501451b40e46b1216f1105	common_voice_mvy_42367000.mp3	6ae5e03cd0a692b78801706fce60f0e0d2de4118a179e0457b528f01a8d26076	کاں چے کھن٘ڑیں شُو بُوئ اُتھل تھہ۔		2	0	twenties				mvy	
a240aedfe3c626e32c6d3733420d69f8a2961368ed9b6f79b70763d7f70eab05a4024884a41fc63becc1b4960568fcea9c5fa5bdc7501451b40e46b1216f1105	common_voice_mvy_42367001.mp3	81013988c8d5565b4de1bb469bcfbab5b32e392db23e885c2abe1c28cac8baf9	پݩڈروۡ پیاز ہری چُن٘ڑیۡ را گلے شِشائ۔		2	0	twenties				mvy	
a240aedfe3c626e32c6d3733420d69f8a2961368ed9b6f79b70763d7f70eab05a4024884a41fc63becc1b4960568fcea9c5fa5bdc7501451b40e46b1216f1105	common_voice_mvy_42367002.mp3	a29c7be27e8b9f4ce63e81aa91f3f8a27bd4daf6819df4dfe512cdb465da089c	کھیں اُو دِبڑی لک سݩدژا تُھو		2	0	twenties				mvy	
a240aedfe3c626e32c6d3733420d69f8a2961368ed9b6f79b70763d7f70eab05a4024884a41fc63becc1b4960568fcea9c5fa5bdc7501451b40e46b1216f1105	common_voice_mvy_42367005.mp3	97156b7479b75cd9ca107aeab6e8280b20de3cb778262e99420d91a20687b48d	کؤں چے اسلامے صحیح قبلا چھی۔		2	0	twenties				mvy	
a240aedfe3c626e32c6d3733420d69f8a2961368ed9b6f79b70763d7f70eab05a4024884a41fc63becc1b4960568fcea9c5fa5bdc7501451b40e46b1216f1105	common_voice_mvy_42367009.mp3	8059761e5aab65266213c645f946497feaf06e51aa16e3afa2ca386dafd34d33	اَسپتال اُناں کتِیُوک دُور تُھو؟		2	0	twenties				mvy	
a240aedfe3c626e32c6d3733420d69f8a2961368ed9b6f79b70763d7f70eab05a4024884a41fc63becc1b4960568fcea9c5fa5bdc7501451b40e46b1216f1105	common_voice_mvy_42379227.mp3	d252b1e315d8a382013ceae882e42e61ec0446f21d34e183c0eec66bf8b43c99	تفصیل پاتُو اے تھُو۔		3	0	twenties				mvy	
a240aedfe3c626e32c6d3733420d69f8a2961368ed9b6f79b70763d7f70eab05a4024884a41fc63becc1b4960568fcea9c5fa5bdc7501451b40e46b1216f1105	common_voice_mvy_42367038.mp3	a0d89162476590c05f715ea54b45a46a53177c3081d27a36afb13aede4ffb3bc	تنوین اېل ہو		2	0	twenties				mvy	
a240aedfe3c626e32c6d3733420d69f8a2961368ed9b6f79b70763d7f70eab05a4024884a41fc63becc1b4960568fcea9c5fa5bdc7501451b40e46b1216f1105	common_voice_mvy_42367039.mp3	9a5c5a8cfcfadda5f59906615f515196c7bc8bb7ef78cbe4f5d843a94b465ba6	سېں بھجہ دُو سو بُوند مژ بئیل کھیں		2	0	twenties				mvy	
a240aedfe3c626e32c6d3733420d69f8a2961368ed9b6f79b70763d7f70eab05a4024884a41fc63becc1b4960568fcea9c5fa5bdc7501451b40e46b1216f1105	common_voice_mvy_42367044.mp3	5db7234c13ee6656c9ab4d4a0485f1e7b2e73826944f7fd87da1911df772505b	خبریُوں مہ اکثر اسیں بہز ہُوئ تُھو۔		2	0	twenties				mvy	
a240aedfe3c626e32c6d3733420d69f8a2961368ed9b6f79b70763d7f70eab05a4024884a41fc63becc1b4960568fcea9c5fa5bdc7501451b40e46b1216f1105	common_voice_mvy_42367045.mp3	a5ca891eeccf1f4519898ed09ccabd7604460700e5a28665b92f44cd1713c683	زِنا ہِن خلکاں اولاد گَڈ وڈ ہُوئیں خطرہ آن٘سیۡ		2	0	twenties				mvy	
a240aedfe3c626e32c6d3733420d69f8a2961368ed9b6f79b70763d7f70eab05a4024884a41fc63becc1b4960568fcea9c5fa5bdc7501451b40e46b1216f1105	common_voice_mvy_42379226.mp3	04070501740dcdb472c04d9593217ed0221a2482ab3191db55eb4727dc211f6d	چےۡ مُسلما لہ سِواں ݜِݜہ لا اُولی ہُو تھہ۔		2	0	twenties				mvy	
a240aedfe3c626e32c6d3733420d69f8a2961368ed9b6f79b70763d7f70eab05a4024884a41fc63becc1b4960568fcea9c5fa5bdc7501451b40e46b1216f1105	common_voice_mvy_42379225.mp3	eb3ba45f369191205a80455bda69719998ab80f4ffe2fcfee0b0a744d3c71d3f	ڈېن٘گی ژر (ہڑہۡ شِلائ) گِنے بناں تھو؟		2	0	twenties				mvy	
a240aedfe3c626e32c6d3733420d69f8a2961368ed9b6f79b70763d7f70eab05a4024884a41fc63becc1b4960568fcea9c5fa5bdc7501451b40e46b1216f1105	common_voice_mvy_42367073.mp3	95fee4716aa070ad0091e5d56a06f45e6099984cd70ad81a68d71ad2b6e83e04	لوڈ شیڈِن٘گ بناں تھو ݜسے چے کلہۡ استعمال کران٘لہ چئ ہوں آں پَیداوار کم		2	0	twenties				mvy	
a240aedfe3c626e32c6d3733420d69f8a2961368ed9b6f79b70763d7f70eab05a4024884a41fc63becc1b4960568fcea9c5fa5bdc7501451b40e46b1216f1105	common_voice_mvy_42367077.mp3	8f1a4663dd33cf87bbbcb84295731046aa79f71c9851f6aa1096f4c919282105	تمام من٘ڑنئ بلیُوں لا عمل کریں یاں توفیق دے۔آمین		2	0	twenties				mvy	
a240aedfe3c626e32c6d3733420d69f8a2961368ed9b6f79b70763d7f70eab05a4024884a41fc63becc1b4960568fcea9c5fa5bdc7501451b40e46b1216f1105	common_voice_mvy_42367082.mp3	9fb588e61a2987bbd3f71caed68047cdf9cb6c18c9a9de714c797d615cac2096	آں بِڅاں لیَکھہۡ گھېں، مېش گھریُوں آں ژرہۡ لؤ		2	0	twenties				mvy	
a240aedfe3c626e32c6d3733420d69f8a2961368ed9b6f79b70763d7f70eab05a4024884a41fc63becc1b4960568fcea9c5fa5bdc7501451b40e46b1216f1105	common_voice_mvy_42397066.mp3	795e11ed71e5c157cb9f9d4af93779ecc4fbb956c8c436939f47d5a44536c36f	آں ݜس بنِگ چے (خبردار) اسے اېک کؤں گتہ کچھے نی بے تُھو۔		2	0	twenties				mvy	
a240aedfe3c626e32c6d3733420d69f8a2961368ed9b6f79b70763d7f70eab05a4024884a41fc63becc1b4960568fcea9c5fa5bdc7501451b40e46b1216f1105	common_voice_mvy_42397067.mp3	7659e5e2bad70259b54ea98028b6affb260fb083a591e5c0d2af7d36711e290e	اېک عیسائی، مُت یہودی، ڇَیؤں شے (شیعہ)، چورؤں سُنی آں پَن٘ژؤں ہِندُو تُھو		2	0	twenties				mvy	
a240aedfe3c626e32c6d3733420d69f8a2961368ed9b6f79b70763d7f70eab05a4024884a41fc63becc1b4960568fcea9c5fa5bdc7501451b40e46b1216f1105	common_voice_mvy_42397068.mp3	a3b5af424f2478bb5c803a5d430b0974369017d32d5ab825c99a4981dbc1e1d0	وے پورہ پورہ آ چھڑؤ کراں بین٘س		2	0	twenties				mvy	
a240aedfe3c626e32c6d3733420d69f8a2961368ed9b6f79b70763d7f70eab05a4024884a41fc63becc1b4960568fcea9c5fa5bdc7501451b40e46b1216f1105	common_voice_mvy_42397070.mp3	b20db7451a23949f949ade2da2becda20e162431264aa9d5bbd329331593f91a	اسمَیں دھان٘کہ علامَتی بنِگ		2	0	twenties				mvy	
a240aedfe3c626e32c6d3733420d69f8a2961368ed9b6f79b70763d7f70eab05a4024884a41fc63becc1b4960568fcea9c5fa5bdc7501451b40e46b1216f1105	common_voice_mvy_42397072.mp3	6875a517b9e3ff376ac0ab1b131ffbe1980e5bbe596800e00783a9944021f601	تسِیں می لا نظر آن٘س واسُلَیں		2	0	twenties				mvy	
a240aedfe3c626e32c6d3733420d69f8a2961368ed9b6f79b70763d7f70eab05a4024884a41fc63becc1b4960568fcea9c5fa5bdc7501451b40e46b1216f1105	common_voice_mvy_42397076.mp3	ae27527e4e21cb8913245eaee89b93150e7d3bec87f998c59c33fa5daa2d0953	ایک رال مژ مہ مُتیۡ لن٘گِھلیۡ۔		2	0	twenties				mvy	
a240aedfe3c626e32c6d3733420d69f8a2961368ed9b6f79b70763d7f70eab05a4024884a41fc63becc1b4960568fcea9c5fa5bdc7501451b40e46b1216f1105	common_voice_mvy_42397078.mp3	8e0b0bbee4f6573f5669db2f7e717fd8ab7d5d9914b0510931be1a846e06ab7e	ایک بکُلوۡ لکٙھیں کدُوں پٹ نھیلہ گلے		2	0	twenties				mvy	
a240aedfe3c626e32c6d3733420d69f8a2961368ed9b6f79b70763d7f70eab05a4024884a41fc63becc1b4960568fcea9c5fa5bdc7501451b40e46b1216f1105	common_voice_mvy_42397091.mp3	41199714da9d7b22af54effa3351172709310cbb152f43e3eb424a44b51e6ed7	ڇا دیسؤں ہریۡ کھیائ کھیں بیماری ختم ہوتھی۔		2	0	twenties				mvy	
a240aedfe3c626e32c6d3733420d69f8a2961368ed9b6f79b70763d7f70eab05a4024884a41fc63becc1b4960568fcea9c5fa5bdc7501451b40e46b1216f1105	common_voice_mvy_42397092.mp3	a561a566baa912fc90e9feab2890359f51ceeb18da5962ba35a2041ed11d36bb	ݜتُک مہ یائے کؤ کیریۡ۔”او مٹُو تُو ایلُوئ“		3	0	twenties				mvy	
a240aedfe3c626e32c6d3733420d69f8a2961368ed9b6f79b70763d7f70eab05a4024884a41fc63becc1b4960568fcea9c5fa5bdc7501451b40e46b1216f1105	common_voice_mvy_42397093.mp3	a118406a23b88f876f770b40dbf7f3030b08d33b93b83c4f44de8cbc3bc74892	وو پېریۡ یی تے ماݜؤں! کہ تُس زُمُک یی تے اسمانؤں نہ ڈیوی		2	0	twenties				mvy	
a240aedfe3c626e32c6d3733420d69f8a2961368ed9b6f79b70763d7f70eab05a4024884a41fc63becc1b4960568fcea9c5fa5bdc7501451b40e46b1216f1105	common_voice_mvy_42397094.mp3	43a622bca0b097264c2ba659db29b9e0ee724208ba43894729cc53514ba555e6	کلَیں جسمانی یا دماغی کھیژ محسوس ہُوݩدیۡ کھیں		2	0	twenties				mvy	
a240aedfe3c626e32c6d3733420d69f8a2961368ed9b6f79b70763d7f70eab05a4024884a41fc63becc1b4960568fcea9c5fa5bdc7501451b40e46b1216f1105	common_voice_mvy_42397095.mp3	4598bdee993fe4efb22607491738ce02cf69979ffcca0ed0ecb100b08b344e2f	اسے اَن٘گرزی لا کانسٹِٹیوشنل لاء بناں تھہ۔		2	0	twenties				mvy	
a240aedfe3c626e32c6d3733420d69f8a2961368ed9b6f79b70763d7f70eab05a4024884a41fc63becc1b4960568fcea9c5fa5bdc7501451b40e46b1216f1105	common_voice_mvy_42397106.mp3	a65b262fb83bd781d0bef3897a2c5f6add5b97f96d26ea05a2aeb90763fb67e4	تے سِواں دن میں لڑزان کتُک اِستِق آن٘س۔		2	0	twenties				mvy	
a240aedfe3c626e32c6d3733420d69f8a2961368ed9b6f79b70763d7f70eab05a4024884a41fc63becc1b4960568fcea9c5fa5bdc7501451b40e46b1216f1105	common_voice_mvy_42397108.mp3	b19342273283ad858034c7a6d7c4c6076ee3da3e8069364fc2da999af676289c	تس سِوَیں اڑ کیر۔		2	0	twenties				mvy	
a240aedfe3c626e32c6d3733420d69f8a2961368ed9b6f79b70763d7f70eab05a4024884a41fc63becc1b4960568fcea9c5fa5bdc7501451b40e46b1216f1105	common_voice_mvy_42379179.mp3	f44915fd4525a7531c4bbd24bd1da1489d2dd782bc4a22a9abd64bde3f24ad00	آں اسے (بلی) بنؤں سِڇھیا چھی۔		2	0	twenties				mvy	
a240aedfe3c626e32c6d3733420d69f8a2961368ed9b6f79b70763d7f70eab05a4024884a41fc63becc1b4960568fcea9c5fa5bdc7501451b40e46b1216f1105	common_voice_mvy_42379178.mp3	fbf1f43b613c96410890adac14a8f1fcaa1c7aecdad7b8429699a7f88e291091	آں اُو (ہوئیں) زاں مِلیۡ کل کیریۡ تھُو۔		2	0	twenties				mvy	
a240aedfe3c626e32c6d3733420d69f8a2961368ed9b6f79b70763d7f70eab05a4024884a41fc63becc1b4960568fcea9c5fa5bdc7501451b40e46b1216f1105	common_voice_mvy_42379177.mp3	7cefde0b18b7806e3cd4412bbe47736df541a1843b22bed1431d8b2d86962912	اُڑُد ہِن دُن٘ڑہۡ بھاݜژئیں علاج		2	0	twenties				mvy	
a240aedfe3c626e32c6d3733420d69f8a2961368ed9b6f79b70763d7f70eab05a4024884a41fc63becc1b4960568fcea9c5fa5bdc7501451b40e46b1216f1105	common_voice_mvy_42379164.mp3	ebdb17630df33611beff4965daae9452cfb6df2363a86de56be27f96595df208	پُور بَیکَیں گھرِیں جمع ہُو تھی		2	0	twenties				mvy	
a240aedfe3c626e32c6d3733420d69f8a2961368ed9b6f79b70763d7f70eab05a4024884a41fc63becc1b4960568fcea9c5fa5bdc7501451b40e46b1216f1105	common_voice_mvy_42379160.mp3	fc9fe1dc3233c0954f32d658d131cf07cd9af22f4f66bc078064e229d31f00fe	ݜس وجہۡ ہِن تسےکن٘داں غزا ہُم بناں تھو۔		2	0	twenties				mvy	
a240aedfe3c626e32c6d3733420d69f8a2961368ed9b6f79b70763d7f70eab05a4024884a41fc63becc1b4960568fcea9c5fa5bdc7501451b40e46b1216f1105	common_voice_mvy_42379159.mp3	f7cf0a060f5341c3b8c2b067a43eb42feb58d0c081192a9a036ef166ff4a5b01	ہر دیسؤں وختی لا کھاݩراں وے		2	0	twenties				mvy	
a240aedfe3c626e32c6d3733420d69f8a2961368ed9b6f79b70763d7f70eab05a4024884a41fc63becc1b4960568fcea9c5fa5bdc7501451b40e46b1216f1105	common_voice_mvy_42379158.mp3	a1ae7eca41eaa6f5a5a911b37e42af10ab338e4b176d14b92e5b332f69f7b7f8	ہر کسی گائ ڇھپ ہُوئ تُھو،		2	0	twenties				mvy	
a240aedfe3c626e32c6d3733420d69f8a2961368ed9b6f79b70763d7f70eab05a4024884a41fc63becc1b4960568fcea9c5fa5bdc7501451b40e46b1216f1105	common_voice_mvy_42379157.mp3	f730ce5e0f76562721d16bceff3309fdc04b07c833dc1e5e67bbb84324d86f7a	خا خا اُو لہ مُٹھَیں بِڅاں گتہ ہُویان٘س		2	0	twenties				mvy	
a240aedfe3c626e32c6d3733420d69f8a2961368ed9b6f79b70763d7f70eab05a4024884a41fc63becc1b4960568fcea9c5fa5bdc7501451b40e46b1216f1105	common_voice_mvy_42379155.mp3	045f973448f4576074fe3b5986e282143286d1c18190331219b1e21789c710dc	تُو خلکہ واں با ہُم تُھو آں ڙھا ہُم تُھو		2	0	twenties				mvy	
a240aedfe3c626e32c6d3733420d69f8a2961368ed9b6f79b70763d7f70eab05a4024884a41fc63becc1b4960568fcea9c5fa5bdc7501451b40e46b1216f1105	common_voice_mvy_42379153.mp3	023d0f7f7badc370f95fec50050e7e3cfe3a3d3b9f18f115b6fa011fad9b7831	تروالی دُشمنی تے قتلاں کام کیریۡ تھی		2	1	twenties				mvy	
a240aedfe3c626e32c6d3733420d69f8a2961368ed9b6f79b70763d7f70eab05a4024884a41fc63becc1b4960568fcea9c5fa5bdc7501451b40e46b1216f1105	common_voice_mvy_42379152.mp3	05a913677440188a91650fc478b7018214a00802925d7e7639c1182711df0fed	آز بِلال ستَئیں تل ہُوئینت۔		2	0	twenties				mvy	
a240aedfe3c626e32c6d3733420d69f8a2961368ed9b6f79b70763d7f70eab05a4024884a41fc63becc1b4960568fcea9c5fa5bdc7501451b40e46b1216f1105	common_voice_mvy_42379140.mp3	ddee69f85581a642c92f6d6328adb6191053bab7ad97d08e065f18c04bc0a677	ولے اؤن٘ݜَیں ہاریۡ عِبادت بِگوݜژیل تھی۔		2	0	twenties				mvy	
a240aedfe3c626e32c6d3733420d69f8a2961368ed9b6f79b70763d7f70eab05a4024884a41fc63becc1b4960568fcea9c5fa5bdc7501451b40e46b1216f1105	common_voice_mvy_42379139.mp3	ea6ab019b21905249b8146c8eb7bc9cc2c1da9d257119c6677c7c4cfaa2631d1	کے پی کے ایں ایک پسماندہ علاقہ کوہستان یعنی		2	1	twenties				mvy	
a240aedfe3c626e32c6d3733420d69f8a2961368ed9b6f79b70763d7f70eab05a4024884a41fc63becc1b4960568fcea9c5fa5bdc7501451b40e46b1216f1105	common_voice_mvy_42379137.mp3	f8b7a0c5a559831924cedcd7d15f818cb798103400fbc30be49aea9487a2b5b5	لَک: جہاد، عدالت آں فتوہ دیوں۔		2	0	twenties				mvy	
a240aedfe3c626e32c6d3733420d69f8a2961368ed9b6f79b70763d7f70eab05a4024884a41fc63becc1b4960568fcea9c5fa5bdc7501451b40e46b1216f1105	common_voice_mvy_42367755.mp3	9e01ad15875804633941d8d90e12e6a70e57e1c09d38df1f7269afc50534d764	اسی نہ بُٹ کیوں څَیں واضِح ہو تُھو۔		2	0	twenties				mvy	
a240aedfe3c626e32c6d3733420d69f8a2961368ed9b6f79b70763d7f70eab05a4024884a41fc63becc1b4960568fcea9c5fa5bdc7501451b40e46b1216f1105	common_voice_mvy_42367754.mp3	afec33f59dfee5102297731fc37d228c477cf5abbd0aaf191bc8da1edf2b1c95	آں موقع ملِلیۡ کھیں اسی ملی بِگ بال بنا تُھو۔		2	0	twenties				mvy	
a240aedfe3c626e32c6d3733420d69f8a2961368ed9b6f79b70763d7f70eab05a4024884a41fc63becc1b4960568fcea9c5fa5bdc7501451b40e46b1216f1105	common_voice_mvy_42079198.mp3	47eb3c2d879df1b272e2cf68d0674cdcf88d9439234cddc8b9f0bc1a59091e45	ہاں اللہ پاک راضی ہُن کھئیں کم وختہ نہ سئیں ہُم چھاپ ہُوں اَیݜَتے۔		2	0	twenties				mvy	
a240aedfe3c626e32c6d3733420d69f8a2961368ed9b6f79b70763d7f70eab05a4024884a41fc63becc1b4960568fcea9c5fa5bdc7501451b40e46b1216f1105	common_voice_mvy_42367525.mp3	a2414058f71b5860b4c2bd9cbd6e83827153f22c90e133de0c06fcfdd458e660	ڇیلیل کھیں دڇھیں ہتَیں سبقَیں ان٘گُوی		2	0	twenties				mvy	
a240aedfe3c626e32c6d3733420d69f8a2961368ed9b6f79b70763d7f70eab05a4024884a41fc63becc1b4960568fcea9c5fa5bdc7501451b40e46b1216f1105	common_voice_mvy_42367500.mp3	a138143bb6ad49418e2fbbd1de3f26ac6e2c7f1559941f71803f37130cd16016	انسان گے رُپئ تھی ہاریۡ خلکہ تیں سکہ آں مِنہۡ محبت والا تھو		2	0	twenties				mvy	
a240aedfe3c626e32c6d3733420d69f8a2961368ed9b6f79b70763d7f70eab05a4024884a41fc63becc1b4960568fcea9c5fa5bdc7501451b40e46b1216f1105	common_voice_mvy_42367493.mp3	a23f8f6a570fb13fb585f4a56c66bf5c7131608b1c38a038cc65f770fe965154	”ہو تُھو بے کؤں ݜلیۡ اور“		2	1	twenties				mvy	
a240aedfe3c626e32c6d3733420d69f8a2961368ed9b6f79b70763d7f70eab05a4024884a41fc63becc1b4960568fcea9c5fa5bdc7501451b40e46b1216f1105	common_voice_mvy_42367490.mp3	9da0ca1a834008c4ab7dfbe2468e40fd0231f09d02bebb8f1672fe957664a5b5	زائ پاک فرض تھی۔		2	0	twenties				mvy	
a240aedfe3c626e32c6d3733420d69f8a2961368ed9b6f79b70763d7f70eab05a4024884a41fc63becc1b4960568fcea9c5fa5bdc7501451b40e46b1216f1105	common_voice_mvy_42367485.mp3	a937dac93169ada6d9984fdd8824b50f21f0f5934c10fef0882676b75b8212af	چے سو تحریکے امَیں بین الاقوامی مدد گت گِن نی ہولوئیں		2	1	twenties				mvy	
a240aedfe3c626e32c6d3733420d69f8a2961368ed9b6f79b70763d7f70eab05a4024884a41fc63becc1b4960568fcea9c5fa5bdc7501451b40e46b1216f1105	common_voice_mvy_42367481.mp3	93b1f95527255040d0b48b07d631c38a404812bb7aed74e0bc2ce5488d85d3ab	سیں معاف نیرہ چھی ہاریۡ۔		4	0	twenties				mvy	
a240aedfe3c626e32c6d3733420d69f8a2961368ed9b6f79b70763d7f70eab05a4024884a41fc63becc1b4960568fcea9c5fa5bdc7501451b40e46b1216f1105	common_voice_mvy_42367455.mp3	a1682c77a92ee8a10ea1d651b3a564b8af3ea36dbfb7a109c7a7c67ec0a2eee1	سامان دے یا روزہ دھا،		2	0	twenties				mvy	
a240aedfe3c626e32c6d3733420d69f8a2961368ed9b6f79b70763d7f70eab05a4024884a41fc63becc1b4960568fcea9c5fa5bdc7501451b40e46b1216f1105	common_voice_mvy_42367423.mp3	a411e9ebf47abf9e0f1f22f726dbc8a9291dc4c305cafb6d757eac15734bdc57	اُستازہ تاں شاگڑؤں نہ آن لائن انتحام ہَری لمبرہ دے ہاں تھو ۔		2	0	twenties				mvy	
a240aedfe3c626e32c6d3733420d69f8a2961368ed9b6f79b70763d7f70eab05a4024884a41fc63becc1b4960568fcea9c5fa5bdc7501451b40e46b1216f1105	common_voice_mvy_42367415.mp3	a893cc36f3327d6958dab5a662a27cb955e099098d541ea97e0a26fa8e6ef6e7	کھَیں پُیں ہِن نِوان٘ز شریۡ تھُو۔		2	1	twenties				mvy	
a240aedfe3c626e32c6d3733420d69f8a2961368ed9b6f79b70763d7f70eab05a4024884a41fc63becc1b4960568fcea9c5fa5bdc7501451b40e46b1216f1105	common_voice_mvy_42367403.mp3	a0683355fcf9eb1778be49df02e930a85a3f1bd7c0dec847fa23832d22390e00	گیس دژالُوں گتہ		2	0	twenties				mvy	
a240aedfe3c626e32c6d3733420d69f8a2961368ed9b6f79b70763d7f70eab05a4024884a41fc63becc1b4960568fcea9c5fa5bdc7501451b40e46b1216f1105	common_voice_mvy_42367401.mp3	ae200df7d249cd13ddc542b0e4bbbc44687a99f508858bff594d86e59de0c1d5	آں اېک خاص وختہ ہاریۡ تَیں زِندگی نہ مزہ ہر ہاں تھو۔		2	1	twenties				mvy	
a240aedfe3c626e32c6d3733420d69f8a2961368ed9b6f79b70763d7f70eab05a4024884a41fc63becc1b4960568fcea9c5fa5bdc7501451b40e46b1216f1105	common_voice_mvy_42367383.mp3	9bfecb3427fde35739301f7cb060786766620e3d962023c8fc0efb9e24d2ef22	آں مِیں دوراں ݜُون٘یلیۡ		2	0	twenties				mvy	
a240aedfe3c626e32c6d3733420d69f8a2961368ed9b6f79b70763d7f70eab05a4024884a41fc63becc1b4960568fcea9c5fa5bdc7501451b40e46b1216f1105	common_voice_mvy_42367367.mp3	ae52a33fd69af8bad80cf5b747b42537d03a7319a2c7b2a7956dd39bae72854f	آں درُود دُویں جَہانواں گھین٘رہ لا		2	0	twenties				mvy	
a240aedfe3c626e32c6d3733420d69f8a2961368ed9b6f79b70763d7f70eab05a4024884a41fc63becc1b4960568fcea9c5fa5bdc7501451b40e46b1216f1105	common_voice_mvy_42367362.mp3	8bebd70abb090b5b2d7d0a34dd298c639153e937275fc2ca28237d7557af9c83	بے ہان٘س سِیں می وَیں آن٘ڇھی واں گُٹؤں مہ پُھٹ گی کیریۡ		2	0	twenties				mvy	
a240aedfe3c626e32c6d3733420d69f8a2961368ed9b6f79b70763d7f70eab05a4024884a41fc63becc1b4960568fcea9c5fa5bdc7501451b40e46b1216f1105	common_voice_mvy_42367356.mp3	b1b416c4f1948d3053c80a562cd72d39b4085393018cdd70eefe1b6f93018555	دُو ڇا دیسؤں مہ مِیں ݜِݜ نی دھیاؤ کھیں		2	0	twenties				mvy	
a240aedfe3c626e32c6d3733420d69f8a2961368ed9b6f79b70763d7f70eab05a4024884a41fc63becc1b4960568fcea9c5fa5bdc7501451b40e46b1216f1105	common_voice_mvy_42367118.mp3	a2d3125550b8c98b6427ec424be95155f8e313bb2098c88e942e902b858443fc	ہَئیسرَپِی دَے		2	0	twenties				mvy	
a240aedfe3c626e32c6d3733420d69f8a2961368ed9b6f79b70763d7f70eab05a4024884a41fc63becc1b4960568fcea9c5fa5bdc7501451b40e46b1216f1105	common_voice_mvy_42367349.mp3	929882977c4a07cd1b1fcfc279464939d74c20228cf825d578b65bfd7ffa8da0	کہ تُس پھېرٹہۡ نی تھو کھیں		2	0	twenties				mvy	
a240aedfe3c626e32c6d3733420d69f8a2961368ed9b6f79b70763d7f70eab05a4024884a41fc63becc1b4960568fcea9c5fa5bdc7501451b40e46b1216f1105	common_voice_mvy_42367126.mp3	9800c6dbad7f058bdcc695269804fe49cfbb80176d9d7ce3da6f1882d04d079b	اسیں کریا کام دېل حکم ݜُو وجہۡ نہ بناں تھو		2	0	twenties				mvy	
a240aedfe3c626e32c6d3733420d69f8a2961368ed9b6f79b70763d7f70eab05a4024884a41fc63becc1b4960568fcea9c5fa5bdc7501451b40e46b1216f1105	common_voice_mvy_42367132.mp3	8561477302d79e5f4076f7b555a8f87364820b877fa5ce7d1b47828deb617e2b	کاں غېر مُستقل مېمبرہ تھو سَیں ہر دُو کالؤں نہ		2	0	twenties				mvy	
a240aedfe3c626e32c6d3733420d69f8a2961368ed9b6f79b70763d7f70eab05a4024884a41fc63becc1b4960568fcea9c5fa5bdc7501451b40e46b1216f1105	common_voice_mvy_42367135.mp3	9d10f225a810322f85f3d93740635ab6467976b47fb37d8a5c4307b0cbbabaec	خراب ہُوݩدُوں مفید ہوتُھو۔		2	0	twenties				mvy	
a240aedfe3c626e32c6d3733420d69f8a2961368ed9b6f79b70763d7f70eab05a4024884a41fc63becc1b4960568fcea9c5fa5bdc7501451b40e46b1216f1105	common_voice_mvy_42367146.mp3	9ff197d82f46dedddefc5476e82c5074e2d2e2bfd7e8c817ab2bf9500ce7cba1	تال تے ماریۡ لا دیں ہِن نِم سرئ کم ہوتھی۔		2	0	twenties				mvy	
a240aedfe3c626e32c6d3733420d69f8a2961368ed9b6f79b70763d7f70eab05a4024884a41fc63becc1b4960568fcea9c5fa5bdc7501451b40e46b1216f1105	common_voice_mvy_42367344.mp3	82cd7b6353ce4e2888b59f6519bb69da09997df938cd2b911490e82b810cd1b8	اسے یادی ایل چےۡ اُو ݜس اُستا دِش بنَیں لمِلوۡ		3	0	twenties				mvy	
a240aedfe3c626e32c6d3733420d69f8a2961368ed9b6f79b70763d7f70eab05a4024884a41fc63becc1b4960568fcea9c5fa5bdc7501451b40e46b1216f1105	common_voice_mvy_42367342.mp3	9fb64647521f1d3d1e35644734514476ba26e95a97b27527b2fed1c0ec61b3f8	آں ݜُو شاناں مُتیۡ قصیُوں، ناولؤں، ڈرامیُوں آں فِلمؤں،		2	0	twenties				mvy	
a240aedfe3c626e32c6d3733420d69f8a2961368ed9b6f79b70763d7f70eab05a4024884a41fc63becc1b4960568fcea9c5fa5bdc7501451b40e46b1216f1105	common_voice_mvy_42367333.mp3	9242c24916001238f93f00ee05dc4e77b53b5a1834d513b21fd8d3b49e18daa6	آں، ڈاگدر تُھو۔		2	0	twenties				mvy	
a240aedfe3c626e32c6d3733420d69f8a2961368ed9b6f79b70763d7f70eab05a4024884a41fc63becc1b4960568fcea9c5fa5bdc7501451b40e46b1216f1105	common_voice_mvy_42367187.mp3	a622770e66f8be9c0ef3b0cddbce587d36d5652b7cb009fc47887cdf08afa3d2	بھاں نہ ڇکو ڇکولیۡ دم کٹو		2	0	twenties				mvy	
a240aedfe3c626e32c6d3733420d69f8a2961368ed9b6f79b70763d7f70eab05a4024884a41fc63becc1b4960568fcea9c5fa5bdc7501451b40e46b1216f1105	common_voice_mvy_42367189.mp3	addc774df5b7ee0f08b070a35b645e08a3f5202e5d1d532f7428bd9a2f91c61c	ساواتیۡ قَیدہ مہ درُود بنؤں سُنّت تھُو۔		2	1	twenties				mvy	
a240aedfe3c626e32c6d3733420d69f8a2961368ed9b6f79b70763d7f70eab05a4024884a41fc63becc1b4960568fcea9c5fa5bdc7501451b40e46b1216f1105	common_voice_mvy_42367190.mp3	989b4fa5eca55437aad9ef9004c5cd6a51d41c9738b9f5cb98c6695734dbed93	خا تے تے ݜُو لوڈ شیڈِن٘گَیں ݜے پتہۡ نی تھی		2	0	twenties				mvy	
a240aedfe3c626e32c6d3733420d69f8a2961368ed9b6f79b70763d7f70eab05a4024884a41fc63becc1b4960568fcea9c5fa5bdc7501451b40e46b1216f1105	common_voice_mvy_42367191.mp3	90638c984a1faaf60cf57378a4f86b466eca9f1c125adde549eb84dc8c0777ea	سو دیس ماݜ یا پېریۡ نہ تسیں گُناں واں تپُوس کرَیں زرت نی ہو تھی۔		2	0	twenties				mvy	
a240aedfe3c626e32c6d3733420d69f8a2961368ed9b6f79b70763d7f70eab05a4024884a41fc63becc1b4960568fcea9c5fa5bdc7501451b40e46b1216f1105	common_voice_mvy_42367229.mp3	abdbd5ed3fa4027ad2548af541478176148eeac132e583375b6238b2712ea63e	ݜَتُک دورہ ہاریۡ چے کَتُک انسان تصور/سُوچ کراہاں،		2	0	twenties				mvy	
a240aedfe3c626e32c6d3733420d69f8a2961368ed9b6f79b70763d7f70eab05a4024884a41fc63becc1b4960568fcea9c5fa5bdc7501451b40e46b1216f1105	common_voice_mvy_42367328.mp3	a75c61b8a699db309b64ef190e7718212d1c1aad53f7eef440851f0e797db21e	اک دیس اوک مٹی اے پیالاں کریا بانیۡ		2	0	twenties				mvy	
a240aedfe3c626e32c6d3733420d69f8a2961368ed9b6f79b70763d7f70eab05a4024884a41fc63becc1b4960568fcea9c5fa5bdc7501451b40e46b1216f1105	common_voice_mvy_42367237.mp3	a7b27bda924840f008d1663627ec318ea93d60015fa832e82e234d579fc9ff84	ناجوڑتیا لا ماݜ کمزوری ہوئی تھو ۔		2	0	twenties				mvy	
91237594335a342445bbe0b4df49774c3e519dec1f73fc0b76d383003e528907bdc5b9c5ae08145e2d1b3eb7a47c17d037a4678611bc61ad5c0bbb2febf9941e	common_voice_mvy_42367251.mp3	b0426f005b2107f205a8fce4244b40c0c25b4ca94214802bd6160bea23d17af7	سو متؤں نہ کِھن٘گ کرے بھئ تُھو۔		3	0	thirties				mvy	
91237594335a342445bbe0b4df49774c3e519dec1f73fc0b76d383003e528907bdc5b9c5ae08145e2d1b3eb7a47c17d037a4678611bc61ad5c0bbb2febf9941e	common_voice_mvy_42394807.mp3	5306a45d5beb4b9e6b0f69c3a90f5b55a6aae613e0b8e601b6d27aeb4d78b791	اِواں چام پھلیۡ تُھو		2	1	thirties				mvy	
91237594335a342445bbe0b4df49774c3e519dec1f73fc0b76d383003e528907bdc5b9c5ae08145e2d1b3eb7a47c17d037a4678611bc61ad5c0bbb2febf9941e	common_voice_mvy_42367258.mp3	b02b1802b404627f994cd205db31ff7a662989b25d5f4adc101daf77cd28990c	اېں شُکھُر نېراں تھو یی؟		2	0	thirties				mvy	
91237594335a342445bbe0b4df49774c3e519dec1f73fc0b76d383003e528907bdc5b9c5ae08145e2d1b3eb7a47c17d037a4678611bc61ad5c0bbb2febf9941e	common_voice_mvy_42360698.mp3	5614225b99ead657cd4fd5a20b5415943b702e3edea2172bd416927b27f637b5	مالاں کُھور شری گا یا بِگلہ زخم ای گا		2	0	thirties				mvy	
91237594335a342445bbe0b4df49774c3e519dec1f73fc0b76d383003e528907bdc5b9c5ae08145e2d1b3eb7a47c17d037a4678611bc61ad5c0bbb2febf9941e	common_voice_mvy_42367261.mp3	a79b1218ee44cbedded9dd8db7174d0cc3f762f75ba139b45f4e3196009fc049	آں اېوں ہِن شېطاں لا دېں یاں بن سان٘د؛		2	0	thirties				mvy	
91237594335a342445bbe0b4df49774c3e519dec1f73fc0b76d383003e528907bdc5b9c5ae08145e2d1b3eb7a47c17d037a4678611bc61ad5c0bbb2febf9941e	common_voice_mvy_42367266.mp3	9e07b9e371ad75a53cb8e2e0303992cd046eb9dd7b23f195105b7a9c906c63e1	کہ یونیورسٹی وَیں بال بانُوں کھېں تَلہ		2	0	thirties				mvy	
91237594335a342445bbe0b4df49774c3e519dec1f73fc0b76d383003e528907bdc5b9c5ae08145e2d1b3eb7a47c17d037a4678611bc61ad5c0bbb2febf9941e	common_voice_mvy_42367268.mp3	af3107cdaf39b0e034636d1c770727edf6e775d560278e34875df6556892a695	دین مہ بُٹہ کمہٛ سُون٘ݜ تھہ۔		2	0	thirties				mvy	
91237594335a342445bbe0b4df49774c3e519dec1f73fc0b76d383003e528907bdc5b9c5ae08145e2d1b3eb7a47c17d037a4678611bc61ad5c0bbb2febf9941e	common_voice_mvy_42367271.mp3	a2db5e15876d9082e4bc477ea1248f6511565f25d2f2448a6e09284007f7b322	بگی بھانہ ہُوسو تی مُوٹِھن اېں بے تُھو۔		2	1	thirties				mvy	
91237594335a342445bbe0b4df49774c3e519dec1f73fc0b76d383003e528907bdc5b9c5ae08145e2d1b3eb7a47c17d037a4678611bc61ad5c0bbb2febf9941e	common_voice_mvy_42367275.mp3	ac5d06e8a60a5c513f801b34c346cbcde4a3e832a4b82a665c46895d36e4122a	اسیں مِثال ݜے چے نِوان٘ز مہ سجدہ۔		2	0	thirties				mvy	
91237594335a342445bbe0b4df49774c3e519dec1f73fc0b76d383003e528907bdc5b9c5ae08145e2d1b3eb7a47c17d037a4678611bc61ad5c0bbb2febf9941e	common_voice_mvy_42367276.mp3	aa3e92f5f515055d051539d2cfd60afa4d2a6c6db17a363d2d705644f61e4a9a	”او ککی تے سُگاؤ معلوم تُھو،		2	0	thirties				mvy	
91237594335a342445bbe0b4df49774c3e519dec1f73fc0b76d383003e528907bdc5b9c5ae08145e2d1b3eb7a47c17d037a4678611bc61ad5c0bbb2febf9941e	common_voice_mvy_42367279.mp3	a9c38d06e8289ec23b17143e6804280885dffb6d2816852ce4d52a34a81bff41	ولے گھِنان٘لو اسی نہ فَیدہ نی ہرَیں تھُو۔		2	0	thirties				mvy	
91237594335a342445bbe0b4df49774c3e519dec1f73fc0b76d383003e528907bdc5b9c5ae08145e2d1b3eb7a47c17d037a4678611bc61ad5c0bbb2febf9941e	common_voice_mvy_42367282.mp3	9c380fd34a8a1e2025a40daefe1dd0a378c7055fc7007290f560095209b51055	آں تلاں مُت خلکہ چپے ناجوڑ کراں تھی۔		2	0	thirties				mvy	
91237594335a342445bbe0b4df49774c3e519dec1f73fc0b76d383003e528907bdc5b9c5ae08145e2d1b3eb7a47c17d037a4678611bc61ad5c0bbb2febf9941e	common_voice_mvy_42367284.mp3	9fbabd442b8f593dcd82a82daf6c2c76512a634541f079c115dc43e1e7c1247d	کؤں ماݜاں بلڈ پریشر چئی ہوگا		2	0	thirties				mvy	
91237594335a342445bbe0b4df49774c3e519dec1f73fc0b76d383003e528907bdc5b9c5ae08145e2d1b3eb7a47c17d037a4678611bc61ad5c0bbb2febf9941e	common_voice_mvy_42367292.mp3	ab78b7ddc9ba89554d131896b5f617df4ddb7adb501631212c8c19ce52d9ba54	تُو ایلیۡ اْے مٹی!		2	0	thirties				mvy	
91237594335a342445bbe0b4df49774c3e519dec1f73fc0b76d383003e528907bdc5b9c5ae08145e2d1b3eb7a47c17d037a4678611bc61ad5c0bbb2febf9941e	common_voice_mvy_42367293.mp3	a7152f312fb5c988fb8ca61b57d8afd3789b3646d5ea955d6790c6f6e8216a87	آں زاں کؤں رٹَان٘لو نی تُھو		2	0	thirties				mvy	
91237594335a342445bbe0b4df49774c3e519dec1f73fc0b76d383003e528907bdc5b9c5ae08145e2d1b3eb7a47c17d037a4678611bc61ad5c0bbb2febf9941e	common_voice_mvy_42367305.mp3	70c2e1aa06e4e1e3dfea1fcdcffedf993caa21755e55a494e38f3bcc7c020e6f	بنہ (وو نبی) لن٘گھېل ہُم آں اېت ہُم۔		2	0	thirties				mvy	
91237594335a342445bbe0b4df49774c3e519dec1f73fc0b76d383003e528907bdc5b9c5ae08145e2d1b3eb7a47c17d037a4678611bc61ad5c0bbb2febf9941e	common_voice_mvy_42367308.mp3	b305057ca3a7d6c0c9aff488c1bb88fe6054aab8b0d444c21d45349c3c66d572	دھان٘کہ خلکہ څپرؤں چور اولے آن٘س		2	0	thirties				mvy	
91237594335a342445bbe0b4df49774c3e519dec1f73fc0b76d383003e528907bdc5b9c5ae08145e2d1b3eb7a47c17d037a4678611bc61ad5c0bbb2febf9941e	common_voice_mvy_42367309.mp3	8bbd56dfaee6dcb8a4d75c2f64a588261fd4da8e4250de09df92dba94f784e8c	آں اُو جنوبی اېشیاں اک مُلک تُھو،		3	0	thirties				mvy	
91237594335a342445bbe0b4df49774c3e519dec1f73fc0b76d383003e528907bdc5b9c5ae08145e2d1b3eb7a47c17d037a4678611bc61ad5c0bbb2febf9941e	common_voice_mvy_42367250.mp3	a70dc4c3c4db39ff7def72922312a83182bb9ff2d9cc56a068efac204e7389e1	گِشے چےۡ وِڈیو کُھلاؤ ہُون٘د کِھیں مِیں ہَلالِیوں ڈِھمبژیں لَمِگے،		2	0	thirties				mvy	
91237594335a342445bbe0b4df49774c3e519dec1f73fc0b76d383003e528907bdc5b9c5ae08145e2d1b3eb7a47c17d037a4678611bc61ad5c0bbb2febf9941e	common_voice_mvy_42367315.mp3	969224e86ff884bb9d00ea3266b364e9ab34b26f12b7f142cf226f40dd21be3c	لُوئ ، زِنا یی تے مُت کمہۡ کرؤں حرامے قط تُھو۔		2	0	thirties				mvy	
91237594335a342445bbe0b4df49774c3e519dec1f73fc0b76d383003e528907bdc5b9c5ae08145e2d1b3eb7a47c17d037a4678611bc61ad5c0bbb2febf9941e	common_voice_mvy_42367249.mp3	a1edf17a6c30e8832782c15ba897bab29e8bda36e747b64f3ce31896c1248de2	بنہ اُو نبی، اللہ پاکے څاں سن٘دہ چھی،		2	0	thirties				mvy	
91237594335a342445bbe0b4df49774c3e519dec1f73fc0b76d383003e528907bdc5b9c5ae08145e2d1b3eb7a47c17d037a4678611bc61ad5c0bbb2febf9941e	common_voice_mvy_42367322.mp3	a65f5bc67f19c793a6816eb7d5439f36fa5e4ea0e259dc8eae88754cb20eb54b	آں می اُگھرہۡ خلکؤں ملیۡ کیر۔		2	0	thirties				mvy	
91237594335a342445bbe0b4df49774c3e519dec1f73fc0b76d383003e528907bdc5b9c5ae08145e2d1b3eb7a47c17d037a4678611bc61ad5c0bbb2febf9941e	common_voice_mvy_42367242.mp3	987784bb644e653194ce02b3c600b3e15eede31497abe28ac3e43c73605f5b28	یا ݜُو شاں تَیں خوش لا		2	0	thirties				mvy	
91237594335a342445bbe0b4df49774c3e519dec1f73fc0b76d383003e528907bdc5b9c5ae08145e2d1b3eb7a47c17d037a4678611bc61ad5c0bbb2febf9941e	common_voice_mvy_42367233.mp3	a8c798887b2ef8f919345be55f03dc170e73475ab8457fb7f983a1c357220b50	”ہُو تُھو تُو تَیں چائ پُو تاں کمہۡ لا بہ“		2	0	thirties				mvy	
91237594335a342445bbe0b4df49774c3e519dec1f73fc0b76d383003e528907bdc5b9c5ae08145e2d1b3eb7a47c17d037a4678611bc61ad5c0bbb2febf9941e	common_voice_mvy_42367225.mp3	9920ad50a1528fcd2a96fa45e3b21e0b3d11d36c6136387ee740af8c3ce9ff56	تے بِرژیل اڑوۡ سیر ڇھیرہ مہ ملائ۔		2	0	thirties				mvy	
91237594335a342445bbe0b4df49774c3e519dec1f73fc0b76d383003e528907bdc5b9c5ae08145e2d1b3eb7a47c17d037a4678611bc61ad5c0bbb2febf9941e	common_voice_mvy_42367335.mp3	af934550e7d91a2c0089910914193ff0deb8b53688d2edcd5e594ea2f4a3eb06	اسیں مِثال تراویح کرؤں تُھوْ۔		2	1	thirties				mvy	
91237594335a342445bbe0b4df49774c3e519dec1f73fc0b76d383003e528907bdc5b9c5ae08145e2d1b3eb7a47c17d037a4678611bc61ad5c0bbb2febf9941e	common_voice_mvy_42367171.mp3	9dcbd66778f39aa099182ba36019e469fe7ae37ea73f6180094f1d5920edb792	آں جُنوب مشرق مہ سر کریک ہری مِلیۡ تُھو ،		2	1	thirties				mvy	
91237594335a342445bbe0b4df49774c3e519dec1f73fc0b76d383003e528907bdc5b9c5ae08145e2d1b3eb7a47c17d037a4678611bc61ad5c0bbb2febf9941e	common_voice_mvy_42367170.mp3	aabd892404d4e1f63198083aafe4ffd87a4d5e151012b3cd37c67055cdeed279	نظرہ مہ اضافہ ہُوئ تُھو۔		2	0	thirties				mvy	
91237594335a342445bbe0b4df49774c3e519dec1f73fc0b76d383003e528907bdc5b9c5ae08145e2d1b3eb7a47c17d037a4678611bc61ad5c0bbb2febf9941e	common_voice_mvy_42367168.mp3	ab5864ea96174799910a34f35fe6e36569e6f7e192e2bdcca26c04d191e11fe6	ہُویں ”وطنی علاجہ“ نؤں ہِن ݜُو کتاب لِکژی تُھو۔		2	0	thirties				mvy	
91237594335a342445bbe0b4df49774c3e519dec1f73fc0b76d383003e528907bdc5b9c5ae08145e2d1b3eb7a47c17d037a4678611bc61ad5c0bbb2febf9941e	common_voice_mvy_42367160.mp3	8f1cb4252d89a0e9f21b9441ef72cec222335d818bb0075ddb8a5f5381fb50cc	پیالے تَیں جبہۡ نہ رُمال نھېلے		2	0	thirties				mvy	
91237594335a342445bbe0b4df49774c3e519dec1f73fc0b76d383003e528907bdc5b9c5ae08145e2d1b3eb7a47c17d037a4678611bc61ad5c0bbb2febf9941e	common_voice_mvy_42367339.mp3	a9e160eaa2f4a4fb3beced37453c614ee49ab5e6f3a711a653f0cc5b94cc7f9c	بِکسی نہ تپُوس کرم کِھیں کسی نہ کرم آں گِشے کرم۔		2	0	thirties				mvy	
91237594335a342445bbe0b4df49774c3e519dec1f73fc0b76d383003e528907bdc5b9c5ae08145e2d1b3eb7a47c17d037a4678611bc61ad5c0bbb2febf9941e	common_voice_mvy_42367340.mp3	9487c41da1ad9338dc123f27f0e658d1f6b7a2f952cd3df184a10032629caee3	ݜُو وجہۡ ہِن حضورؐ تَیں عادتی نہ خِلاف		2	0	thirties				mvy	
91237594335a342445bbe0b4df49774c3e519dec1f73fc0b76d383003e528907bdc5b9c5ae08145e2d1b3eb7a47c17d037a4678611bc61ad5c0bbb2febf9941e	common_voice_mvy_42367153.mp3	a662f30a9dedaaf90596af074cff4fdaaf18ca03914a784afe811653af632bcf	می ݜلے توں آچھے تھی تئیں زات کریم		2	1	thirties				mvy	
91237594335a342445bbe0b4df49774c3e519dec1f73fc0b76d383003e528907bdc5b9c5ae08145e2d1b3eb7a47c17d037a4678611bc61ad5c0bbb2febf9941e	common_voice_mvy_42367345.mp3	779b6843e986cff555f8e860f623e2746a0514c48b579cb3a8195ffd72987aa2	شِشیل دان٘ڑیال تماکاں مقدار چلم مہ گلی		2	0	thirties				mvy	
91237594335a342445bbe0b4df49774c3e519dec1f73fc0b76d383003e528907bdc5b9c5ae08145e2d1b3eb7a47c17d037a4678611bc61ad5c0bbb2febf9941e	common_voice_mvy_42367346.mp3	ae921eec0ee9df46c64c660109a74e72644648dc4f2ba3b636c5408bd8e82870	کسے لیلیۡ نیۡ ہُون٘دُوں		2	0	thirties				mvy	
91237594335a342445bbe0b4df49774c3e519dec1f73fc0b76d383003e528907bdc5b9c5ae08145e2d1b3eb7a47c17d037a4678611bc61ad5c0bbb2febf9941e	common_voice_mvy_42367150.mp3	a599b97fde5ddd3ec0d47d0f8131f2923a6d94a6116cb1fa89a30e3c16b767b9	ݜسیں کریا چے سِیں ریاست مدینہ مژ		2	0	thirties				mvy	
91237594335a342445bbe0b4df49774c3e519dec1f73fc0b76d383003e528907bdc5b9c5ae08145e2d1b3eb7a47c17d037a4678611bc61ad5c0bbb2febf9941e	common_voice_mvy_42367147.mp3	9300cd04940155c1d046da1ba8d6414c70dc10a2955b8852ac62ba70a30509ef	ایوں مہ سامُوٹھھ تُھو حُکُم دېن٘لو (حاکم)،		2	0	thirties				mvy	
91237594335a342445bbe0b4df49774c3e519dec1f73fc0b76d383003e528907bdc5b9c5ae08145e2d1b3eb7a47c17d037a4678611bc61ad5c0bbb2febf9941e	common_voice_mvy_42367141.mp3	a88a67ff3badabf0b01a6b50a522755c3489416183697273399da319c6d2f8a0	مُوٹَھیں گولہ تُوں کالہ مہ ݜِݜ دھیؤں حرام		2	1	thirties				mvy	
91237594335a342445bbe0b4df49774c3e519dec1f73fc0b76d383003e528907bdc5b9c5ae08145e2d1b3eb7a47c17d037a4678611bc61ad5c0bbb2febf9941e	common_voice_mvy_42367136.mp3	7bd1388cd401627ca760082fc8fc8d1f9b61365d467a9a8a6f732c0d7cec9da7	صحتی یاں بارہ مہ علمَیں کمی۔		2	0	thirties				mvy	
91237594335a342445bbe0b4df49774c3e519dec1f73fc0b76d383003e528907bdc5b9c5ae08145e2d1b3eb7a47c17d037a4678611bc61ad5c0bbb2febf9941e	common_voice_mvy_42367131.mp3	ad3916be353aeaf3298a03199160cea5275ebb99f096b2e88510433de6b24493	چےۡ تیں ݜَیں ملݜیۡ کتُک دیس واں کریا ای تھو؟		2	0	thirties				mvy	
91237594335a342445bbe0b4df49774c3e519dec1f73fc0b76d383003e528907bdc5b9c5ae08145e2d1b3eb7a47c17d037a4678611bc61ad5c0bbb2febf9941e	common_voice_mvy_42367119.mp3	92b4f8a671e4467c44c9f6c42c36119322d34ad04a61e3404066b5eeb913176e	آں تسیں نافرمانی نہ بِھیئیں لمی گے۔		2	0	thirties				mvy	
91237594335a342445bbe0b4df49774c3e519dec1f73fc0b76d383003e528907bdc5b9c5ae08145e2d1b3eb7a47c17d037a4678611bc61ad5c0bbb2febf9941e	common_voice_mvy_42367117.mp3	abef433e067275e632d13540d8e605ae664f6125d080668cf9e88adb09eede88	سو مقصد ایں ڈا پات گلہ چھی۔		2	0	thirties				mvy	
91237594335a342445bbe0b4df49774c3e519dec1f73fc0b76d383003e528907bdc5b9c5ae08145e2d1b3eb7a47c17d037a4678611bc61ad5c0bbb2febf9941e	common_voice_mvy_42376811.mp3	017c753f95b8ef0f1e28db3393e35775dbe6bd3ebf9df3441fd686c3ea4a257f	مُشقَت یا بھا مہ بِکسیں خرچ اسی لا گُھریۡ تھُو		3	0	thirties				mvy	
91237594335a342445bbe0b4df49774c3e519dec1f73fc0b76d383003e528907bdc5b9c5ae08145e2d1b3eb7a47c17d037a4678611bc61ad5c0bbb2febf9941e	common_voice_mvy_42376810.mp3	f61d7d81306b84228346e62ad01eda09f606110c44a7dfcf1973d927105a0381	مشورہ مہ ݜُو بلیۡ لا فېصلہ ہُون٘دیۡ		2	0	thirties				mvy	
91237594335a342445bbe0b4df49774c3e519dec1f73fc0b76d383003e528907bdc5b9c5ae08145e2d1b3eb7a47c17d037a4678611bc61ad5c0bbb2febf9941e	common_voice_mvy_42367363.mp3	b4336cd21ccd6f4b922a5f3b17dd704355e91365e6ed31ef508a3a148ccfdc76	ذمہ واری پُوریۡ ہوں شرعی نتیجہ تھی۔		2	0	thirties				mvy	
91237594335a342445bbe0b4df49774c3e519dec1f73fc0b76d383003e528907bdc5b9c5ae08145e2d1b3eb7a47c17d037a4678611bc61ad5c0bbb2febf9941e	common_voice_mvy_42367365.mp3	90ca99273ced761cd92e66ddab3843448b57ad3c28a2f0f130830f26808ba89d	معیشتیاں بارہ مہ حُکمہ ای تھہ۔		2	0	thirties				mvy	
91237594335a342445bbe0b4df49774c3e519dec1f73fc0b76d383003e528907bdc5b9c5ae08145e2d1b3eb7a47c17d037a4678611bc61ad5c0bbb2febf9941e	common_voice_mvy_42367366.mp3	9329a8b23fd874a2cbd1fe8388c0d6f81bca61dec2359dbcc25e0b0c43fff66c	حرف سو تُھو چے تسی مژ اسم		2	0	thirties				mvy	
91237594335a342445bbe0b4df49774c3e519dec1f73fc0b76d383003e528907bdc5b9c5ae08145e2d1b3eb7a47c17d037a4678611bc61ad5c0bbb2febf9941e	common_voice_mvy_42376809.mp3	ec02574f30f29eac919686a4d66c828a607105bf70c368b73e32bce5929cf951	ݜِݜہ لا گھاݜ کھیں ݜِݜَیں دڑ ختم ہوتھی۔		2	0	thirties				mvy	
91237594335a342445bbe0b4df49774c3e519dec1f73fc0b76d383003e528907bdc5b9c5ae08145e2d1b3eb7a47c17d037a4678611bc61ad5c0bbb2febf9941e	common_voice_mvy_42376808.mp3	f176eae061f1f87fe34f30ab99e61f757ff130ec286c8d1636b3dc00c868f27c	نِم سرَیں علاجَیں طریقہ شے تھی چے		2	0	thirties				mvy	
91237594335a342445bbe0b4df49774c3e519dec1f73fc0b76d383003e528907bdc5b9c5ae08145e2d1b3eb7a47c17d037a4678611bc61ad5c0bbb2febf9941e	common_voice_mvy_42376807.mp3	ef26eec288a6adf090bf652687d593b308057f9102bccfd65a1ce25450e7f79d	تسیں دن مِٹھوۡ بدل (اجر) تُھو،		2	0	thirties				mvy	
91237594335a342445bbe0b4df49774c3e519dec1f73fc0b76d383003e528907bdc5b9c5ae08145e2d1b3eb7a47c17d037a4678611bc61ad5c0bbb2febf9941e	common_voice_mvy_42367391.mp3	b373a859ea7e8212362c5185949bf3b7f1a4c4eca4d82167347016e690a09a3e	تلاں سِیں ماٹی واں کریا کؤ کرے بانیۡ		2	0	thirties				mvy	
91237594335a342445bbe0b4df49774c3e519dec1f73fc0b76d383003e528907bdc5b9c5ae08145e2d1b3eb7a47c17d037a4678611bc61ad5c0bbb2febf9941e	common_voice_mvy_42367392.mp3	b40c2b984fe236298560452eb089f560ec856f424edaaa58d666f6ec76e033e6	ݜس بنے سو گھَیں بٹھیۡ دھا روان ہُون٘د۔		2	1	thirties				mvy	
91237594335a342445bbe0b4df49774c3e519dec1f73fc0b76d383003e528907bdc5b9c5ae08145e2d1b3eb7a47c17d037a4678611bc61ad5c0bbb2febf9941e	common_voice_mvy_42367393.mp3	46b7b0defefe50e4d04237eb19fcd490139715deb4bf3bbb4675ad17f85cdb5d	اُولی ہویں مہ قِرات کرَیں ہِن اڅھک ہُوئ تھُو۔		2	0	thirties				mvy	
91237594335a342445bbe0b4df49774c3e519dec1f73fc0b76d383003e528907bdc5b9c5ae08145e2d1b3eb7a47c17d037a4678611bc61ad5c0bbb2febf9941e	common_voice_mvy_42367394.mp3	a1274f564faa603c5294f726d10f5952d898742244adc312aec2c5c358e6f8cc	آژُک وختہ مہ مھالواں کریا ݜُو اک گھوں چېلنج تُھو		2	0	thirties				mvy	
91237594335a342445bbe0b4df49774c3e519dec1f73fc0b76d383003e528907bdc5b9c5ae08145e2d1b3eb7a47c17d037a4678611bc61ad5c0bbb2febf9941e	common_voice_mvy_42376801.mp3	f97ddabf82ddee09d19a2038b48de65052fd547374934fa7fd46527a65991b80	جملہ انشائیہ سوتھی چے تسی مژ بال بنیں والاں کریا		3	0	thirties				mvy	
91237594335a342445bbe0b4df49774c3e519dec1f73fc0b76d383003e528907bdc5b9c5ae08145e2d1b3eb7a47c17d037a4678611bc61ad5c0bbb2febf9941e	common_voice_mvy_42376800.mp3	da1fb2e83e3a48af0864ddb43c5b408defc2bcfc564b3f1c9b23314748154852	”کافرانہ سا ہے ۔۔۔۔۔۔۔سخ اواز اوک تُھو ویے“		2	0	thirties				mvy	
91237594335a342445bbe0b4df49774c3e519dec1f73fc0b76d383003e528907bdc5b9c5ae08145e2d1b3eb7a47c17d037a4678611bc61ad5c0bbb2febf9941e	common_voice_mvy_42376798.mp3	00867b0f8b43d1c5c639794784431911178a66b4f4afcb36b6bb5367c325aa00	خو میں اس کتاب مہ صرف		2	0	thirties				mvy	
91237594335a342445bbe0b4df49774c3e519dec1f73fc0b76d383003e528907bdc5b9c5ae08145e2d1b3eb7a47c17d037a4678611bc61ad5c0bbb2febf9941e	common_voice_mvy_42367416.mp3	90b4de1e3eb727d99c26a9a1ff10d5e3da824b4ab5231db6d6aad7e35d418772	زورؤں کھیَیں ہِن رات صاف ہوگلے		2	0	thirties				mvy	
91237594335a342445bbe0b4df49774c3e519dec1f73fc0b76d383003e528907bdc5b9c5ae08145e2d1b3eb7a47c17d037a4678611bc61ad5c0bbb2febf9941e	common_voice_mvy_42376782.mp3	e180b51fafa168d977d5c26b9b5de189fd57a1185f0346721f8bad48d450f011	بے څاں حسابے ژُن٘ڑوں مُچاتھہ،		2	0	thirties				mvy	
91237594335a342445bbe0b4df49774c3e519dec1f73fc0b76d383003e528907bdc5b9c5ae08145e2d1b3eb7a47c17d037a4678611bc61ad5c0bbb2febf9941e	common_voice_mvy_42376781.mp3	e95b647597c941400236cbf23189f7a978c17ae5186fad913a32859da81d8be2	منہ چور اک مُتیۡ دُنئ آن٘سیۡ		2	0	thirties				mvy	
91237594335a342445bbe0b4df49774c3e519dec1f73fc0b76d383003e528907bdc5b9c5ae08145e2d1b3eb7a47c17d037a4678611bc61ad5c0bbb2febf9941e	common_voice_mvy_42376780.mp3	eabd9e45f642f08c6fb3a9220df3538071a9fb7ba4ec91b1eb68ec872ed3d1c2	کتاب آ		2	0	thirties				mvy	
91237594335a342445bbe0b4df49774c3e519dec1f73fc0b76d383003e528907bdc5b9c5ae08145e2d1b3eb7a47c17d037a4678611bc61ad5c0bbb2febf9941e	common_voice_mvy_42376779.mp3	ee3938fedfc81dab7a5a44828aaaf405e746f497ec3930407cec24923769ae99	آں دُوئیں طرف طالبہ تے عام خلق		2	0	thirties				mvy	
91237594335a342445bbe0b4df49774c3e519dec1f73fc0b76d383003e528907bdc5b9c5ae08145e2d1b3eb7a47c17d037a4678611bc61ad5c0bbb2febf9941e	common_voice_mvy_42367427.mp3	9d48cb109ad3b79a4ea966f8ad4622982ffe5966e25d23048d9c08dc8d1571fd	اېں تاں خوانؤں چیندالی آں ہمزولئ ہو تھی۔		2	0	thirties				mvy	
91237594335a342445bbe0b4df49774c3e519dec1f73fc0b76d383003e528907bdc5b9c5ae08145e2d1b3eb7a47c17d037a4678611bc61ad5c0bbb2febf9941e	common_voice_mvy_42367429.mp3	a3996148cf0c13a57d5c6031442bddaf0d3ed7d6f7e1f9ab3c82787603f4d7fe	پاتل اک بج تھی۔		2	0	thirties				mvy	
91237594335a342445bbe0b4df49774c3e519dec1f73fc0b76d383003e528907bdc5b9c5ae08145e2d1b3eb7a47c17d037a4678611bc61ad5c0bbb2febf9941e	common_voice_mvy_42367442.mp3	ae867fff73b8480b65bccb0bc2453eb4b90dd72d5e73cf6fb0e4f11e3f34f6db	ݜس بانیۡ کھیں بُٹ بھاں چُلان٘س۔		2	0	thirties				mvy	
91237594335a342445bbe0b4df49774c3e519dec1f73fc0b76d383003e528907bdc5b9c5ae08145e2d1b3eb7a47c17d037a4678611bc61ad5c0bbb2febf9941e	common_voice_mvy_42367447.mp3	a267b04a67917cf1d1395aa23a9a5264d6a1ccc31821c4ab860b6c8d8f2daebd	دِیناں ہر کِھن٘گی لا تفصیل ہِن غور کیر کھیں		2	0	thirties				mvy	
91237594335a342445bbe0b4df49774c3e519dec1f73fc0b76d383003e528907bdc5b9c5ae08145e2d1b3eb7a47c17d037a4678611bc61ad5c0bbb2febf9941e	common_voice_mvy_42367448.mp3	ad829775455b7b467e892c9358d91a01b1261cfd7ff1cbcb96891d3153ecffe3	قمقملتیا مہ انسان بلیوں مہ گڈ وَڈ ہُوئ تُھو		2	0	thirties				mvy	
91237594335a342445bbe0b4df49774c3e519dec1f73fc0b76d383003e528907bdc5b9c5ae08145e2d1b3eb7a47c17d037a4678611bc61ad5c0bbb2febf9941e	common_voice_mvy_42376771.mp3	d3c9e2cd6d066e11202eda3c73a240170cd7bc72b3dcb8f4bb18dc02fe8193fd	مِیں اَیں نہ گُف نی نھېل ہؤں، گِشے نِک؟		2	0	thirties				mvy	
91237594335a342445bbe0b4df49774c3e519dec1f73fc0b76d383003e528907bdc5b9c5ae08145e2d1b3eb7a47c17d037a4678611bc61ad5c0bbb2febf9941e	common_voice_mvy_42376770.mp3	eff6353d7365ebc55d77e192661b865de3eba3b466da6ba34f21c1ea00a9f0df	بس کھٹَیں ݜُو چے اک گتہ گی نی دھری تُھو۔		2	0	thirties				mvy	
91237594335a342445bbe0b4df49774c3e519dec1f73fc0b76d383003e528907bdc5b9c5ae08145e2d1b3eb7a47c17d037a4678611bc61ad5c0bbb2febf9941e	common_voice_mvy_42376769.mp3	fd4de73d2830090b828f55e76d0c37fe9bc14dd0f0488585a947b44fbc67a208	گی قِسمہ تھو سَیں گتہ سِڇھاتھو۔		2	0	thirties				mvy	
91237594335a342445bbe0b4df49774c3e519dec1f73fc0b76d383003e528907bdc5b9c5ae08145e2d1b3eb7a47c17d037a4678611bc61ad5c0bbb2febf9941e	common_voice_mvy_42376768.mp3	eaa03a4b635b6e03cd211572c29579d0853a13dd000f21799a0403adfcedc8a5	کسی وَیں نھالہ کھیں موحبتی مہ ڙِھکوۡژا تُھو،		2	0	thirties				mvy	
91237594335a342445bbe0b4df49774c3e519dec1f73fc0b76d383003e528907bdc5b9c5ae08145e2d1b3eb7a47c17d037a4678611bc61ad5c0bbb2febf9941e	common_voice_mvy_42367450.mp3	b166949388c249e276dc586bd91387c113af9bcc6ec16e9cb036e8d2a63357f5	کسے سہی پان٘د معلوم ہو تھی:		2	0	thirties				mvy	
91237594335a342445bbe0b4df49774c3e519dec1f73fc0b76d383003e528907bdc5b9c5ae08145e2d1b3eb7a47c17d037a4678611bc61ad5c0bbb2febf9941e	common_voice_mvy_42376747.mp3	fb884c4768c2d657232033eebbe536806fe8376e10f8ddc0030175b1939eb492	رال تلہ کرے، پن٘دَیں پتہۡ کرے ثؤراں گور مہ بھېٹوۡ۔		2	0	thirties				mvy	
91237594335a342445bbe0b4df49774c3e519dec1f73fc0b76d383003e528907bdc5b9c5ae08145e2d1b3eb7a47c17d037a4678611bc61ad5c0bbb2febf9941e	common_voice_mvy_42376746.mp3	fc73233c43bc827ab31c8f0e1176f6409325dd5272f965a52cdaee1b6d288489	ڇا دېسہۡ مکّہ مژہۡ لن٘گھا،		2	0	thirties				mvy	
91237594335a342445bbe0b4df49774c3e519dec1f73fc0b76d383003e528907bdc5b9c5ae08145e2d1b3eb7a47c17d037a4678611bc61ad5c0bbb2febf9941e	common_voice_mvy_42376744.mp3	fd1bb28270fd16134493feb675faa5aa809400b9e7a5f1b31200234d293eb03a	آں تے سیں ݜژی گلے بلی ایل؛		2	0	thirties				mvy	
91237594335a342445bbe0b4df49774c3e519dec1f73fc0b76d383003e528907bdc5b9c5ae08145e2d1b3eb7a47c17d037a4678611bc61ad5c0bbb2febf9941e	common_voice_mvy_42376743.mp3	fa1ca9302619c4df11bf9963b1b8f6d5f21605e0155de85dab776d4aef774ac6	چو ہلے څَیں پتہۡ اے تھی چے کؤں اپان٘دُو (گمراہ) تھُو۔		2	0	thirties				mvy	
91237594335a342445bbe0b4df49774c3e519dec1f73fc0b76d383003e528907bdc5b9c5ae08145e2d1b3eb7a47c17d037a4678611bc61ad5c0bbb2febf9941e	common_voice_mvy_42367482.mp3	a5e295a3df2244a11c600ba035838591102f56ad5eccf49df1a1852ca1c2f87e	پادېس قرېشواں کِریا نبیؐ ایں زئ لا کلہۡ چےۡ علیؓ مِلِل کھیں		2	1	thirties				mvy	
91237594335a342445bbe0b4df49774c3e519dec1f73fc0b76d383003e528907bdc5b9c5ae08145e2d1b3eb7a47c17d037a4678611bc61ad5c0bbb2febf9941e	common_voice_mvy_42367483.mp3	b3d465dc70b52c4ca117393a237c4bc4cf614f3f05b4ca45839e943549f8e894	کمزورتیا ختم ہوتُھو۔		2	0	thirties				mvy	
91237594335a342445bbe0b4df49774c3e519dec1f73fc0b76d383003e528907bdc5b9c5ae08145e2d1b3eb7a47c17d037a4678611bc61ad5c0bbb2febf9941e	common_voice_mvy_42367487.mp3	a2397f332f27a0fa6527410f73412f07edb855f8d140b34e0221ca7ded6514ae	تس گِنے بناں تھہ		2	0	thirties				mvy	
91237594335a342445bbe0b4df49774c3e519dec1f73fc0b76d383003e528907bdc5b9c5ae08145e2d1b3eb7a47c17d037a4678611bc61ad5c0bbb2febf9941e	common_voice_mvy_42376726.mp3	e10951be6c1b54b880378827a204956faa609e4a21cedef2fdab4ff6e810996d	نتھېو وَیں بیماری یاں کریا		2	0	thirties				mvy	
91237594335a342445bbe0b4df49774c3e519dec1f73fc0b76d383003e528907bdc5b9c5ae08145e2d1b3eb7a47c17d037a4678611bc61ad5c0bbb2febf9941e	common_voice_mvy_42367492.mp3	a6e72d36beb6b6539e85f919037f82a319d84596061458aa47d7ae4681b8a1ae	کوشش کری چے چو زات تپاں دېس تاں بھا لا بھئ۔		2	0	thirties				mvy	
91237594335a342445bbe0b4df49774c3e519dec1f73fc0b76d383003e528907bdc5b9c5ae08145e2d1b3eb7a47c17d037a4678611bc61ad5c0bbb2febf9941e	common_voice_mvy_42376725.mp3	ca10ad079a609108b8d44d5a92dc8b1a0bf421d8cd8b5c482786b887c5b65771	اما تے تاں بھا والا رڇھَیں یاں ترتیب		3	0	thirties				mvy	
91237594335a342445bbe0b4df49774c3e519dec1f73fc0b76d383003e528907bdc5b9c5ae08145e2d1b3eb7a47c17d037a4678611bc61ad5c0bbb2febf9941e	common_voice_mvy_42367494.mp3	aa0b398b894ac23b7dc3b4f2112a1c729ad9913cbc0d9cda45fe4efd0b94c10c	اېک ڈاکٹر ہویں وجہۡ نہ زَیں ذمواری ݜُو تھی		3	0	thirties				mvy	
91237594335a342445bbe0b4df49774c3e519dec1f73fc0b76d383003e528907bdc5b9c5ae08145e2d1b3eb7a47c17d037a4678611bc61ad5c0bbb2febf9941e	common_voice_mvy_42376722.mp3	fbc7d6350b7631e3e0c2b437c7fea8bc963544c684dde297790afd8c9a0509e8	رُکوع مہ ݜِݜ یی تے ڈاؤ کوکسے سون٘ݜیۡ رؤں،		2	0	thirties				mvy	
91237594335a342445bbe0b4df49774c3e519dec1f73fc0b76d383003e528907bdc5b9c5ae08145e2d1b3eb7a47c17d037a4678611bc61ad5c0bbb2febf9941e	common_voice_mvy_42367512.mp3	adc9d035699d769d146d5df6a88bdee5a7f69d86124736ecc961d37d16dd3c4c	چے نیڙ بېن٘یاں وخ ہِلاک شن٘گلو ڈالٹہ مژ بڑقا		2	0	thirties				mvy	
91237594335a342445bbe0b4df49774c3e519dec1f73fc0b76d383003e528907bdc5b9c5ae08145e2d1b3eb7a47c17d037a4678611bc61ad5c0bbb2febf9941e	common_voice_mvy_42367515.mp3	93ec4cde37b1065955b4da1a023f1f9ef5fa4f81eaed112fa7cfc5f433e8fdb9	چے سو کام اللہ پاکے قبُول نی ہو تھُو۔		3	0	thirties				mvy	
91237594335a342445bbe0b4df49774c3e519dec1f73fc0b76d383003e528907bdc5b9c5ae08145e2d1b3eb7a47c17d037a4678611bc61ad5c0bbb2febf9941e	common_voice_mvy_42367518.mp3	a4bba113ea619ad194cea72aea6859a45700e6e7bf0091a3071a51925e0c9813	کرؤے اېک گھداں پنگُویں نہِرہۡ کرہ گِلیۡ۔		3	0	thirties				mvy	
91237594335a342445bbe0b4df49774c3e519dec1f73fc0b76d383003e528907bdc5b9c5ae08145e2d1b3eb7a47c17d037a4678611bc61ad5c0bbb2febf9941e	common_voice_mvy_42367519.mp3	ae4cdef190ee2a6151a886969d5fd31938628fac48b906c16aa5817f09008ec9	ݜُو بھا کسِیں تُھو؟		2	0	thirties				mvy	
91237594335a342445bbe0b4df49774c3e519dec1f73fc0b76d383003e528907bdc5b9c5ae08145e2d1b3eb7a47c17d037a4678611bc61ad5c0bbb2febf9941e	common_voice_mvy_42367520.mp3	a64d32f57a859273b57131c51656cc0d64982834afa1d5971a6c7c8620c0f5eb	چئ تتیۡ ژر ہُوئ تھی		2	0	thirties				mvy	
91237594335a342445bbe0b4df49774c3e519dec1f73fc0b76d383003e528907bdc5b9c5ae08145e2d1b3eb7a47c17d037a4678611bc61ad5c0bbb2febf9941e	common_voice_mvy_42376721.mp3	fe5d909f126887ba99afbf70e6b97e8602d2db5e13e1dcc186d7ad5da173f943	کموک سہات سوچ کری لہ		2	0	thirties				mvy	
91237594335a342445bbe0b4df49774c3e519dec1f73fc0b76d383003e528907bdc5b9c5ae08145e2d1b3eb7a47c17d037a4678611bc61ad5c0bbb2febf9941e	common_voice_mvy_42376719.mp3	e934f3b017f8d587c4ddbe29413a025ef52ea19d186d42ba6f8b0de0f03a51ce	کھیں تسے پکار تھی چے فوراً اما کچھاں ہسپتالے ڇېلیے۔		2	0	thirties				mvy	
91237594335a342445bbe0b4df49774c3e519dec1f73fc0b76d383003e528907bdc5b9c5ae08145e2d1b3eb7a47c17d037a4678611bc61ad5c0bbb2febf9941e	common_voice_mvy_42376718.mp3	fc81d8db45216e64f8b5ab5a2719a1a92f80c6c26489234060cc9b86a3a11c66	اللہ پاکاں ݜے حُکمہ		2	0	thirties				mvy	
91237594335a342445bbe0b4df49774c3e519dec1f73fc0b76d383003e528907bdc5b9c5ae08145e2d1b3eb7a47c17d037a4678611bc61ad5c0bbb2febf9941e	common_voice_mvy_42376716.mp3	f7140b5de8c1c50166238701a4e3edadc5beb91955bdff4a0bb82e9a87cafaa8	ایں بانیۡ: ہئ ارمان! میں قام شِدیۡ ہو وتے		2	0	thirties				mvy	
91237594335a342445bbe0b4df49774c3e519dec1f73fc0b76d383003e528907bdc5b9c5ae08145e2d1b3eb7a47c17d037a4678611bc61ad5c0bbb2febf9941e	common_voice_mvy_42376709.mp3	ffd44105fec9c7ee3193c998eee6cb69e27cff750d8e01117046d68b78fee933	چے اسی مژ اېک انقلاب اے۔		2	0	thirties				mvy	
91237594335a342445bbe0b4df49774c3e519dec1f73fc0b76d383003e528907bdc5b9c5ae08145e2d1b3eb7a47c17d037a4678611bc61ad5c0bbb2febf9941e	common_voice_mvy_42376708.mp3	f69f8423d3c254c8aeb8dd6d23c45f633c977b6cc496dcd6bb8d3d320e4d8ac5	نبی علیہ سلامے ژُن٘ڑُوں کلِیں تیاری شروع کیریۡ۔		2	0	thirties				mvy	
91237594335a342445bbe0b4df49774c3e519dec1f73fc0b76d383003e528907bdc5b9c5ae08145e2d1b3eb7a47c17d037a4678611bc61ad5c0bbb2febf9941e	common_voice_mvy_42376707.mp3	ff9e89cf7c15cc8637c0a0cc38aaac6d672ef36d2d9379bbec2106a37b839ff1	ناراستی دے تھی۔		2	0	thirties				mvy	
91237594335a342445bbe0b4df49774c3e519dec1f73fc0b76d383003e528907bdc5b9c5ae08145e2d1b3eb7a47c17d037a4678611bc61ad5c0bbb2febf9941e	common_voice_mvy_42367551.mp3	b82ec6fa1da7e3e9d9313017a1cf9060d01f0052d5dc16c692aaca2bbc47b7f2	چے قلمَیں طاقت علمَیں طاقت تھی		2	0	thirties				mvy	
91237594335a342445bbe0b4df49774c3e519dec1f73fc0b76d383003e528907bdc5b9c5ae08145e2d1b3eb7a47c17d037a4678611bc61ad5c0bbb2febf9941e	common_voice_mvy_42376706.mp3	ece2910450587f275b5fc8d6331f0080d1f24c46cc01c7c43ec05d4c1c548ff9	کھیں دنہۡ وَیں بیماری ختم ہوتھی۔		2	0	thirties				mvy	
91237594335a342445bbe0b4df49774c3e519dec1f73fc0b76d383003e528907bdc5b9c5ae08145e2d1b3eb7a47c17d037a4678611bc61ad5c0bbb2febf9941e	common_voice_mvy_42367559.mp3	a16df7ed56550fb3d17898fe865313c589892b3ad2406270ba9210468302b616	کس ماݜاں جسمہ مژ سخ دڑ ہو		2	0	thirties				mvy	
91237594335a342445bbe0b4df49774c3e519dec1f73fc0b76d383003e528907bdc5b9c5ae08145e2d1b3eb7a47c17d037a4678611bc61ad5c0bbb2febf9941e	common_voice_mvy_42367570.mp3	acc3b1818f2b188ae2888f888fd8120b1fa8af9058e0d757df9d628309b96321	”مہ تِیں جیجُو ہوم تُھو یی؟“		2	1	thirties				mvy	
91237594335a342445bbe0b4df49774c3e519dec1f73fc0b76d383003e528907bdc5b9c5ae08145e2d1b3eb7a47c17d037a4678611bc61ad5c0bbb2febf9941e	common_voice_mvy_42367571.mp3	ae1e4d9c7c1d253239a401d265f67ac76c332dd95b98d7e08a1660830785b905	چے سَیں کم لکھ مریضؤں مژ ظاہر ہوں تھی۔		2	0	thirties				mvy	
91237594335a342445bbe0b4df49774c3e519dec1f73fc0b76d383003e528907bdc5b9c5ae08145e2d1b3eb7a47c17d037a4678611bc61ad5c0bbb2febf9941e	common_voice_mvy_42376704.mp3	ed576502170bb7efd3dd367092c67b2b7d33a25e6e82259b928df02b168136ea	گازریۡ ہِن نظرَیں چئ بہتہۡرین علاج ہُوئ تھی		2	0	thirties				mvy	
91237594335a342445bbe0b4df49774c3e519dec1f73fc0b76d383003e528907bdc5b9c5ae08145e2d1b3eb7a47c17d037a4678611bc61ad5c0bbb2febf9941e	common_voice_mvy_42376701.mp3	fbd27d274cca4093c6e33271945396545bf84169088637f3903955453dc7d87b	دَہیۡ کَہ لیکھیۡ یا تلُوئیں ہُون٘دُوں		4	0	thirties				mvy	
91237594335a342445bbe0b4df49774c3e519dec1f73fc0b76d383003e528907bdc5b9c5ae08145e2d1b3eb7a47c17d037a4678611bc61ad5c0bbb2febf9941e	common_voice_mvy_42376699.mp3	f0e4a68e5d888414058afe05ab68968fb540286f21c3ebad7af05abd359c447d	آں مادہ پرست خلکہ واں کریا		2	0	thirties				mvy	
91237594335a342445bbe0b4df49774c3e519dec1f73fc0b76d383003e528907bdc5b9c5ae08145e2d1b3eb7a47c17d037a4678611bc61ad5c0bbb2febf9941e	common_voice_mvy_42376698.mp3	fe597cbc4892d30ff7d6da85000cb3a2439dd5f30614b7e2c03c05e01f8c133f	آں ݜس علم دېوں گتہ ضروری تُھو		2	0	thirties				mvy	
91237594335a342445bbe0b4df49774c3e519dec1f73fc0b76d383003e528907bdc5b9c5ae08145e2d1b3eb7a47c17d037a4678611bc61ad5c0bbb2febf9941e	common_voice_mvy_42367572.mp3	93290520f9c569db9694498e930187b67fc31e62d108a1c7fc36f607f004154b	صاف وے ایں کمی۔		2	0	thirties				mvy	
91237594335a342445bbe0b4df49774c3e519dec1f73fc0b76d383003e528907bdc5b9c5ae08145e2d1b3eb7a47c17d037a4678611bc61ad5c0bbb2febf9941e	common_voice_mvy_42367573.mp3	b39805ad831a8262ecfbe7d6d86d5d8a4df0b260f38e013d3f8df0251bff18ea	مہ ہُویں سامُوٹھھیۡ بال بناتُھو		2	0	thirties				mvy	
91237594335a342445bbe0b4df49774c3e519dec1f73fc0b76d383003e528907bdc5b9c5ae08145e2d1b3eb7a47c17d037a4678611bc61ad5c0bbb2febf9941e	common_voice_mvy_42367583.mp3	9cd06410e61d3431868df297cfe6ef96bacb70548093c2f8e13b6011aed3b092	ݜس ٹماٹراں استعمال ہِن		2	0	thirties				mvy	
91237594335a342445bbe0b4df49774c3e519dec1f73fc0b76d383003e528907bdc5b9c5ae08145e2d1b3eb7a47c17d037a4678611bc61ad5c0bbb2febf9941e	common_voice_mvy_42367584.mp3	ac3946fe0c4b3ba5fa3fab585d0f6c03119f43edc967904fc9591821e4fdf110	ݜلَاں پتَیں، ہِجرتیں فېصلہ ہُوۡن٘دیۡ۔		2	0	thirties				mvy	
91237594335a342445bbe0b4df49774c3e519dec1f73fc0b76d383003e528907bdc5b9c5ae08145e2d1b3eb7a47c17d037a4678611bc61ad5c0bbb2febf9941e	common_voice_mvy_42367590.mp3	6e25fd8c1086eca61d8dfbd4fdd2673e97177d99c3c7fcb02a64e06a719b5530	سِوَیں ہر وختی لا ایک سُگو تازا ٹماٹر دھیاگلے چُوݜیائ۔		2	0	thirties				mvy	
91237594335a342445bbe0b4df49774c3e519dec1f73fc0b76d383003e528907bdc5b9c5ae08145e2d1b3eb7a47c17d037a4678611bc61ad5c0bbb2febf9941e	common_voice_mvy_42367594.mp3	93dd1a4bbdcf61ef0a02d3ea9c909fe4de4baaa586af519ed3e7cab412f72a7f	آں اُو ݜُو شاناں رتَیں چھاڑیۡ مہ ہُم من٘ڑنئ تُھو۔		3	0	thirties				mvy	
91237594335a342445bbe0b4df49774c3e519dec1f73fc0b76d383003e528907bdc5b9c5ae08145e2d1b3eb7a47c17d037a4678611bc61ad5c0bbb2febf9941e	common_voice_mvy_42367597.mp3	ab79797b5272dfb4c4aa5feea994e86220b3d1ee425ad8f92fa44e11f8977a38	سوشل میڈیاں فَیدی ݜَیں تھو		2	0	thirties				mvy	
91237594335a342445bbe0b4df49774c3e519dec1f73fc0b76d383003e528907bdc5b9c5ae08145e2d1b3eb7a47c17d037a4678611bc61ad5c0bbb2febf9941e	common_voice_mvy_42367598.mp3	af76aec0fadebc34eaa5d5c807fd2bf87072e14898b01355d710239e63f94c34	تگے تیں علمَیں آہیۡنہ پشائ تُھو۔		3	0	thirties				mvy	
91237594335a342445bbe0b4df49774c3e519dec1f73fc0b76d383003e528907bdc5b9c5ae08145e2d1b3eb7a47c17d037a4678611bc61ad5c0bbb2febf9941e	common_voice_mvy_42367599.mp3	aee9e63cad5efb344d6d794f2e5d753a1eb402baf01ee48e82f5bfac7825ae68	کؤں ماݜ اگار مہ معمولی دژی گا		2	0	thirties				mvy	
91237594335a342445bbe0b4df49774c3e519dec1f73fc0b76d383003e528907bdc5b9c5ae08145e2d1b3eb7a47c17d037a4678611bc61ad5c0bbb2febf9941e	common_voice_mvy_42367600.mp3	b7173726b99fd29ba1b3750ec4709da71aead0961ef7451e83da159f8688139d	گازریۡ ہِن ماسوم ہویں تکلیف مہ کمی ای تھی ۔		2	0	thirties				mvy	
91237594335a342445bbe0b4df49774c3e519dec1f73fc0b76d383003e528907bdc5b9c5ae08145e2d1b3eb7a47c17d037a4678611bc61ad5c0bbb2febf9941e	common_voice_mvy_42367602.mp3	b064485e5c6b4d37273db05ae7e82e94d5dff7e293839b2c731b0064f35db8b9	یا بے کَس کام کرؤں یا نېرؤں ایک څیز بنیل ہو،		3	1	thirties				mvy	
91237594335a342445bbe0b4df49774c3e519dec1f73fc0b76d383003e528907bdc5b9c5ae08145e2d1b3eb7a47c17d037a4678611bc61ad5c0bbb2febf9941e	common_voice_mvy_42367617.mp3	a9fbccae4dc667a92d1ff69324b445cae98b752c363b1f870af9e8ba6c7bddf8	ݜے بلی ایگلا گلاں تھی چے تسیں وجہۡ ہِن		2	0	thirties				mvy	
91237594335a342445bbe0b4df49774c3e519dec1f73fc0b76d383003e528907bdc5b9c5ae08145e2d1b3eb7a47c17d037a4678611bc61ad5c0bbb2febf9941e	common_voice_mvy_42367624.mp3	ae4dfcf68216507d8923a164e05524d137f99e926741a73fb5889c820ff5d97e	مدینہ نہ نِکَیل یہودی خېبرہ مہ جمع ہُووان٘س،		3	0	thirties				mvy	
91237594335a342445bbe0b4df49774c3e519dec1f73fc0b76d383003e528907bdc5b9c5ae08145e2d1b3eb7a47c17d037a4678611bc61ad5c0bbb2febf9941e	common_voice_mvy_42376696.mp3	f910eea15f31f318c2e2719cc295ce11f6fa1c612ec677da676dc507a468a2bc	ہجرتی نہ مُوٹھیُوں نبی علیہ السلامے		2	0	thirties				mvy	
91237594335a342445bbe0b4df49774c3e519dec1f73fc0b76d383003e528907bdc5b9c5ae08145e2d1b3eb7a47c17d037a4678611bc61ad5c0bbb2febf9941e	common_voice_mvy_42376695.mp3	e99c695ea368c6ed7ce520dee89d90e126963600df5c9a7cef27665396532781	سبقہ مژ نہ بے غرض څیز الُو بے،		2	0	thirties				mvy	
91237594335a342445bbe0b4df49774c3e519dec1f73fc0b76d383003e528907bdc5b9c5ae08145e2d1b3eb7a47c17d037a4678611bc61ad5c0bbb2febf9941e	common_voice_mvy_42376678.mp3	f8801ba1511377e4e955586efdb5b7ee8c9b694722a9d4adc2442931630c53ff	چے کلہۡ ژر لا نی ایلیۡ ہو۔		2	0	thirties				mvy	
91237594335a342445bbe0b4df49774c3e519dec1f73fc0b76d383003e528907bdc5b9c5ae08145e2d1b3eb7a47c17d037a4678611bc61ad5c0bbb2febf9941e	common_voice_mvy_42376677.mp3	fdaa2f56bdbcf0162b13862cd125b0a3fd77dab47ee95cfe9dae3cabf5676f03	چہ سو مردار ہوگا زؤں کابلی خر		2	0	thirties				mvy	
91237594335a342445bbe0b4df49774c3e519dec1f73fc0b76d383003e528907bdc5b9c5ae08145e2d1b3eb7a47c17d037a4678611bc61ad5c0bbb2febf9941e	common_voice_mvy_42376676.mp3	f244554e6da8e704f8bd028912e7c623994fab563e0735ac8a024a54c6d913af	تُس ݜس تاں ذِہنہ مہ نقش کری،		2	0	thirties				mvy	
91237594335a342445bbe0b4df49774c3e519dec1f73fc0b76d383003e528907bdc5b9c5ae08145e2d1b3eb7a47c17d037a4678611bc61ad5c0bbb2febf9941e	common_voice_mvy_42367626.mp3	b06b5b22346dba7019319fbe6a9874c1c29acc3f9c49bb06675d03cfcceaa78e	دُنَیں نہ بئ (رُخصت ہُو) آن٘س۔		2	0	thirties				mvy	
91237594335a342445bbe0b4df49774c3e519dec1f73fc0b76d383003e528907bdc5b9c5ae08145e2d1b3eb7a47c17d037a4678611bc61ad5c0bbb2febf9941e	common_voice_mvy_42367638.mp3	ae314f22859e4a7b2eb31fcab3c90d331e378876970b2871e0a1a4c4b7f13102	کمرہ مہ تُھو کھیں زوڑہۡ ال دی۔		2	0	thirties				mvy	
91237594335a342445bbe0b4df49774c3e519dec1f73fc0b76d383003e528907bdc5b9c5ae08145e2d1b3eb7a47c17d037a4678611bc61ad5c0bbb2febf9941e	common_voice_mvy_42367639.mp3	8020eec45e95742558d1ccdadc62b813faf3570292aa92e784b1fa9f55e771be	ادُوس کیریۡ کھیں نِوان٘ز کرَیں یاں دَن پان٘د کھلاؤ ہویے۔		2	0	thirties				mvy	
91237594335a342445bbe0b4df49774c3e519dec1f73fc0b76d383003e528907bdc5b9c5ae08145e2d1b3eb7a47c17d037a4678611bc61ad5c0bbb2febf9941e	common_voice_mvy_42376675.mp3	d2dfe8ddeb3b0c9a61b913c98e871632b4b9d2dc925448b3d77f26d96cfdb3f9	وے اَین٘یاں کریا ݜُو مٹی کھڑے بیسیۡ		2	0	thirties				mvy	
91237594335a342445bbe0b4df49774c3e519dec1f73fc0b76d383003e528907bdc5b9c5ae08145e2d1b3eb7a47c17d037a4678611bc61ad5c0bbb2febf9941e	common_voice_mvy_42376674.mp3	de1137359f32f4e1d9853418cf646e7497c8e927d51318657263a46ccdf7d0ef	ڇَیؤں تُھو عام اُصولہ کاں چے اکثر مُلکہ قبلاں تھہ۔		2	0	thirties				mvy	
91237594335a342445bbe0b4df49774c3e519dec1f73fc0b76d383003e528907bdc5b9c5ae08145e2d1b3eb7a47c17d037a4678611bc61ad5c0bbb2febf9941e	common_voice_mvy_42376658.mp3	b9b9c6c1a4b90cc9ad670d2c358f4c96f779f5db12d69dcbaa8876ac1fffb990	تُوں ویش کِیریۡ کھیں سو څیز تی گائ چئی ہو تُھو۔		2	0	thirties				mvy	
91237594335a342445bbe0b4df49774c3e519dec1f73fc0b76d383003e528907bdc5b9c5ae08145e2d1b3eb7a47c17d037a4678611bc61ad5c0bbb2febf9941e	common_voice_mvy_42376657.mp3	c59a0fea64d85daa94faf7492eee5ceee0195f154576ca0fea6a7d442f966cef	اېک نہ پھری چئ ہُوئ تُھو		2	0	thirties				mvy	
91237594335a342445bbe0b4df49774c3e519dec1f73fc0b76d383003e528907bdc5b9c5ae08145e2d1b3eb7a47c17d037a4678611bc61ad5c0bbb2febf9941e	common_voice_mvy_42376656.mp3	fb9e98f621d551e8b9b6259cae4b00c2294ebbdf41c67d3a6a6737d02e08e04d	صرف مال دار خلکہ واں ماسومہ پڑاں تھو۔		3	1	thirties				mvy	
91237594335a342445bbe0b4df49774c3e519dec1f73fc0b76d383003e528907bdc5b9c5ae08145e2d1b3eb7a47c17d037a4678611bc61ad5c0bbb2febf9941e	common_voice_mvy_42376655.mp3	fa67f93197e29e18d505b25ebff90e8bb27ee2a427bd8f57ee491fca8bbf036f	ݜسیں کریا چے اتفاق اتحاد قائم دھرہۡ،		2	0	thirties				mvy	
91237594335a342445bbe0b4df49774c3e519dec1f73fc0b76d383003e528907bdc5b9c5ae08145e2d1b3eb7a47c17d037a4678611bc61ad5c0bbb2febf9941e	common_voice_mvy_42376654.mp3	ec9fb953289c5904d6a29480f9e3b1a4b92b890871f5c09d72c00d8c76489693	اېک شے (شیعہ)، الُو سُنی آں ڇَیؤں ہِندُو تُھو کھیں		2	0	thirties				mvy	
91237594335a342445bbe0b4df49774c3e519dec1f73fc0b76d383003e528907bdc5b9c5ae08145e2d1b3eb7a47c17d037a4678611bc61ad5c0bbb2febf9941e	common_voice_mvy_42376647.mp3	fbd4512d9de27b6b74f1736cf3448c6260ef839a49a0a52b867b8e530be19aff	نبی کریم صلی اللہ علیہ وسلم چاؤری مہ دُنَیں یاں کمہۡ شروع کرے لان٘س؛		2	0	thirties				mvy	
91237594335a342445bbe0b4df49774c3e519dec1f73fc0b76d383003e528907bdc5b9c5ae08145e2d1b3eb7a47c17d037a4678611bc61ad5c0bbb2febf9941e	common_voice_mvy_42376645.mp3	de3d455855540312ca69218c36541b0536f8ea248b264695a1f1d90939f168aa	چے بھاٶ کھݜ کرِگ لہ یاتی بگ څیز		2	0	thirties				mvy	
91237594335a342445bbe0b4df49774c3e519dec1f73fc0b76d383003e528907bdc5b9c5ae08145e2d1b3eb7a47c17d037a4678611bc61ad5c0bbb2febf9941e	common_voice_mvy_42376643.mp3	ef7b17519a938ba697af1ad40b93bb74d62b1164cb59ae4e775b35c7daee4624	سݩدہ گلے تسیں استعمال چو مفید تُھو۔		2	0	thirties				mvy	
91237594335a342445bbe0b4df49774c3e519dec1f73fc0b76d383003e528907bdc5b9c5ae08145e2d1b3eb7a47c17d037a4678611bc61ad5c0bbb2febf9941e	common_voice_mvy_42376641.mp3	eb6919d20391ab625fb63824e0f3e904c85f91889741d7ba7dad6bd5053a17aa	گازریاں رس، پالکاں رس، آں نیمبُو ملا گیل چھا۔		2	0	thirties				mvy	
91237594335a342445bbe0b4df49774c3e519dec1f73fc0b76d383003e528907bdc5b9c5ae08145e2d1b3eb7a47c17d037a4678611bc61ad5c0bbb2febf9941e	common_voice_mvy_42376628.mp3	9e199437c1e6f5d995fa4dec063763cc7bff38c398c2e6e3da3d504f49628f0e	پیݜیلوۡ لُوں ماݜی مہ گلے ایک زوڑہۡ مہ پلٹے		2	0	thirties				mvy	
91237594335a342445bbe0b4df49774c3e519dec1f73fc0b76d383003e528907bdc5b9c5ae08145e2d1b3eb7a47c17d037a4678611bc61ad5c0bbb2febf9941e	common_voice_mvy_42367112.mp3	a1ddf4576f48d5a404179ffebae5f6b1080a7309cf8d53200d04e4719d606518	ݜَیں کالؤں مہ سیں گولہ اېک دیس گتہ چیٹی نېرے لان٘س		2	0	thirties				mvy	
91237594335a342445bbe0b4df49774c3e519dec1f73fc0b76d383003e528907bdc5b9c5ae08145e2d1b3eb7a47c17d037a4678611bc61ad5c0bbb2febf9941e	common_voice_mvy_42367656.mp3	b6bbecc3453fdb94fde2ba74b5b047bc28a0c635ff327f8e08484eb220abcfe5	کھائ کھیں بُوڇھ رنگا تُھو۔		2	0	thirties				mvy	
91237594335a342445bbe0b4df49774c3e519dec1f73fc0b76d383003e528907bdc5b9c5ae08145e2d1b3eb7a47c17d037a4678611bc61ad5c0bbb2febf9941e	common_voice_mvy_42367659.mp3	9f602f43478ea90b47014791795d0a50db8d7847c44a5ce1bf321974952f633c	ݜَیں گھریُوں مہ دھان٘کہ گھرېں		2	0	thirties				mvy	
91237594335a342445bbe0b4df49774c3e519dec1f73fc0b76d383003e528907bdc5b9c5ae08145e2d1b3eb7a47c17d037a4678611bc61ad5c0bbb2febf9941e	common_voice_mvy_42367662.mp3	786769c6fb7b7d561f1d35940a9a00dd0fe67277ad7ecc3c992fdccd73143543	اسی مہ ناپُوہی، خطا شیوں بِگ کرؤں،		2	0	thirties				mvy	
91237594335a342445bbe0b4df49774c3e519dec1f73fc0b76d383003e528907bdc5b9c5ae08145e2d1b3eb7a47c17d037a4678611bc61ad5c0bbb2febf9941e	common_voice_mvy_42367664.mp3	a84c08751abe316e143352ce1992d2fe43273492e2f0066d14e89dc7d12a44d0	آں اسی خوا و شا اور وخ لن٘گھؤں		2	0	thirties				mvy	
91237594335a342445bbe0b4df49774c3e519dec1f73fc0b76d383003e528907bdc5b9c5ae08145e2d1b3eb7a47c17d037a4678611bc61ad5c0bbb2febf9941e	common_voice_mvy_42367667.mp3	af034475bd896d08b65811e95b3df888fa71fbb8c61a26d040fd14736a95a59d	قران مہ بَنژی تھی چےۡ اللہ پاکے ݜُو منظُور آن٘سیۡ		3	0	thirties				mvy	
91237594335a342445bbe0b4df49774c3e519dec1f73fc0b76d383003e528907bdc5b9c5ae08145e2d1b3eb7a47c17d037a4678611bc61ad5c0bbb2febf9941e	common_voice_mvy_42367090.mp3	9e3b3afe67261e49e3aef19ae5c5240a3e60f99ced1304a6ab02a7f72179c339	ماݜواں کِریا نی ہُوئ تُھو		2	0	thirties				mvy	
91237594335a342445bbe0b4df49774c3e519dec1f73fc0b76d383003e528907bdc5b9c5ae08145e2d1b3eb7a47c17d037a4678611bc61ad5c0bbb2febf9941e	common_voice_mvy_42367084.mp3	846bed6777c97b888bae1e9c538f6e1616099aa3d3e1b55fe9355a280e0e9b7a	اَسی نہ پتَیں اېک مُتیۡ موقع لا		2	0	thirties				mvy	
91237594335a342445bbe0b4df49774c3e519dec1f73fc0b76d383003e528907bdc5b9c5ae08145e2d1b3eb7a47c17d037a4678611bc61ad5c0bbb2febf9941e	common_voice_mvy_42367074.mp3	7f7a2b4dc609dcbf22711ff51a869630c543607a5bf61bc5fc56302423e0ce5c	دھان٘کہ بغېر چھترئیوں نہ اولے آن٘س		2	0	thirties				mvy	
91237594335a342445bbe0b4df49774c3e519dec1f73fc0b76d383003e528907bdc5b9c5ae08145e2d1b3eb7a47c17d037a4678611bc61ad5c0bbb2febf9941e	common_voice_mvy_42367068.mp3	85b0eaed6cbb364ec98c1a89d97e9a210aabde9b9e18c24658f272e828743aae	اېں دُوئیں باغؤں مہ، ہر مېوہ دُو رَن٘گاں تھہ۔		2	0	thirties				mvy	
91237594335a342445bbe0b4df49774c3e519dec1f73fc0b76d383003e528907bdc5b9c5ae08145e2d1b3eb7a47c17d037a4678611bc61ad5c0bbb2febf9941e	common_voice_mvy_42367058.mp3	9cd91ec0247acd33e074296cec4b656e02fbefb0dbee399d1add6f88a5f11e4c	بلی وَیں بَٹیۡ		2	0	thirties				mvy	
91237594335a342445bbe0b4df49774c3e519dec1f73fc0b76d383003e528907bdc5b9c5ae08145e2d1b3eb7a47c17d037a4678611bc61ad5c0bbb2febf9941e	common_voice_mvy_42366963.mp3	a4c80f870f207ed49add2183b52e67c736caf29be1b902eb42ca9d0a25449e0b	اسے ”نشیل“ ہُم بنُژ تھُو۔		2	0	thirties				mvy	
91237594335a342445bbe0b4df49774c3e519dec1f73fc0b76d383003e528907bdc5b9c5ae08145e2d1b3eb7a47c17d037a4678611bc61ad5c0bbb2febf9941e	common_voice_mvy_42376627.mp3	f625a61f122eab8017cca81bc5ec0f586567a35758b83f6a04cfc9b30d2d2717	اللہ پاک اَس کِتاب مُفتی صاحب		2	0	thirties				mvy	
91237594335a342445bbe0b4df49774c3e519dec1f73fc0b76d383003e528907bdc5b9c5ae08145e2d1b3eb7a47c17d037a4678611bc61ad5c0bbb2febf9941e	common_voice_mvy_42376626.mp3	fac52d8b2e5fba65a3813a7cadc0840429be06c8b0f846d4776a86c6ed921cf5	من٘ڑنئ مُولی یاں پٹ الُو د گلے لیکھیۡ ٹکڑی کری۔		3	0	thirties				mvy	
91237594335a342445bbe0b4df49774c3e519dec1f73fc0b76d383003e528907bdc5b9c5ae08145e2d1b3eb7a47c17d037a4678611bc61ad5c0bbb2febf9941e	common_voice_mvy_42376625.mp3	f9e42bde1c447784d869ad536663216161eb53fb445e5965b3981acafb7cfc31	دُو دیس لن٘گھاؤ کھیں سقرہ مہ زؤں بھیٹ		2	0	thirties				mvy	
91237594335a342445bbe0b4df49774c3e519dec1f73fc0b76d383003e528907bdc5b9c5ae08145e2d1b3eb7a47c17d037a4678611bc61ad5c0bbb2febf9941e	common_voice_mvy_42376624.mp3	fd8735179c5fd4b35e5e38c45421cb9861ac010bf5608d40132709f3e66c07ff	عمرہ کرَیں نہ پتَیں تاں مرگلئیؤں مِلیۡ پاتُو ایلوۡ۔		2	0	thirties				mvy	
91237594335a342445bbe0b4df49774c3e519dec1f73fc0b76d383003e528907bdc5b9c5ae08145e2d1b3eb7a47c17d037a4678611bc61ad5c0bbb2febf9941e	common_voice_mvy_42376623.mp3	f9e7e2180725f634977a14f98f128554d06485ff51204aadfa0c0a32a00f73c1	قومواں قانُون گنے بناں تھو؟		2	1	thirties				mvy	
91237594335a342445bbe0b4df49774c3e519dec1f73fc0b76d383003e528907bdc5b9c5ae08145e2d1b3eb7a47c17d037a4678611bc61ad5c0bbb2febf9941e	common_voice_mvy_42376622.mp3	eda4b0c39f07b2f12d1d8dd61fddb802b55c59b4195be9f9f5b9830b7263672f	کھیں گُمان کرُژ تُھو چے		2	0	thirties				mvy	
91237594335a342445bbe0b4df49774c3e519dec1f73fc0b76d383003e528907bdc5b9c5ae08145e2d1b3eb7a47c17d037a4678611bc61ad5c0bbb2febf9941e	common_voice_mvy_42376621.mp3	f383e892a5270528d1e7e7e26a5ea03881f4b46e60b930254df0384bf1cfaae6	مِیں زَر تھی۔		2	1	thirties				mvy	
91237594335a342445bbe0b4df49774c3e519dec1f73fc0b76d383003e528907bdc5b9c5ae08145e2d1b3eb7a47c17d037a4678611bc61ad5c0bbb2febf9941e	common_voice_mvy_42376620.mp3	e793829ae66a55a5d23c814b30d60104b04ace1698fa662d96bdd1529d16a9bf	کچہ گازریۡ ایک یُون٘ہہۡ روزانہ سُگو چپے کَھیں ہِن		2	0	thirties				mvy	
91237594335a342445bbe0b4df49774c3e519dec1f73fc0b76d383003e528907bdc5b9c5ae08145e2d1b3eb7a47c17d037a4678611bc61ad5c0bbb2febf9941e	common_voice_mvy_42376619.mp3	e60a3cb18fe0d98151080579c0c87eb3d35e239ae08ef3eec4bd0ffaf1e78b0c	اېک یون٘ہہۡ ہاریۡ بھېٹېل آن٘س؛		2	0	thirties				mvy	
91237594335a342445bbe0b4df49774c3e519dec1f73fc0b76d383003e528907bdc5b9c5ae08145e2d1b3eb7a47c17d037a4678611bc61ad5c0bbb2febf9941e	common_voice_mvy_42376618.mp3	e4b3db44592ce14f5f8847e17446d6a0b5fed0fe86c0660c8b7ad4b82a1d7fcd	اسلام جیت ہوگا آنٚس رباں وعدہ		2	0	thirties				mvy	
91237594335a342445bbe0b4df49774c3e519dec1f73fc0b76d383003e528907bdc5b9c5ae08145e2d1b3eb7a47c17d037a4678611bc61ad5c0bbb2febf9941e	common_voice_mvy_42376617.mp3	e472494db20b05c95c7349614e5eda0187d77f35244a369dde1e007c1bd016bc	مولی رشَیں نہ ڇا چٶر یُون٘ہہۡ پتَیں چئ مُلی اُکئیلیۡ		2	0	thirties				mvy	
91237594335a342445bbe0b4df49774c3e519dec1f73fc0b76d383003e528907bdc5b9c5ae08145e2d1b3eb7a47c17d037a4678611bc61ad5c0bbb2febf9941e	common_voice_mvy_42376616.mp3	e4325734ac3c7e1cf90059f6c04d61411c9a3beea21705db0df4fd9da5e83ed8	چے یا مرېل ڇا یی بیش ماݜہ وَیں ساز دی		2	0	thirties				mvy	
91237594335a342445bbe0b4df49774c3e519dec1f73fc0b76d383003e528907bdc5b9c5ae08145e2d1b3eb7a47c17d037a4678611bc61ad5c0bbb2febf9941e	common_voice_mvy_42376615.mp3	f681befd05f25f69a5a0939acafe91f6057100c7844f79f9b70eb94f60e92dcd	مِیں بان تُو گی کیریۡ تھی شڑ ڙُوہے ایگلے“۔		2	0	thirties				mvy	
91237594335a342445bbe0b4df49774c3e519dec1f73fc0b76d383003e528907bdc5b9c5ae08145e2d1b3eb7a47c17d037a4678611bc61ad5c0bbb2febf9941e	common_voice_mvy_42376614.mp3	fb07e2dac02d002d7ed55b37e9298a2cc003e7d9f90e89ca146f98af0895ec63	آژ ڈاگدر ، انجنېر ،نقشی سندوۡ، خبری دېو، کاروباری ، بین٘گ وال		2	0	thirties				mvy	
91237594335a342445bbe0b4df49774c3e519dec1f73fc0b76d383003e528907bdc5b9c5ae08145e2d1b3eb7a47c17d037a4678611bc61ad5c0bbb2febf9941e	common_voice_mvy_42366955.mp3	8c15f683ef6b669c592fed40fc9c5f6a7233ede2b04504b0f6bfac0be917a5cf	اُو سو رن٘گاں حُکم (قسم) تُھو چے اسِی مہ		2	0	thirties				mvy	
91237594335a342445bbe0b4df49774c3e519dec1f73fc0b76d383003e528907bdc5b9c5ae08145e2d1b3eb7a47c17d037a4678611bc61ad5c0bbb2febf9941e	common_voice_mvy_42366954.mp3	a3de0bb21618c127ce00244a6b5e501bc8557dfb6a400c04f27a040f85775181	اَسے محکوم بہِ ہُم بَناں تھو۔		2	0	thirties				mvy	
91237594335a342445bbe0b4df49774c3e519dec1f73fc0b76d383003e528907bdc5b9c5ae08145e2d1b3eb7a47c17d037a4678611bc61ad5c0bbb2febf9941e	common_voice_mvy_42366953.mp3	a8b8ef24ebeaa26001b5be2f3e91c9aae19b8a5c06571f5b512c14d9693d6b9a	چے تلہ مسئلی وسائلوں نہ چئ تھی۔		2	0	thirties				mvy	
91237594335a342445bbe0b4df49774c3e519dec1f73fc0b76d383003e528907bdc5b9c5ae08145e2d1b3eb7a47c17d037a4678611bc61ad5c0bbb2febf9941e	common_voice_mvy_42376610.mp3	fbb7afa4bd06e059b7aeffbb048a049ff3bc3e3c539553ac16794152d561f955	کاپھرہ شِلَٹوۡ لڑزان (عذاب) نہ کؤں مُچا تُھو؟		3	0	thirties				mvy	
91237594335a342445bbe0b4df49774c3e519dec1f73fc0b76d383003e528907bdc5b9c5ae08145e2d1b3eb7a47c17d037a4678611bc61ad5c0bbb2febf9941e	common_voice_mvy_42376609.mp3	f23bf38e26dc1d66a912f5ba4cd753146604ea7f8e4e57f9b0012a4fb5e1161c	پیاز چو باریک کٹ کرے		2	0	thirties				mvy	
91237594335a342445bbe0b4df49774c3e519dec1f73fc0b76d383003e528907bdc5b9c5ae08145e2d1b3eb7a47c17d037a4678611bc61ad5c0bbb2febf9941e	common_voice_mvy_42376608.mp3	e7d4fdf5b49e87bea6608895ccca4a4e8ca1924b88043740a87eba07f2444425	کھیں کھڑاں مجھولہ مہ گیلیۡ		2	0	thirties				mvy	
91237594335a342445bbe0b4df49774c3e519dec1f73fc0b76d383003e528907bdc5b9c5ae08145e2d1b3eb7a47c17d037a4678611bc61ad5c0bbb2febf9941e	common_voice_mvy_42376607.mp3	e52ec7c68421a8796d0617cfe6513d8da3dcf9f1805080b32a3760419ab754a7	کھیں سِواں کریا سبقاں لېکچره وِڈیو مہ ریکاڈ کرہاں تھہ۔		2	0	thirties				mvy	
91237594335a342445bbe0b4df49774c3e519dec1f73fc0b76d383003e528907bdc5b9c5ae08145e2d1b3eb7a47c17d037a4678611bc61ad5c0bbb2febf9941e	common_voice_mvy_42376606.mp3	e613d4a418e43a55452d02d2a241404d4b679c91317a66918bf659c018565be5	مریض فورًا تُوی زئ ہری۔		2	0	thirties				mvy	
91237594335a342445bbe0b4df49774c3e519dec1f73fc0b76d383003e528907bdc5b9c5ae08145e2d1b3eb7a47c17d037a4678611bc61ad5c0bbb2febf9941e	common_voice_mvy_42366948.mp3	ab2f5a83b9260dbb6fe312163d3778280de90bbdbe4c20280526603dd8f6858a	متعیّن تے غیر متعیّن لازمی کمہۡ		2	0	thirties				mvy	
91237594335a342445bbe0b4df49774c3e519dec1f73fc0b76d383003e528907bdc5b9c5ae08145e2d1b3eb7a47c17d037a4678611bc61ad5c0bbb2febf9941e	common_voice_mvy_42366944.mp3	a283a900acf773e1d5d49d1d90d6de05d49eca9c93f9d3ed129b614069f67dda	مُت کماں دَن پان٘د سن٘دُژ تھی،		2	0	thirties				mvy	
91237594335a342445bbe0b4df49774c3e519dec1f73fc0b76d383003e528907bdc5b9c5ae08145e2d1b3eb7a47c17d037a4678611bc61ad5c0bbb2febf9941e	common_voice_mvy_42366937.mp3	6093d77227c338e54ab68e1af05989338ec2e762cb93e115da2bc6b0dd8709b7	گھِن٘ل کام کیرُوں کمزوری یاں احساس ہو تُھو۔		2	0	thirties				mvy	
91237594335a342445bbe0b4df49774c3e519dec1f73fc0b76d383003e528907bdc5b9c5ae08145e2d1b3eb7a47c17d037a4678611bc61ad5c0bbb2febf9941e	common_voice_mvy_42366932.mp3	72fecb70eb66b797e9a90b8261e0ee309ac1e788160561a054107c10073427eb	وے چو چو پوں۔		3	0	thirties				mvy	
91237594335a342445bbe0b4df49774c3e519dec1f73fc0b76d383003e528907bdc5b9c5ae08145e2d1b3eb7a47c17d037a4678611bc61ad5c0bbb2febf9941e	common_voice_mvy_42366930.mp3	9e1c797c21edaddef28383f6c40dc324c46d7ef123b4ed7fa16549220a7eec5f	سِواں کِریا دُسقیاں لڑزان (عذاب) ہو تُھو،		2	0	thirties				mvy	
91237594335a342445bbe0b4df49774c3e519dec1f73fc0b76d383003e528907bdc5b9c5ae08145e2d1b3eb7a47c17d037a4678611bc61ad5c0bbb2febf9941e	common_voice_mvy_42366929.mp3	9b6b8162a4326725898a692205b05f853f6bb96118b14acbd85351a30986acfd	گیں نی ہُوئ تُھو وو ککی تُو بِھیا نَیں۔		2	0	thirties				mvy	
91237594335a342445bbe0b4df49774c3e519dec1f73fc0b76d383003e528907bdc5b9c5ae08145e2d1b3eb7a47c17d037a4678611bc61ad5c0bbb2febf9941e	common_voice_mvy_42376594.mp3	e9c279ee77b4f65eb0dc7d5628801417f56018699a6f3a0f0c526a03428abc9e	اس چو استعمال کرَیں وجہۡ ہِن ہلالیں یاں سُکُون ختم ہُوئ تُھو		2	0	thirties				mvy	
91237594335a342445bbe0b4df49774c3e519dec1f73fc0b76d383003e528907bdc5b9c5ae08145e2d1b3eb7a47c17d037a4678611bc61ad5c0bbb2febf9941e	common_voice_mvy_42376593.mp3	d46a233397efd65aad5dbe9c4bc0410d6cf85b361cf73566e95b1b8be05ffec3	ڇائ اڑیۡ میل ڙِگیۡ		2	0	thirties				mvy	
91237594335a342445bbe0b4df49774c3e519dec1f73fc0b76d383003e528907bdc5b9c5ae08145e2d1b3eb7a47c17d037a4678611bc61ad5c0bbb2febf9941e	common_voice_mvy_42376592.mp3	e58365d6d871b8a37db9c53b6b695f04810f65d125d38cf851ccc454511fd7c7	مالَیں کَھن٘گیں بُوٹی ہِن علاج		2	0	thirties				mvy	
91237594335a342445bbe0b4df49774c3e519dec1f73fc0b76d383003e528907bdc5b9c5ae08145e2d1b3eb7a47c17d037a4678611bc61ad5c0bbb2febf9941e	common_voice_mvy_42376590.mp3	dbeb60f5651c16230a669af966fa97430e7a075e0815845e4291b64993f9dce5	یا بے کېں کھشاٹ ہُو نھال کھیں اُو لېونئ ہُوگا		2	0	thirties				mvy	
91237594335a342445bbe0b4df49774c3e519dec1f73fc0b76d383003e528907bdc5b9c5ae08145e2d1b3eb7a47c17d037a4678611bc61ad5c0bbb2febf9941e	common_voice_mvy_42376588.mp3	f36cfd4c3a45117a51e2c016d4219c089f7e14f15ed37010337a0342da481be4	ہر زئ لا وسائل گت تھی مسائل گت۔		2	0	thirties				mvy	
91237594335a342445bbe0b4df49774c3e519dec1f73fc0b76d383003e528907bdc5b9c5ae08145e2d1b3eb7a47c17d037a4678611bc61ad5c0bbb2febf9941e	common_voice_mvy_42376587.mp3	fa4ffd2615b6643afe8275f7723a2d72fb962b2357b082614e4450b7ab21fa8b	کھیں مِیں اسُویں اما ملی دھا ای یان٘س“		2	0	thirties				mvy	
91237594335a342445bbe0b4df49774c3e519dec1f73fc0b76d383003e528907bdc5b9c5ae08145e2d1b3eb7a47c17d037a4678611bc61ad5c0bbb2febf9941e	common_voice_mvy_42376580.mp3	fa84eff27fd1679563719f18798281c7d2a8d566917b98058af9c487858e4916	لَک: میراث، وصیت آں وقف		2	0	thirties				mvy	
91237594335a342445bbe0b4df49774c3e519dec1f73fc0b76d383003e528907bdc5b9c5ae08145e2d1b3eb7a47c17d037a4678611bc61ad5c0bbb2febf9941e	common_voice_mvy_42376579.mp3	e507fdfac755361817755386a6fb49b19b1cc8103cc85484cf58876c09a8c7aa	ساواتَیں کھیں ݜے لېونئ اُوش ایلیۡ		3	0	thirties				mvy	
91237594335a342445bbe0b4df49774c3e519dec1f73fc0b76d383003e528907bdc5b9c5ae08145e2d1b3eb7a47c17d037a4678611bc61ad5c0bbb2febf9941e	common_voice_mvy_42376578.mp3	ca11cf27e32e10f31088269ad294d06feb196654f1886402a6c1fbf6218f7ed1	ذہِن بلکل صحیح سُوچ کرَین٘یاں قابل ہوتُھو۔		2	0	thirties				mvy	
91237594335a342445bbe0b4df49774c3e519dec1f73fc0b76d383003e528907bdc5b9c5ae08145e2d1b3eb7a47c17d037a4678611bc61ad5c0bbb2febf9941e	common_voice_mvy_42366883.mp3	a588647eceaaa79af5ad15e657cda0d7f65defbd8de89baca401f294d9633e8f	اللہ پاک امَیں قلماں سگان دی تُھو۔		2	0	thirties				mvy	
91237594335a342445bbe0b4df49774c3e519dec1f73fc0b76d383003e528907bdc5b9c5ae08145e2d1b3eb7a47c17d037a4678611bc61ad5c0bbb2febf9941e	common_voice_mvy_42366882.mp3	97ab1368e6ac870c41acccbd971cdb6529b8cf8bc05bea3135023026f4588e96	آں بانیۡ ساریۡ رال مزدوری کرے		2	0	thirties				mvy	
91237594335a342445bbe0b4df49774c3e519dec1f73fc0b76d383003e528907bdc5b9c5ae08145e2d1b3eb7a47c17d037a4678611bc61ad5c0bbb2febf9941e	common_voice_mvy_42376572.mp3	f2a07762cdfbb5d3690f8888cc15c1592ca4054910f3551408959d2e7798758e	چے اسیں پان٘ژ قِسمہ تھو۔		2	1	thirties				mvy	
91237594335a342445bbe0b4df49774c3e519dec1f73fc0b76d383003e528907bdc5b9c5ae08145e2d1b3eb7a47c17d037a4678611bc61ad5c0bbb2febf9941e	common_voice_mvy_42376570.mp3	f3f156532a8e7351553ff98e2e3bea72a1d57dff080c8ccf547b01d45bb6dbd2	سو کام دین مہ نشیل کالژا تھُو۔		2	0	thirties				mvy	
91237594335a342445bbe0b4df49774c3e519dec1f73fc0b76d383003e528907bdc5b9c5ae08145e2d1b3eb7a47c17d037a4678611bc61ad5c0bbb2febf9941e	common_voice_mvy_42376569.mp3	ebb4aee1a14f6780420f600a12438c4cbd3893fa1935ba1d7211f4b6281015cf	خاص خلکہ وَیں ہلالیں مہ بُون کران٘سیۡ		2	0	thirties				mvy	
91237594335a342445bbe0b4df49774c3e519dec1f73fc0b76d383003e528907bdc5b9c5ae08145e2d1b3eb7a47c17d037a4678611bc61ad5c0bbb2febf9941e	common_voice_mvy_42376568.mp3	f5a75e3a2d46e319022e7cadc18295f510ff145a2bb8e90c59488da7870f7f3f	گتہ پتہۡ نَیں بِتُس کو کس پشہاں تھہ گی نَیں		2	0	thirties				mvy	
91237594335a342445bbe0b4df49774c3e519dec1f73fc0b76d383003e528907bdc5b9c5ae08145e2d1b3eb7a47c17d037a4678611bc61ad5c0bbb2febf9941e	common_voice_mvy_42376567.mp3	f7a494a3caae27416513a8e1d3b7aa6f415077b437376ea07a63d89e73f2c56b	بِڅاں کوستاں مہ اسیں رِزَئیں وجہۡ گی تھی؟		2	0	thirties				mvy	
91237594335a342445bbe0b4df49774c3e519dec1f73fc0b76d383003e528907bdc5b9c5ae08145e2d1b3eb7a47c17d037a4678611bc61ad5c0bbb2febf9941e	common_voice_mvy_42366880.mp3	84bbb797efa4cfc43f481498e988b866e19d1bf8caa3c69ecc83c4344462eb69	کرؤوں تس گھداؤ تاں مرگلتیا مہ ہری مُت گھداواں کریا ڇېلا گِلیۡ۔		2	0	thirties				mvy	
91237594335a342445bbe0b4df49774c3e519dec1f73fc0b76d383003e528907bdc5b9c5ae08145e2d1b3eb7a47c17d037a4678611bc61ad5c0bbb2febf9941e	common_voice_mvy_42376561.mp3	f1966dba12420eb55aefd8f7e4d7ee38e381d37676f41aa5cbc66193d4c084e8	چام پھلی انفیکشن ہُوئ تُھو		2	0	thirties				mvy	
91237594335a342445bbe0b4df49774c3e519dec1f73fc0b76d383003e528907bdc5b9c5ae08145e2d1b3eb7a47c17d037a4678611bc61ad5c0bbb2febf9941e	common_voice_mvy_42376560.mp3	f8fcf4087c0498b469282b34b8321fd823237a9d0612ccef7d09cbb4eabcbd81	تبُوکَیں واقعہ ہُوۡن٘دیۡ۔		3	0	thirties				mvy	
91237594335a342445bbe0b4df49774c3e519dec1f73fc0b76d383003e528907bdc5b9c5ae08145e2d1b3eb7a47c17d037a4678611bc61ad5c0bbb2febf9941e	common_voice_mvy_42376559.mp3	f99fd7d1b1a308a2bf4accd24647caa7d612d28d5127841ec0fab4972a925607	ݜُو اڅھکیۡ خبر بئ پیالے ڇیلِلیۡ کھیں		2	0	thirties				mvy	
91237594335a342445bbe0b4df49774c3e519dec1f73fc0b76d383003e528907bdc5b9c5ae08145e2d1b3eb7a47c17d037a4678611bc61ad5c0bbb2febf9941e	common_voice_mvy_42376558.mp3	f162eda8a6ba0749ec521214be2cca642e4b34474f53ee1923c126e307227bbf	ہر دیسؤں استعمال ہویں والا		2	0	thirties				mvy	
91237594335a342445bbe0b4df49774c3e519dec1f73fc0b76d383003e528907bdc5b9c5ae08145e2d1b3eb7a47c17d037a4678611bc61ad5c0bbb2febf9941e	common_voice_mvy_42376556.mp3	dc395794bdd39429d603462473ecdd2d561207b0197a146a991e20ec855e7590	نھال کِھیں چُن٘گڑہ مہ اڑوۡ لک مُھو لیل ہُوئ تُھو۔		2	0	thirties				mvy	
91237594335a342445bbe0b4df49774c3e519dec1f73fc0b76d383003e528907bdc5b9c5ae08145e2d1b3eb7a47c17d037a4678611bc61ad5c0bbb2febf9941e	common_voice_mvy_42360372.mp3	5c14884ee8afbdccd468240f86a3316c3db86933d7dcba2dcf7e0b8d80a459d8	کہ تُس پو ہون٘دُوں اُو چو گُھوں سگان تُھو۔		4	0	thirties				mvy	
91237594335a342445bbe0b4df49774c3e519dec1f73fc0b76d383003e528907bdc5b9c5ae08145e2d1b3eb7a47c17d037a4678611bc61ad5c0bbb2febf9941e	common_voice_mvy_42360384.mp3	5b6ef3be5af97a2f6463e1020108c7fdd77c8b0c37963719c7dbb7edab3cda86	ٹیکنالوجی یاں استعمال کرہ گلے		2	1	thirties				mvy	
91237594335a342445bbe0b4df49774c3e519dec1f73fc0b76d383003e528907bdc5b9c5ae08145e2d1b3eb7a47c17d037a4678611bc61ad5c0bbb2febf9941e	common_voice_mvy_42360385.mp3	4bca4c6ad28145b28c93bb9e84a95b9954aece2cc650b5cded4881262cbf7eb9	ݜتُک چے دُو حرفہ اَیں نہ نِکاں		2	0	thirties				mvy	
91237594335a342445bbe0b4df49774c3e519dec1f73fc0b76d383003e528907bdc5b9c5ae08145e2d1b3eb7a47c17d037a4678611bc61ad5c0bbb2febf9941e	common_voice_mvy_42360401.mp3	4be87da61062edac7f07292a5b04bb15eb942e34ac8a30845e20826baa2dcfdc	سیوں مہ کاں عقیدہ مِلیۡ تعلق رڇھاں تھہ		3	0	thirties				mvy	
91237594335a342445bbe0b4df49774c3e519dec1f73fc0b76d383003e528907bdc5b9c5ae08145e2d1b3eb7a47c17d037a4678611bc61ad5c0bbb2febf9941e	common_voice_mvy_42360408.mp3	0d0620dbbce917739786fa8e3d7b70899cb67075a8da9490cd19cfe43fd5556e	آں کسیں ہلالیُوں رُوئیسیۡ		2	0	thirties				mvy	
91237594335a342445bbe0b4df49774c3e519dec1f73fc0b76d383003e528907bdc5b9c5ae08145e2d1b3eb7a47c17d037a4678611bc61ad5c0bbb2febf9941e	common_voice_mvy_42360414.mp3	5bc109cd1b9b4b00e7b5e910720ea5ad4bd2202b1709dcaca84b0a7f11089d0e	میں څاں ”ہی مہ بُون“ کرئیل۔		3	0	thirties				mvy	
91237594335a342445bbe0b4df49774c3e519dec1f73fc0b76d383003e528907bdc5b9c5ae08145e2d1b3eb7a47c17d037a4678611bc61ad5c0bbb2febf9941e	common_voice_mvy_42360420.mp3	531bfedadb6f882ab794c6aa26acad1ffb41c169655502b4d54fa25f2881986a	مِگے کم لکھ دَوئے پکار تھی۔		2	0	thirties				mvy	
91237594335a342445bbe0b4df49774c3e519dec1f73fc0b76d383003e528907bdc5b9c5ae08145e2d1b3eb7a47c17d037a4678611bc61ad5c0bbb2febf9941e	common_voice_mvy_42360437.mp3	3cfb8d3d534624503e37aa0622c3e1d76fe8a7af0a8f5422859f06ba3643b6ec	لیٙکھہۡ ماسُمہۡ اِسکُلؤں روان تھہ۔		2	0	thirties				mvy	
91237594335a342445bbe0b4df49774c3e519dec1f73fc0b76d383003e528907bdc5b9c5ae08145e2d1b3eb7a47c17d037a4678611bc61ad5c0bbb2febf9941e	common_voice_mvy_42360443.mp3	60866417dd3caa00916236bd061caf4d6744c6c8f12cc9323cf36c946ef393a7	مسلماوَیں گھېن٘رولی قبلا لس۔		2	0	thirties				mvy	
91237594335a342445bbe0b4df49774c3e519dec1f73fc0b76d383003e528907bdc5b9c5ae08145e2d1b3eb7a47c17d037a4678611bc61ad5c0bbb2febf9941e	common_voice_mvy_42360464.mp3	4e8b843253f87791dff48873af9670e4859a4e81da5204283fe6e30126477859	آں ٹېم چو بئ یان٘س کھیں		2	0	thirties				mvy	
91237594335a342445bbe0b4df49774c3e519dec1f73fc0b76d383003e528907bdc5b9c5ae08145e2d1b3eb7a47c17d037a4678611bc61ad5c0bbb2febf9941e	common_voice_mvy_42360466.mp3	425afbbed2206baa6cf7ecc0589b6f11a0015a903294ad6693b7a8d5ccee8c66	او نبی! تیں رڇھان٘لو شِدیۡ تھُو		2	0	thirties				mvy	
91237594335a342445bbe0b4df49774c3e519dec1f73fc0b76d383003e528907bdc5b9c5ae08145e2d1b3eb7a47c17d037a4678611bc61ad5c0bbb2febf9941e	common_voice_mvy_42360472.mp3	5e9b0a455b12115bac4e0efbc2f0ccb60415e70c88ff2bc47848c7a809e86137	مِساک(مسواک) کَرٶں سنت تھو۔		2	0	thirties				mvy	
91237594335a342445bbe0b4df49774c3e519dec1f73fc0b76d383003e528907bdc5b9c5ae08145e2d1b3eb7a47c17d037a4678611bc61ad5c0bbb2febf9941e	common_voice_mvy_42360485.mp3	557bcd68694b46b0599675ebe33e7d237327c7aa6e5d0e6abb71e5f1a7e6bca7	آں سو تاں سن٘دېلہۡ واں ہر کمہۡ لا پورژېلوۡ تھُو۔		2	0	thirties				mvy	
91237594335a342445bbe0b4df49774c3e519dec1f73fc0b76d383003e528907bdc5b9c5ae08145e2d1b3eb7a47c17d037a4678611bc61ad5c0bbb2febf9941e	common_voice_mvy_42360486.mp3	35b9475e9fdd42f8d35f47f1a42d33544a770f3594c51a7cf6d1cb8ffcbe7e74	سلام کرَیں ہِن یا سلاماں جواب دیں ہِن نِوان٘ز شریۡ تھُو۔		2	0	thirties				mvy	
91237594335a342445bbe0b4df49774c3e519dec1f73fc0b76d383003e528907bdc5b9c5ae08145e2d1b3eb7a47c17d037a4678611bc61ad5c0bbb2febf9941e	common_voice_mvy_42360508.mp3	37d74bce28b8c4fdea1a2ab4ed1594b80683554757015f2e14dff6965667df18	مھُو لا چھَڑَپ کرے وے گَلٶں اڅھَکوۡ تھُو۔		2	0	thirties				mvy	
91237594335a342445bbe0b4df49774c3e519dec1f73fc0b76d383003e528907bdc5b9c5ae08145e2d1b3eb7a47c17d037a4678611bc61ad5c0bbb2febf9941e	common_voice_mvy_42360552.mp3	48c217f04748f4af4db1dbb6ff3a8b0d859824c7cda627f0c58241a24211ac04	خو من٘ڑنئ بال ݜُو تھی چے		2	0	thirties				mvy	
91237594335a342445bbe0b4df49774c3e519dec1f73fc0b76d383003e528907bdc5b9c5ae08145e2d1b3eb7a47c17d037a4678611bc61ad5c0bbb2febf9941e	common_voice_mvy_42360558.mp3	5f3be96e17a4e7d9be8a0db3184dd233ba095c1137df5603446357a0709a3703	نزلہ تے زکامَیں علاج بھا گتہ ہُوئ تھی		3	0	thirties				mvy	
91237594335a342445bbe0b4df49774c3e519dec1f73fc0b76d383003e528907bdc5b9c5ae08145e2d1b3eb7a47c17d037a4678611bc61ad5c0bbb2febf9941e	common_voice_mvy_42360569.mp3	41f9fabda97faa68ebc4038aa2d416bdbe749b46317557bc2881e8a3920135c9	ݜَلہ کَھئیں پُوئیں انتظام تُھو اَئی؟		2	1	thirties				mvy	
91237594335a342445bbe0b4df49774c3e519dec1f73fc0b76d383003e528907bdc5b9c5ae08145e2d1b3eb7a47c17d037a4678611bc61ad5c0bbb2febf9941e	common_voice_mvy_42360577.mp3	53e3334f9444cf22c9ef464a9a784c5da109b20fc675d0ed22cf340c65bce8cb	بِڅَیں شکال قسمت تھی		2	0	thirties				mvy	
91237594335a342445bbe0b4df49774c3e519dec1f73fc0b76d383003e528907bdc5b9c5ae08145e2d1b3eb7a47c17d037a4678611bc61ad5c0bbb2febf9941e	common_voice_mvy_42360578.mp3	58cab26742468023c2a51e8dbd0ce8d41e0737b685450df0cb2aaa2f434d3abc	دینی تعلیم کوستاں مہ چو عام تُھو		2	0	thirties				mvy	
91237594335a342445bbe0b4df49774c3e519dec1f73fc0b76d383003e528907bdc5b9c5ae08145e2d1b3eb7a47c17d037a4678611bc61ad5c0bbb2febf9941e	common_voice_mvy_42360585.mp3	5619c745e7c009ee9febb1e68941768d31f35a0a40e2db2527d466ffb7334e0a	چے سَیں اېک بھا نہ تعلق رڇھان٘س۔		2	0	thirties				mvy	
91237594335a342445bbe0b4df49774c3e519dec1f73fc0b76d383003e528907bdc5b9c5ae08145e2d1b3eb7a47c17d037a4678611bc61ad5c0bbb2febf9941e	common_voice_mvy_42360588.mp3	61a7e5505e322f9264db3aeff474f583aee434cf13a19d39ce360544b05d5ca4	ڇَیؤں قِسم فِقہاں بارہ مہ تھہ		2	0	thirties				mvy	
91237594335a342445bbe0b4df49774c3e519dec1f73fc0b76d383003e528907bdc5b9c5ae08145e2d1b3eb7a47c17d037a4678611bc61ad5c0bbb2febf9941e	common_voice_mvy_42415142.mp3	caab2c2ef27e91e38a921d86fedc28d3f375f83b6397e01ea4f40e848e565f0c	بار بار کُرویں نہ اما رڇھی۔		2	0	thirties				mvy	
91237594335a342445bbe0b4df49774c3e519dec1f73fc0b76d383003e528907bdc5b9c5ae08145e2d1b3eb7a47c17d037a4678611bc61ad5c0bbb2febf9941e	common_voice_mvy_42415154.mp3	ce16ed88d7e23b08601b8aedec31cdaa0fc0f04066d8f5b20aae15b745e4d62e	میدانی علاقہ نی تھی۔		2	0	thirties				mvy	
91237594335a342445bbe0b4df49774c3e519dec1f73fc0b76d383003e528907bdc5b9c5ae08145e2d1b3eb7a47c17d037a4678611bc61ad5c0bbb2febf9941e	common_voice_mvy_42415164.mp3	bc0c859ae4c39f72987978e86b20903c86179bda0b797765c81eac639c24e431	نیت کَرٶں فرض تھُو۔		2	0	thirties				mvy	
91237594335a342445bbe0b4df49774c3e519dec1f73fc0b76d383003e528907bdc5b9c5ae08145e2d1b3eb7a47c17d037a4678611bc61ad5c0bbb2febf9941e	common_voice_mvy_42415165.mp3	b72b55f0ff5fefb0b4c8f7efeba90c486a1878a56eef9151341c3b808b98804b	ولے بُوئ زن٘گلہ اور وے نی آن٘س۔		2	0	thirties				mvy	
91237594335a342445bbe0b4df49774c3e519dec1f73fc0b76d383003e528907bdc5b9c5ae08145e2d1b3eb7a47c17d037a4678611bc61ad5c0bbb2febf9941e	common_voice_mvy_42415168.mp3	c7070bb3278aea72438aba4033203f5db29e5561bcc4fef388438eaec0a056cd	اس تیلاں استعمال آں مالشہ ہِن		2	0	thirties				mvy	
91237594335a342445bbe0b4df49774c3e519dec1f73fc0b76d383003e528907bdc5b9c5ae08145e2d1b3eb7a47c17d037a4678611bc61ad5c0bbb2febf9941e	common_voice_mvy_42415186.mp3	d9da8d2e974b4bdf1ffddffa26f123a67b72872ead64b759593322684f8cd880	کؤں وخ چے معاہدہ نھالیۡ کھیں		2	0	thirties				mvy	
91237594335a342445bbe0b4df49774c3e519dec1f73fc0b76d383003e528907bdc5b9c5ae08145e2d1b3eb7a47c17d037a4678611bc61ad5c0bbb2febf9941e	common_voice_mvy_42415189.mp3	cdf5c644af57d6fa0c9e278898e6c6b4c7b189694a17e063a40675d1c9b37f90	سَو گُلُو بَیت؟		2	0	thirties				mvy	
91237594335a342445bbe0b4df49774c3e519dec1f73fc0b76d383003e528907bdc5b9c5ae08145e2d1b3eb7a47c17d037a4678611bc61ad5c0bbb2febf9941e	common_voice_mvy_42415190.mp3	ce0cd1e63bee7fef17bc88c81aa0cb49bfbd26ba4104eb3bb7ce4fb44152b8ef	تس کام کرؤں یا تسی نہ فَیدہ ہرؤں سُون٘ݜ تھُو۔		2	0	thirties				mvy	
91237594335a342445bbe0b4df49774c3e519dec1f73fc0b76d383003e528907bdc5b9c5ae08145e2d1b3eb7a47c17d037a4678611bc61ad5c0bbb2febf9941e	common_voice_mvy_42415191.mp3	cfaa72c90ec446e7fe56e3cbc44f857daa1165eb35a857b6cad3ad441003dc44	مری خراب ہُوگے کھیں		2	0	thirties				mvy	
91237594335a342445bbe0b4df49774c3e519dec1f73fc0b76d383003e528907bdc5b9c5ae08145e2d1b3eb7a47c17d037a4678611bc61ad5c0bbb2febf9941e	common_voice_mvy_42415214.mp3	db80cf4e30afcae235b01faf9f5a444147b89bacd8f44d3dc36e7e73cc3b3246	ہر ژیب اما مژ		2	0	thirties				mvy	
91237594335a342445bbe0b4df49774c3e519dec1f73fc0b76d383003e528907bdc5b9c5ae08145e2d1b3eb7a47c17d037a4678611bc61ad5c0bbb2febf9941e	common_voice_mvy_42415215.mp3	b5b6bbde8258fc5a6a7837271453d5d152b6ac782fc8020d16ff4933227c8842	دریاب، کھڑہۡ، ڈھیرگو آں گئ		2	0	thirties				mvy	
91237594335a342445bbe0b4df49774c3e519dec1f73fc0b76d383003e528907bdc5b9c5ae08145e2d1b3eb7a47c17d037a4678611bc61ad5c0bbb2febf9941e	common_voice_mvy_42415226.mp3	d45e542d012ed15d1401533ce8199d52ae38e1b14e5f6335def5271a10e5bd14	معداں گیس آں مُتیۡ معدَیں مرضی واں علاج گِران تُھو		2	0	thirties				mvy	
91237594335a342445bbe0b4df49774c3e519dec1f73fc0b76d383003e528907bdc5b9c5ae08145e2d1b3eb7a47c17d037a4678611bc61ad5c0bbb2febf9941e	common_voice_mvy_42415227.mp3	d3296649366304b7a85d471a250cac985f375f64dfc7a3fa80ba08a44e9b0ad2	میدان بدراں تُھو جمع ہُو اِیتَھو کفار		2	0	thirties				mvy	
91237594335a342445bbe0b4df49774c3e519dec1f73fc0b76d383003e528907bdc5b9c5ae08145e2d1b3eb7a47c17d037a4678611bc61ad5c0bbb2febf9941e	common_voice_mvy_42415233.mp3	c4878c882435535ecd2b474324b01efc89a581c3142965e36925f07c13d047eb	اېں شامُدام مزیُوں مہ ہو تھہ۔		3	0	thirties				mvy	
91237594335a342445bbe0b4df49774c3e519dec1f73fc0b76d383003e528907bdc5b9c5ae08145e2d1b3eb7a47c17d037a4678611bc61ad5c0bbb2febf9941e	common_voice_mvy_42415234.mp3	c8e53684fdff23a605850706a4811df7bfb1c90f4f30a1ea5c0d914962afc03a	تُو اُوندہ گی کام کرات؟		2	0	thirties				mvy	
91237594335a342445bbe0b4df49774c3e519dec1f73fc0b76d383003e528907bdc5b9c5ae08145e2d1b3eb7a47c17d037a4678611bc61ad5c0bbb2febf9941e	common_voice_mvy_42415240.mp3	dc399b1c4d219174f589788e245c5ed7617b5a18d47ecfc7e6cb018114d8f314	ہیُو ہرژا تُھو۔		2	0	thirties				mvy	
91237594335a342445bbe0b4df49774c3e519dec1f73fc0b76d383003e528907bdc5b9c5ae08145e2d1b3eb7a47c17d037a4678611bc61ad5c0bbb2febf9941e	common_voice_mvy_42360593.mp3	5696c21e03c8bcf3d8afc9fd47fa8ad1e85e0e027309f17cf5609f2003110e2e	ݜُو وجہۡ نہ سِڇھان٘لہ واں کِریا		2	0	thirties				mvy	
91237594335a342445bbe0b4df49774c3e519dec1f73fc0b76d383003e528907bdc5b9c5ae08145e2d1b3eb7a47c17d037a4678611bc61ad5c0bbb2febf9941e	common_voice_mvy_42360595.mp3	62d0b46f85b0f6e3b07d13e99604ab8f99bcbc4d3e9cfc5c595b4113d345410c	انشاءاللہ دڑ تے پُوسَیں سُگائ علاج ہوتھی۔		2	0	thirties				mvy	
91237594335a342445bbe0b4df49774c3e519dec1f73fc0b76d383003e528907bdc5b9c5ae08145e2d1b3eb7a47c17d037a4678611bc61ad5c0bbb2febf9941e	common_voice_mvy_42360597.mp3	28777d97a41df249d5d239dc83791da0f0b64833e3739a73d3413d33ba6e37b5	آں زوانی نہ پاتُو لام۔		2	0	thirties				mvy	
91237594335a342445bbe0b4df49774c3e519dec1f73fc0b76d383003e528907bdc5b9c5ae08145e2d1b3eb7a47c17d037a4678611bc61ad5c0bbb2febf9941e	common_voice_mvy_42360604.mp3	5d2a3963d18e00708c8cd858090a4ad61502e34e7652e4a8df32deeb17dab9e5	کراچی یاں خہر بُٹؤں نہ گھوں آں کاروبارَیں خاص زئ تھی،		3	0	thirties				mvy	
91237594335a342445bbe0b4df49774c3e519dec1f73fc0b76d383003e528907bdc5b9c5ae08145e2d1b3eb7a47c17d037a4678611bc61ad5c0bbb2febf9941e	common_voice_mvy_42360618.mp3	61047058875716573dfb02f6b71ffad3376bf81cd3bb155ff578b90f3bbc79a5	مُت شاناں عجبہ دُنئ آن٘سیۡ۔		2	0	thirties				mvy	
91237594335a342445bbe0b4df49774c3e519dec1f73fc0b76d383003e528907bdc5b9c5ae08145e2d1b3eb7a47c17d037a4678611bc61ad5c0bbb2febf9941e	common_voice_mvy_42360620.mp3	52ba19b598b550bdf9516e42ea11c764184c810fff51d9a65ba65dfdcc009678	موبائل فُون آں میں موحبتیں قصٹُو		2	0	thirties				mvy	
91237594335a342445bbe0b4df49774c3e519dec1f73fc0b76d383003e528907bdc5b9c5ae08145e2d1b3eb7a47c17d037a4678611bc61ad5c0bbb2febf9941e	common_voice_mvy_42360622.mp3	2c25759eb987c79869598b607ef40c4926476ad7fb07f73fd2ba398363ad6a20	انشاءاللہ بہتہۡر محسوس کراتھہ۔		2	0	thirties				mvy	
91237594335a342445bbe0b4df49774c3e519dec1f73fc0b76d383003e528907bdc5b9c5ae08145e2d1b3eb7a47c17d037a4678611bc61ad5c0bbb2febf9941e	common_voice_mvy_42360650.mp3	5c4a25d0ab65dae38203dc89117c9ba0aa7f45ad30ec5ed72f3d8c15c8110d94	پاکستاں مہ متاثرین وَیں تعداد:		2	0	thirties				mvy	
91237594335a342445bbe0b4df49774c3e519dec1f73fc0b76d383003e528907bdc5b9c5ae08145e2d1b3eb7a47c17d037a4678611bc61ad5c0bbb2febf9941e	common_voice_mvy_42360652.mp3	3cde5f4753c2a3c888125de923735bc3bacafa34ef34e7006202b00e720f5465	بِڅاں کردار یی تے ذمواری		2	0	thirties				mvy	
91237594335a342445bbe0b4df49774c3e519dec1f73fc0b76d383003e528907bdc5b9c5ae08145e2d1b3eb7a47c17d037a4678611bc61ad5c0bbb2febf9941e	common_voice_mvy_42360675.mp3	603bdd33af063295828633b731c6093c68172c276c55086e2deda2ef52159405	اکثر مریض اېک علاقہ نہ اېں تھو۔		2	0	thirties				mvy	
91237594335a342445bbe0b4df49774c3e519dec1f73fc0b76d383003e528907bdc5b9c5ae08145e2d1b3eb7a47c17d037a4678611bc61ad5c0bbb2febf9941e	common_voice_mvy_42381314.mp3	26dd208daf018453deab385b7c63aff22db3499ec5f88c7c159fd9b5718f7517	شرط ݜسے بناں تھہ چے ایک بِگ کام		2	0	thirties				mvy	
91237594335a342445bbe0b4df49774c3e519dec1f73fc0b76d383003e528907bdc5b9c5ae08145e2d1b3eb7a47c17d037a4678611bc61ad5c0bbb2febf9941e	common_voice_mvy_42381303.mp3	0d0c7efc648ab3a11c0a61d6594310f7f76c31497cb3c4c5638a622ad054a2c3	ݜُو بال ابوطالباں ہی اے وَیلیۡ کھیں سیں بانیۡ چے ڙھلیچ		2	0	thirties				mvy	
91237594335a342445bbe0b4df49774c3e519dec1f73fc0b76d383003e528907bdc5b9c5ae08145e2d1b3eb7a47c17d037a4678611bc61ad5c0bbb2febf9941e	common_voice_mvy_42381291.mp3	d8ad06d26523c468a2bf4897737f5b7b78d44cfacef609c13d04cf652d77963c	ایک حُکُم گِشے نھیلژا تھُو		2	0	thirties				mvy	
91237594335a342445bbe0b4df49774c3e519dec1f73fc0b76d383003e528907bdc5b9c5ae08145e2d1b3eb7a47c17d037a4678611bc61ad5c0bbb2febf9941e	common_voice_mvy_42381270.mp3	226b133bd17a778be9065711799cbf75ef06bd8b78e0935cb3ce47455dc2764a	ݜتُک ٹېم ݜُو حالت آن٘سیۡ		2	0	thirties				mvy	
91237594335a342445bbe0b4df49774c3e519dec1f73fc0b76d383003e528907bdc5b9c5ae08145e2d1b3eb7a47c17d037a4678611bc61ad5c0bbb2febf9941e	common_voice_mvy_42381255.mp3	16e2ca3e05aa947e7ea99b5d88b8fdf1bec5c3c1f95d379256f0bbafc0e3ce5d	(دین) پھېرٹیۡرَیں وجہۡ نہ آژ دژی!		2	0	thirties				mvy	
91237594335a342445bbe0b4df49774c3e519dec1f73fc0b76d383003e528907bdc5b9c5ae08145e2d1b3eb7a47c17d037a4678611bc61ad5c0bbb2febf9941e	common_voice_mvy_42381247.mp3	16c2c559ffc6d4a71a9693b4a71639925f2096b594a55f95492a4904278ab5ff	ہیپاٹائٹس اے تے ای بڅاں جسمہ مہ موجُود		2	0	thirties				mvy	
91237594335a342445bbe0b4df49774c3e519dec1f73fc0b76d383003e528907bdc5b9c5ae08145e2d1b3eb7a47c17d037a4678611bc61ad5c0bbb2febf9941e	common_voice_mvy_42381223.mp3	c04f8da8936187182e4c1786831ddc883514de0e2b03d6ad14a70d46ca1470e4	اگار مُوٹھِن دھا نی بھئ۔		2	0	thirties				mvy	
91237594335a342445bbe0b4df49774c3e519dec1f73fc0b76d383003e528907bdc5b9c5ae08145e2d1b3eb7a47c17d037a4678611bc61ad5c0bbb2febf9941e	common_voice_mvy_42360678.mp3	5a0834f353d143fe87898019d0f02c64810953cad8b4215f840ba832184e07ba	آں غیر حنفیہ بناں تھہ چے اُو صحیح نی تھو۔		3	0	thirties				mvy	
91237594335a342445bbe0b4df49774c3e519dec1f73fc0b76d383003e528907bdc5b9c5ae08145e2d1b3eb7a47c17d037a4678611bc61ad5c0bbb2febf9941e	common_voice_mvy_42360685.mp3	568314e1e5a2c5ac053ef88db1717fc10e21c98f93c633758f407f02dd627c4a	کہ ایک ٹَپ مُتیۡ بئ لُوں جائز تھی۔		2	0	thirties				mvy	
91237594335a342445bbe0b4df49774c3e519dec1f73fc0b76d383003e528907bdc5b9c5ae08145e2d1b3eb7a47c17d037a4678611bc61ad5c0bbb2febf9941e	common_voice_mvy_42360702.mp3	57569ac2f0173c4b6ae21f991319c8f7944c5049dcc9e1cd33cbbcee23199a13	وہ با دُو ڇا حُکمہ مے بنہ لہ۔		2	0	thirties				mvy	
91237594335a342445bbe0b4df49774c3e519dec1f73fc0b76d383003e528907bdc5b9c5ae08145e2d1b3eb7a47c17d037a4678611bc61ad5c0bbb2febf9941e	common_voice_mvy_42360705.mp3	5bf1763d99b4f10450b4e8be89f36e40d91bfad78fe1407d1ca7dca05ac3b80b	آں ݜُو تعلیماں نظام ہِن ہُویں ہریۡ		2	0	thirties				mvy	
91237594335a342445bbe0b4df49774c3e519dec1f73fc0b76d383003e528907bdc5b9c5ae08145e2d1b3eb7a47c17d037a4678611bc61ad5c0bbb2febf9941e	common_voice_mvy_42360710.mp3	402f20bebffd34a0b0d635b6bca6be1541551ff1159e718837bdcdf562387a9a	آں سېوں اسلاموَیں لُکھیاؤ؛		2	0	thirties				mvy	
91237594335a342445bbe0b4df49774c3e519dec1f73fc0b76d383003e528907bdc5b9c5ae08145e2d1b3eb7a47c17d037a4678611bc61ad5c0bbb2febf9941e	common_voice_mvy_42360719.mp3	66e268d403948b69e8343464c7c77e10c62e135749610cbca3a70dd8f9f523ea	تلہ لُوئ، ڈھاکہ، مرگ، ژُبُل عام لَک بال ہُوئ تھی۔		2	0	thirties				mvy	
91237594335a342445bbe0b4df49774c3e519dec1f73fc0b76d383003e528907bdc5b9c5ae08145e2d1b3eb7a47c17d037a4678611bc61ad5c0bbb2febf9941e	common_voice_mvy_42395829.mp3	9e92a808bb9eb4bac754b46b5ef4dcb0d3e22895e6f87d476c8d337cd832b741	آں کلہۡ لُوں وے مہ سُگو حل ہُوگا کھیں		2	0	thirties				mvy	
91237594335a342445bbe0b4df49774c3e519dec1f73fc0b76d383003e528907bdc5b9c5ae08145e2d1b3eb7a47c17d037a4678611bc61ad5c0bbb2febf9941e	common_voice_mvy_42395828.mp3	893aa31c146fa13d75fe23803baff009612baed7be4ba7b246f5f51ec336ee5d	آں نبی علیہ السلام مِلیۡ مِلیۡ اِسلام قبول کیریۡ۔		2	0	thirties				mvy	
91237594335a342445bbe0b4df49774c3e519dec1f73fc0b76d383003e528907bdc5b9c5ae08145e2d1b3eb7a47c17d037a4678611bc61ad5c0bbb2febf9941e	common_voice_mvy_42395819.mp3	94b6899280e8b1574ee39223be4ec83b4dc8e83066f9816256b9ee30042e088f	آں شلؤں لا خلکہ مراں تھہ۔		2	0	thirties				mvy	
91237594335a342445bbe0b4df49774c3e519dec1f73fc0b76d383003e528907bdc5b9c5ae08145e2d1b3eb7a47c17d037a4678611bc61ad5c0bbb2febf9941e	common_voice_mvy_42395818.mp3	825678a1b502d4985d51d00e173491dda269a0cf3350afa54e829db168f25fff	اسی لا مُتاں حاق گتہ ہوہَیں تُھُو۔		2	0	thirties				mvy	
91237594335a342445bbe0b4df49774c3e519dec1f73fc0b76d383003e528907bdc5b9c5ae08145e2d1b3eb7a47c17d037a4678611bc61ad5c0bbb2febf9941e	common_voice_mvy_42395817.mp3	8674e94593efc6f832218efc87a6f8a3db3f2a1238edd9c80bc0d69209d7f669	ݜُو اُستا تسیں گی چو کچھاں مرگلئ گتہ نی آن٘س		2	0	thirties				mvy	
91237594335a342445bbe0b4df49774c3e519dec1f73fc0b76d383003e528907bdc5b9c5ae08145e2d1b3eb7a47c17d037a4678611bc61ad5c0bbb2febf9941e	common_voice_mvy_42395815.mp3	9b012fa38dcfef50f9bece149813cd7df35d0f3dbd9dc2507a6d2ddbcc5433b5	آں ایں نېروں ہُم اسے گی نی تُھو۔		2	0	thirties				mvy	
91237594335a342445bbe0b4df49774c3e519dec1f73fc0b76d383003e528907bdc5b9c5ae08145e2d1b3eb7a47c17d037a4678611bc61ad5c0bbb2febf9941e	common_voice_mvy_42395807.mp3	90167fdd521179e5551e17136edc5566ea2661fc46967049b2cb991ba9f453c0	کھیں اُمید تُھو چے فَیدہ ڇېلا تُھو۔		2	0	thirties				mvy	
91237594335a342445bbe0b4df49774c3e519dec1f73fc0b76d383003e528907bdc5b9c5ae08145e2d1b3eb7a47c17d037a4678611bc61ad5c0bbb2febf9941e	common_voice_mvy_42395806.mp3	1f0779bbba40bdc02bcf00552e65bc58ef26a1ca80ec568c26b153131cd3f403	مُوٹَھیں اُوڅھ ہُویان٘س۔		2	0	thirties				mvy	
91237594335a342445bbe0b4df49774c3e519dec1f73fc0b76d383003e528907bdc5b9c5ae08145e2d1b3eb7a47c17d037a4678611bc61ad5c0bbb2febf9941e	common_voice_mvy_42395802.mp3	9bb88bd8fddbdb5ecc52205c3f76b9c32db60fff0e5cc1bf5a43cdc611233b64	چے اَس قانُون کیں شار کھیں گی ہو تُھو؟		2	0	thirties				mvy	
91237594335a342445bbe0b4df49774c3e519dec1f73fc0b76d383003e528907bdc5b9c5ae08145e2d1b3eb7a47c17d037a4678611bc61ad5c0bbb2febf9941e	common_voice_mvy_42395799.mp3	9b50c8df08a52edfcdcc94e10d6efb33507815ed55eefeaeca9b7d222707cf65	تے، گتہ نھالہ، تُو گی کمی ڇی تُھو یی؟		3	0	thirties				mvy	
91237594335a342445bbe0b4df49774c3e519dec1f73fc0b76d383003e528907bdc5b9c5ae08145e2d1b3eb7a47c17d037a4678611bc61ad5c0bbb2febf9941e	common_voice_mvy_42395798.mp3	809157c9c91e1639ac9907c834d50c937d39a31eaef5b07ad11a45e9db31368d	اخ تے سُوئ گیساں خرچَیں پتہۡ تھی یی؟		2	0	thirties				mvy	
91237594335a342445bbe0b4df49774c3e519dec1f73fc0b76d383003e528907bdc5b9c5ae08145e2d1b3eb7a47c17d037a4678611bc61ad5c0bbb2febf9941e	common_voice_mvy_42395797.mp3	5c1f803b8adc5068b812cc37c393075559a681d1379652ed93e44de60287b40d	لک بیماری یا لیونئیار یا مُت بِگ۔		2	0	thirties				mvy	
91237594335a342445bbe0b4df49774c3e519dec1f73fc0b76d383003e528907bdc5b9c5ae08145e2d1b3eb7a47c17d037a4678611bc61ad5c0bbb2febf9941e	common_voice_mvy_42395796.mp3	969c338477bd54c77f0a62f9f5486ef92a9daa876930d3f3c6bbb3b09062cace	یا عام دیس یی تے رال مہ		2	0	thirties				mvy	
91237594335a342445bbe0b4df49774c3e519dec1f73fc0b76d383003e528907bdc5b9c5ae08145e2d1b3eb7a47c17d037a4678611bc61ad5c0bbb2febf9941e	common_voice_mvy_42395795.mp3	9cbebd9d9a0cf767e5d1e0eecc0e5070a45be73f3a74e373a7ccea790796a4c3	بلکےۡ سِوَیں خِدمتی اېں اولے ہوں تھہ۔		2	0	thirties				mvy	
91237594335a342445bbe0b4df49774c3e519dec1f73fc0b76d383003e528907bdc5b9c5ae08145e2d1b3eb7a47c17d037a4678611bc61ad5c0bbb2febf9941e	common_voice_mvy_42395794.mp3	83d2daddfe8308a5118cef856f18331329a732dd0f2e7c23f537c37cfe2a040a	مرک گُھری یا نہ مِیں تپُوس کیریۡ		2	0	thirties				mvy	
91237594335a342445bbe0b4df49774c3e519dec1f73fc0b76d383003e528907bdc5b9c5ae08145e2d1b3eb7a47c17d037a4678611bc61ad5c0bbb2febf9941e	common_voice_mvy_42395793.mp3	8457c53f993a50a3ce06a05a4a710af45c7f895268102d038c27f503cee56476	زرتی (ضرورت) نہ بغیر مری صاف کرؤں،		2	1	thirties				mvy	
91237594335a342445bbe0b4df49774c3e519dec1f73fc0b76d383003e528907bdc5b9c5ae08145e2d1b3eb7a47c17d037a4678611bc61ad5c0bbb2febf9941e	common_voice_mvy_42395791.mp3	41d11ddc15caf4d2fa1c1d5db60855c2ad0be6fa880b814e2c93e73252aa0294	ڙھؤ وخت بئ یا چِݜہ ہُوتُھو		2	0	thirties				mvy	
91237594335a342445bbe0b4df49774c3e519dec1f73fc0b76d383003e528907bdc5b9c5ae08145e2d1b3eb7a47c17d037a4678611bc61ad5c0bbb2febf9941e	common_voice_mvy_42395790.mp3	8cd33adff211b3095020080bda9c19b202bcf6f2459ce77d0fef0ae0cf1a9cd2	تے نھالی چے گی شاناں طاقت پیدا ہوتھی۔		2	0	thirties				mvy	
91237594335a342445bbe0b4df49774c3e519dec1f73fc0b76d383003e528907bdc5b9c5ae08145e2d1b3eb7a47c17d037a4678611bc61ad5c0bbb2febf9941e	common_voice_mvy_42395788.mp3	9528b5f16d966f4192fd5b0e31dd0a8bab492016322afd7611215131acf4f686	لوڈ شیڈِن٘گاں نؤں تُوں گولہ نی ݜُون٘یں چھی یی؟		2	0	thirties				mvy	
91237594335a342445bbe0b4df49774c3e519dec1f73fc0b76d383003e528907bdc5b9c5ae08145e2d1b3eb7a47c17d037a4678611bc61ad5c0bbb2febf9941e	common_voice_mvy_42395780.mp3	7735bb06c7caf6dfb056ed2e04f345b5f54cf10922daa5ff6fa1bb9867977d94	دیس دُو اڙَیں وجہۡ نہ بُٹیۡ فضا سُگائ ہُو تھی		2	1	thirties				mvy	
91237594335a342445bbe0b4df49774c3e519dec1f73fc0b76d383003e528907bdc5b9c5ae08145e2d1b3eb7a47c17d037a4678611bc61ad5c0bbb2febf9941e	common_voice_mvy_42395776.mp3	8918b3ed2a141bd042f3c9f0444172091864f81f52bf0ea735fda9244e2f3a60	ݜتُک قُریشَیں پریۡشانی چئ ہوں بیسیۡ		2	0	thirties				mvy	
91237594335a342445bbe0b4df49774c3e519dec1f73fc0b76d383003e528907bdc5b9c5ae08145e2d1b3eb7a47c17d037a4678611bc61ad5c0bbb2febf9941e	common_voice_mvy_42395775.mp3	9d045759f66caf07ab688d83167adb6cf013a32747747317d22ac1246ee7cdcb	کؤں دیس بِس ایک ہُوگے کھیں		2	0	thirties				mvy	
91237594335a342445bbe0b4df49774c3e519dec1f73fc0b76d383003e528907bdc5b9c5ae08145e2d1b3eb7a47c17d037a4678611bc61ad5c0bbb2febf9941e	common_voice_mvy_42395774.mp3	92ef10abe10003dd61ee8c2a5773bdaa39ef890aacb300643ca31c8842cc67a5	رُوغ ماݜے مُردال مُولاؤ کھیں		2	0	thirties				mvy	
91237594335a342445bbe0b4df49774c3e519dec1f73fc0b76d383003e528907bdc5b9c5ae08145e2d1b3eb7a47c17d037a4678611bc61ad5c0bbb2febf9941e	common_voice_mvy_42395773.mp3	9c928acb9e642c6fcbf199bd3f242e6ad6685356815653c89d48cb35273c79cd	خو مسلماواں کِریا چو تکلیف بُوڇھاں آن٘س؛		2	0	thirties				mvy	
91237594335a342445bbe0b4df49774c3e519dec1f73fc0b76d383003e528907bdc5b9c5ae08145e2d1b3eb7a47c17d037a4678611bc61ad5c0bbb2febf9941e	common_voice_mvy_42395772.mp3	7d32c34759312b3ee69af12db3dd51f3e4fb06fe4a1fcc4df740da9589f1befb	کېلہ ہِن گتہ ہلالیں دڑیں علاج ممکن تھی		2	0	thirties				mvy	
91237594335a342445bbe0b4df49774c3e519dec1f73fc0b76d383003e528907bdc5b9c5ae08145e2d1b3eb7a47c17d037a4678611bc61ad5c0bbb2febf9941e	common_voice_mvy_42395771.mp3	934a90d987342b8afb8a45dbe050c0975751a0b8fcdbaeed8529f953a1d271b9	کلَتیں کوٙشیۡ آں دالاں جُوشانده		2	0	thirties				mvy	
91237594335a342445bbe0b4df49774c3e519dec1f73fc0b76d383003e528907bdc5b9c5ae08145e2d1b3eb7a47c17d037a4678611bc61ad5c0bbb2febf9941e	common_voice_mvy_42395770.mp3	5a88109756ec391e1da018379626a18e5f6f3061c4fc93599cbfea555f99242d	کؤں ماݜ لا سخ پېچس ݜژېلوۡ ہو آں چھاڑیۡ ہُم اے		2	0	thirties				mvy	
91237594335a342445bbe0b4df49774c3e519dec1f73fc0b76d383003e528907bdc5b9c5ae08145e2d1b3eb7a47c17d037a4678611bc61ad5c0bbb2febf9941e	common_voice_mvy_42395769.mp3	98fea6a3d09a8eca3fae46bdf79166bfc1a7074aeb47185e49c86db3c51db26c	آں دڇھیوں کھُور ݜے اورؤں چے		2	0	thirties				mvy	
91237594335a342445bbe0b4df49774c3e519dec1f73fc0b76d383003e528907bdc5b9c5ae08145e2d1b3eb7a47c17d037a4678611bc61ad5c0bbb2febf9941e	common_voice_mvy_42395768.mp3	95c2a4cc072cf859109e5ecad1b471b5fc28a928b778f9d5d337a2bad431ff46	آں عمراںؓ کِریا بانیۡ		2	0	thirties				mvy	
91237594335a342445bbe0b4df49774c3e519dec1f73fc0b76d383003e528907bdc5b9c5ae08145e2d1b3eb7a47c17d037a4678611bc61ad5c0bbb2febf9941e	common_voice_mvy_42395759.mp3	93bfb79c8814b58d1fed67ba8f74f3c1ffba31c5dcaf4ab7b24add39caed4f3c	ڇا یا چؤر دېسہۡ استمال نہ پتَیں چیری دڑی دُور ہوتھی۔		2	0	thirties				mvy	
91237594335a342445bbe0b4df49774c3e519dec1f73fc0b76d383003e528907bdc5b9c5ae08145e2d1b3eb7a47c17d037a4678611bc61ad5c0bbb2febf9941e	common_voice_mvy_42364835.mp3	81f4dfad0d3f08204c4b69807ac7bcc0fcd7972cc10dd3cc9d8ea93f7749503f	ماݜ لا حکم لازِم نی ہوں تھہ۔		2	0	thirties				mvy	
91237594335a342445bbe0b4df49774c3e519dec1f73fc0b76d383003e528907bdc5b9c5ae08145e2d1b3eb7a47c17d037a4678611bc61ad5c0bbb2febf9941e	common_voice_mvy_42364834.mp3	913df82697aa92c386635b6d321a6ed2f7c58c61ac602c014e9efdf8c477def7	تسی لا نبی علیہ السلامے بانیۡ چے ݜېں خلکہ		2	0	thirties				mvy	
91237594335a342445bbe0b4df49774c3e519dec1f73fc0b76d383003e528907bdc5b9c5ae08145e2d1b3eb7a47c17d037a4678611bc61ad5c0bbb2febf9941e	common_voice_mvy_42364832.mp3	91c8abbc9518400a6235d99c96ce9d890a000791ec467cdfc806c972a1166dd2	میں کُھرؤں اور کن٘ڈہۡ بیں تھہ		2	0	thirties				mvy	
91237594335a342445bbe0b4df49774c3e519dec1f73fc0b76d383003e528907bdc5b9c5ae08145e2d1b3eb7a47c17d037a4678611bc61ad5c0bbb2febf9941e	common_voice_mvy_42364821.mp3	84473cde6123fe08a2f0c3d2c12d80170f388794019992ce3b8e573e46557dce	اَس ایک ساریۡ ڈَل نہ لُکھیلیۡ ہو۔		2	0	thirties				mvy	
91237594335a342445bbe0b4df49774c3e519dec1f73fc0b76d383003e528907bdc5b9c5ae08145e2d1b3eb7a47c17d037a4678611bc61ad5c0bbb2febf9941e	common_voice_mvy_42364820.mp3	93c3cf0cec1c4b623f7fc13b192b606aafe46d69809d5d654e83ae12218118a6	گِران لہ تُھو خو کڑاؤ گتہ کم تُھو نا		4	0	thirties				mvy	
91237594335a342445bbe0b4df49774c3e519dec1f73fc0b76d383003e528907bdc5b9c5ae08145e2d1b3eb7a47c17d037a4678611bc61ad5c0bbb2febf9941e	common_voice_mvy_42364819.mp3	98f07d786a49008387c4ead89e41b023acf9738a8ef4644afd699bbcb2f8e4c0	کھیں اُو تس مار،		2	0	thirties				mvy	
91237594335a342445bbe0b4df49774c3e519dec1f73fc0b76d383003e528907bdc5b9c5ae08145e2d1b3eb7a47c17d037a4678611bc61ad5c0bbb2febf9941e	common_voice_mvy_42364818.mp3	8f84bf32d9f1c3e70037fcd4b1f3ce58d2a786c270a0e6fff5d4afaab222b514	اېوں نہ بېل گھِن٘لیۡ قُوم دنَیں مژ تَیں زائ نی دھیں تھی۔		2	0	thirties				mvy	
91237594335a342445bbe0b4df49774c3e519dec1f73fc0b76d383003e528907bdc5b9c5ae08145e2d1b3eb7a47c17d037a4678611bc61ad5c0bbb2febf9941e	common_voice_mvy_42364793.mp3	7b1b04346ca40f38863082e76005ba10b6927a25395e5795e0b82ab19f5df919	اک دیس اوک بوئے پتہۡ ایلیۡ چے بگ ول تُھو۔		2	0	thirties				mvy	
91237594335a342445bbe0b4df49774c3e519dec1f73fc0b76d383003e528907bdc5b9c5ae08145e2d1b3eb7a47c17d037a4678611bc61ad5c0bbb2febf9941e	common_voice_mvy_42364792.mp3	3c73a7ae07aefd037d83ba287668a7ae07b51fd0fd47989e24bac45b8cf1944b	ایک بُو آں الُو یا الہے منہ ہون٘دُوں اڅھکاݜ تھُو۔		2	0	thirties				mvy	
91237594335a342445bbe0b4df49774c3e519dec1f73fc0b76d383003e528907bdc5b9c5ae08145e2d1b3eb7a47c17d037a4678611bc61ad5c0bbb2febf9941e	common_voice_mvy_42364791.mp3	6bac4f0ae56fcaf8e406aba32664d74c0cc1bd8d281e96e4b67a3c37cf3319a2	ہسان نحو چَورُوں سبق بنِگ		2	0	thirties				mvy	
91237594335a342445bbe0b4df49774c3e519dec1f73fc0b76d383003e528907bdc5b9c5ae08145e2d1b3eb7a47c17d037a4678611bc61ad5c0bbb2febf9941e	common_voice_mvy_42364777.mp3	9ed0bd2399fc5cf396bb9dd18e6dfc2685ee9a1627c4654d96d7cd2416d3bc7e	غیر محفوظ خوراکہ نہ اما رڇھؤں:		2	0	thirties				mvy	
91237594335a342445bbe0b4df49774c3e519dec1f73fc0b76d383003e528907bdc5b9c5ae08145e2d1b3eb7a47c17d037a4678611bc61ad5c0bbb2febf9941e	common_voice_mvy_42364775.mp3	71516abc71d2d80b0ed3b04d4b7224e0957f6a03d1134c8ad4ee250106cb4b1d	ککی گتہ ہسی تھی”مٹو تیں ارادی مے ٹھِک لیل نی ہوں تھی“۔		2	0	thirties				mvy	
91237594335a342445bbe0b4df49774c3e519dec1f73fc0b76d383003e528907bdc5b9c5ae08145e2d1b3eb7a47c17d037a4678611bc61ad5c0bbb2febf9941e	common_voice_mvy_42364772.mp3	9be1a0e96c46579a801c37785982fc04604d674afde29b2b7271ad78b5820fcb	دُو گھېݩری کاشکئ، ماݜی ایک گلاس تتوۡ وے مہ		3	0	thirties				mvy	
91237594335a342445bbe0b4df49774c3e519dec1f73fc0b76d383003e528907bdc5b9c5ae08145e2d1b3eb7a47c17d037a4678611bc61ad5c0bbb2febf9941e	common_voice_mvy_42364770.mp3	974aecc27e1818f45428388eef7168d90e1f19610403a7c50b26aa34d5d49034	مھالیۡ مھالہ تَیں دِھجو اِسکُلے نی ڇِہیں تھہ۔		4	0	thirties				mvy	
91237594335a342445bbe0b4df49774c3e519dec1f73fc0b76d383003e528907bdc5b9c5ae08145e2d1b3eb7a47c17d037a4678611bc61ad5c0bbb2febf9941e	common_voice_mvy_42394980.mp3	6602f86d9e827ec9cbe2a4673bffb3d7f0fa1749a9e7c1a53679fdb1f8defd40	سو اکبر گی ہُوندوۡ، مھالے تپُوس کیر		2	0	thirties				mvy	
91237594335a342445bbe0b4df49774c3e519dec1f73fc0b76d383003e528907bdc5b9c5ae08145e2d1b3eb7a47c17d037a4678611bc61ad5c0bbb2febf9941e	common_voice_mvy_42394974.mp3	59f72599ba0f36a99459e72faa55f2494981ed9e640d96c4fbd70363c61bc0b6	پِھݩبِل ہِن پلاک ہولاں علاج		4	0	thirties				mvy	
91237594335a342445bbe0b4df49774c3e519dec1f73fc0b76d383003e528907bdc5b9c5ae08145e2d1b3eb7a47c17d037a4678611bc61ad5c0bbb2febf9941e	common_voice_mvy_42394869.mp3	846d1a923067002fbb492cc108b687b8b03b33369545cc2acb8594eb54081699	(گِشے چے تُس بناں تھہ چے بے نی تھہ)		3	0	thirties				mvy	
91237594335a342445bbe0b4df49774c3e519dec1f73fc0b76d383003e528907bdc5b9c5ae08145e2d1b3eb7a47c17d037a4678611bc61ad5c0bbb2febf9941e	common_voice_mvy_42394858.mp3	8d890fa62e40aff83d36e0f5dd1ea900a503d5efa25c7d1ac52199fef0ea976a	اسی ہِن بِڅاں چو ٹیم ضائع ہُوی تُھو		2	0	thirties				mvy	
91237594335a342445bbe0b4df49774c3e519dec1f73fc0b76d383003e528907bdc5b9c5ae08145e2d1b3eb7a47c17d037a4678611bc61ad5c0bbb2febf9941e	common_voice_mvy_42394849.mp3	8920f11d884375f0f67affc9c987caa1099ddac2edfb370a08be8a655e554e41	بادامہ ہِن دماغَیں علاج کری		2	0	thirties				mvy	
91237594335a342445bbe0b4df49774c3e519dec1f73fc0b76d383003e528907bdc5b9c5ae08145e2d1b3eb7a47c17d037a4678611bc61ad5c0bbb2febf9941e	common_voice_mvy_42394846.mp3	7264f1048a0d634417b5f14376b6b716ec32124cda0106352a64bcb09302f1e0	اس مرضی نہ کَس مېشوال خبر نېراں تھو		2	0	thirties				mvy	
91237594335a342445bbe0b4df49774c3e519dec1f73fc0b76d383003e528907bdc5b9c5ae08145e2d1b3eb7a47c17d037a4678611bc61ad5c0bbb2febf9941e	common_voice_mvy_42376258.mp3	f00c029b9174c976b0c4543c22892dbae33c79c2e9125b812943ddbed6dfb6d8	کھیں کھانگیۡ کم ہوتھی۔		2	0	thirties				mvy	
91237594335a342445bbe0b4df49774c3e519dec1f73fc0b76d383003e528907bdc5b9c5ae08145e2d1b3eb7a47c17d037a4678611bc61ad5c0bbb2febf9941e	common_voice_mvy_42376257.mp3	ee5df6170ee2d825863c6c3fa8a3c562db2062259a0b1e43db655e1fa231c4de	بُوڇھ کم دېوں آں چُن٘ڑیۡ ژر ہوں		2	0	thirties				mvy	
91237594335a342445bbe0b4df49774c3e519dec1f73fc0b76d383003e528907bdc5b9c5ae08145e2d1b3eb7a47c17d037a4678611bc61ad5c0bbb2febf9941e	common_voice_mvy_42367252.mp3	6d072063a8c0ba8eaaa57dc079edc36474c57e1c8cbd61d3780bf0dc6a0ac41c	تسیں شُکھرتی کھاڑم تُھو		2	0	thirties				mvy	
91237594335a342445bbe0b4df49774c3e519dec1f73fc0b76d383003e528907bdc5b9c5ae08145e2d1b3eb7a47c17d037a4678611bc61ad5c0bbb2febf9941e	common_voice_mvy_42364743.mp3	9dec3344544fcaf5cacd486990ca0fb63ca0e234b17dbb55c1adb388a27723a4	دھان٘کؤں کِریا بانیۡ تُس مُسلماں واں کِریا		2	0	thirties				mvy	
91237594335a342445bbe0b4df49774c3e519dec1f73fc0b76d383003e528907bdc5b9c5ae08145e2d1b3eb7a47c17d037a4678611bc61ad5c0bbb2febf9941e	common_voice_mvy_42364741.mp3	709aca248ca53056c67c02f741f7f503ef784aa18f5025364ac7194e7edb91be	مشرکین وَیں سَیں امانتیۡ واپس کرَیں یاں بنہ گلے		2	0	thirties				mvy	
91237594335a342445bbe0b4df49774c3e519dec1f73fc0b76d383003e528907bdc5b9c5ae08145e2d1b3eb7a47c17d037a4678611bc61ad5c0bbb2febf9941e	common_voice_mvy_42364740.mp3	9f40c8f8cb4d3d5d303efe9e6aade2be0d4a40746940383ba98e25d645d75bad	ݜُو قانُون اکثر خلکَیں رِواج تے مذہبی وات بی تُھو۔		2	0	thirties				mvy	
91237594335a342445bbe0b4df49774c3e519dec1f73fc0b76d383003e528907bdc5b9c5ae08145e2d1b3eb7a47c17d037a4678611bc61ad5c0bbb2febf9941e	common_voice_mvy_42364738.mp3	a0c423502a7d5c1b05e2c9f022fada611844955fa851c23c5b0eb0b6789f340d	اُستازہ شاگڑہ وَیں پرچیُوں مژ نہ نقل		2	0	thirties				mvy	
91237594335a342445bbe0b4df49774c3e519dec1f73fc0b76d383003e528907bdc5b9c5ae08145e2d1b3eb7a47c17d037a4678611bc61ad5c0bbb2febf9941e	common_voice_mvy_42394804.mp3	84229194f7ca4392bf0c4a7b7c6a26336711f4d695a71a8857fb25fef03dc811	اسیں معنہ ݜے ہُوگے چے		2	0	thirties				mvy	
91237594335a342445bbe0b4df49774c3e519dec1f73fc0b76d383003e528907bdc5b9c5ae08145e2d1b3eb7a47c17d037a4678611bc61ad5c0bbb2febf9941e	common_voice_mvy_42394802.mp3	7ee7958b2620963e346ffacea8048b5cd752811eef6eebcb5e35893be4fc64db	ڇھاری نہ اېن٘لہ خلکؤں گے بئ سِواں کِریا دعوت دِیان٘س۔		2	0	thirties				mvy	
91237594335a342445bbe0b4df49774c3e519dec1f73fc0b76d383003e528907bdc5b9c5ae08145e2d1b3eb7a47c17d037a4678611bc61ad5c0bbb2febf9941e	common_voice_mvy_42394800.mp3	3839083ff89409f3acba61b8a2aa234002082092bcccd3ff0bcf0bd7be2fa4df	قانُون ݜے بلی وَیں بَٹیۡ تھی		2	1	thirties				mvy	
91237594335a342445bbe0b4df49774c3e519dec1f73fc0b76d383003e528907bdc5b9c5ae08145e2d1b3eb7a47c17d037a4678611bc61ad5c0bbb2febf9941e	common_voice_mvy_42394798.mp3	751032370b0414e5b047e1a5b30f3314c653510666b886d2f2c9795f9c9705af	اُو گی بال ہُون٘دی یی!		2	0	thirties				mvy	
91237594335a342445bbe0b4df49774c3e519dec1f73fc0b76d383003e528907bdc5b9c5ae08145e2d1b3eb7a47c17d037a4678611bc61ad5c0bbb2febf9941e	common_voice_mvy_42376256.mp3	e81580c89dcda997d0484a3edf81a32ba9eab8c2a87cb46f9691fb9ed85fae05	سو ہسانی گتہ بارُژیۡ تھی۔		2	0	thirties				mvy	
91237594335a342445bbe0b4df49774c3e519dec1f73fc0b76d383003e528907bdc5b9c5ae08145e2d1b3eb7a47c17d037a4678611bc61ad5c0bbb2febf9941e	common_voice_mvy_42376255.mp3	ea87ae1787be9a782808f6681f179e6f0a9732b3a9b8f117c43f55d19f667730	سُگاؤ اڙوۡ دی تُھو، اسی مہ اما بلیاگ نَیں یی!		2	0	thirties				mvy	
91237594335a342445bbe0b4df49774c3e519dec1f73fc0b76d383003e528907bdc5b9c5ae08145e2d1b3eb7a47c17d037a4678611bc61ad5c0bbb2febf9941e	common_voice_mvy_42376254.mp3	e8d8bdaf85080b23f69ebc827ff48d99262bc51167f444c3a17439d899c57714	ولے لازمی نی ہُوئ تھی۔		2	0	thirties				mvy	
91237594335a342445bbe0b4df49774c3e519dec1f73fc0b76d383003e528907bdc5b9c5ae08145e2d1b3eb7a47c17d037a4678611bc61ad5c0bbb2febf9941e	common_voice_mvy_42376237.mp3	d36ff6d8d67435e7abf85969b6723fadea4a6e1dcdedd2037d825c061c6c8268	چے سَیں اِنساناں کریا ہوں۔		2	0	thirties				mvy	
91237594335a342445bbe0b4df49774c3e519dec1f73fc0b76d383003e528907bdc5b9c5ae08145e2d1b3eb7a47c17d037a4678611bc61ad5c0bbb2febf9941e	common_voice_mvy_42376236.mp3	e7b6429fb29ceaccea28d444d2caca03ced4c5c4eb03e850e2fd7aa770fdc3d1	کھُرَہ گھُنڈٶں سَیں دَھیٶں۔		2	0	thirties				mvy	
91237594335a342445bbe0b4df49774c3e519dec1f73fc0b76d383003e528907bdc5b9c5ae08145e2d1b3eb7a47c17d037a4678611bc61ad5c0bbb2febf9941e	common_voice_mvy_42376235.mp3	81d33398823a14ced7dd2a95d06e04be24afd62cd1d71653c0bc4bdf8ece1b74	آں اسیں کِریا سزا دیُوژا تھی،		2	0	thirties				mvy	
91237594335a342445bbe0b4df49774c3e519dec1f73fc0b76d383003e528907bdc5b9c5ae08145e2d1b3eb7a47c17d037a4678611bc61ad5c0bbb2febf9941e	common_voice_mvy_42376234.mp3	d227622cff67f718baaee9036650ef0a9cdf683752f8e2d69fb1ac05aa0eea9b	”او ککی اسے بِڅَیں ژیب گِشے ای تھی“		3	0	thirties				mvy	
91237594335a342445bbe0b4df49774c3e519dec1f73fc0b76d383003e528907bdc5b9c5ae08145e2d1b3eb7a47c17d037a4678611bc61ad5c0bbb2febf9941e	common_voice_mvy_42376209.mp3	e8b9b6002a0db059721bc050da15c1f3b4efd1551ed7ffe627175b1e3e3a5fd6	آن لائن سبق پڑیا گلے وخ بچ کرہاں تھہ۔		3	0	thirties				mvy	
91237594335a342445bbe0b4df49774c3e519dec1f73fc0b76d383003e528907bdc5b9c5ae08145e2d1b3eb7a47c17d037a4678611bc61ad5c0bbb2febf9941e	common_voice_mvy_42376197.mp3	d875c519147dbcf94967d6a7bb06d5f9ad55d510c9ad263b16880f30b1c49ce7	یا خُدا اسی ملیۡ گی افتی مہ بَیل		2	0	thirties				mvy	
91237594335a342445bbe0b4df49774c3e519dec1f73fc0b76d383003e528907bdc5b9c5ae08145e2d1b3eb7a47c17d037a4678611bc61ad5c0bbb2febf9941e	common_voice_mvy_42376196.mp3	d63286b6cc1744f13767333cac1eef9beb79523c4b4e08e8b1c37cc58da63214	”مھالیۡ مھال اسیں کوستَیں ہوں آں ژیب گِشےۡ نی اے“۔		3	0	thirties				mvy	
91237594335a342445bbe0b4df49774c3e519dec1f73fc0b76d383003e528907bdc5b9c5ae08145e2d1b3eb7a47c17d037a4678611bc61ad5c0bbb2febf9941e	common_voice_mvy_42376195.mp3	e76e054ce8d8bfe7fef163b20b5f9d479b23d3fe2f091af0c5828b23c0ae2eb7	آں ہسانی یاں دن روا کریل ہُوئ تھُو۔		2	0	thirties				mvy	
91237594335a342445bbe0b4df49774c3e519dec1f73fc0b76d383003e528907bdc5b9c5ae08145e2d1b3eb7a47c17d037a4678611bc61ad5c0bbb2febf9941e	common_voice_mvy_42364433.mp3	979bed700bb3fba6af1c02633214b3845489fe84d45e1820cbc1d0ea29fe8407	ایک کُروڑ رُوپئ ہوں ولے ایں بُٹیۡ اُو قرض دے،		2	0	thirties				mvy	
91237594335a342445bbe0b4df49774c3e519dec1f73fc0b76d383003e528907bdc5b9c5ae08145e2d1b3eb7a47c17d037a4678611bc61ad5c0bbb2febf9941e	common_voice_mvy_42364432.mp3	996bf652c6763d80e293bf72c6f5f70dcf906bf03e19f39224829b721eab2723	مژ نہ بنَیں ہِن نِوان٘ز شریۡ تھُو۔		2	0	thirties				mvy	
91237594335a342445bbe0b4df49774c3e519dec1f73fc0b76d383003e528907bdc5b9c5ae08145e2d1b3eb7a47c17d037a4678611bc61ad5c0bbb2febf9941e	common_voice_mvy_42364431.mp3	9912831c4c38f3eff0840152823be5c58c5287fe046f78e78c10f414eb2ae6c8	وجہۡ یاں حُکُمہۡ پُوری حِصار تھی۔		2	0	thirties				mvy	
91237594335a342445bbe0b4df49774c3e519dec1f73fc0b76d383003e528907bdc5b9c5ae08145e2d1b3eb7a47c17d037a4678611bc61ad5c0bbb2febf9941e	common_voice_mvy_42362920.mp3	7098f34a3c891ac29cf1b69eb32b22d3faa304ea6bafce97fa8ba614f23f9540	ایک کمیٹی سن٘دؤں ہوتُھو		2	0	thirties				mvy	
91237594335a342445bbe0b4df49774c3e519dec1f73fc0b76d383003e528907bdc5b9c5ae08145e2d1b3eb7a47c17d037a4678611bc61ad5c0bbb2febf9941e	common_voice_mvy_42364430.mp3	8b118ad3050537017d3481c0479273d7b38e8b2afc6114447ae0e34df80b4d44	نظرَیں کمزُوری دُور ہوتھی۔		2	0	thirties				mvy	
91237594335a342445bbe0b4df49774c3e519dec1f73fc0b76d383003e528907bdc5b9c5ae08145e2d1b3eb7a47c17d037a4678611bc61ad5c0bbb2febf9941e	common_voice_mvy_42364428.mp3	9324a93c454f9252c1072ae56239e49c27d77ecb57a7e04d3b868376938ceb66	اگر کؤں ماݜ بُڇھہ نی ہُوئ تُھو یا بُوڇھ کم رِن٘گیۡ تُھو		2	0	thirties				mvy	
91237594335a342445bbe0b4df49774c3e519dec1f73fc0b76d383003e528907bdc5b9c5ae08145e2d1b3eb7a47c17d037a4678611bc61ad5c0bbb2febf9941e	common_voice_mvy_42362923.mp3	6c3e32ca66a3d425d6742ee523d039488c7ab71acea0a25183ba0cd1e6a4a2db	موحبتِیں معاملیُوں مہ لہ اسیں مُتیۡ رن٘گَیں حال ہُوئ تھی۔		2	0	thirties				mvy	
91237594335a342445bbe0b4df49774c3e519dec1f73fc0b76d383003e528907bdc5b9c5ae08145e2d1b3eb7a47c17d037a4678611bc61ad5c0bbb2febf9941e	common_voice_mvy_42362924.mp3	597bf7cf2d4378c4c3f2d8473cc0a3349b079904c8dfd9052f9a92ca7d30d2b5	گِشے چے نِوان٘زاں دن ادُوس ہوں پکار تھُوےۡ		2	0	thirties				mvy	
91237594335a342445bbe0b4df49774c3e519dec1f73fc0b76d383003e528907bdc5b9c5ae08145e2d1b3eb7a47c17d037a4678611bc61ad5c0bbb2febf9941e	common_voice_mvy_42362925.mp3	6570c75923135a6c90d90b3b8606ad992111f985a7341e112aa39f11edfe57c6	چِیناں آں احتراماں ماحول سن٘داں		2	0	thirties				mvy	
91237594335a342445bbe0b4df49774c3e519dec1f73fc0b76d383003e528907bdc5b9c5ae08145e2d1b3eb7a47c17d037a4678611bc61ad5c0bbb2febf9941e	common_voice_mvy_42362926.mp3	75c940360cb28dd8e8444e3cba687e788889089c857af265682a1da91bbf16ba	ݜتُک مہ پیشیں گولیۡ یاں ٹیم ایگا		3	0	thirties				mvy	
91237594335a342445bbe0b4df49774c3e519dec1f73fc0b76d383003e528907bdc5b9c5ae08145e2d1b3eb7a47c17d037a4678611bc61ad5c0bbb2febf9941e	common_voice_mvy_42364064.mp3	96697d754f0e55342de03871b76ae55af561189fb2d7a4a759f2806dad266346	چے اؤلادَیں تربیت کرؤں صرف مھالیۡ مھالَیں ذمواری نی تھی		2	0	thirties				mvy	
91237594335a342445bbe0b4df49774c3e519dec1f73fc0b76d383003e528907bdc5b9c5ae08145e2d1b3eb7a47c17d037a4678611bc61ad5c0bbb2febf9941e	common_voice_mvy_42364061.mp3	5e0395defef6632b6a5e13032d0f8fb0a9d059d66baf7408321c50dd78c0277e	ماسمہ صرف تعلیمی کامیابیُوں ہریۡ نی رڇھہۡ		2	0	thirties				mvy	
91237594335a342445bbe0b4df49774c3e519dec1f73fc0b76d383003e528907bdc5b9c5ae08145e2d1b3eb7a47c17d037a4678611bc61ad5c0bbb2febf9941e	common_voice_mvy_42364050.mp3	863a5c2a7966739d0cd5eb14f574215c9b616fe0e6371bc4bc170ebf83e5a9a0	چے گی غلطی نی دَھرہۡ		2	0	thirties				mvy	
91237594335a342445bbe0b4df49774c3e519dec1f73fc0b76d383003e528907bdc5b9c5ae08145e2d1b3eb7a47c17d037a4678611bc61ad5c0bbb2febf9941e	common_voice_mvy_42364049.mp3	9867ff349b20d240c7185c7b40338ed1a4245207a583d7dd5e99b04b3b00cbc5	دنئ یاں سُودَیں لالچ نېریۡ کھیں		2	0	thirties				mvy	
91237594335a342445bbe0b4df49774c3e519dec1f73fc0b76d383003e528907bdc5b9c5ae08145e2d1b3eb7a47c17d037a4678611bc61ad5c0bbb2febf9941e	common_voice_mvy_42364047.mp3	99735360e3ec0e08471a99f2b11ba78f78824f532a3c9042f4b618cff3e2a7b8	دراں پاتُو کرہ		2	0	thirties				mvy	
91237594335a342445bbe0b4df49774c3e519dec1f73fc0b76d383003e528907bdc5b9c5ae08145e2d1b3eb7a47c17d037a4678611bc61ad5c0bbb2febf9941e	common_voice_mvy_42364046.mp3	8c477d6f760dd8edec6078a1202d54fd8c2b6071c607adff245a25d5e40f3845	کېر اللہ محفوظ تُو تُھو مثلِ گُلشن		3	0	thirties				mvy	
91237594335a342445bbe0b4df49774c3e519dec1f73fc0b76d383003e528907bdc5b9c5ae08145e2d1b3eb7a47c17d037a4678611bc61ad5c0bbb2febf9941e	common_voice_mvy_42363012.mp3	4dbb6def6060300dd5ef421a3f1bdd2d7b942313ace80e1b7b97b5abfca5a3e5	ہُنَر ہِن نِوان٘ز کرٶں واجب تھُو۔		2	0	thirties				mvy	
91237594335a342445bbe0b4df49774c3e519dec1f73fc0b76d383003e528907bdc5b9c5ae08145e2d1b3eb7a47c17d037a4678611bc61ad5c0bbb2febf9941e	common_voice_mvy_42364035.mp3	9a08822e0b14abd5a0029e9eafadece88249ad9fccc0f409f0a014fac2ce1d3a	بِتُس احتیاطی تدابیر واں خیال رڇِھگ		2	0	thirties				mvy	
91237594335a342445bbe0b4df49774c3e519dec1f73fc0b76d383003e528907bdc5b9c5ae08145e2d1b3eb7a47c17d037a4678611bc61ad5c0bbb2febf9941e	common_voice_mvy_42364032.mp3	97752a8419232026e9119a0733cdc823fbdae77bcb329a2857883bacd68b19a9	عمل کرے بالکل ہَسان آں کھٹَیں انداز مہ		2	0	thirties				mvy	
91237594335a342445bbe0b4df49774c3e519dec1f73fc0b76d383003e528907bdc5b9c5ae08145e2d1b3eb7a47c17d037a4678611bc61ad5c0bbb2febf9941e	common_voice_mvy_42364021.mp3	977c48f9ed3c87c15ae890c79b921b51e51b7e1a4b5a53bc0e2d2fd1490a5fd9	سیں تل چور سات اسمانہ پَیدا کرچھی؛		2	0	thirties				mvy	
91237594335a342445bbe0b4df49774c3e519dec1f73fc0b76d383003e528907bdc5b9c5ae08145e2d1b3eb7a47c17d037a4678611bc61ad5c0bbb2febf9941e	common_voice_mvy_42363036.mp3	72615eef8009c7565869fbd9f98e511ae652c5d6f2911893568c11811d83c37c	اَس بیماریں علاج مژ رِن٘گیۡ تُھو۔		2	0	thirties				mvy	
91237594335a342445bbe0b4df49774c3e519dec1f73fc0b76d383003e528907bdc5b9c5ae08145e2d1b3eb7a47c17d037a4678611bc61ad5c0bbb2febf9941e	common_voice_mvy_42363037.mp3	7441f61c10a3833cda72b736202cb32f8fa72250538cd5d347e7868a7c4a393f	تِگَے گِی تکلیف تُھو؟		2	0	thirties				mvy	
91237594335a342445bbe0b4df49774c3e519dec1f73fc0b76d383003e528907bdc5b9c5ae08145e2d1b3eb7a47c17d037a4678611bc61ad5c0bbb2febf9941e	common_voice_mvy_42363039.mp3	72a44490f64bd61d04eaf6e65d62480910b06b387a758500fbfeaa14113b1408	سِواں استعمال بغیر ڈاکٹرَیں مشورہ نہ کرؤں پکار نی تُھو۔		2	0	thirties				mvy	
91237594335a342445bbe0b4df49774c3e519dec1f73fc0b76d383003e528907bdc5b9c5ae08145e2d1b3eb7a47c17d037a4678611bc61ad5c0bbb2febf9941e	common_voice_mvy_42364015.mp3	9116ec1c2a63b5ee8206ed35878b66794777cfb2486adafb4b60dcfd15f9f4c1	ایک چُݩڈی لُوں ژِبہۡ لا چھا دش مِلٹہ		2	0	thirties				mvy	
91237594335a342445bbe0b4df49774c3e519dec1f73fc0b76d383003e528907bdc5b9c5ae08145e2d1b3eb7a47c17d037a4678611bc61ad5c0bbb2febf9941e	common_voice_mvy_42364014.mp3	86bc06e1d1dc0dc69ba3ff2c2e9187512f16000543e89b47bf8089875d32e2e5	صفائی یاں لر انتظامات۔		2	0	thirties				mvy	
91237594335a342445bbe0b4df49774c3e519dec1f73fc0b76d383003e528907bdc5b9c5ae08145e2d1b3eb7a47c17d037a4678611bc61ad5c0bbb2febf9941e	common_voice_mvy_42364003.mp3	99d0341b76eaae2249f6361279309e15188d602c660657c1e1c74a0b60fb1a04	خلکہ تاں ماسمہ مدرسیُوں ڇہیں تھو		2	0	thirties				mvy	
91237594335a342445bbe0b4df49774c3e519dec1f73fc0b76d383003e528907bdc5b9c5ae08145e2d1b3eb7a47c17d037a4678611bc61ad5c0bbb2febf9941e	common_voice_mvy_42363999.mp3	5f869fa1e1c7d74403944fb2b81668cf0187b7dc7c2cea320e63fea53f1062a8	چھال حُکُم تھُو ولے مُت گھین٘رہ بناں تھُو		2	0	thirties				mvy	
91237594335a342445bbe0b4df49774c3e519dec1f73fc0b76d383003e528907bdc5b9c5ae08145e2d1b3eb7a47c17d037a4678611bc61ad5c0bbb2febf9941e	common_voice_mvy_42347870.mp3	008168646373c22041b9b2a525c2eb7072cf8afb4db9dbbc20ea932ed337c6b2	”ہجو گِنہۡ، رُشتا۔ہلالیں اْے ڙِھکے آچھی“		2	0	thirties				mvy	
91237594335a342445bbe0b4df49774c3e519dec1f73fc0b76d383003e528907bdc5b9c5ae08145e2d1b3eb7a47c17d037a4678611bc61ad5c0bbb2febf9941e	common_voice_mvy_42347856.mp3	2e712afe6436774ac11482be9150487ad83917e580c5595b046d825165660c93	سامُوٹھیۡ ڈلہۡ مہ ڇِگولش ماݜہ آن٘س،		2	0	thirties				mvy	
91237594335a342445bbe0b4df49774c3e519dec1f73fc0b76d383003e528907bdc5b9c5ae08145e2d1b3eb7a47c17d037a4678611bc61ad5c0bbb2febf9941e	common_voice_mvy_42363054.mp3	700988558e8a191b9a66c2d47bf8445f2666717baa62fe3b150899aaaf3ec81b	آں کھن٘ڑہۡ ݜے مورژا تھہ		2	0	thirties				mvy	
91237594335a342445bbe0b4df49774c3e519dec1f73fc0b76d383003e528907bdc5b9c5ae08145e2d1b3eb7a47c17d037a4678611bc61ad5c0bbb2febf9941e	common_voice_mvy_42347845.mp3	14fe8c443b8900cbc4e17265005e6bbb7fe8288761cd694ba9b25de74e8451fc	ݜتُک مہ بھا نہ کؤ ہُون٘د او مٹو ژُن٘ڑوں ای چائ پو،		2	0	thirties				mvy	
91237594335a342445bbe0b4df49774c3e519dec1f73fc0b76d383003e528907bdc5b9c5ae08145e2d1b3eb7a47c17d037a4678611bc61ad5c0bbb2febf9941e	common_voice_mvy_42363975.mp3	91871d8b97a1667a9a9f276405e685c18994091bfe8558efd30addb8bfea8653	مثالاں طور ہِن وٹامن پروٹین		2	0	thirties				mvy	
91237594335a342445bbe0b4df49774c3e519dec1f73fc0b76d383003e528907bdc5b9c5ae08145e2d1b3eb7a47c17d037a4678611bc61ad5c0bbb2febf9941e	common_voice_mvy_42347835.mp3	260107ae4f987ec81314df1a3ec5fc55a93af55655709937aa151d3775a7118c	ݜتُک مُودو دگلی۔		2	0	thirties				mvy	
91237594335a342445bbe0b4df49774c3e519dec1f73fc0b76d383003e528907bdc5b9c5ae08145e2d1b3eb7a47c17d037a4678611bc61ad5c0bbb2febf9941e	common_voice_mvy_42363974.mp3	7c7de7b11b281163ffcbca45f626092632ba5f6c4fe2729a08f9aa515cc09154	ہر بلالؤں ڇا بادامہ کھاؤ کھیں دماغ مژ اضافہ ہوتُھو۔		2	0	thirties				mvy	
91237594335a342445bbe0b4df49774c3e519dec1f73fc0b76d383003e528907bdc5b9c5ae08145e2d1b3eb7a47c17d037a4678611bc61ad5c0bbb2febf9941e	common_voice_mvy_42347805.mp3	0c40a9c448a0ea33b9aed359066d9fe5dc5106f3503312df6f183faa9a3d13ce	پالکاں سُوپ کم کم وقفہ کرے پو		2	0	thirties				mvy	
91237594335a342445bbe0b4df49774c3e519dec1f73fc0b76d383003e528907bdc5b9c5ae08145e2d1b3eb7a47c17d037a4678611bc61ad5c0bbb2febf9941e	common_voice_mvy_42347803.mp3	17be7b60a34688767bb047f2acc9bae78bc0c9c02025fa3fd47bb93e2284a0d0	اسی نہ علاوہ انساناں ڈا لا دڑ ہوگے		2	0	thirties				mvy	
91237594335a342445bbe0b4df49774c3e519dec1f73fc0b76d383003e528907bdc5b9c5ae08145e2d1b3eb7a47c17d037a4678611bc61ad5c0bbb2febf9941e	common_voice_mvy_42347734.mp3	298c39643cb4f967156039ed8a818269fd340716882627f5f0a6f51eb6903098	کوَیں نی ہو تُھو چے اس پھېرٹیۡرے۔		2	0	thirties				mvy	
91237594335a342445bbe0b4df49774c3e519dec1f73fc0b76d383003e528907bdc5b9c5ae08145e2d1b3eb7a47c17d037a4678611bc61ad5c0bbb2febf9941e	common_voice_mvy_42347733.mp3	11643e85f52ec05c4056ed93612b85b3453c4ecc72776a39d270ed822c34f32d	مِیں ہلالیُوں نی بانیۡ تھی		2	0	thirties				mvy	
91237594335a342445bbe0b4df49774c3e519dec1f73fc0b76d383003e528907bdc5b9c5ae08145e2d1b3eb7a47c17d037a4678611bc61ad5c0bbb2febf9941e	common_voice_mvy_42347730.mp3	0adc9093026f342e3ad085c6ceaf3d0c9260c6cb0c8d55b6b3e69c4081e8e961	گتہ اس رالیان٘ک دیس ہِسار کرہ گل!“۔		2	0	thirties				mvy	
91237594335a342445bbe0b4df49774c3e519dec1f73fc0b76d383003e528907bdc5b9c5ae08145e2d1b3eb7a47c17d037a4678611bc61ad5c0bbb2febf9941e	common_voice_mvy_42347726.mp3	1faca0eef9c91a959dcfbb54b37aa0920c188c876abbe9dc45ecf65e96541cfb	”تُو ݜلہ گی کیریۡ تھی“		3	0	thirties				mvy	
91237594335a342445bbe0b4df49774c3e519dec1f73fc0b76d383003e528907bdc5b9c5ae08145e2d1b3eb7a47c17d037a4678611bc61ad5c0bbb2febf9941e	common_voice_mvy_42393246.mp3	6bcc03ecf72266427a7e580f0a14e20d3e87b84d0e374be2560975c917c30fcd	پلیت زَئ لا ادُوس کرٶں اڅھَکوۡ تھُو۔		2	0	thirties				mvy	
91237594335a342445bbe0b4df49774c3e519dec1f73fc0b76d383003e528907bdc5b9c5ae08145e2d1b3eb7a47c17d037a4678611bc61ad5c0bbb2febf9941e	common_voice_mvy_42393240.mp3	350e6a141c207905ef31e11ed066de396c331f7d3276cda7b1339966e1da1509	(میں کہ اللہ نہ مُت خدائ دھاؤ کھیں)		3	0	thirties				mvy	
91237594335a342445bbe0b4df49774c3e519dec1f73fc0b76d383003e528907bdc5b9c5ae08145e2d1b3eb7a47c17d037a4678611bc61ad5c0bbb2febf9941e	common_voice_mvy_42393239.mp3	6af1444118ff25c180670925975e8f32a0a1adc19fdcfe3cecde60637b7da6d7	ݜُو رن٘گاں ایک دیس اوک آن٘س۔		2	0	thirties				mvy	
91237594335a342445bbe0b4df49774c3e519dec1f73fc0b76d383003e528907bdc5b9c5ae08145e2d1b3eb7a47c17d037a4678611bc61ad5c0bbb2febf9941e	common_voice_mvy_42393238.mp3	618214271a9569139ce35222b0da5cc9179c071425b3f80a64de47e9fe214528	یا کالہ مژ اک وار اوک خامخا		2	0	thirties				mvy	
91237594335a342445bbe0b4df49774c3e519dec1f73fc0b76d383003e528907bdc5b9c5ae08145e2d1b3eb7a47c17d037a4678611bc61ad5c0bbb2febf9941e	common_voice_mvy_42347697.mp3	05ba564bd823b079b9b3191f52ed33a388b233b284d9c159b206d24102b93cdf	قدرتی مشکلاتواں عمل دخل تُھو۔		3	0	thirties				mvy	
91237594335a342445bbe0b4df49774c3e519dec1f73fc0b76d383003e528907bdc5b9c5ae08145e2d1b3eb7a47c17d037a4678611bc61ad5c0bbb2febf9941e	common_voice_mvy_42347694.mp3	2ed6850eecce460e21aaea4a378e3e64f23d71888798752b25fa40ff0580b9a9	اَیں بُٹ مڅھاں کؤرٹو مہ پُوریۡ رال پھت کری۔		2	0	thirties				mvy	
91237594335a342445bbe0b4df49774c3e519dec1f73fc0b76d383003e528907bdc5b9c5ae08145e2d1b3eb7a47c17d037a4678611bc61ad5c0bbb2febf9941e	common_voice_mvy_42347689.mp3	2590d27d934a617cf23fe327a3a24d7a2cd4df371e2814fb97f23127ace0c1b3	ڈېن٘گی ژر عام ژری وَیں رن٘گَیں ہُوئ تھی		2	0	thirties				mvy	
91237594335a342445bbe0b4df49774c3e519dec1f73fc0b76d383003e528907bdc5b9c5ae08145e2d1b3eb7a47c17d037a4678611bc61ad5c0bbb2febf9941e	common_voice_mvy_42347677.mp3	0af70483a1982554335e932d6cd4850549ad6a8795d1fd9d9172ee61822d5747	چے گِران شرطہ چھالیۡ،		2	0	thirties				mvy	
91237594335a342445bbe0b4df49774c3e519dec1f73fc0b76d383003e528907bdc5b9c5ae08145e2d1b3eb7a47c17d037a4678611bc61ad5c0bbb2febf9941e	common_voice_mvy_42347648.mp3	0a5149c47edcf1fa8251045a3bdada02919d72874d07398dba094fde6f7239c8	مہ تی زن٘گلے ہرا تُھو		2	0	thirties				mvy	
91237594335a342445bbe0b4df49774c3e519dec1f73fc0b76d383003e528907bdc5b9c5ae08145e2d1b3eb7a47c17d037a4678611bc61ad5c0bbb2febf9941e	common_voice_mvy_42347647.mp3	23937678d3d23be2b4580b487761a8feff155edabc7b1663d227307ff5ca3b9e	آخری حرف بدل ہُوئین٘یاں اِدبارہ ہِن		2	0	thirties				mvy	
91237594335a342445bbe0b4df49774c3e519dec1f73fc0b76d383003e528907bdc5b9c5ae08145e2d1b3eb7a47c17d037a4678611bc61ad5c0bbb2febf9941e	common_voice_mvy_42347645.mp3	2676abc1b783ee89d8b7e1ebeb4a3b8ad462532029e4cc69eca318d84a2e0705	ݜُو وجیۡ ہِن قانُون سَندانۡلی اِداری قانُون سن٘دا تھی		2	0	thirties				mvy	
91237594335a342445bbe0b4df49774c3e519dec1f73fc0b76d383003e528907bdc5b9c5ae08145e2d1b3eb7a47c17d037a4678611bc61ad5c0bbb2febf9941e	common_voice_mvy_42347640.mp3	2912fd4f8d1b28086e415c0f7cd79112d73ae0962676dea5d61efe5a4eaa74ed	ݜُو ہیشی لا کَل (لمُول) نی ہُون٘دیۡ،		2	1	thirties				mvy	
91237594335a342445bbe0b4df49774c3e519dec1f73fc0b76d383003e528907bdc5b9c5ae08145e2d1b3eb7a47c17d037a4678611bc61ad5c0bbb2febf9941e	common_voice_mvy_42347634.mp3	1fed5fd0842e6302d51773dee5a82e97521d12eba49cb2ee31b0251394c59796	ہجری یاں دشؤں کالہ مہ اللہ پاکاں ڇِہېلوۡ ﷺ		2	0	thirties				mvy	
91237594335a342445bbe0b4df49774c3e519dec1f73fc0b76d383003e528907bdc5b9c5ae08145e2d1b3eb7a47c17d037a4678611bc61ad5c0bbb2febf9941e	common_voice_mvy_42347628.mp3	2cbfe96482cad7bba2e5f568879384bc76f5337ffa85e012cd7848417c92636e	بغیر زرتی (ضرورتی) نہ زُمُک لا ہَتہۡ رِن٘گؤں اڅھکاݜ تھُو۔		2	0	thirties				mvy	
91237594335a342445bbe0b4df49774c3e519dec1f73fc0b76d383003e528907bdc5b9c5ae08145e2d1b3eb7a47c17d037a4678611bc61ad5c0bbb2febf9941e	common_voice_mvy_42347624.mp3	13bff14203ecd7ee70c1086f05d6d072a0a70954516fd08b5d92541e38077801	لیٙکھہۡ ماسُمہۡ سُوریۡ لا پھت نېری۔		2	0	thirties				mvy	
91237594335a342445bbe0b4df49774c3e519dec1f73fc0b76d383003e528907bdc5b9c5ae08145e2d1b3eb7a47c17d037a4678611bc61ad5c0bbb2febf9941e	common_voice_mvy_42347623.mp3	034246ba144f59fdb722d4e38d93d5bea7d63cb50d43d33ca5fef0c277e0db5d	مہ لہ څاں واضح بِھیان٘لو تھُو۔		2	0	thirties				mvy	
91237594335a342445bbe0b4df49774c3e519dec1f73fc0b76d383003e528907bdc5b9c5ae08145e2d1b3eb7a47c17d037a4678611bc61ad5c0bbb2febf9941e	common_voice_mvy_42347622.mp3	1a7411b1a05a34541c4d81b7e6cc3a164bd0c2939d67fb7bbfd87d22d666cccd	مھالی تپُوس کیریۡ کھیں مہ ٹک اولو دھرِلوۡ، گی بنم اسے۔		2	0	thirties				mvy	
91237594335a342445bbe0b4df49774c3e519dec1f73fc0b76d383003e528907bdc5b9c5ae08145e2d1b3eb7a47c17d037a4678611bc61ad5c0bbb2febf9941e	common_voice_mvy_42347621.mp3	286541056ef54621bb68dce9f79fe988512645db6d57be51af1ba13f92e4fcbf	نبوّتیاں اٹھؤں کال یُوں اڑیۡ ہویں (شق القمر) معجزہ پیش اِیلیۡ۔		2	0	thirties				mvy	
91237594335a342445bbe0b4df49774c3e519dec1f73fc0b76d383003e528907bdc5b9c5ae08145e2d1b3eb7a47c17d037a4678611bc61ad5c0bbb2febf9941e	common_voice_mvy_42347606.mp3	28edc610cfaea841bfeb5166613b481adab750eb4f887beb13a6695e8b8cba64	سِوَیں اولاد نبی علیہ السلامے رڇھېلان٘س۔		2	0	thirties				mvy	
91237594335a342445bbe0b4df49774c3e519dec1f73fc0b76d383003e528907bdc5b9c5ae08145e2d1b3eb7a47c17d037a4678611bc61ad5c0bbb2febf9941e	common_voice_mvy_42347603.mp3	288f16ce85075e7d97e9f60c95da8754a1724154eba7cb2e7924790a53d96d37	سو ول آن٘س آژاک دیسہۡ مہ		2	0	thirties				mvy	
91237594335a342445bbe0b4df49774c3e519dec1f73fc0b76d383003e528907bdc5b9c5ae08145e2d1b3eb7a47c17d037a4678611bc61ad5c0bbb2febf9941e	common_voice_mvy_42347602.mp3	1e5934b6283e29771b1468e79c5f03466f68b4aed54456d9821a3e779e4475ca	آں سَیں بئ جیُوٹُو مرک ہویں لا ایل۔		3	0	thirties				mvy	
91237594335a342445bbe0b4df49774c3e519dec1f73fc0b76d383003e528907bdc5b9c5ae08145e2d1b3eb7a47c17d037a4678611bc61ad5c0bbb2febf9941e	common_voice_mvy_42347585.mp3	2b308dec2587f8c8f8c80c8f93e6b3ed656342d36616414357219fbfc8836327	آں سو نھال نھالاں دی پُرُو مرک ہُون٘دیۡ۔		2	0	thirties				mvy	
91237594335a342445bbe0b4df49774c3e519dec1f73fc0b76d383003e528907bdc5b9c5ae08145e2d1b3eb7a47c17d037a4678611bc61ad5c0bbb2febf9941e	common_voice_mvy_42347584.mp3	2c43a48f94e5ff2a5d7c04e6034fe55ebd0bce64f0b2fce4ae682790a8e5013f	جِنِساں اِدبارہ ہِن اسم دُو قسمہ تُھو		3	0	thirties				mvy	
91237594335a342445bbe0b4df49774c3e519dec1f73fc0b76d383003e528907bdc5b9c5ae08145e2d1b3eb7a47c17d037a4678611bc61ad5c0bbb2febf9941e	common_voice_mvy_42347582.mp3	2c3d857888990c971f1076601eb180025bc167dd95e113d94d1f06abbe8defb5	ولے شرم کالَیں وجہۡ نہ		2	0	thirties				mvy	
91237594335a342445bbe0b4df49774c3e519dec1f73fc0b76d383003e528907bdc5b9c5ae08145e2d1b3eb7a47c17d037a4678611bc61ad5c0bbb2febf9941e	common_voice_mvy_42347569.mp3	002e8e44c3063e8579a3c12c2873ed948ad2d64d34671d5ac8da739de2a94758	چے سیواں دن اِسلام سم نی بانیۡ تھُو؛		2	1	thirties				mvy	
91237594335a342445bbe0b4df49774c3e519dec1f73fc0b76d383003e528907bdc5b9c5ae08145e2d1b3eb7a47c17d037a4678611bc61ad5c0bbb2febf9941e	common_voice_mvy_42347568.mp3	0567cb36e4fc35dc3c9108b5769280f082930de3e258d622bc856a403bd4c761	ݜُو شاں آواز مہ دُنئیں گِھن٘لی موسیقی لا نی دم۔		2	1	thirties				mvy	
91237594335a342445bbe0b4df49774c3e519dec1f73fc0b76d383003e528907bdc5b9c5ae08145e2d1b3eb7a47c17d037a4678611bc61ad5c0bbb2febf9941e	common_voice_mvy_42347562.mp3	2c003c3c550dbe95327a4b7e60ae648451a371fb087f3b60053d20979a647198	رسولؐ تَس رَٹیں نِکَیل کھیں مَکاں قریش خبر ہُون٘دہۡ۔		2	0	thirties				mvy	
91237594335a342445bbe0b4df49774c3e519dec1f73fc0b76d383003e528907bdc5b9c5ae08145e2d1b3eb7a47c17d037a4678611bc61ad5c0bbb2febf9941e	common_voice_mvy_42347556.mp3	174658e096cd04aa33a6a23a5a29140632701cff5ac3782f414034d9088934ce	باربار ݜَیں علامات ایں شروع ہُوندیۡ		2	0	thirties				mvy	
91237594335a342445bbe0b4df49774c3e519dec1f73fc0b76d383003e528907bdc5b9c5ae08145e2d1b3eb7a47c17d037a4678611bc61ad5c0bbb2febf9941e	common_voice_mvy_42347555.mp3	2d244fb24172dffd6bc3197f3aad5dda4b7b1c7c738e369cfea7c286b891352e	آں زاں کام څَیں صِرِف بال ڇېلیؤں تھُو۔“		3	0	thirties				mvy	
91237594335a342445bbe0b4df49774c3e519dec1f73fc0b76d383003e528907bdc5b9c5ae08145e2d1b3eb7a47c17d037a4678611bc61ad5c0bbb2febf9941e	common_voice_mvy_42347554.mp3	1dbd24d6a12a2e8ad6819bdf9072c4e2689af100f91c067a7390beb33ff05c0f	ڈن٘ڈہ نہ چو ڙِگوۡ نہ چو کھٹؤں،		2	0	thirties				mvy	
91237594335a342445bbe0b4df49774c3e519dec1f73fc0b76d383003e528907bdc5b9c5ae08145e2d1b3eb7a47c17d037a4678611bc61ad5c0bbb2febf9941e	common_voice_mvy_42347553.mp3	1c2078db85b2b86d664a61af3c4f41eca4ab743137eaa5e1ae27c89e79ab13ec	مُت ناجوڑ کرَیں تیار ہُوئ تُھو۔		2	0	thirties				mvy	
91237594335a342445bbe0b4df49774c3e519dec1f73fc0b76d383003e528907bdc5b9c5ae08145e2d1b3eb7a47c17d037a4678611bc61ad5c0bbb2febf9941e	common_voice_mvy_42347546.mp3	281d90487113697c81fb96b3db34e97954069a560c6e71498aa6cb7b64e796a6	ݜُو شاناں حدیثاں کِریا اُصول حدیث ضروری تُھو،		2	0	thirties				mvy	
91237594335a342445bbe0b4df49774c3e519dec1f73fc0b76d383003e528907bdc5b9c5ae08145e2d1b3eb7a47c17d037a4678611bc61ad5c0bbb2febf9941e	common_voice_mvy_42347541.mp3	06f5de4a90161b53d4e0fd3e5a4b239fd6cbe69edf5b5f245c6e993ca564ebc3	چے تسی لا عقل چئ ہو۔		2	0	thirties				mvy	
91237594335a342445bbe0b4df49774c3e519dec1f73fc0b76d383003e528907bdc5b9c5ae08145e2d1b3eb7a47c17d037a4678611bc61ad5c0bbb2febf9941e	common_voice_mvy_42347538.mp3	2aef66a19b31be76baee5370bdcbca13a7150d6f906e2a3edfef526e730c99c7	ہَر من٘ڑنَیں بلی مہ نبی ﷺ ایں ݜُون٘واں تھہ۔		3	0	thirties				mvy	
91237594335a342445bbe0b4df49774c3e519dec1f73fc0b76d383003e528907bdc5b9c5ae08145e2d1b3eb7a47c17d037a4678611bc61ad5c0bbb2febf9941e	common_voice_mvy_42363107.mp3	49bc11c28071f1a06ddb189fd167b1ece0db9509bbaa8d704be6dacf92515851	گی کرم بېوں لہ آن٘س۔		2	0	thirties				mvy	
91237594335a342445bbe0b4df49774c3e519dec1f73fc0b76d383003e528907bdc5b9c5ae08145e2d1b3eb7a47c17d037a4678611bc61ad5c0bbb2febf9941e	common_voice_mvy_42347513.mp3	1d4626edaa540ee72a0aacfd0c078b5eca91b86c265d5920ac52670b3c25dc9a	چے کؤں اولو وے ہُوئ تُھو		2	0	thirties				mvy	
91237594335a342445bbe0b4df49774c3e519dec1f73fc0b76d383003e528907bdc5b9c5ae08145e2d1b3eb7a47c17d037a4678611bc61ad5c0bbb2febf9941e	common_voice_mvy_42347510.mp3	159705076a228d8d6180aa09468048975a0b76439c48cc299bd8c89ffa24c99d	پاکستان رقباں لحاظ ہِن		2	0	thirties				mvy	
91237594335a342445bbe0b4df49774c3e519dec1f73fc0b76d383003e528907bdc5b9c5ae08145e2d1b3eb7a47c17d037a4678611bc61ad5c0bbb2febf9941e	common_voice_mvy_42347509.mp3	24083a263a2747b5dba6ea43dd723fd33fd3f3c542b82726e5ff10bf472c5767	پون٘شېلوۡ مُھو،ڙِگوۡ ݜاک،		2	0	thirties				mvy	
91237594335a342445bbe0b4df49774c3e519dec1f73fc0b76d383003e528907bdc5b9c5ae08145e2d1b3eb7a47c17d037a4678611bc61ad5c0bbb2febf9941e	common_voice_mvy_42393234.mp3	714a3db35e185fb8400abc8106eb9d066da69e7563bb9d0f52686f27b2bfe642	آژ بےۡ اِوَیں اَیں گن٘ڈا تھہ؛		2	0	thirties				mvy	
91237594335a342445bbe0b4df49774c3e519dec1f73fc0b76d383003e528907bdc5b9c5ae08145e2d1b3eb7a47c17d037a4678611bc61ad5c0bbb2febf9941e	common_voice_mvy_42393231.mp3	51915e40bb1c65573d433a4283910ae43fdc6915a21647c5d196f2837458a961	اسیں مِثال ݜے تھُو۔		2	0	thirties				mvy	
91237594335a342445bbe0b4df49774c3e519dec1f73fc0b76d383003e528907bdc5b9c5ae08145e2d1b3eb7a47c17d037a4678611bc61ad5c0bbb2febf9941e	common_voice_mvy_42393212.mp3	322641e12708777d193ca9bf72f09b74f3be99fc5ca77fea275e297660b429a3	کلہۡ چے اېوں دُسقی ݜؤں کیریۡ کھیں،		2	0	thirties				mvy	
91237594335a342445bbe0b4df49774c3e519dec1f73fc0b76d383003e528907bdc5b9c5ae08145e2d1b3eb7a47c17d037a4678611bc61ad5c0bbb2febf9941e	common_voice_mvy_42393210.mp3	5d8ba0805a32abf15b635907153c7c289ddb4088cbcdf1d158fe0107da6a6450	پیالے شس سوچ کرئیل چے مٹی خو گشیں		2	0	thirties				mvy	
91237594335a342445bbe0b4df49774c3e519dec1f73fc0b76d383003e528907bdc5b9c5ae08145e2d1b3eb7a47c17d037a4678611bc61ad5c0bbb2febf9941e	common_voice_mvy_42393205.mp3	5b40bfd00cdc7ce2d8d4395e5441c372fd5fb6a63f91224af26966644c44ecfe	تسے تاں ݜِݜ دھیا اماں سُگائ رؤں آن٘س۔		2	0	thirties				mvy	
91237594335a342445bbe0b4df49774c3e519dec1f73fc0b76d383003e528907bdc5b9c5ae08145e2d1b3eb7a47c17d037a4678611bc61ad5c0bbb2febf9941e	common_voice_mvy_42363895.mp3	8db4caa9c93a0ec5d81ee3948d8939e6c7645db072aad385f1799571025e12d7	یا روا کرے پھت کریل ہُوئ تھُو۔		2	0	thirties				mvy	
91237594335a342445bbe0b4df49774c3e519dec1f73fc0b76d383003e528907bdc5b9c5ae08145e2d1b3eb7a47c17d037a4678611bc61ad5c0bbb2febf9941e	common_voice_mvy_42363893.mp3	826b007ba0ffd6019b5b8ffe1f55dbbee272498f727b7d3cbddffe4da5187943	تاں روزمرہ کمہۡ جاری رڇھؤں من٘ڑنئ بال تھی		2	0	thirties				mvy	
91237594335a342445bbe0b4df49774c3e519dec1f73fc0b76d383003e528907bdc5b9c5ae08145e2d1b3eb7a47c17d037a4678611bc61ad5c0bbb2febf9941e	common_voice_mvy_42363890.mp3	8cd0c672fdcd7744ffa833fe7843341a7811fdfdb8e07788089c46beef1a5c94	ایک صاف بھابی نہ پٹ ال دگلے صاف رُومالی ہِن بھابی یاں وے نھېلے		2	0	thirties				mvy	
91237594335a342445bbe0b4df49774c3e519dec1f73fc0b76d383003e528907bdc5b9c5ae08145e2d1b3eb7a47c17d037a4678611bc61ad5c0bbb2febf9941e	common_voice_mvy_42363884.mp3	817680b8c4915e5cf2dcec22fe9691cab73ad932938d1f957ffcad656290c6b6	تاں دنؤں لا صحیح دِتیۡ کھیں دڑ دُور ہوتھی۔		2	0	thirties				mvy	
91237594335a342445bbe0b4df49774c3e519dec1f73fc0b76d383003e528907bdc5b9c5ae08145e2d1b3eb7a47c17d037a4678611bc61ad5c0bbb2febf9941e	common_voice_mvy_42363883.mp3	8c6fc1deaa039ab21cb55c7b3efc7ef957a397332b95d5bf68e59ce25b21e2af	بُٹؤں نہ گَھیں خوشالی گی آن٘سیۡ		3	0	thirties				mvy	
91237594335a342445bbe0b4df49774c3e519dec1f73fc0b76d383003e528907bdc5b9c5ae08145e2d1b3eb7a47c17d037a4678611bc61ad5c0bbb2febf9941e	common_voice_mvy_42363880.mp3	92aa60a32cbf16a527c751e786b6b3c9bb1df5e5f89d8834472ad98561d9a6b0	گی وختہ چے بےقوفاں کریا مال دولت مِلِلیۡ کھیں		2	0	thirties				mvy	
91237594335a342445bbe0b4df49774c3e519dec1f73fc0b76d383003e528907bdc5b9c5ae08145e2d1b3eb7a47c17d037a4678611bc61ad5c0bbb2febf9941e	common_voice_mvy_42363877.mp3	7fd60a3569df00e85bd2e863198979fac18c345b876b66da2b9d6b6205b232cc	مال ووک ݜے بیمار ہوگے چے سو نہ گی کھے آں نہ گی نھېل		2	0	thirties				mvy	
91237594335a342445bbe0b4df49774c3e519dec1f73fc0b76d383003e528907bdc5b9c5ae08145e2d1b3eb7a47c17d037a4678611bc61ad5c0bbb2febf9941e	common_voice_mvy_42363868.mp3	8bbc8a02e6d745937c33bbecd719dbb9affba097935de79a505360fde8db32af	چے بے سِوَیں کھیاگ یی،		2	0	thirties				mvy	
91237594335a342445bbe0b4df49774c3e519dec1f73fc0b76d383003e528907bdc5b9c5ae08145e2d1b3eb7a47c17d037a4678611bc61ad5c0bbb2febf9941e	common_voice_mvy_42363866.mp3	89668e4182f6ae45ef3282e7c01937e82c7bd1a25bece52ff07a1df448d0db57	تُس وڑیا لا کتُک قرآن بنہاں تھہ کھیں بنی؛		2	0	thirties				mvy	
91237594335a342445bbe0b4df49774c3e519dec1f73fc0b76d383003e528907bdc5b9c5ae08145e2d1b3eb7a47c17d037a4678611bc61ad5c0bbb2febf9941e	common_voice_mvy_42363849.mp3	82dec55d8fb58d4522aed08e475dc16ab55bb715348347fe70a1cc0a69c0b2b0	حُکماں مژاں حِصہ ہُوئ تھُو۔		2	0	thirties				mvy	
91237594335a342445bbe0b4df49774c3e519dec1f73fc0b76d383003e528907bdc5b9c5ae08145e2d1b3eb7a47c17d037a4678611bc61ad5c0bbb2febf9941e	common_voice_mvy_42363848.mp3	6217f5c6d5470811c0c9e5d1585e7735409db0dd84f43dcf6eef078ffb371f8a	اس محفوظ رڇَھیں مہ قلماں بُنیادی کردار تُھو۔		2	0	thirties				mvy	
91237594335a342445bbe0b4df49774c3e519dec1f73fc0b76d383003e528907bdc5b9c5ae08145e2d1b3eb7a47c17d037a4678611bc61ad5c0bbb2febf9941e	common_voice_mvy_42363843.mp3	932c34c4f6d741217104011d1d7206c38f965e00efd45db35f9a556e2d06e6be	تے تُس تسے کُوری نی ہو ہاں تھہ۔		2	0	thirties				mvy	
91237594335a342445bbe0b4df49774c3e519dec1f73fc0b76d383003e528907bdc5b9c5ae08145e2d1b3eb7a47c17d037a4678611bc61ad5c0bbb2febf9941e	common_voice_mvy_42363836.mp3	8e94a32ebe61e137cccf82b32b65b33834a19de649598dab2ced79f102cf6ff6	آں ݜُو حج حضرت ابو بکرؓ ایں گھېن٘رولی مہ ہُون٘دوۡ۔		2	0	thirties				mvy	
91237594335a342445bbe0b4df49774c3e519dec1f73fc0b76d383003e528907bdc5b9c5ae08145e2d1b3eb7a47c17d037a4678611bc61ad5c0bbb2febf9941e	common_voice_mvy_42363832.mp3	8983192226d590fdac13d85f07da82e298bb12698ebdd77e3678a1880e742106	”چو شېطؤں تُھو ݜُو مٹُو“۔		2	0	thirties				mvy	
91237594335a342445bbe0b4df49774c3e519dec1f73fc0b76d383003e528907bdc5b9c5ae08145e2d1b3eb7a47c17d037a4678611bc61ad5c0bbb2febf9941e	common_voice_mvy_42363826.mp3	90135cb8e0f81340a96eca205de2af1d31a78959cf6c174ca80e73d9a6fa9cf7	آں ملی بھیاک گتہ کم ہوتُھو۔		2	0	thirties				mvy	
91237594335a342445bbe0b4df49774c3e519dec1f73fc0b76d383003e528907bdc5b9c5ae08145e2d1b3eb7a47c17d037a4678611bc61ad5c0bbb2febf9941e	common_voice_mvy_42392061.mp3	56db07f71360f8eff0a121ca88425d0d591b16e0d9f6319ab2812023a5f3c8fa	ولے ݜیں کمہۡ اللہ پاک خوش نېریۡ تھُو۔		2	0	thirties				mvy	
91237594335a342445bbe0b4df49774c3e519dec1f73fc0b76d383003e528907bdc5b9c5ae08145e2d1b3eb7a47c17d037a4678611bc61ad5c0bbb2febf9941e	common_voice_mvy_42363820.mp3	92d69536571dc8cbfcb0b14f0d7ac877e32d23e6184cb0ef44fbd7040086db53	اَس کمے چئ طاقت بی تھی۔		2	0	thirties				mvy	
91237594335a342445bbe0b4df49774c3e519dec1f73fc0b76d383003e528907bdc5b9c5ae08145e2d1b3eb7a47c17d037a4678611bc61ad5c0bbb2febf9941e	common_voice_mvy_42392058.mp3	5d27bbfc0346074d9b27e65a7d541c1331af1bc03d015a9785e15971dc10d245	لائق انسان مُوٹُھو نی آگ تھو۔		2	1	thirties				mvy	
91237594335a342445bbe0b4df49774c3e519dec1f73fc0b76d383003e528907bdc5b9c5ae08145e2d1b3eb7a47c17d037a4678611bc61ad5c0bbb2febf9941e	common_voice_mvy_42392056.mp3	628651e4c43c8ef13a67256c409f7d8e0337f3beff9160ea67b841130482f66a	معدہ ہُم ٹھِک دھرا تھی، اوکیۡ نی اےتھی۔		2	0	thirties				mvy	
91237594335a342445bbe0b4df49774c3e519dec1f73fc0b76d383003e528907bdc5b9c5ae08145e2d1b3eb7a47c17d037a4678611bc61ad5c0bbb2febf9941e	common_voice_mvy_42363347.mp3	835212b0cd300dd1be8125ae56e29f26ee26fcb366de9a56682846f29b2ad72c	آں سو تَس بھئ کُھنی لن٘گِھلیۡ۔		2	0	thirties				mvy	
91237594335a342445bbe0b4df49774c3e519dec1f73fc0b76d383003e528907bdc5b9c5ae08145e2d1b3eb7a47c17d037a4678611bc61ad5c0bbb2febf9941e	common_voice_mvy_42392054.mp3	65d6da43407650e278fecb73ab41f080d24dcf307eab3a9ef5d6467bd28904ea	ایک وختَیں بُزُرگی آن٘سیۡ،		2	0	thirties				mvy	
91237594335a342445bbe0b4df49774c3e519dec1f73fc0b76d383003e528907bdc5b9c5ae08145e2d1b3eb7a47c17d037a4678611bc61ad5c0bbb2febf9941e	common_voice_mvy_42363350.mp3	84d18f866b4ba68bc6739b8e0cda4d324ea5ab30cb64a1af1d1d8f48856f9400	مہ لہ پر ݜُو مارکِٹے بئ یان٘س		2	0	thirties				mvy	
91237594335a342445bbe0b4df49774c3e519dec1f73fc0b76d383003e528907bdc5b9c5ae08145e2d1b3eb7a47c17d037a4678611bc61ad5c0bbb2febf9941e	common_voice_mvy_42392052.mp3	3f11f2670e0b880129f09d6ccccecd78f869255fda9a80a54f3a1b31defc3520	ہر بھا نہ ایک ایک، دُو دُو گھریں		2	0	thirties				mvy	
91237594335a342445bbe0b4df49774c3e519dec1f73fc0b76d383003e528907bdc5b9c5ae08145e2d1b3eb7a47c17d037a4678611bc61ad5c0bbb2febf9941e	common_voice_mvy_42363356.mp3	7c64a1b392db24069e1be16dc43e89b2e95cd3668d9f4cb9479a75b5a94524c5	آں ݜُو انگولِیاں شکلہ مژ آن٘سیۡ۔		2	0	thirties				mvy	
91237594335a342445bbe0b4df49774c3e519dec1f73fc0b76d383003e528907bdc5b9c5ae08145e2d1b3eb7a47c17d037a4678611bc61ad5c0bbb2febf9941e	common_voice_mvy_42363358.mp3	6bc4c5e6c8fa546a0ecc94aa402b537ded28310044235b60dc57121d19aa947a	آں اسی مژے داخل ہُون٘دوۡ۔		2	0	thirties				mvy	
91237594335a342445bbe0b4df49774c3e519dec1f73fc0b76d383003e528907bdc5b9c5ae08145e2d1b3eb7a47c17d037a4678611bc61ad5c0bbb2febf9941e	common_voice_mvy_42363360.mp3	816f0a2c49aa3db9afc3061a59f4cfb2cc5e3da36881483c2301a9e2024448c0	چے بِتُس رُشتا حاصل کریں یاں ہجتی تھو۔		2	0	thirties				mvy	
91237594335a342445bbe0b4df49774c3e519dec1f73fc0b76d383003e528907bdc5b9c5ae08145e2d1b3eb7a47c17d037a4678611bc61ad5c0bbb2febf9941e	common_voice_mvy_42363800.mp3	7c0f6148c9604874550cd892cb03c74e56fc702dac5b8e2656d7c81956cf2783	ایں اک چھم مہ دھران٘س		2	0	thirties				mvy	
91237594335a342445bbe0b4df49774c3e519dec1f73fc0b76d383003e528907bdc5b9c5ae08145e2d1b3eb7a47c17d037a4678611bc61ad5c0bbb2febf9941e	common_voice_mvy_42363798.mp3	8015bcc7ca059ab04118f50ec946f5ee2147e44f0f98d9f2f33a377b3c1e0756	تے سو تھتُوڑہ مژ ہِلاک دارچینی ملا		2	0	thirties				mvy	
91237594335a342445bbe0b4df49774c3e519dec1f73fc0b76d383003e528907bdc5b9c5ae08145e2d1b3eb7a47c17d037a4678611bc61ad5c0bbb2febf9941e	common_voice_mvy_42363797.mp3	8ff4c4e98e0188faa99c7dc2097ebe7dc8b07246ad70298d773e12387437e167	کھیں تے طاقتیاں استعمال جائز ہو تُھو۔		3	0	thirties				mvy	
91237594335a342445bbe0b4df49774c3e519dec1f73fc0b76d383003e528907bdc5b9c5ae08145e2d1b3eb7a47c17d037a4678611bc61ad5c0bbb2febf9941e	common_voice_mvy_42363792.mp3	6c69db87942c950baca6b33f1d5dc738498d4791a6186e5032ebe24c2d89ba33	سو حضرت اِبراھیم علیہ السلاماں پېغمبر پُوچ،		2	0	thirties				mvy	
91237594335a342445bbe0b4df49774c3e519dec1f73fc0b76d383003e528907bdc5b9c5ae08145e2d1b3eb7a47c17d037a4678611bc61ad5c0bbb2febf9941e	common_voice_mvy_42363786.mp3	87c2c9556efb8b9d3888708173de4a2e8041d31dc2a636b5438849c7645617e7	تُو امَیں تَیں تجربہ ہِن بانیۡ تُھو		2	0	thirties				mvy	
91237594335a342445bbe0b4df49774c3e519dec1f73fc0b76d383003e528907bdc5b9c5ae08145e2d1b3eb7a47c17d037a4678611bc61ad5c0bbb2febf9941e	common_voice_mvy_42363784.mp3	8adc731370004db5e4e2803b9ac9a0b75023e74d665d1c048eb22104e50bf603	عام خلکہ اس مرضی لا پورژؤں انتہائی ضروری تُھو		2	0	thirties				mvy	
91237594335a342445bbe0b4df49774c3e519dec1f73fc0b76d383003e528907bdc5b9c5ae08145e2d1b3eb7a47c17d037a4678611bc61ad5c0bbb2febf9941e	common_voice_mvy_42363399.mp3	857be1929c53650694ad4c93e44a24c14be43ed3bbf2b5cc4cac47dcaae878e8	سوشل میڈیا وغیرہ نہ فَیدہ اُڇھؤں پکار تُھو۔		2	0	thirties				mvy	
91237594335a342445bbe0b4df49774c3e519dec1f73fc0b76d383003e528907bdc5b9c5ae08145e2d1b3eb7a47c17d037a4678611bc61ad5c0bbb2febf9941e	common_voice_mvy_42363400.mp3	7b71891ff4cf57b445e816787f9f38fa8d2b284b0f56ebfe9532eebfa5620581	جمع دُیُوں نہ چئ لا دلالت کېر		2	0	thirties				mvy	
91237594335a342445bbe0b4df49774c3e519dec1f73fc0b76d383003e528907bdc5b9c5ae08145e2d1b3eb7a47c17d037a4678611bc61ad5c0bbb2febf9941e	common_voice_mvy_42363401.mp3	6e10c9930d0cf7104ce440c02154cf486d798813db6cca14a1ef4ebc33643bc7	سیر حاصِل بَہزہ کرچھی۔		2	0	thirties				mvy	
91237594335a342445bbe0b4df49774c3e519dec1f73fc0b76d383003e528907bdc5b9c5ae08145e2d1b3eb7a47c17d037a4678611bc61ad5c0bbb2febf9941e	common_voice_mvy_42392028.mp3	33b89c9d7e0110760c2fe4c3114298c4578664c4da40b1d472cedef079c488dc	مَن چور څاں دَن ایک مُت شکَل دیُوژی تُھو،		3	0	thirties				mvy	
91237594335a342445bbe0b4df49774c3e519dec1f73fc0b76d383003e528907bdc5b9c5ae08145e2d1b3eb7a47c17d037a4678611bc61ad5c0bbb2febf9941e	common_voice_mvy_42392027.mp3	52ebf7cd2f4c367d869a8de8b46b436b6d427084255e8cf7790cb0336925fead	پُرؤں نہ پُرؤں زخم جُوڑ ہوتُھو۔		2	0	thirties				mvy	
91237594335a342445bbe0b4df49774c3e519dec1f73fc0b76d383003e528907bdc5b9c5ae08145e2d1b3eb7a47c17d037a4678611bc61ad5c0bbb2febf9941e	common_voice_mvy_42392026.mp3	3dc1d4ba68bba6da7bf007736d5fea7e278b69937e2fc340ad86b9d78968ebe9	ہِون٘داں موسم آن٘س		2	0	thirties				mvy	
91237594335a342445bbe0b4df49774c3e519dec1f73fc0b76d383003e528907bdc5b9c5ae08145e2d1b3eb7a47c17d037a4678611bc61ad5c0bbb2febf9941e	common_voice_mvy_42392025.mp3	4cf0d883238b384c5153f14b3f48193d00ee9bc65f4ecad7cff7364744d57160	وو سُگاؤ زؤں اللہ پاکے پیدا کرچھی۔		2	0	thirties				mvy	
91237594335a342445bbe0b4df49774c3e519dec1f73fc0b76d383003e528907bdc5b9c5ae08145e2d1b3eb7a47c17d037a4678611bc61ad5c0bbb2febf9941e	common_voice_mvy_42392024.mp3	43f878820fd85e92a80106f97b2d23756217a53b311b22ec1e054973ea7bb70b	ژِباں املاں حوالہ ہِن کام کرہ چھی۔		2	0	thirties				mvy	
91237594335a342445bbe0b4df49774c3e519dec1f73fc0b76d383003e528907bdc5b9c5ae08145e2d1b3eb7a47c17d037a4678611bc61ad5c0bbb2febf9941e	common_voice_mvy_42363782.mp3	7f5210148c132e0b3e8bfd125f81eeebd834122de9709a44243650b19232211e	فساد اردو لا مِلاوٹے بناں تھہ		3	0	thirties				mvy	
91237594335a342445bbe0b4df49774c3e519dec1f73fc0b76d383003e528907bdc5b9c5ae08145e2d1b3eb7a47c17d037a4678611bc61ad5c0bbb2febf9941e	common_voice_mvy_42363764.mp3	832be46f4dea4244882dbabf3a69835b3dda6442909e388454c0b82f12b8a1d2	شِشیلیۡ کَھن٘گی ڇیلیں یاں کار تُھو۔		2	0	thirties				mvy	
91237594335a342445bbe0b4df49774c3e519dec1f73fc0b76d383003e528907bdc5b9c5ae08145e2d1b3eb7a47c17d037a4678611bc61ad5c0bbb2febf9941e	common_voice_mvy_42363762.mp3	91d2fbec8d356123b3b9df361534da405046bbc3e7c4d88e8e4d60074962cf4b	ݜس موضوع لا چو بِگ لِکژی تُھو		2	0	thirties				mvy	
91237594335a342445bbe0b4df49774c3e519dec1f73fc0b76d383003e528907bdc5b9c5ae08145e2d1b3eb7a47c17d037a4678611bc61ad5c0bbb2febf9941e	common_voice_mvy_42363760.mp3	72d64011eb34e487553a12a77218156c8266b8f5317a1b85822300130a6f88ca	آں کېلی واں ڙوپھرہ (ہو تھہ)		2	0	thirties				mvy	
91237594335a342445bbe0b4df49774c3e519dec1f73fc0b76d383003e528907bdc5b9c5ae08145e2d1b3eb7a47c17d037a4678611bc61ad5c0bbb2febf9941e	common_voice_mvy_42392018.mp3	5c2deb057904a5a5510f918a7e3623e520289f5a10e97cbe85b6e118b9197858	اَس مرضیں علاج آں اسی نہ اما رڇھؤں ݜتُک گِران نی تُھو۔		2	0	thirties				mvy	
91237594335a342445bbe0b4df49774c3e519dec1f73fc0b76d383003e528907bdc5b9c5ae08145e2d1b3eb7a47c17d037a4678611bc61ad5c0bbb2febf9941e	common_voice_mvy_42392017.mp3	43663d0401d24ff75cdc73e4a9cfc02fd3d48215c03e00da95853bf1941b06f0	انسانی طاقتی مہ اضافہ کرِیں یاں دن		2	0	thirties				mvy	
91237594335a342445bbe0b4df49774c3e519dec1f73fc0b76d383003e528907bdc5b9c5ae08145e2d1b3eb7a47c17d037a4678611bc61ad5c0bbb2febf9941e	common_voice_mvy_42363444.mp3	69ec01cec77963e9b9d734cd68fce1dcfce66043668d69bad06876d6fa44316d	اس سلسلہ مہ الاں مُوٹُھو		2	0	thirties				mvy	
91237594335a342445bbe0b4df49774c3e519dec1f73fc0b76d383003e528907bdc5b9c5ae08145e2d1b3eb7a47c17d037a4678611bc61ad5c0bbb2febf9941e	common_voice_mvy_42363445.mp3	583b966f122ea3eb4e5500e2acf3e4efd13c8ff2abb0f8f606b80130434b8d30	آں ݜُو شاناں اسیں متعلق		2	0	thirties				mvy	
91237594335a342445bbe0b4df49774c3e519dec1f73fc0b76d383003e528907bdc5b9c5ae08145e2d1b3eb7a47c17d037a4678611bc61ad5c0bbb2febf9941e	common_voice_mvy_42363446.mp3	6ec4a06743fb862f6d8e14758909444dd6d07bcfedac10150eedb1a43e1ec72f	انساناں وجُود مہ اللہ پاکے قِسما قِسم سسٹمہ سن٘دہ چھی۔		2	0	thirties				mvy	
91237594335a342445bbe0b4df49774c3e519dec1f73fc0b76d383003e528907bdc5b9c5ae08145e2d1b3eb7a47c17d037a4678611bc61ad5c0bbb2febf9941e	common_voice_mvy_42392016.mp3	67d0a66d16a3c8d6f2c5a1cab231d44f7374d93b0d53cbd7978ac177705bf91b	آں ݜُو شاناں زئ لا امن رڇھؤں چو گران کام تُھو،		2	0	thirties				mvy	
91237594335a342445bbe0b4df49774c3e519dec1f73fc0b76d383003e528907bdc5b9c5ae08145e2d1b3eb7a47c17d037a4678611bc61ad5c0bbb2febf9941e	common_voice_mvy_42363448.mp3	68bf5e59ea748d7ca1d363092b4ef36ad4779b50d732e29d46b5e6e99f2025c5	سو زئ ڇیللیۡ چے کؤں زئ مٹی وے پورِسیۡ۔		2	0	thirties				mvy	
91237594335a342445bbe0b4df49774c3e519dec1f73fc0b76d383003e528907bdc5b9c5ae08145e2d1b3eb7a47c17d037a4678611bc61ad5c0bbb2febf9941e	common_voice_mvy_42392015.mp3	4eb0f5a92f7db3cef4b729cb389914b79675ac96f5532885735d7c291ea66c11	اس کھہ گیلیۡ کھیں ہلالیُوں آں دماغاں دن فائدہ ملا تُھو۔		2	0	thirties				mvy	
91237594335a342445bbe0b4df49774c3e519dec1f73fc0b76d383003e528907bdc5b9c5ae08145e2d1b3eb7a47c17d037a4678611bc61ad5c0bbb2febf9941e	common_voice_mvy_42363450.mp3	7e325e567faf5412f54646b1838a6fb3b041cbc09ae55d57ef11fa9befe349bf	گازریاں پن٘ڑہۡ تے بیُو ایک مقدار مہ ہری گلے		3	0	thirties				mvy	
91237594335a342445bbe0b4df49774c3e519dec1f73fc0b76d383003e528907bdc5b9c5ae08145e2d1b3eb7a47c17d037a4678611bc61ad5c0bbb2febf9941e	common_voice_mvy_42392014.mp3	5975f97c8d28ac8758c7fa6a5690e55e7a443067ba063cd743106d8ef659b8bd	مھالیاں نؤں آمنہ تُھو، اسیں معنیٰ تھی، 'امن والا'۔		2	0	thirties				mvy	
91237594335a342445bbe0b4df49774c3e519dec1f73fc0b76d383003e528907bdc5b9c5ae08145e2d1b3eb7a47c17d037a4678611bc61ad5c0bbb2febf9941e	common_voice_mvy_42363754.mp3	91135cf3213de0d28c1524a780f5c3b2f0f04a169ada84a74cfc2d9601c8dc28	سو مٹی زاں وَیں سُگاؤ کان٘ڑ دی بھېٹیۡ تھی۔		2	0	thirties				mvy	
91237594335a342445bbe0b4df49774c3e519dec1f73fc0b76d383003e528907bdc5b9c5ae08145e2d1b3eb7a47c17d037a4678611bc61ad5c0bbb2febf9941e	common_voice_mvy_42363752.mp3	47d9ee5380c0f6f1b9e51e80116bd05cb245c247e3417a54e3e09212f5fdc498	کہ سو زُمُک نہ اُکَیلوۡ ہو گی اېں امَیں ہوں		2	0	thirties				mvy	
91237594335a342445bbe0b4df49774c3e519dec1f73fc0b76d383003e528907bdc5b9c5ae08145e2d1b3eb7a47c17d037a4678611bc61ad5c0bbb2febf9941e	common_voice_mvy_42363749.mp3	91b1395f785c9af716be28525219dc3e854154bb15ed938fd968b720d0ae27bd	نئ ݜُون٘وؤں حرام		2	0	thirties				mvy	
91237594335a342445bbe0b4df49774c3e519dec1f73fc0b76d383003e528907bdc5b9c5ae08145e2d1b3eb7a47c17d037a4678611bc61ad5c0bbb2febf9941e	common_voice_mvy_42363747.mp3	64efe4e38ca343c7ba8c8f250c52f3e3499ea017984dd0c4e5f6d5ee851d4281	اېل خلکؤں مہ دُنئ یاں ہر فیلڈ مِلی تعلق رڇَھیں ولا مؤجُود آن٘س		2	0	thirties				mvy	
91237594335a342445bbe0b4df49774c3e519dec1f73fc0b76d383003e528907bdc5b9c5ae08145e2d1b3eb7a47c17d037a4678611bc61ad5c0bbb2febf9941e	common_voice_mvy_42363745.mp3	7ae25f6d5399238f42141aebb7988f010d1140eaef31857f465149f591dbb779	مؤنث دُو قسمہ تھی ،قیاسی آں سماعی		2	0	thirties				mvy	
91237594335a342445bbe0b4df49774c3e519dec1f73fc0b76d383003e528907bdc5b9c5ae08145e2d1b3eb7a47c17d037a4678611bc61ad5c0bbb2febf9941e	common_voice_mvy_42363484.mp3	7d2b22ced43c52d40c6b481f6422661dbacf425a2a76009e8c8c4141debe3c56	سیں گتہ اماں سو زئ ݜوَن٘ت کیریۡ		2	0	thirties				mvy	
91237594335a342445bbe0b4df49774c3e519dec1f73fc0b76d383003e528907bdc5b9c5ae08145e2d1b3eb7a47c17d037a4678611bc61ad5c0bbb2febf9941e	common_voice_mvy_42363485.mp3	6b7a33b4731a5c828e4ced2ef4886c5566000ac32a4c9f735f818770bde30ef9	طاقتی مہ بے پناہ اضافہ ہوتُھو۔		2	0	thirties				mvy	
91237594335a342445bbe0b4df49774c3e519dec1f73fc0b76d383003e528907bdc5b9c5ae08145e2d1b3eb7a47c17d037a4678611bc61ad5c0bbb2febf9941e	common_voice_mvy_42363497.mp3	6f29152b3f1e23b8be489bfe7f9a26b785db582fa64826832d5032bf1c283606	خلکؤں مہ غویمہ اوک سَںدژا تھی۔		2	0	thirties				mvy	
91237594335a342445bbe0b4df49774c3e519dec1f73fc0b76d383003e528907bdc5b9c5ae08145e2d1b3eb7a47c17d037a4678611bc61ad5c0bbb2febf9941e	common_voice_mvy_42363498.mp3	7c9bdd79e357304aa41481510211a2c5bba1a79ec27f89efd14ffaeb233fea2d	رالیں سَیں بَیل کھیں گی ہو تُھو“۔		2	0	thirties				mvy	
91237594335a342445bbe0b4df49774c3e519dec1f73fc0b76d383003e528907bdc5b9c5ae08145e2d1b3eb7a47c17d037a4678611bc61ad5c0bbb2febf9941e	common_voice_mvy_42363500.mp3	82af7231cbd8edc92a3e7400eae5a2672cd5bc3be1e76d91d22374b853bb22b2	رُکوع نہ پاتی بُوئ اُولی ہُوئیں لا تھہ۔		2	0	thirties				mvy	
91237594335a342445bbe0b4df49774c3e519dec1f73fc0b76d383003e528907bdc5b9c5ae08145e2d1b3eb7a47c17d037a4678611bc61ad5c0bbb2febf9941e	common_voice_mvy_42363725.mp3	8e9f809ebb3b588737b7d11ac60a994cfd1ec5b455c22fc262e1b365282725c4	مالاں پاتُو زُور دے یاں کریا ڈاگݩڈی ہِن علاج		2	0	thirties				mvy	
91237594335a342445bbe0b4df49774c3e519dec1f73fc0b76d383003e528907bdc5b9c5ae08145e2d1b3eb7a47c17d037a4678611bc61ad5c0bbb2febf9941e	common_voice_mvy_42363511.mp3	6688205e662a47f598d5a295be547be1759474861d86a9caa75c2a49f73eb038	تَاں بھاں سادہ خوراکہ کھاں تھو۔		2	0	thirties				mvy	
91237594335a342445bbe0b4df49774c3e519dec1f73fc0b76d383003e528907bdc5b9c5ae08145e2d1b3eb7a47c17d037a4678611bc61ad5c0bbb2febf9941e	common_voice_mvy_42363513.mp3	87be18ff22996b80ad7263d6f9af1b3734e0d8bd8b02086f7510f3676a0be468	مہ تسی نہ مُت خدائ گِشے دھام،		2	0	thirties				mvy	
91237594335a342445bbe0b4df49774c3e519dec1f73fc0b76d383003e528907bdc5b9c5ae08145e2d1b3eb7a47c17d037a4678611bc61ad5c0bbb2febf9941e	common_voice_mvy_42363723.mp3	6ba5b0c9a5f0e4a641f82acada71c7a7a946c81b21e7149f4117fcee5b88ae12	ہِجرتِیاں نوؤں کالہ مہ بِگلاں بِگلاں خلکہ اېں لمِل۔		2	0	thirties				mvy	
91237594335a342445bbe0b4df49774c3e519dec1f73fc0b76d383003e528907bdc5b9c5ae08145e2d1b3eb7a47c17d037a4678611bc61ad5c0bbb2febf9941e	common_voice_mvy_42363722.mp3	864f46dc75ac767ee45deeacac5dde5b9caa0c4b5252e9aea7a196ea1b65ab05	ݜُو وجہۡ نہ وتے اُو ݜېں مُت ماسمؤں لا		2	0	thirties				mvy	
91237594335a342445bbe0b4df49774c3e519dec1f73fc0b76d383003e528907bdc5b9c5ae08145e2d1b3eb7a47c17d037a4678611bc61ad5c0bbb2febf9941e	common_voice_mvy_42363518.mp3	63ddb4bc999630ec98fac7223807dedc222649fd6393d1dd39687da505a4ec66	نیڙاں وخ ݜس کریم مھو لا رِݩگائ۔		2	0	thirties				mvy	
91237594335a342445bbe0b4df49774c3e519dec1f73fc0b76d383003e528907bdc5b9c5ae08145e2d1b3eb7a47c17d037a4678611bc61ad5c0bbb2febf9941e	common_voice_mvy_42363529.mp3	8a6cd679eb3948aae27579b4995ccb103a94fc2389870d74aa292e071339fe67	حدیثؤں لا سُگائ گرفت ہو؛		2	0	thirties				mvy	
91237594335a342445bbe0b4df49774c3e519dec1f73fc0b76d383003e528907bdc5b9c5ae08145e2d1b3eb7a47c17d037a4678611bc61ad5c0bbb2febf9941e	common_voice_mvy_42363531.mp3	78ccc73cf3c89ad4d6126d2de3267d6960bcd2ae09ec7e6974a6021f0bab508e	اسیں قِسمؤں مہ ہُم گھېن٘رہ واں اِختِلاف تُھو		2	0	thirties				mvy	
91237594335a342445bbe0b4df49774c3e519dec1f73fc0b76d383003e528907bdc5b9c5ae08145e2d1b3eb7a47c17d037a4678611bc61ad5c0bbb2febf9941e	common_voice_mvy_42363533.mp3	7f30b592ad2c1b5e6f5afdf1ba8c6b6ae288885e48e65fb573209339b5b0f6c8	”تُو کیٙلی تھی کھیں تی ملی وے ہریۡ اېم“		2	0	thirties				mvy	
91237594335a342445bbe0b4df49774c3e519dec1f73fc0b76d383003e528907bdc5b9c5ae08145e2d1b3eb7a47c17d037a4678611bc61ad5c0bbb2febf9941e	common_voice_mvy_42363534.mp3	888f0720761d74db4dd639b714a8712d874a863d3e76111c9ea0e76af35171f4	خو نبی علیہ سلامے اللہ پاکاں حُکمہ ہِن قبلاؤ؛		2	0	thirties				mvy	
91237594335a342445bbe0b4df49774c3e519dec1f73fc0b76d383003e528907bdc5b9c5ae08145e2d1b3eb7a47c17d037a4678611bc61ad5c0bbb2febf9941e	common_voice_mvy_42363703.mp3	904236186c269c9d2c201c229ff958fd652160a8662cafdd33763dc3af6429aa	تاں ہتہۡؤں سن٘دیلیۡ رُمال پَیالاں کریا دِتیۡ		2	0	thirties				mvy	
91237594335a342445bbe0b4df49774c3e519dec1f73fc0b76d383003e528907bdc5b9c5ae08145e2d1b3eb7a47c17d037a4678611bc61ad5c0bbb2febf9941e	common_voice_mvy_42363541.mp3	89fa918983380f9d911fc13d0558825bb0a2a277c8bafcd60e920fcca31058f7	تروالیۡ ضرر ڇیلیائ تھی ولے قلم علم ڇیلیائ تُھو،		2	0	thirties				mvy	
91237594335a342445bbe0b4df49774c3e519dec1f73fc0b76d383003e528907bdc5b9c5ae08145e2d1b3eb7a47c17d037a4678611bc61ad5c0bbb2febf9941e	common_voice_mvy_42363697.mp3	83b501e7b5418801681af0126fa3e1f6ab3763c9fcc28a877c3363d8b7441b44	ایک صاف بھاں مہ چھا۔		4	0	thirties				mvy	
91237594335a342445bbe0b4df49774c3e519dec1f73fc0b76d383003e528907bdc5b9c5ae08145e2d1b3eb7a47c17d037a4678611bc61ad5c0bbb2febf9941e	common_voice_mvy_42363666.mp3	7447786d5f5cd9937dfccf1f2497d752c52f392aefa4e6f2461b1f255b577c47	شِکل څاں دَن سَن٘دہ چھی آں تے تفصیل لِکہ چھی۔		2	1	thirties				mvy	
91237594335a342445bbe0b4df49774c3e519dec1f73fc0b76d383003e528907bdc5b9c5ae08145e2d1b3eb7a47c17d037a4678611bc61ad5c0bbb2febf9941e	common_voice_mvy_42363671.mp3	87f806cb7559a3acec90abc2ba50fa609734abf1268cb2e4e778a80e8ac5bde6	ہا مہ پیڑلو کرے دیس دېں ہِن		2	0	thirties				mvy	
91237594335a342445bbe0b4df49774c3e519dec1f73fc0b76d383003e528907bdc5b9c5ae08145e2d1b3eb7a47c17d037a4678611bc61ad5c0bbb2febf9941e	common_voice_mvy_42363649.mp3	74465fca3741ff8c24e9a86d0818e1ef0200078ba350130b68697c7332bf13ee	کؤں ماسُم اوک کمزُور ہُوݩدُوں تسیں دن ݜے کری		2	0	thirties				mvy	
91237594335a342445bbe0b4df49774c3e519dec1f73fc0b76d383003e528907bdc5b9c5ae08145e2d1b3eb7a47c17d037a4678611bc61ad5c0bbb2febf9941e	common_voice_mvy_42363651.mp3	542ead4aee09c97cc5cc4ff375012e86050e4f8bf72056538d5c0aaf931191ff	اصول فقہ انتہائی دلچسپ آں میں کِریا		3	1	thirties				mvy	
91237594335a342445bbe0b4df49774c3e519dec1f73fc0b76d383003e528907bdc5b9c5ae08145e2d1b3eb7a47c17d037a4678611bc61ad5c0bbb2febf9941e	common_voice_mvy_42363564.mp3	7130877ee12641d478faf7151a384343c53af2051c7a7745ddd8e4e14b5c16c1	چُن٘ڑوۡ چھال ٹو زن٘گلہ مہ بئ امَیں گی کھا ہَیں یاں نَیں		2	0	thirties				mvy	
91237594335a342445bbe0b4df49774c3e519dec1f73fc0b76d383003e528907bdc5b9c5ae08145e2d1b3eb7a47c17d037a4678611bc61ad5c0bbb2febf9941e	common_voice_mvy_42381085.mp3	f3ce1686aa7fbf994dd101634aae446ba50ae44825a3277a510c1b86b5994509	نَیں کھیں چو شوق ہِن ݜَیں ماسمؤں سبق بنیایان٘س۔		2	0	thirties				mvy	
91237594335a342445bbe0b4df49774c3e519dec1f73fc0b76d383003e528907bdc5b9c5ae08145e2d1b3eb7a47c17d037a4678611bc61ad5c0bbb2febf9941e	common_voice_mvy_42381096.mp3	193f7a82b267312f0c809efde80b9208088013a4aaf67a546d6aaae60a29e3b0	خېبر اِوَیں سازشی واں مژھُول سن٘دژیان٘س۔		2	0	thirties				mvy	
91237594335a342445bbe0b4df49774c3e519dec1f73fc0b76d383003e528907bdc5b9c5ae08145e2d1b3eb7a47c17d037a4678611bc61ad5c0bbb2febf9941e	common_voice_mvy_42381098.mp3	18e2bc20720b77f6d2986313a26501aaf9ec950cf982f1f4bf9643abf9da4f77	سېں بُٹ څیزؤں نہ پاک کیریۡ		2	0	thirties				mvy	
91237594335a342445bbe0b4df49774c3e519dec1f73fc0b76d383003e528907bdc5b9c5ae08145e2d1b3eb7a47c17d037a4678611bc61ad5c0bbb2febf9941e	common_voice_mvy_42381108.mp3	295fea3746d6812be031538b2d2342ac4202275d6ce0294bb2dc24febc58083d	څَیں گولہ سُوچ کرہ چھی چے		2	0	thirties				mvy	
91237594335a342445bbe0b4df49774c3e519dec1f73fc0b76d383003e528907bdc5b9c5ae08145e2d1b3eb7a47c17d037a4678611bc61ad5c0bbb2febf9941e	common_voice_mvy_42381126.mp3	2941564e9765585e5ee6460cfd7f758de3ebd1dae44d5b89ad56d256dfa67062	سلام نہ مِنیۡ کرؤں پکار تھو۔		4	0	thirties				mvy	
91237594335a342445bbe0b4df49774c3e519dec1f73fc0b76d383003e528907bdc5b9c5ae08145e2d1b3eb7a47c17d037a4678611bc61ad5c0bbb2febf9941e	common_voice_mvy_42381129.mp3	1261c92e24b749947f339d5ae883ec519418a99d8044f39e8cbad2ec5501016f	اَدُوس تے نِوان٘زاں وَل سِچھیاؤ، آں نِوان٘ز پڑیاؤ۔		2	0	thirties				mvy	
91237594335a342445bbe0b4df49774c3e519dec1f73fc0b76d383003e528907bdc5b9c5ae08145e2d1b3eb7a47c17d037a4678611bc61ad5c0bbb2febf9941e	common_voice_mvy_42347027.mp3	2414c17c56618e0378b29aeaf14dc6d76f763766649994d65f38e1f7c506dda2	دِھیس یا دھېن٘س اېوں		2	0	thirties				mvy	
91237594335a342445bbe0b4df49774c3e519dec1f73fc0b76d383003e528907bdc5b9c5ae08145e2d1b3eb7a47c17d037a4678611bc61ad5c0bbb2febf9941e	common_voice_mvy_42381154.mp3	1d31e55cde50a43cb2d7a229f7e0e0b2fddbe0a2e74c93f4677274b101483b8d	شُوگراں مریض جُوڑ ہو ݜرپھت ہوتُھو۔		3	1	thirties				mvy	
91237594335a342445bbe0b4df49774c3e519dec1f73fc0b76d383003e528907bdc5b9c5ae08145e2d1b3eb7a47c17d037a4678611bc61ad5c0bbb2febf9941e	common_voice_mvy_42381179.mp3	1e9bd041dcc52beb65c1d50b02f0b2ef2df0a120fdeeb9acdde71f1ca8696c4d	آں تسیں نرخ ہُم بُٹواں کریا اک شاناں ہوتُھو۔۔		2	0	thirties				mvy	
91237594335a342445bbe0b4df49774c3e519dec1f73fc0b76d383003e528907bdc5b9c5ae08145e2d1b3eb7a47c17d037a4678611bc61ad5c0bbb2febf9941e	common_voice_mvy_42381194.mp3	182636f87571a05746a7ff6dcaef7024ef6fab30795dc52acafe9a4297b9561f	نھالی نا ݜے ہُویں ݜتَیں پان٘د کرَیں نہ پتَیں		2	0	thirties				mvy	
91237594335a342445bbe0b4df49774c3e519dec1f73fc0b76d383003e528907bdc5b9c5ae08145e2d1b3eb7a47c17d037a4678611bc61ad5c0bbb2febf9941e	common_voice_mvy_42381196.mp3	1fb24533557f0593bd1785c152a20c53e8b10843a22468cc33fa85331a017564	نِوان٘ز مہ بلی بنَیں ہِن نِوان٘ز شریۡ تھُو۔		2	0	thirties				mvy	
91237594335a342445bbe0b4df49774c3e519dec1f73fc0b76d383003e528907bdc5b9c5ae08145e2d1b3eb7a47c17d037a4678611bc61ad5c0bbb2febf9941e	common_voice_mvy_42347004.mp3	170049edcaf7d89c855be347b45d08257ca9be603b63da573f4cd9d7cedee72c	رِنگَیں ہِن زہر دُور ہُوئ تُھو۔		2	0	thirties				mvy	
91237594335a342445bbe0b4df49774c3e519dec1f73fc0b76d383003e528907bdc5b9c5ae08145e2d1b3eb7a47c17d037a4678611bc61ad5c0bbb2febf9941e	common_voice_mvy_42346998.mp3	244e3832960c9fe08cc1144dfc2c94eac747b539b233a74d413b6e1c9810304f	اِمکان چو زات ہُوی تُھو۔		2	0	thirties				mvy	
91237594335a342445bbe0b4df49774c3e519dec1f73fc0b76d383003e528907bdc5b9c5ae08145e2d1b3eb7a47c17d037a4678611bc61ad5c0bbb2febf9941e	common_voice_mvy_42346995.mp3	2302c1e6517cea1caf8af5df2be443f7993c21c4f912843ba60db55897509c7e	بار بار تُو وے لا اما دھیای۔		2	0	thirties				mvy	
91237594335a342445bbe0b4df49774c3e519dec1f73fc0b76d383003e528907bdc5b9c5ae08145e2d1b3eb7a47c17d037a4678611bc61ad5c0bbb2febf9941e	common_voice_mvy_42346994.mp3	11b1a15847fb92b1e769324c2814bd7bfad9cc1ca14c1b4790969d44d853564a	یا ڇا کالہ وحیں سلسلہ ہڑان٘گ ہُوۡندیۡ،		2	0	thirties				mvy	
91237594335a342445bbe0b4df49774c3e519dec1f73fc0b76d383003e528907bdc5b9c5ae08145e2d1b3eb7a47c17d037a4678611bc61ad5c0bbb2febf9941e	common_voice_mvy_42346974.mp3	039b792fad11b03359232717623db60fe63cebaafaa3c7f3716b90a04f5b32a8	تلہ گھېں سردارؤں مہ کېں اِسلام نی آئۡ		2	0	thirties				mvy	
91237594335a342445bbe0b4df49774c3e519dec1f73fc0b76d383003e528907bdc5b9c5ae08145e2d1b3eb7a47c17d037a4678611bc61ad5c0bbb2febf9941e	common_voice_mvy_42346972.mp3	07493a4f5ae332a2db739be82311cbd1f2acd4b652bcada946f32c1b1159e613	خاص کر چؤر کالؤں نہ منی ماسمہ		2	0	thirties				mvy	
91237594335a342445bbe0b4df49774c3e519dec1f73fc0b76d383003e528907bdc5b9c5ae08145e2d1b3eb7a47c17d037a4678611bc61ad5c0bbb2febf9941e	common_voice_mvy_42346970.mp3	0faa0aa12096add9aa2a07dc3ed619f9060eb43933defc12062b53a69de47632	ڇا دیسؤں ہار ݜے کری۔		2	0	thirties				mvy	
91237594335a342445bbe0b4df49774c3e519dec1f73fc0b76d383003e528907bdc5b9c5ae08145e2d1b3eb7a47c17d037a4678611bc61ad5c0bbb2febf9941e	common_voice_mvy_42346961.mp3	177f3c6270ed70202454142aaac2ce13f4e5b340e06bd792ea21880538f6bee3	ماسُم رڇھَیں یاں کسے حاق تُھو،		2	0	thirties				mvy	
91237594335a342445bbe0b4df49774c3e519dec1f73fc0b76d383003e528907bdc5b9c5ae08145e2d1b3eb7a47c17d037a4678611bc61ad5c0bbb2febf9941e	common_voice_mvy_42346960.mp3	01b530d984d4f79eedc6e32a6678bf7d85256d98696a3f0d6f56d89db046a21a	سو تعریف ݜُو تُھو،		2	0	thirties				mvy	
91237594335a342445bbe0b4df49774c3e519dec1f73fc0b76d383003e528907bdc5b9c5ae08145e2d1b3eb7a47c17d037a4678611bc61ad5c0bbb2febf9941e	common_voice_mvy_42346959.mp3	1afdc5642d9da967c66fd9ba1f4c7738a4cb1761043c5a066586653e22b168b3	ہِڑِکیۡ ختم گیشے کریگ؟		2	0	thirties				mvy	
91237594335a342445bbe0b4df49774c3e519dec1f73fc0b76d383003e528907bdc5b9c5ae08145e2d1b3eb7a47c17d037a4678611bc61ad5c0bbb2febf9941e	common_voice_mvy_42346953.mp3	1c89521821ab768c320da3f5ddf0d232c0cffb2aacf857a64fbddb5555a9c1e4	اللہ تی خوشال راڇھ		2	0	thirties				mvy	
91237594335a342445bbe0b4df49774c3e519dec1f73fc0b76d383003e528907bdc5b9c5ae08145e2d1b3eb7a47c17d037a4678611bc61ad5c0bbb2febf9941e	common_voice_mvy_42346952.mp3	1aa8dab13c53fa1d3c7cc1265c2bf9e82fa0ff5377527e89cb2ad04e1dfb3969	ولے گشے چے شرل ایلوۡ کھیں		2	0	thirties				mvy	
91237594335a342445bbe0b4df49774c3e519dec1f73fc0b76d383003e528907bdc5b9c5ae08145e2d1b3eb7a47c17d037a4678611bc61ad5c0bbb2febf9941e	common_voice_mvy_42346951.mp3	13e82107df683c5949e5f3126443d13a2b5a6b89a75f3e20f0a0063943978e9b	”او لہ مہ بھا بھئ ہیپھال ہوم تھی،		2	0	thirties				mvy	
91237594335a342445bbe0b4df49774c3e519dec1f73fc0b76d383003e528907bdc5b9c5ae08145e2d1b3eb7a47c17d037a4678611bc61ad5c0bbb2febf9941e	common_voice_mvy_42346950.mp3	0d78a3d30dca19185a7cdce33e17be3facf763439bdcd43b90e84771c185aa1b	تاں زُوڑہۡ ٹِپیۡ مہ گن٘ڈے پھان٘ڈ سن٘دے		2	0	thirties				mvy	
91237594335a342445bbe0b4df49774c3e519dec1f73fc0b76d383003e528907bdc5b9c5ae08145e2d1b3eb7a47c17d037a4678611bc61ad5c0bbb2febf9941e	common_voice_mvy_42346938.mp3	10d77cf38f35951f6615669f933279905abc6ae9ae1539c4f5712e4fe7bdb4c0	کؤں چے مسُلمؤں لا لازمی تھی		2	0	thirties				mvy	
91237594335a342445bbe0b4df49774c3e519dec1f73fc0b76d383003e528907bdc5b9c5ae08145e2d1b3eb7a47c17d037a4678611bc61ad5c0bbb2febf9941e	common_voice_mvy_42346936.mp3	116b04411286518274173d8f70386bc96f8b1c47380edf36de8f08b7297d5978	مِیں گئ لا تل نہ بان۔		2	0	thirties				mvy	
91237594335a342445bbe0b4df49774c3e519dec1f73fc0b76d383003e528907bdc5b9c5ae08145e2d1b3eb7a47c17d037a4678611bc61ad5c0bbb2febf9941e	common_voice_mvy_42346934.mp3	13387b50fd1815470e7a5d9cf0f72912195a81423f89f00b07cd46f943b7eb60	دُو گھینٹَوں پان تھی۔		2	1	thirties				mvy	
91237594335a342445bbe0b4df49774c3e519dec1f73fc0b76d383003e528907bdc5b9c5ae08145e2d1b3eb7a47c17d037a4678611bc61ad5c0bbb2febf9941e	common_voice_mvy_42346931.mp3	07a6ff611c4e8acb0f3f183df880c53fd0a9fc10219bdd906787e1870feced01	چے منہ مٹی سم پریشان ہو تھی		2	0	thirties				mvy	
91237594335a342445bbe0b4df49774c3e519dec1f73fc0b76d383003e528907bdc5b9c5ae08145e2d1b3eb7a47c17d037a4678611bc61ad5c0bbb2febf9941e	common_voice_mvy_42346913.mp3	0fbdee81672ce6c8955434d4ab5475ec56af796c48305a8967a426aa2caf6910	ژرہۡ خلکؤں مہ آݩڇھی وَیں بیماری چئ ہُوئ تھی		2	0	thirties				mvy	
91237594335a342445bbe0b4df49774c3e519dec1f73fc0b76d383003e528907bdc5b9c5ae08145e2d1b3eb7a47c17d037a4678611bc61ad5c0bbb2febf9941e	common_voice_mvy_42346911.mp3	1db72aad019a29cd5692774a4c71420054464edadb8de6a6b19a4f3526d3a53a	(آں اسی نہ تېرئ، آخرتی مہ)،		2	0	thirties				mvy	
91237594335a342445bbe0b4df49774c3e519dec1f73fc0b76d383003e528907bdc5b9c5ae08145e2d1b3eb7a47c17d037a4678611bc61ad5c0bbb2febf9941e	common_voice_mvy_42346903.mp3	1fc07163245b15f76779d062dbd6e9db357743ee6e12dfb0b8ab36dc83c2bbf3	لہ بِس اس مقصدی مہ کامیابی حاصل کرِگ۔		2	0	thirties				mvy	
91237594335a342445bbe0b4df49774c3e519dec1f73fc0b76d383003e528907bdc5b9c5ae08145e2d1b3eb7a47c17d037a4678611bc61ad5c0bbb2febf9941e	common_voice_mvy_42346901.mp3	06b087bff6eae7b823b06b811d069125393086077d1b6300c92ae1892ba4946d	اسی نہ علاوہ طاقت ہُم چئ ہوتھی۔		2	0	thirties				mvy	
91237594335a342445bbe0b4df49774c3e519dec1f73fc0b76d383003e528907bdc5b9c5ae08145e2d1b3eb7a47c17d037a4678611bc61ad5c0bbb2febf9941e	common_voice_mvy_42346900.mp3	16d5522222af0badf63b19dd50bddb05801c531546087e78628400129bff3351	اس بھاں مہ ایک پیالہ چینی آں دُو نیمبو چیوی۔		2	0	thirties				mvy	
91237594335a342445bbe0b4df49774c3e519dec1f73fc0b76d383003e528907bdc5b9c5ae08145e2d1b3eb7a47c17d037a4678611bc61ad5c0bbb2febf9941e	common_voice_mvy_42346889.mp3	0309f0013466d1b345cec80733e605ca6407c9705b4fd9c0cc413836e0b92f71	کِتاب څاں ہَتہۡ مہ تُھو، پڑی۔		2	0	thirties				mvy	
91237594335a342445bbe0b4df49774c3e519dec1f73fc0b76d383003e528907bdc5b9c5ae08145e2d1b3eb7a47c17d037a4678611bc61ad5c0bbb2febf9941e	common_voice_mvy_42346879.mp3	15e06d75f55c927b4fa5d0eaf4a1ebd035fbc3c4a1870cc1c05e6365be84ca52	آں کاں گی بناں تھہ کھیں تسی لا صبُر کرہ؛		3	0	thirties				mvy	
91237594335a342445bbe0b4df49774c3e519dec1f73fc0b76d383003e528907bdc5b9c5ae08145e2d1b3eb7a47c17d037a4678611bc61ad5c0bbb2febf9941e	common_voice_mvy_42346873.mp3	02389173dbf0425d48e4db319de02ad8a7ff72598721aa6aac13862f52aa5c1f	آں اېں دو څیزہۡ اېک مُت مِشر گُمبژېل تھو۔		2	0	thirties				mvy	
91237594335a342445bbe0b4df49774c3e519dec1f73fc0b76d383003e528907bdc5b9c5ae08145e2d1b3eb7a47c17d037a4678611bc61ad5c0bbb2febf9941e	common_voice_mvy_42346871.mp3	0aed253cb3e8432f6a5656e8379c7ce268721bfaadf2a3a734bc2901157898fb	بے گی کرِگ بھاں کمؤں نہ مُچل کھیں تے بِگ کرِگ نا		2	0	thirties				mvy	
91237594335a342445bbe0b4df49774c3e519dec1f73fc0b76d383003e528907bdc5b9c5ae08145e2d1b3eb7a47c17d037a4678611bc61ad5c0bbb2febf9941e	common_voice_mvy_42346870.mp3	1b36b749791f44fc45ec23c766a39d3f49de9e6f1766448c13e3c32e9c29b414	چےۡ کلیۡ نہ ہر شُو اَماں رڇھؤں تُھو۔		2	0	thirties				mvy	
91237594335a342445bbe0b4df49774c3e519dec1f73fc0b76d383003e528907bdc5b9c5ae08145e2d1b3eb7a47c17d037a4678611bc61ad5c0bbb2febf9941e	common_voice_mvy_42346853.mp3	0369165e49a7de96159aafcdc9cf84147fee8b8e59e1ff36e6148cbf1bf985ef	کھیں کِھن٘گی نہ کؤ ہُون٘دوۡ		2	0	thirties				mvy	
91237594335a342445bbe0b4df49774c3e519dec1f73fc0b76d383003e528907bdc5b9c5ae08145e2d1b3eb7a47c17d037a4678611bc61ad5c0bbb2febf9941e	common_voice_mvy_42346852.mp3	07d90f520a379ed3eb6c3502be448aca3417b0489bd06ecfa74fb9420b5c1f19	تے مسلماں ہُم بدرَیں چاری مہ بَیل۔		2	0	thirties				mvy	
91237594335a342445bbe0b4df49774c3e519dec1f73fc0b76d383003e528907bdc5b9c5ae08145e2d1b3eb7a47c17d037a4678611bc61ad5c0bbb2febf9941e	common_voice_mvy_42346851.mp3	1b95bf5b85b50c21e6f6ac441621e45d615ad04fd9141b4671ceeff38efd8e52	گرمی آں اسیں دُو مرضی		2	0	thirties				mvy	
91237594335a342445bbe0b4df49774c3e519dec1f73fc0b76d383003e528907bdc5b9c5ae08145e2d1b3eb7a47c17d037a4678611bc61ad5c0bbb2febf9941e	common_voice_mvy_42346838.mp3	1b8a36b4f25dc6af9415aecb1f64fe3d3c31436ee29596d833d8e98ad89dd06d	سامُوٹھ درؤں قَیمتیاں دِیس		2	0	thirties				mvy	
91237594335a342445bbe0b4df49774c3e519dec1f73fc0b76d383003e528907bdc5b9c5ae08145e2d1b3eb7a47c17d037a4678611bc61ad5c0bbb2febf9941e	common_voice_mvy_42346835.mp3	20d4e313da88ff38a3d4e2c765bd385ae4c522e946b58755171e30b533dbe256	گٹی ہُوݩدوں نِکئ ال بے تھی۔		2	1	thirties				mvy	
91237594335a342445bbe0b4df49774c3e519dec1f73fc0b76d383003e528907bdc5b9c5ae08145e2d1b3eb7a47c17d037a4678611bc61ad5c0bbb2febf9941e	common_voice_mvy_42346818.mp3	02c1fe048c8d276c578dd0ed89d54f462828299c38fdea95606b38c5f492c8ef	اُو بِڅاں چؤرؤں مُون٘ڈ تُھُو		3	0	thirties				mvy	
91237594335a342445bbe0b4df49774c3e519dec1f73fc0b76d383003e528907bdc5b9c5ae08145e2d1b3eb7a47c17d037a4678611bc61ad5c0bbb2febf9941e	common_voice_mvy_42346799.mp3	0689744ed173f70f62f212a458bd2db269c67696e7bd4c5aca6401abef43710f	کھیں منی کُلائی نی واہان٘س۔		2	0	thirties				mvy	
91237594335a342445bbe0b4df49774c3e519dec1f73fc0b76d383003e528907bdc5b9c5ae08145e2d1b3eb7a47c17d037a4678611bc61ad5c0bbb2febf9941e	common_voice_mvy_42346795.mp3	1abcd25ea2af9d0f2146fee0f85ac63c7e6ba565682f3ca33479ae8300a3072b	مہ بشامے بَیت۔		2	1	thirties				mvy	
91237594335a342445bbe0b4df49774c3e519dec1f73fc0b76d383003e528907bdc5b9c5ae08145e2d1b3eb7a47c17d037a4678611bc61ad5c0bbb2febf9941e	common_voice_mvy_42346794.mp3	1a7b9d14020a258b599d3901a61c63ccb2e551b049c1a64b532609a8d1d007a0	کھیں اللہ تسیں کِریا جنت (باغہ) لازمی دے تُھو۔		2	0	thirties				mvy	
91237594335a342445bbe0b4df49774c3e519dec1f73fc0b76d383003e528907bdc5b9c5ae08145e2d1b3eb7a47c17d037a4678611bc61ad5c0bbb2febf9941e	common_voice_mvy_42346793.mp3	0a3f7fd49097f3ba6d6325bde6586094c21189c79b311882aa6111da2174441a	اللہ پاکے نبی علیہ السلام لا مُت اِنعامہ ہُم کیریۡ؛		2	0	thirties				mvy	
91237594335a342445bbe0b4df49774c3e519dec1f73fc0b76d383003e528907bdc5b9c5ae08145e2d1b3eb7a47c17d037a4678611bc61ad5c0bbb2febf9941e	common_voice_mvy_42346789.mp3	02e82d6c1e5a84c4b22af007d1756df32c36bbd8b2c180f8f681d540ae56d544	تَلہ عدل تے انصافاں ڇَول گوزَئیں لمَیل آنٚس		2	0	thirties				mvy	
91237594335a342445bbe0b4df49774c3e519dec1f73fc0b76d383003e528907bdc5b9c5ae08145e2d1b3eb7a47c17d037a4678611bc61ad5c0bbb2febf9941e	common_voice_mvy_42346769.mp3	19954fe84f5b783dd5a2a1ddd5f9dd0f0c6431b7357e2563d9c38ba9f76f7a2f	نِوان٘ز مہ قص کرے سُنت		2	0	thirties				mvy	
91237594335a342445bbe0b4df49774c3e519dec1f73fc0b76d383003e528907bdc5b9c5ae08145e2d1b3eb7a47c17d037a4678611bc61ad5c0bbb2febf9941e	common_voice_mvy_42346766.mp3	112f63b1a356ed69c9033d622763d23c20116fc5da53c0371033246ad83ea17e	حدہ مہ داخل ہویں نہ رٹہ گیلیۡ؛		2	0	thirties				mvy	
91237594335a342445bbe0b4df49774c3e519dec1f73fc0b76d383003e528907bdc5b9c5ae08145e2d1b3eb7a47c17d037a4678611bc61ad5c0bbb2febf9941e	common_voice_mvy_42346764.mp3	1c5c6aa5b1bda99ac46f9ea51b96966444d83f47ae57bd09668ee8f644e8920a	اکثر لیکیرہ گھین٘رہ وَیں بلی ݜُون٘واں تھو۔		2	0	thirties				mvy	
91237594335a342445bbe0b4df49774c3e519dec1f73fc0b76d383003e528907bdc5b9c5ae08145e2d1b3eb7a47c17d037a4678611bc61ad5c0bbb2febf9941e	common_voice_mvy_42346763.mp3	0d45c4021c5b7526a3fa9de5dbea3af58fcbc25d2dc0ef0fef95f03aa2192904	سو لہ مِیں مَرگَلئ بابر آن٘س،		2	0	thirties				mvy	
91237594335a342445bbe0b4df49774c3e519dec1f73fc0b76d383003e528907bdc5b9c5ae08145e2d1b3eb7a47c17d037a4678611bc61ad5c0bbb2febf9941e	common_voice_mvy_42346762.mp3	16a361babd1dad82f5e746c539f46e940bec7fb82feaf31fd35f44a1cfdc32ca	تسیں تُس زَیں نِشان دہی کری		2	0	thirties				mvy	
91237594335a342445bbe0b4df49774c3e519dec1f73fc0b76d383003e528907bdc5b9c5ae08145e2d1b3eb7a47c17d037a4678611bc61ad5c0bbb2febf9941e	common_voice_mvy_42346745.mp3	081a8a6a3d38cce08f1c48ec2f99bd275b310b2deeb7809a8cb2f0222fd69349	چِٹئیں وجہۡ سَن٘دُژیۡ تھی		2	1	thirties				mvy	
91237594335a342445bbe0b4df49774c3e519dec1f73fc0b76d383003e528907bdc5b9c5ae08145e2d1b3eb7a47c17d037a4678611bc61ad5c0bbb2febf9941e	common_voice_mvy_42346744.mp3	05883035295e0ed15c78b4b93e3c9e4c2f2d4e9874c080b8110e68e97390cdac	اېک ݜُو شاناں ورچوئل تعلیماں سسٹم سندؤں ہو تُھو		2	0	thirties				mvy	
91237594335a342445bbe0b4df49774c3e519dec1f73fc0b76d383003e528907bdc5b9c5ae08145e2d1b3eb7a47c17d037a4678611bc61ad5c0bbb2febf9941e	common_voice_mvy_42346743.mp3	096fbe4c59c34a855f15d9603d292284ab74a5b2049c8f39042ea35c7535cffa	سُگائ اولاد پیدا گِشے ہو ؟		2	0	thirties				mvy	
91237594335a342445bbe0b4df49774c3e519dec1f73fc0b76d383003e528907bdc5b9c5ae08145e2d1b3eb7a47c17d037a4678611bc61ad5c0bbb2febf9941e	common_voice_mvy_42346742.mp3	15de6183221167fb7762044e190ad95617f07449f426e03f12cd06284a2f7c1e	تاں مھال دالاں دَروۡ شعب ابی طالبے بئیلوۡ۔		2	0	thirties				mvy	
91237594335a342445bbe0b4df49774c3e519dec1f73fc0b76d383003e528907bdc5b9c5ae08145e2d1b3eb7a47c17d037a4678611bc61ad5c0bbb2febf9941e	common_voice_mvy_42346725.mp3	089d144392212b2c35653ca60c699d61c826e9a860d3c5c680b00bd843171bde	کِمُوش کھیٶں چو مفید تُھو۔		2	0	thirties				mvy	
91237594335a342445bbe0b4df49774c3e519dec1f73fc0b76d383003e528907bdc5b9c5ae08145e2d1b3eb7a47c17d037a4678611bc61ad5c0bbb2febf9941e	common_voice_mvy_42346724.mp3	0d99e484c68bd533f4f41708479ca8485c8ef7078ea240ce7e64967ae6d780e5	انشاءاللہ فائدہ ہوتُھو۔		2	0	thirties				mvy	
91237594335a342445bbe0b4df49774c3e519dec1f73fc0b76d383003e528907bdc5b9c5ae08145e2d1b3eb7a47c17d037a4678611bc61ad5c0bbb2febf9941e	common_voice_mvy_42346722.mp3	1beba444d92ae67005d070141218fb27bd9d9d2e0ca18272f4c4c49e4b4a64dc	اېک وار حجَاں دېسہۡ کَچھے ہُون٘دہۡ کھیں		2	0	thirties				mvy	
91237594335a342445bbe0b4df49774c3e519dec1f73fc0b76d383003e528907bdc5b9c5ae08145e2d1b3eb7a47c17d037a4678611bc61ad5c0bbb2febf9941e	common_voice_mvy_42346717.mp3	199c7fa7d6740c6e024b4de9c55d26e72441741ea486685c6154edcd864ea1c6	اسیں کریا ذہن تے تصورَیں دُنئ بی تھی،		2	0	thirties				mvy	
91237594335a342445bbe0b4df49774c3e519dec1f73fc0b76d383003e528907bdc5b9c5ae08145e2d1b3eb7a47c17d037a4678611bc61ad5c0bbb2febf9941e	common_voice_mvy_42346695.mp3	10ae0804edd040cce82068598026919399e12e0fafcb33d2ba2a1994d42ccfb4	سو شاناں/ رنگاں فېدہ نی اُڇھژی تُھو		2	0	thirties				mvy	
91237594335a342445bbe0b4df49774c3e519dec1f73fc0b76d383003e528907bdc5b9c5ae08145e2d1b3eb7a47c17d037a4678611bc61ad5c0bbb2febf9941e	common_voice_mvy_42346693.mp3	0ef8f5ad42cfdb4cc68efe1d58ff501f841064ac9bd807cec5c051cdea6ae315	سوشل میڈیاں چو استعمال کرَیں ہِن نظرہ مہ کمی ایتھی		2	0	thirties				mvy	
91237594335a342445bbe0b4df49774c3e519dec1f73fc0b76d383003e528907bdc5b9c5ae08145e2d1b3eb7a47c17d037a4678611bc61ad5c0bbb2febf9941e	common_voice_mvy_42346682.mp3	087c355d37c3df55af6985e930e641eb3a05dce8a76d04b678ead5a60b34ae54	پلاسمُوڈیَماں ہا تُھو۔		2	0	thirties				mvy	
91237594335a342445bbe0b4df49774c3e519dec1f73fc0b76d383003e528907bdc5b9c5ae08145e2d1b3eb7a47c17d037a4678611bc61ad5c0bbb2febf9941e	common_voice_mvy_42346677.mp3	04ae127cde79721f216421a3a60eaaab715ccd7aeb8a0fd1477ee1aacab6cf2c	کن٘ڑہۡ تے نسور گتہ تُوہہۡ تت ہو ہاں تھہ۔		2	0	thirties				mvy	
91237594335a342445bbe0b4df49774c3e519dec1f73fc0b76d383003e528907bdc5b9c5ae08145e2d1b3eb7a47c17d037a4678611bc61ad5c0bbb2febf9941e	common_voice_mvy_42346671.mp3	030bf127ac1d6987ec6697a9bbc15d93da11117feb2ee0581f5c557658054f32	کوستاں چے خلک تعلیم نہ دُور تھو		2	0	thirties				mvy	
91237594335a342445bbe0b4df49774c3e519dec1f73fc0b76d383003e528907bdc5b9c5ae08145e2d1b3eb7a47c17d037a4678611bc61ad5c0bbb2febf9941e	common_voice_mvy_42346661.mp3	1c605079dc2f53c24eabb7f8d05229a76cbb43dba6347e3043e870415c34e1c6	جسم لا گولہ زخم ہُوگا کھیں تسے پکار تھی		2	0	thirties				mvy	
91237594335a342445bbe0b4df49774c3e519dec1f73fc0b76d383003e528907bdc5b9c5ae08145e2d1b3eb7a47c17d037a4678611bc61ad5c0bbb2febf9941e	common_voice_mvy_42346660.mp3	15449b88a46dd6a6a63344b18ae161138a6e4054e8dbf6eb4f297c5c3a796a06	مہ ٹاکُو پاتُولک ہُوندوۡ۔		2	0	thirties				mvy	
91237594335a342445bbe0b4df49774c3e519dec1f73fc0b76d383003e528907bdc5b9c5ae08145e2d1b3eb7a47c17d037a4678611bc61ad5c0bbb2febf9941e	common_voice_mvy_42346659.mp3	07a42086f1a104f245da430f9aa723059db16243ae660c253a72e75d1f8de3e2	سو حُکُم ݜِݜہ نہ نی ہُوئ تُھو،		2	0	thirties				mvy	
91237594335a342445bbe0b4df49774c3e519dec1f73fc0b76d383003e528907bdc5b9c5ae08145e2d1b3eb7a47c17d037a4678611bc61ad5c0bbb2febf9941e	common_voice_mvy_42346658.mp3	01dec0adcb0b37af4876a23264eb08b878e3a82ee93d6d52d783d651dd2514bf	کھیں سو می وَیں نھالِسیۡ۔		2	0	thirties				mvy	
91237594335a342445bbe0b4df49774c3e519dec1f73fc0b76d383003e528907bdc5b9c5ae08145e2d1b3eb7a47c17d037a4678611bc61ad5c0bbb2febf9941e	common_voice_mvy_42346634.mp3	1234f669ba585ec3c370a9852d654ae5bb48ec1ac58561c01f2e98d8771918d4	ݜُو، سو وختیں رِواج آن٘سیۡ،		2	0	thirties				mvy	
91237594335a342445bbe0b4df49774c3e519dec1f73fc0b76d383003e528907bdc5b9c5ae08145e2d1b3eb7a47c17d037a4678611bc61ad5c0bbb2febf9941e	common_voice_mvy_42346632.mp3	16ca3e98247a249137dc9f988d7b6f11cb73786148ee0747de5748d104ec1327	دو سجدی فرض تھی۔		2	0	thirties				mvy	
91237594335a342445bbe0b4df49774c3e519dec1f73fc0b76d383003e528907bdc5b9c5ae08145e2d1b3eb7a47c17d037a4678611bc61ad5c0bbb2febf9941e	common_voice_mvy_42346631.mp3	156e5c5c4f06f5a824a553b97720e145fed19690b6d2d1430ba6001fd4fa003c	مھالی پاتیۡ نہ کؤ کیریۡ ”او مٹُو چائ پُو بہ“۔		2	0	thirties				mvy	
91237594335a342445bbe0b4df49774c3e519dec1f73fc0b76d383003e528907bdc5b9c5ae08145e2d1b3eb7a47c17d037a4678611bc61ad5c0bbb2febf9941e	common_voice_mvy_42346628.mp3	1b7e09490a0766ddde2fd8fd79ed4e5626adaac6143689898981542ca7ac29f7	مِٹُھویں کمزوری ہُوئ تُھو		2	0	thirties				mvy	
91237594335a342445bbe0b4df49774c3e519dec1f73fc0b76d383003e528907bdc5b9c5ae08145e2d1b3eb7a47c17d037a4678611bc61ad5c0bbb2febf9941e	common_voice_mvy_42346613.mp3	01807591206294bf117fd5c79bd3a9c88447aa7e8e21f8499de23a7c40398832	تسے دھرېل قِسمؤں نہ ہُم		2	0	thirties				mvy	
91237594335a342445bbe0b4df49774c3e519dec1f73fc0b76d383003e528907bdc5b9c5ae08145e2d1b3eb7a47c17d037a4678611bc61ad5c0bbb2febf9941e	common_voice_mvy_42346607.mp3	0199eeb45bcda8202913c0d9c21c9da74eaa3af9d7cfbfab916d83357edeaa3d	بلڈ پریشرَیں علاج ملی پرہیز گتہ لازمی تُھو		2	0	thirties				mvy	
91237594335a342445bbe0b4df49774c3e519dec1f73fc0b76d383003e528907bdc5b9c5ae08145e2d1b3eb7a47c17d037a4678611bc61ad5c0bbb2febf9941e	common_voice_mvy_42346602.mp3	137e91cf7bebb08154bc38db143d6dabb80eda018b39b3f62e223c3e2a961d46	بن٘دؤں مہ دڑی ہوں تھی		2	0	thirties				mvy	
91237594335a342445bbe0b4df49774c3e519dec1f73fc0b76d383003e528907bdc5b9c5ae08145e2d1b3eb7a47c17d037a4678611bc61ad5c0bbb2febf9941e	common_voice_mvy_42346556.mp3	0b7d5d6ce19d77f8be94626fb6e30383aaeb4b774f8b1c32ab58868210476d28	یا دان٘ڑیالاں رس نھیلہ گلے پُولیۡ کھیں ہُم فائده ہوتُھو۔		2	0	thirties				mvy	
91237594335a342445bbe0b4df49774c3e519dec1f73fc0b76d383003e528907bdc5b9c5ae08145e2d1b3eb7a47c17d037a4678611bc61ad5c0bbb2febf9941e	common_voice_mvy_42346555.mp3	1278e0f1aa0587d39e561328982c64aef75c4d24732e3e0cd424e3748c9e2d5f	مٹی یاں ان٘ڇھہۡ کھݜ کیریۡ		2	0	thirties				mvy	
91237594335a342445bbe0b4df49774c3e519dec1f73fc0b76d383003e528907bdc5b9c5ae08145e2d1b3eb7a47c17d037a4678611bc61ad5c0bbb2febf9941e	common_voice_mvy_42346523.mp3	11977b4a51980bde8360000538c1bd4aec2fbf617e267eb00f2cbda84cf36a3e	میں مُت زائ گولہ ہیُو نی رِن٘گیۡ تُھو		2	0	thirties				mvy	
91237594335a342445bbe0b4df49774c3e519dec1f73fc0b76d383003e528907bdc5b9c5ae08145e2d1b3eb7a47c17d037a4678611bc61ad5c0bbb2febf9941e	common_voice_mvy_42346521.mp3	087f9bb0b3c79a30363d0b92d940774ae964cc74e585748d06ad69b9b7465dd2	ݜُو بال یادی ہولئ چے جمہوروَیں مذہبی		2	0	thirties				mvy	
91237594335a342445bbe0b4df49774c3e519dec1f73fc0b76d383003e528907bdc5b9c5ae08145e2d1b3eb7a47c17d037a4678611bc61ad5c0bbb2febf9941e	common_voice_mvy_42346518.mp3	027ac893f9dcf1e429112105a0148e3b157bb62c02da9d451abe48120746bd69	اسی مہ رسولِ پاک علیہ سلامَیں مارَیں سازش ہُم ٹل آن٘سیۡ۔		2	1	thirties				mvy	
91237594335a342445bbe0b4df49774c3e519dec1f73fc0b76d383003e528907bdc5b9c5ae08145e2d1b3eb7a47c17d037a4678611bc61ad5c0bbb2febf9941e	common_voice_mvy_42346505.mp3	1b4a09c670d202a9552436ae87d1670b6896a51769887cfbcbc9257e7237be32	بدرہ مہ لرئ نہ پاتیُوں		2	0	thirties				mvy	
91237594335a342445bbe0b4df49774c3e519dec1f73fc0b76d383003e528907bdc5b9c5ae08145e2d1b3eb7a47c17d037a4678611bc61ad5c0bbb2febf9941e	common_voice_mvy_42346502.mp3	07228bb0b78f38c2045748d32e0e3d02a00713b70112147b0ec1ff64e8fad50f	آں ہِلاک ہا مژ گلے کھݜیۡ سݩدہ گلے		2	0	thirties				mvy	
91237594335a342445bbe0b4df49774c3e519dec1f73fc0b76d383003e528907bdc5b9c5ae08145e2d1b3eb7a47c17d037a4678611bc61ad5c0bbb2febf9941e	common_voice_mvy_42346497.mp3	1af4288818e3e18e9d1e17c39b1b1a4b760e7ea8cac06f25905f11465b7b4b49	شرط یی تے وجہۡ مہ فرق		2	0	thirties				mvy	
91237594335a342445bbe0b4df49774c3e519dec1f73fc0b76d383003e528907bdc5b9c5ae08145e2d1b3eb7a47c17d037a4678611bc61ad5c0bbb2febf9941e	common_voice_mvy_42346490.mp3	1732ee3cb7dd96fd672812a7409296007f00457375a6044f6cf9969d90d89977	دان٘ڑیالہ ہِن جسمَیں گرمَیاں علاج ہُم ہُوئ تُھو		3	0	thirties				mvy	
91237594335a342445bbe0b4df49774c3e519dec1f73fc0b76d383003e528907bdc5b9c5ae08145e2d1b3eb7a47c17d037a4678611bc61ad5c0bbb2febf9941e	common_voice_mvy_42346489.mp3	12f4cb0ec35619eeb5452525a53c9968eeb6b8fc6d3e4992379e3d8f3f14b00d	تلاں پتَیں جبرائیل علیہ السلامے اللہ پاکاں حُکمہ ہِن		2	0	thirties				mvy	
91237594335a342445bbe0b4df49774c3e519dec1f73fc0b76d383003e528907bdc5b9c5ae08145e2d1b3eb7a47c17d037a4678611bc61ad5c0bbb2febf9941e	common_voice_mvy_42346488.mp3	008343171b02dc04dc0bf62dbddb01fdf861083a5161a78569cd2e0399d80d4b	کوستَیں مہ بِگ څیز نشَیں یان دن بناں تھُو۔		2	0	thirties				mvy	
91237594335a342445bbe0b4df49774c3e519dec1f73fc0b76d383003e528907bdc5b9c5ae08145e2d1b3eb7a47c17d037a4678611bc61ad5c0bbb2febf9941e	common_voice_mvy_42346486.mp3	0dde2d0c7c5471458bde20716edf2bd0e993a06ba119ea2ae73c41c258ab6935	یا شرطؤں مہ ایک شرط نی ہون٘د کھیں		2	0	thirties				mvy	
91237594335a342445bbe0b4df49774c3e519dec1f73fc0b76d383003e528907bdc5b9c5ae08145e2d1b3eb7a47c17d037a4678611bc61ad5c0bbb2febf9941e	common_voice_mvy_42346471.mp3	09c0ee816e93da359c43e7971c04c0614bf4dbf3332b04b5b86d2dd45b2d880b	استا شاگڑہ واں پیالوۡ آں نگران تُھو		2	0	thirties				mvy	
91237594335a342445bbe0b4df49774c3e519dec1f73fc0b76d383003e528907bdc5b9c5ae08145e2d1b3eb7a47c17d037a4678611bc61ad5c0bbb2febf9941e	common_voice_mvy_42346469.mp3	0f7a5f38670b1229ce758bfe1453977cae3220943c2ebe674691a35d2735a2f2	وہ با گشے سہولت؟		2	0	thirties				mvy	
91237594335a342445bbe0b4df49774c3e519dec1f73fc0b76d383003e528907bdc5b9c5ae08145e2d1b3eb7a47c17d037a4678611bc61ad5c0bbb2febf9941e	common_voice_mvy_42346465.mp3	1a204f4c84cbaa4fa6202556f2469e513d9dc2de3be4b2cf54c47c175368c5fd	دُنئ یاں تاریخ مہ اسیں کردار،		2	0	thirties				mvy	
91237594335a342445bbe0b4df49774c3e519dec1f73fc0b76d383003e528907bdc5b9c5ae08145e2d1b3eb7a47c17d037a4678611bc61ad5c0bbb2febf9941e	common_voice_mvy_42346445.mp3	09b9ac9af90a94b0b554c8fb16403f94c16aa1d67c50cbd8f7ab90fcaf9e0f45	مُھو سُگائی ہوتُھو۔		2	0	thirties				mvy	
91237594335a342445bbe0b4df49774c3e519dec1f73fc0b76d383003e528907bdc5b9c5ae08145e2d1b3eb7a47c17d037a4678611bc61ad5c0bbb2febf9941e	common_voice_mvy_42346444.mp3	11fb4d29ce90f73289160ab8ca15feeb52f251d327779f5a0a5dacae23f91d32	یا بے کېں بِگ زورؤں ہرلیۡ کھیں		2	0	thirties				mvy	
91237594335a342445bbe0b4df49774c3e519dec1f73fc0b76d383003e528907bdc5b9c5ae08145e2d1b3eb7a47c17d037a4678611bc61ad5c0bbb2febf9941e	common_voice_mvy_42346430.mp3	18fd94ddb3c5fa17670be4973c80e6d98367b4442e4880d7d04fa273551ab945	میشوالاں دن نِوان٘ز مہ پاتیوں ݜِݜ گن٘ڈے		2	0	thirties				mvy	
91237594335a342445bbe0b4df49774c3e519dec1f73fc0b76d383003e528907bdc5b9c5ae08145e2d1b3eb7a47c17d037a4678611bc61ad5c0bbb2febf9941e	common_voice_mvy_42346429.mp3	0a1b27adc0e441768aae1c3925f0d726c4c35c42afd53a8cc809180d48853a70	تسیں وجہۡ نہ بدنہ لا نیلیۡ داغی،		2	1	thirties				mvy	
91237594335a342445bbe0b4df49774c3e519dec1f73fc0b76d383003e528907bdc5b9c5ae08145e2d1b3eb7a47c17d037a4678611bc61ad5c0bbb2febf9941e	common_voice_mvy_42346428.mp3	02fc6c2f30d5849a3c6bf3d29765031fffc9bc0ed3947c2c25adb879a5f24fd3	ݜُو وجہۡ نہ کہ علامات دُو ڇا ہفتی بئ		2	0	thirties				mvy	
91237594335a342445bbe0b4df49774c3e519dec1f73fc0b76d383003e528907bdc5b9c5ae08145e2d1b3eb7a47c17d037a4678611bc61ad5c0bbb2febf9941e	common_voice_mvy_42346427.mp3	00b7ca19689359569222faa4946ab119f0ae00cb46d76babd808737bb04cb1bc	ٹل کرہ چھی نئ ہریۡ تسیں معنا پُوریۡ نی ہو،		2	1	thirties				mvy	
91237594335a342445bbe0b4df49774c3e519dec1f73fc0b76d383003e528907bdc5b9c5ae08145e2d1b3eb7a47c17d037a4678611bc61ad5c0bbb2febf9941e	common_voice_mvy_42346426.mp3	098c1891edddf9e0f0d806004315ec2416746c7be14715b92504853d5ec4f946	ایک بوتل شڑشماں تیل آں دو آن٘ڑہ آئ۔		2	0	thirties				mvy	
91237594335a342445bbe0b4df49774c3e519dec1f73fc0b76d383003e528907bdc5b9c5ae08145e2d1b3eb7a47c17d037a4678611bc61ad5c0bbb2febf9941e	common_voice_mvy_42346415.mp3	109bb29bf67fd94699a153792bdd6016f37be00b2d38a23917bb2b4fad24fb35	بوئے بُوئ دِش بانیۡ چے رُشتا رُشتا بنہ		2	0	thirties				mvy	
91237594335a342445bbe0b4df49774c3e519dec1f73fc0b76d383003e528907bdc5b9c5ae08145e2d1b3eb7a47c17d037a4678611bc61ad5c0bbb2febf9941e	common_voice_mvy_42346412.mp3	051263840b883355a30c0eac49d2dd90003ee2d2b66f1fb69b98808cfa3c500e	ݜس وجہۡ ہِن زاں اواز مہ گی اثر نی تُھو۔		2	0	thirties				mvy	
91237594335a342445bbe0b4df49774c3e519dec1f73fc0b76d383003e528907bdc5b9c5ae08145e2d1b3eb7a47c17d037a4678611bc61ad5c0bbb2febf9941e	common_voice_mvy_42346408.mp3	0050e625a0da9dabeac9599e6de07faaece02e3e53d9f3ac125d3939927cfedb	مہ گئ نہ منہ وئ بٹُو بھیامان٘س		2	1	thirties				mvy	
91237594335a342445bbe0b4df49774c3e519dec1f73fc0b76d383003e528907bdc5b9c5ae08145e2d1b3eb7a47c17d037a4678611bc61ad5c0bbb2febf9941e	common_voice_mvy_42346407.mp3	17a19d6088bfe1e4d06b233f70997aa89dfbd66a0bbedfef5957cf14b401ee99	کام دېل ہُوئ تُھو چے اس کری۔		2	0	thirties				mvy	
91237594335a342445bbe0b4df49774c3e519dec1f73fc0b76d383003e528907bdc5b9c5ae08145e2d1b3eb7a47c17d037a4678611bc61ad5c0bbb2febf9941e	common_voice_mvy_42346406.mp3	032a643d65764622341af416e3dde699f6c3ca31a8a72a043954c1dad72532ad	مُسند الیہ ہو لکھہ		2	0	thirties				mvy	
91237594335a342445bbe0b4df49774c3e519dec1f73fc0b76d383003e528907bdc5b9c5ae08145e2d1b3eb7a47c17d037a4678611bc61ad5c0bbb2febf9941e	common_voice_mvy_42381200.mp3	1f14443d2d884779797ed99c82b4297223325123f68242560b4d22d4637fc33b	ایں زرتی پان٘ژ تھی:		2	0	thirties				mvy	
91237594335a342445bbe0b4df49774c3e519dec1f73fc0b76d383003e528907bdc5b9c5ae08145e2d1b3eb7a47c17d037a4678611bc61ad5c0bbb2febf9941e	common_voice_mvy_42381212.mp3	1ef34397ca4ba8d52a0814f806f8a2da1d9d558f4988b5951bb947d581f3c51c	ترتیب ہِن نِوان٘ز کرٶں واجِب تھُو۔		2	0	thirties				mvy	
91237594335a342445bbe0b4df49774c3e519dec1f73fc0b76d383003e528907bdc5b9c5ae08145e2d1b3eb7a47c17d037a4678611bc61ad5c0bbb2febf9941e	common_voice_mvy_42381213.mp3	226855b95e1846c04e87d2f146a00b9abfd08a8173ced39ae8b9606466c88c5a	ایوں مہ مُت تُھو زُور		2	0	thirties				mvy	
91237594335a342445bbe0b4df49774c3e519dec1f73fc0b76d383003e528907bdc5b9c5ae08145e2d1b3eb7a47c17d037a4678611bc61ad5c0bbb2febf9941e	common_voice_mvy_42381216.mp3	1e58b0f8066b6e20e4a85dc129e23fae0c40698e138560d38a204885d3450c78	آں تیں ہتہۡ کۡھرہ تُوہہۡ تت ہوں تھہ کھیں		2	0	thirties				mvy	
91237594335a342445bbe0b4df49774c3e519dec1f73fc0b76d383003e528907bdc5b9c5ae08145e2d1b3eb7a47c17d037a4678611bc61ad5c0bbb2febf9941e	common_voice_mvy_42363566.mp3	81cc332101ac05738828dfc3d6481f571f2d66316ca4e6a434dcc63a908b9682	کؤں بال کتاب مہ نی ہُون٘دُوں تس ݜلہ نھالا تھہ۔		2	0	thirties				mvy	
91237594335a342445bbe0b4df49774c3e519dec1f73fc0b76d383003e528907bdc5b9c5ae08145e2d1b3eb7a47c17d037a4678611bc61ad5c0bbb2febf9941e	common_voice_mvy_42363567.mp3	7fb80f4191b7a8713ddb69066ee8047e5a7348d21247e5e8c0501f4b2d5c1c26	ہر ماݜ اجتہاداں لائق سَن٘دُژ۔		2	0	thirties				mvy	
91237594335a342445bbe0b4df49774c3e519dec1f73fc0b76d383003e528907bdc5b9c5ae08145e2d1b3eb7a47c17d037a4678611bc61ad5c0bbb2febf9941e	common_voice_mvy_42363568.mp3	821424214fc9111fedd375f10ffa756bcbdb090d82868c87f4d9d3a0ecaff827	ݜُو بال ݜُون٘یں گلے مُت گھداؤں تس تاں گھېن٘رو کرہ گِلیۡ ۔		2	0	thirties				mvy	
91237594335a342445bbe0b4df49774c3e519dec1f73fc0b76d383003e528907bdc5b9c5ae08145e2d1b3eb7a47c17d037a4678611bc61ad5c0bbb2febf9941e	common_voice_mvy_42363614.mp3	70531c7df32ac9e1fc9d5c504c2653acecf03dc4fc3ce0ff90156fc5858bbb3a	ݜس شُور مہ بھئ تُوں تاں سُکُون برباد کرئیل		2	1	thirties				mvy	
91237594335a342445bbe0b4df49774c3e519dec1f73fc0b76d383003e528907bdc5b9c5ae08145e2d1b3eb7a47c17d037a4678611bc61ad5c0bbb2febf9941e	common_voice_mvy_42363615.mp3	8da1a8ba2aa310797d815054ba8afbb430949e887e54e4aa969a4daddea40a5c	اېک وار اوک اېک زنگلہ کہ مہ		2	0	thirties				mvy	
91237594335a342445bbe0b4df49774c3e519dec1f73fc0b76d383003e528907bdc5b9c5ae08145e2d1b3eb7a47c17d037a4678611bc61ad5c0bbb2febf9941e	common_voice_mvy_42363616.mp3	7af7ac4a9eb0d4ec83b8f6ac0045e2742e48cd658b51f536eb33ec73a5836ae1	مکہ مہ منافقہ واں گھېن٘رو عبداللہ بن اُبئ آن٘س،		2	0	thirties				mvy	
91237594335a342445bbe0b4df49774c3e519dec1f73fc0b76d383003e528907bdc5b9c5ae08145e2d1b3eb7a47c17d037a4678611bc61ad5c0bbb2febf9941e	common_voice_mvy_42363617.mp3	87ef210ec18f87ffb64a66459dfd19678966441aed54f3c04d312514c3b35ed1	آں سِوَیں کرؤں ہُوئ تُھو۔		3	0	thirties				mvy	
91237594335a342445bbe0b4df49774c3e519dec1f73fc0b76d383003e528907bdc5b9c5ae08145e2d1b3eb7a47c17d037a4678611bc61ad5c0bbb2febf9941e	common_voice_mvy_42363618.mp3	706de9d92fffe5dc3c2b4fed750068338b2ecdf176a43e58e99fc7f1fb1e12de	مُوٹُھوکَیں شُو اِواں اما مژ تعلقات آں ایوں بیوں تُھو۔		2	0	thirties				mvy	
91237594335a342445bbe0b4df49774c3e519dec1f73fc0b76d383003e528907bdc5b9c5ae08145e2d1b3eb7a47c17d037a4678611bc61ad5c0bbb2febf9941e	common_voice_mvy_42363574.mp3	700990c4d34d1c57ef324fc65cf98c67d54e17915923a1f00d7703a90916e536	چے اس معلوم کرؤں چو ہسان آن٘س۔		2	0	thirties				mvy	
91237594335a342445bbe0b4df49774c3e519dec1f73fc0b76d383003e528907bdc5b9c5ae08145e2d1b3eb7a47c17d037a4678611bc61ad5c0bbb2febf9941e	common_voice_mvy_42363575.mp3	8dac77ef64cf1613a20888c9f56df97fbd188ad800fa6691a5b3718c659af223	ݜُو قانُون بانیۡ تُھو		2	0	thirties				mvy	
91237594335a342445bbe0b4df49774c3e519dec1f73fc0b76d383003e528907bdc5b9c5ae08145e2d1b3eb7a47c17d037a4678611bc61ad5c0bbb2febf9941e	common_voice_mvy_42363576.mp3	8b5a79335ceb19e21a0ef665568650d5eccd4d500c8458333c39427b4c70f2bc	سوشل میڈیاں چو استعمال کرَیں ہِن فِکِر مہ کمی ای تھی		2	0	thirties				mvy	
91237594335a342445bbe0b4df49774c3e519dec1f73fc0b76d383003e528907bdc5b9c5ae08145e2d1b3eb7a47c17d037a4678611bc61ad5c0bbb2febf9941e	common_voice_mvy_42363577.mp3	7afb98531481fb096603042cb3c319dba8f91164fe19941563a903b2d3654338	سِواں کریا نېٹو/ مہلت دِتیۡ؛		2	0	thirties				mvy	
91237594335a342445bbe0b4df49774c3e519dec1f73fc0b76d383003e528907bdc5b9c5ae08145e2d1b3eb7a47c17d037a4678611bc61ad5c0bbb2febf9941e	common_voice_mvy_42363580.mp3	5a7b3e731ffea571cafce9f90cc7635cf58bcd34abc50c88e1e6a37ebb6ea789	اسیں خرچاں چے گی حساب تُھو بیش		2	0	thirties				mvy	
91237594335a342445bbe0b4df49774c3e519dec1f73fc0b76d383003e528907bdc5b9c5ae08145e2d1b3eb7a47c17d037a4678611bc61ad5c0bbb2febf9941e	common_voice_mvy_42363663.mp3	8f487032358514ef9a24273e7a0b7de1988f3dd160bf0d9ff502299339a1ae57	پاتیوں نِوان٘ز کران٘لہ اُتھل زئ لا نی ہوں		2	0	thirties				mvy	
91237594335a342445bbe0b4df49774c3e519dec1f73fc0b76d383003e528907bdc5b9c5ae08145e2d1b3eb7a47c17d037a4678611bc61ad5c0bbb2febf9941e	common_voice_mvy_42363599.mp3	7f6bb7c2c9762683403babbd8f3021f9d9b8a54d5e27cef0354d1fe12a4749cc	آں تس پنگُو سُگائ لا رڇھئیں شروع کیریۡ ۔		2	0	thirties				mvy	
91237594335a342445bbe0b4df49774c3e519dec1f73fc0b76d383003e528907bdc5b9c5ae08145e2d1b3eb7a47c17d037a4678611bc61ad5c0bbb2febf9941e	common_voice_mvy_42363601.mp3	84c35add3d658fa61dad5e6cda549ad7a18e66f61796fc57484e1277e245e75e	دُو گینٹی پتَیں اَس پویں ہِن دائمی قبض ختم ہوتُھو۔		2	0	thirties				mvy	
91237594335a342445bbe0b4df49774c3e519dec1f73fc0b76d383003e528907bdc5b9c5ae08145e2d1b3eb7a47c17d037a4678611bc61ad5c0bbb2febf9941e	common_voice_mvy_42363603.mp3	8722d8ebf9a5a5dc0fb847386321d02d2e9b69076c9379f77465ca45dd665260	مالَیں گتہ وطنی علاج ہُوئ تھی		2	0	thirties				mvy	
